{
  "type": "FeatureCollection",
  "links": [
    {
      "href": "https://api.os.uk/features/ngd/ofa/v1/collections/bld-fts-buildingpart-1/items?offset=600&limit=100&bbox=-1.47483339,50.93365735,-1.46336657,50.94090276&key=ALZCQtABtiUvfdlGkrF7cHxaFBHhoh9j",
      "rel": "self",
      "type": "application/geo+json",
      "title": "All features from the 'Building Part v1' collection within bounding box: -1.47483339,50.93365735,-1.46336657,50.94090276"
    },
    {
      "href": "https://api.os.uk/features/ngd/ofa/v1/collections/bld-fts-buildingpart-1/items?offset=500&limit=100&bbox=-1.47483339,50.93365735,-1.46336657,50.94090276&key=ALZCQtABtiUvfdlGkrF7cHxaFBHhoh9j",
      "rel": "prev",
      "type": "application/geo+json",
      "title": "Previous page"
    }
  ],
  "timeStamp": "2025-10-13T23:39:07.182553814Z",
  "numberReturned": 80,
  "features": [
    {
      "id": "e5dd3e3a-9397-4971-94ac-16c78589da9f",
      "type": "Feature",
      "geometry": {
        "type": "Polygon",
        "coordinates": [
          [
            [
              -1.4659489,
              50.939013
            ],
            [
              -1.4659583,
              50.9390159
            ],
            [
              -1.466061,
              50.9390473
            ],
            [
              -1.4660898,
              50.9390096
            ],
            [
              -1.4659776,
              50.9389754
            ],
            [
              -1.4659489,
              50.939013
            ]
          ]
        ]
      },
      "properties": {
        "osid": "e5dd3e3a-9397-4971-94ac-16c78589da9f",
        "toid": "osgb5000005242102831",
        "theme": "Buildings",
        "changetype": "Modified Attributes",
        "isobscured": false,
        "description": "Building",
        "versiondate": "2025-02-05",
        "geometry_area": 40.683093,
        "height_source": "Ordnance Survey",
        "physicallevel": "Surface Level",
        "oslandusetiera": "Residential Accommodation",
        "oslandusetierb": [
          "Private Residence"
        ],
        "geometry_source": "Ordnance Survey",
        "oslandcovertiera": "Constructed",
        "oslandcovertierb": [
          "Building"
        ],
        "oslanduse_source": "Ordnance Survey",
        "height_updatedate": "2025-01-17",
        "description_source": "Ordnance Survey",
        "oslandcover_source": "Ordnance Survey",
        "associatedstructure": null,
        "geometry_updatedate": "2019-04-08",
        "height_evidencedate": "2024-06-20",
        "capturespecification": "Urban",
        "oslanduse_updatedate": "2019-02-05",
        "absoluteheightmaximum": 29.5,
        "absoluteheightminimum": 21.5,
        "geometry_evidencedate": "2019-04-08",
        "heightconfidencelevel": "Moderate",
        "relativeheightmaximum": 8,
        "absoluteheightroofbase": 27.1,
        "description_updatedate": "2019-02-05",
        "oslandcover_updatedate": "2019-02-05",
        "oslanduse_evidencedate": "2019-02-05",
        "relativeheightroofbase": 5.6,
        "versionavailabletodate": null,
        "firstdigitalcapturedate": "2019-02-05",
        "description_evidencedate": "2019-02-05",
        "oslandcover_evidencedate": "2019-02-05",
        "versionavailablefromdate": "2025-02-06T00:00:00Z"
      }
    },
    {
      "id": "e6134da3-9f1a-4853-9c25-374bd5ed0a7e",
      "type": "Feature",
      "geometry": {
        "type": "Polygon",
        "coordinates": [
          [
            [
              -1.4678635,
              50.9367537
            ],
            [
              -1.4678641,
              50.9367755
            ],
            [
              -1.4678642,
              50.93678
            ],
            [
              -1.4678993,
              50.9367789
            ],
            [
              -1.4678942,
              50.9367325
            ],
            [
              -1.4678701,
              50.9367331
            ],
            [
              -1.4678629,
              50.9367332
            ],
            [
              -1.4678635,
              50.9367537
            ]
          ]
        ]
      },
      "properties": {
        "osid": "e6134da3-9f1a-4853-9c25-374bd5ed0a7e",
        "toid": "osgb1000016343221",
        "theme": "Buildings",
        "changetype": "Modified Attributes",
        "isobscured": false,
        "description": "Building",
        "versiondate": "2025-02-05",
        "geometry_area": 12.105405,
        "height_source": "Ordnance Survey",
        "physicallevel": "Surface Level",
        "oslandusetiera": "Unknown Or Unused Artificial",
        "oslandusetierb": [],
        "geometry_source": "Ordnance Survey",
        "oslandcovertiera": "Constructed",
        "oslandcovertierb": [
          "Building"
        ],
        "oslanduse_source": "Ordnance Survey",
        "height_updatedate": "2025-01-17",
        "description_source": "Ordnance Survey",
        "oslandcover_source": "Ordnance Survey",
        "associatedstructure": null,
        "geometry_updatedate": "2017-04-19",
        "height_evidencedate": "2024-06-20",
        "capturespecification": "Urban",
        "oslanduse_updatedate": "2004-02-10",
        "absoluteheightmaximum": null,
        "absoluteheightminimum": 12.6,
        "geometry_evidencedate": "2016-08-12",
        "heightconfidencelevel": "Incomplete",
        "relativeheightmaximum": null,
        "absoluteheightroofbase": null,
        "description_updatedate": "2004-02-10",
        "oslandcover_updatedate": "2004-02-10",
        "oslanduse_evidencedate": "2004-02-10",
        "relativeheightroofbase": null,
        "versionavailabletodate": null,
        "firstdigitalcapturedate": "1988-07-28",
        "description_evidencedate": "2004-02-10",
        "oslandcover_evidencedate": "2004-02-10",
        "versionavailablefromdate": "2025-02-06T00:00:00Z"
      }
    },
    {
      "id": "e64f5a00-7bed-4aac-a176-91c95e0a53f2",
      "type": "Feature",
      "geometry": {
        "type": "Polygon",
        "coordinates": [
          [
            [
              -1.4679345,
              50.9357288
            ],
            [
              -1.4679723,
              50.9357484
            ],
            [
              -1.4680297,
              50.9357044
            ],
            [
              -1.4679919,
              50.9356847
            ],
            [
              -1.4679345,
              50.9357288
            ]
          ]
        ]
      },
      "properties": {
        "osid": "e64f5a00-7bed-4aac-a176-91c95e0a53f2",
        "toid": "osgb5000005208814619",
        "theme": "Buildings",
        "changetype": "Modified Attributes",
        "isobscured": false,
        "description": "Building",
        "versiondate": "2025-02-05",
        "geometry_area": 21.806272,
        "height_source": "Ordnance Survey",
        "physicallevel": "Surface Level",
        "oslandusetiera": "Residential Accommodation",
        "oslandusetierb": [
          "Private Residence"
        ],
        "geometry_source": "Ordnance Survey",
        "oslandcovertiera": "Constructed",
        "oslandcovertierb": [
          "Building"
        ],
        "oslanduse_source": "Ordnance Survey",
        "height_updatedate": "2025-01-17",
        "description_source": "Ordnance Survey",
        "oslandcover_source": "Ordnance Survey",
        "associatedstructure": null,
        "geometry_updatedate": "2017-08-03",
        "height_evidencedate": "2024-06-20",
        "capturespecification": "Urban",
        "oslanduse_updatedate": "2017-08-03",
        "absoluteheightmaximum": 16.3,
        "absoluteheightminimum": 12,
        "geometry_evidencedate": "2017-08-03",
        "heightconfidencelevel": "Moderate",
        "relativeheightmaximum": 4.3,
        "absoluteheightroofbase": 14.8,
        "description_updatedate": "2017-08-03",
        "oslandcover_updatedate": "2017-08-03",
        "oslanduse_evidencedate": "2017-08-03",
        "relativeheightroofbase": 2.8,
        "versionavailabletodate": null,
        "firstdigitalcapturedate": "2017-08-03",
        "description_evidencedate": "2017-08-03",
        "oslandcover_evidencedate": "2017-08-03",
        "versionavailablefromdate": "2025-02-06T00:00:00Z"
      }
    },
    {
      "id": "e68d3661-b533-4f4d-bf20-ef3025f1ad40",
      "type": "Feature",
      "geometry": {
        "type": "Polygon",
        "coordinates": [
          [
            [
              -1.4672313,
              50.938959
            ],
            [
              -1.4671294,
              50.9390029
            ],
            [
              -1.4671667,
              50.9390374
            ],
            [
              -1.4672686,
              50.9389935
            ],
            [
              -1.4672313,
              50.938959
            ]
          ]
        ]
      },
      "properties": {
        "osid": "e68d3661-b533-4f4d-bf20-ef3025f1ad40",
        "toid": "osgb5000005244788285",
        "theme": "Buildings",
        "changetype": "Modified Attributes",
        "isobscured": false,
        "description": "Building",
        "versiondate": "2025-02-05",
        "geometry_area": 40.256424,
        "height_source": "Ordnance Survey",
        "physicallevel": "Surface Level",
        "oslandusetiera": "Residential Accommodation",
        "oslandusetierb": [
          "Private Residence"
        ],
        "geometry_source": "Ordnance Survey",
        "oslandcovertiera": "Constructed",
        "oslandcovertierb": [
          "Building"
        ],
        "oslanduse_source": "Ordnance Survey",
        "height_updatedate": "2025-01-17",
        "description_source": "Ordnance Survey",
        "oslandcover_source": "Ordnance Survey",
        "associatedstructure": null,
        "geometry_updatedate": "2019-04-08",
        "height_evidencedate": "2024-06-20",
        "capturespecification": "Urban",
        "oslanduse_updatedate": "2019-04-09",
        "absoluteheightmaximum": 26.2,
        "absoluteheightminimum": 17.6,
        "geometry_evidencedate": "2019-04-08",
        "heightconfidencelevel": "Moderate",
        "relativeheightmaximum": 8.6,
        "absoluteheightroofbase": 23.5,
        "description_updatedate": "2019-04-09",
        "oslandcover_updatedate": "2019-04-09",
        "oslanduse_evidencedate": "2019-04-09",
        "relativeheightroofbase": 5.9,
        "versionavailabletodate": null,
        "firstdigitalcapturedate": "2019-04-09",
        "description_evidencedate": "2019-04-09",
        "oslandcover_evidencedate": "2019-04-09",
        "versionavailablefromdate": "2025-02-06T00:00:00Z"
      }
    },
    {
      "id": "e691144a-1ec6-4710-a19e-cf0de67cd606",
      "type": "Feature",
      "geometry": {
        "type": "Polygon",
        "coordinates": [
          [
            [
              -1.4659884,
              50.9378966
            ],
            [
              -1.465997,
              50.9379042
            ],
            [
              -1.4659975,
              50.937904
            ],
            [
              -1.466029,
              50.9378884
            ],
            [
              -1.4660209,
              50.9378806
            ],
            [
              -1.46599,
              50.9378505
            ],
            [
              -1.4660216,
              50.9378377
            ],
            [
              -1.4659569,
              50.9377826
            ],
            [
              -1.4658622,
              50.9378251
            ],
            [
              -1.4659234,
              50.9378802
            ],
            [
              -1.4659556,
              50.9378674
            ],
            [
              -1.4659884,
              50.9378966
            ]
          ]
        ]
      },
      "properties": {
        "osid": "e691144a-1ec6-4710-a19e-cf0de67cd606",
        "toid": "osgb1000016342669",
        "theme": "Buildings",
        "changetype": "Modified Attributes",
        "isobscured": false,
        "description": "Building",
        "versiondate": "2025-02-05",
        "geometry_area": 77.313228,
        "height_source": "Ordnance Survey",
        "physicallevel": "Surface Level",
        "oslandusetiera": "Residential Accommodation",
        "oslandusetierb": [
          "Private Residence"
        ],
        "geometry_source": "Ordnance Survey",
        "oslandcovertiera": "Constructed",
        "oslandcovertierb": [
          "Building"
        ],
        "oslanduse_source": "Ordnance Survey",
        "height_updatedate": "2025-01-17",
        "description_source": "Ordnance Survey",
        "oslandcover_source": "Ordnance Survey",
        "associatedstructure": null,
        "geometry_updatedate": "2017-04-19",
        "height_evidencedate": "2024-06-20",
        "capturespecification": "Urban",
        "oslanduse_updatedate": "2004-02-10",
        "absoluteheightmaximum": 26.7,
        "absoluteheightminimum": 18.6,
        "geometry_evidencedate": "2016-08-12",
        "heightconfidencelevel": "Moderate",
        "relativeheightmaximum": 8.1,
        "absoluteheightroofbase": 23,
        "description_updatedate": "2004-02-10",
        "oslandcover_updatedate": "2004-02-10",
        "oslanduse_evidencedate": "2004-02-10",
        "relativeheightroofbase": 4.4,
        "versionavailabletodate": null,
        "firstdigitalcapturedate": "1988-07-28",
        "description_evidencedate": "2004-02-10",
        "oslandcover_evidencedate": "2004-02-10",
        "versionavailablefromdate": "2025-02-06T00:00:00Z"
      }
    },
    {
      "id": "e780575c-df8c-45a9-b562-a7b4e065e131",
      "type": "Feature",
      "geometry": {
        "type": "Polygon",
        "coordinates": [
          [
            [
              -1.4675221,
              50.935744
            ],
            [
              -1.4675501,
              50.935752
            ],
            [
              -1.467579,
              50.9357602
            ],
            [
              -1.4675757,
              50.9357649
            ],
            [
              -1.4676367,
              50.9357823
            ],
            [
              -1.4676849,
              50.9357148
            ],
            [
              -1.467625,
              50.9356977
            ],
            [
              -1.4676218,
              50.9357023
            ],
            [
              -1.4675637,
              50.9356857
            ],
            [
              -1.4675221,
              50.935744
            ]
          ]
        ]
      },
      "properties": {
        "osid": "e780575c-df8c-45a9-b562-a7b4e065e131",
        "toid": "osgb5000005208814514",
        "theme": "Buildings",
        "changetype": "Modified Attributes",
        "isobscured": false,
        "description": "Building",
        "versiondate": "2025-02-05",
        "geometry_area": 69.944903,
        "height_source": "Ordnance Survey",
        "physicallevel": "Surface Level",
        "oslandusetiera": "Residential Accommodation",
        "oslandusetierb": [
          "Private Residence"
        ],
        "geometry_source": "Ordnance Survey",
        "oslandcovertiera": "Constructed",
        "oslandcovertierb": [
          "Building"
        ],
        "oslanduse_source": "Ordnance Survey",
        "height_updatedate": "2025-01-17",
        "description_source": "Ordnance Survey",
        "oslandcover_source": "Ordnance Survey",
        "associatedstructure": null,
        "geometry_updatedate": "2018-05-09",
        "height_evidencedate": "2024-06-20",
        "capturespecification": "Urban",
        "oslanduse_updatedate": "2017-08-03",
        "absoluteheightmaximum": 20.7,
        "absoluteheightminimum": 11.7,
        "geometry_evidencedate": "2018-05-09",
        "heightconfidencelevel": "Moderate",
        "relativeheightmaximum": 9,
        "absoluteheightroofbase": 17.3,
        "description_updatedate": "2017-08-03",
        "oslandcover_updatedate": "2017-08-03",
        "oslanduse_evidencedate": "2017-08-03",
        "relativeheightroofbase": 5.6,
        "versionavailabletodate": null,
        "firstdigitalcapturedate": "2017-08-03",
        "description_evidencedate": "2017-08-03",
        "oslandcover_evidencedate": "2017-08-03",
        "versionavailablefromdate": "2025-02-06T00:00:00Z"
      }
    },
    {
      "id": "e791eb60-b803-436f-8bf7-2e45fc1c12ca",
      "type": "Feature",
      "geometry": {
        "type": "Polygon",
        "coordinates": [
          [
            [
              -1.4656526,
              50.9385834
            ],
            [
              -1.4656403,
              50.9386066
            ],
            [
              -1.4656361,
              50.9386146
            ],
            [
              -1.4657071,
              50.9386319
            ],
            [
              -1.4657258,
              50.9386012
            ],
            [
              -1.4656526,
              50.9385834
            ]
          ]
        ]
      },
      "properties": {
        "osid": "e791eb60-b803-436f-8bf7-2e45fc1c12ca",
        "toid": "osgb5000005340806064",
        "theme": "Buildings",
        "changetype": "Modified Attributes",
        "isobscured": false,
        "description": "Building",
        "versiondate": "2025-02-15",
        "geometry_area": 19.818566,
        "height_source": "Ordnance Survey",
        "physicallevel": "Surface Level",
        "oslandusetiera": "Residential Accommodation",
        "oslandusetierb": [
          "Private Residence"
        ],
        "geometry_source": "Ordnance Survey",
        "oslandcovertiera": "Constructed",
        "oslandcovertierb": [
          "Building"
        ],
        "oslanduse_source": "Ordnance Survey",
        "height_updatedate": "2025-02-13",
        "description_source": "Ordnance Survey",
        "oslandcover_source": "Ordnance Survey",
        "associatedstructure": null,
        "geometry_updatedate": "2024-11-27",
        "height_evidencedate": "2024-06-20",
        "capturespecification": "Urban",
        "oslanduse_updatedate": "2024-11-27",
        "absoluteheightmaximum": null,
        "absoluteheightminimum": 20.9,
        "geometry_evidencedate": "2024-06-20",
        "heightconfidencelevel": "Incomplete",
        "relativeheightmaximum": null,
        "absoluteheightroofbase": null,
        "description_updatedate": "2024-11-27",
        "oslandcover_updatedate": "2024-11-27",
        "oslanduse_evidencedate": "2024-06-20",
        "relativeheightroofbase": null,
        "versionavailabletodate": null,
        "firstdigitalcapturedate": "2024-11-27",
        "description_evidencedate": "2024-06-20",
        "oslandcover_evidencedate": "2024-06-20",
        "versionavailablefromdate": "2025-02-16T00:00:00Z"
      }
    },
    {
      "id": "e8edc616-e943-417b-92aa-963fceee7a7d",
      "type": "Feature",
      "geometry": {
        "type": "Polygon",
        "coordinates": [
          [
            [
              -1.4640397,
              50.9338066
            ],
            [
              -1.4640569,
              50.9337991
            ],
            [
              -1.4640174,
              50.9337661
            ],
            [
              -1.4640031,
              50.9337741
            ],
            [
              -1.4640397,
              50.9338066
            ]
          ]
        ]
      },
      "properties": {
        "osid": "e8edc616-e943-417b-92aa-963fceee7a7d",
        "toid": "osgb1000016342721",
        "theme": "Buildings",
        "changetype": "New",
        "isobscured": false,
        "description": "Building",
        "versiondate": "2022-08-26",
        "geometry_area": 6.35,
        "height_source": null,
        "physicallevel": "Surface Level",
        "oslandusetiera": "Residential Accommodation",
        "oslandusetierb": [
          "Private Residence"
        ],
        "geometry_source": "Ordnance Survey",
        "oslandcovertiera": "Constructed",
        "oslandcovertierb": [
          "Building"
        ],
        "oslanduse_source": "Ordnance Survey",
        "height_updatedate": null,
        "description_source": "Ordnance Survey",
        "oslandcover_source": "Ordnance Survey",
        "associatedstructure": null,
        "geometry_updatedate": "2004-04-13",
        "height_evidencedate": null,
        "capturespecification": "Urban",
        "oslanduse_updatedate": "2004-04-13",
        "absoluteheightmaximum": null,
        "absoluteheightminimum": null,
        "geometry_evidencedate": "2004-04-13",
        "heightconfidencelevel": null,
        "relativeheightmaximum": null,
        "absoluteheightroofbase": null,
        "description_updatedate": "2004-04-13",
        "oslandcover_updatedate": "2004-04-13",
        "oslanduse_evidencedate": "2004-04-13",
        "relativeheightroofbase": null,
        "versionavailabletodate": null,
        "firstdigitalcapturedate": "1988-05-16",
        "description_evidencedate": "2004-04-13",
        "oslandcover_evidencedate": "2004-04-13",
        "versionavailablefromdate": "2022-08-27T00:00:00Z"
      }
    },
    {
      "id": "e9661782-f7da-4979-bdd8-889317e5c4b5",
      "type": "Feature",
      "geometry": {
        "type": "Polygon",
        "coordinates": [
          [
            [
              -1.465396,
              50.940678
            ],
            [
              -1.4654277,
              50.940691
            ],
            [
              -1.4654355,
              50.9406833
            ],
            [
              -1.4654038,
              50.9406703
            ],
            [
              -1.465396,
              50.940678
            ]
          ]
        ]
      },
      "properties": {
        "osid": "e9661782-f7da-4979-bdd8-889317e5c4b5",
        "toid": "osgb5000005208860396",
        "theme": "Buildings",
        "changetype": "Modified Attributes",
        "isobscured": false,
        "description": "Building",
        "versiondate": "2022-09-18",
        "geometry_area": 2.704736,
        "height_source": null,
        "physicallevel": "Surface Level",
        "oslandusetiera": "Residential Accommodation",
        "oslandusetierb": [
          "Private Residence"
        ],
        "geometry_source": "Ordnance Survey",
        "oslandcovertiera": "Constructed",
        "oslandcovertierb": [
          "Building"
        ],
        "oslanduse_source": "Ordnance Survey",
        "height_updatedate": null,
        "description_source": "Ordnance Survey",
        "oslandcover_source": "Ordnance Survey",
        "associatedstructure": null,
        "geometry_updatedate": "2017-08-04",
        "height_evidencedate": null,
        "capturespecification": "Urban",
        "oslanduse_updatedate": "2017-08-04",
        "absoluteheightmaximum": null,
        "absoluteheightminimum": null,
        "geometry_evidencedate": "2017-08-04",
        "heightconfidencelevel": null,
        "relativeheightmaximum": null,
        "absoluteheightroofbase": null,
        "description_updatedate": "2017-08-04",
        "oslandcover_updatedate": "2017-08-04",
        "oslanduse_evidencedate": "2017-08-04",
        "relativeheightroofbase": null,
        "versionavailabletodate": null,
        "firstdigitalcapturedate": "2017-08-04",
        "description_evidencedate": "2017-08-04",
        "oslandcover_evidencedate": "2017-08-04",
        "versionavailablefromdate": "2022-09-19T00:00:00Z"
      }
    },
    {
      "id": "ea1ce334-e917-4a5e-83e9-0fd8b0f5a4c3",
      "type": "Feature",
      "geometry": {
        "type": "Polygon",
        "coordinates": [
          [
            [
              -1.4665555,
              50.9385462
            ],
            [
              -1.4666837,
              50.9385777
            ],
            [
              -1.4667108,
              50.9385336
            ],
            [
              -1.4665826,
              50.9385021
            ],
            [
              -1.4665555,
              50.9385462
            ]
          ]
        ]
      },
      "properties": {
        "osid": "ea1ce334-e917-4a5e-83e9-0fd8b0f5a4c3",
        "toid": "osgb5000005244788310",
        "theme": "Buildings",
        "changetype": "Modified Attributes",
        "isobscured": false,
        "description": "Building",
        "versiondate": "2025-02-05",
        "geometry_area": 50.868693,
        "height_source": "Ordnance Survey",
        "physicallevel": "Surface Level",
        "oslandusetiera": "Residential Accommodation",
        "oslandusetierb": [
          "Private Residence"
        ],
        "geometry_source": "Ordnance Survey",
        "oslandcovertiera": "Constructed",
        "oslandcovertierb": [
          "Building"
        ],
        "oslanduse_source": "Ordnance Survey",
        "height_updatedate": "2025-01-17",
        "description_source": "Ordnance Survey",
        "oslandcover_source": "Ordnance Survey",
        "associatedstructure": null,
        "geometry_updatedate": "2019-04-09",
        "height_evidencedate": "2024-06-20",
        "capturespecification": "Urban",
        "oslanduse_updatedate": "2019-04-09",
        "absoluteheightmaximum": 26.4,
        "absoluteheightminimum": 18.1,
        "geometry_evidencedate": "2019-04-09",
        "heightconfidencelevel": "Moderate",
        "relativeheightmaximum": 8.3,
        "absoluteheightroofbase": 23.8,
        "description_updatedate": "2019-04-09",
        "oslandcover_updatedate": "2019-04-09",
        "oslanduse_evidencedate": "2019-04-09",
        "relativeheightroofbase": 5.7,
        "versionavailabletodate": null,
        "firstdigitalcapturedate": "2019-04-09",
        "description_evidencedate": "2019-04-09",
        "oslandcover_evidencedate": "2019-04-09",
        "versionavailablefromdate": "2025-02-06T00:00:00Z"
      }
    },
    {
      "id": "ea1d7121-0007-4f43-9840-d347edfb776a",
      "type": "Feature",
      "geometry": {
        "type": "Polygon",
        "coordinates": [
          [
            [
              -1.4666576,
              50.9367776
            ],
            [
              -1.466657,
              50.9367695
            ],
            [
              -1.4666897,
              50.9367697
            ],
            [
              -1.46669,
              50.9367463
            ],
            [
              -1.4666903,
              50.9367184
            ],
            [
              -1.4666583,
              50.9367183
            ],
            [
              -1.4666577,
              50.936712
            ],
            [
              -1.4666335,
              50.9367119
            ],
            [
              -1.4666327,
              50.936777
            ],
            [
              -1.4666576,
              50.9367776
            ]
          ]
        ]
      },
      "properties": {
        "osid": "ea1d7121-0007-4f43-9840-d347edfb776a",
        "toid": "osgb1000016342792",
        "theme": "Buildings",
        "changetype": "Modified Attributes",
        "isobscured": false,
        "description": "Building",
        "versiondate": "2025-02-05",
        "geometry_area": 25.51625,
        "height_source": "Ordnance Survey",
        "physicallevel": "Surface Level",
        "oslandusetiera": "Residential Accommodation",
        "oslandusetierb": [
          "Private Residence"
        ],
        "geometry_source": "Ordnance Survey",
        "oslandcovertiera": "Constructed",
        "oslandcovertierb": [
          "Building"
        ],
        "oslanduse_source": "Ordnance Survey",
        "height_updatedate": "2025-01-17",
        "description_source": "Ordnance Survey",
        "oslandcover_source": "Ordnance Survey",
        "associatedstructure": null,
        "geometry_updatedate": "2006-07-01",
        "height_evidencedate": "2024-06-20",
        "capturespecification": "Urban",
        "oslanduse_updatedate": "2006-07-01",
        "absoluteheightmaximum": 21,
        "absoluteheightminimum": 13.6,
        "geometry_evidencedate": "2006-07-01",
        "heightconfidencelevel": "Moderate",
        "relativeheightmaximum": 7.4,
        "absoluteheightroofbase": 19.6,
        "description_updatedate": "2006-07-01",
        "oslandcover_updatedate": "2006-07-01",
        "oslanduse_evidencedate": "2006-07-01",
        "relativeheightroofbase": 6,
        "versionavailabletodate": null,
        "firstdigitalcapturedate": "1988-05-16",
        "description_evidencedate": "2006-07-01",
        "oslandcover_evidencedate": "2006-07-01",
        "versionavailablefromdate": "2025-02-06T00:00:00Z"
      }
    },
    {
      "id": "ea2ebe1d-2a5e-4e86-a1a1-bb66b8a31fcd",
      "type": "Feature",
      "geometry": {
        "type": "Polygon",
        "coordinates": [
          [
            [
              -1.4655275,
              50.9375656
            ],
            [
              -1.4654849,
              50.9375887
            ],
            [
              -1.4655069,
              50.9376049
            ],
            [
              -1.4655495,
              50.9375818
            ],
            [
              -1.4655275,
              50.9375656
            ]
          ]
        ]
      },
      "properties": {
        "osid": "ea2ebe1d-2a5e-4e86-a1a1-bb66b8a31fcd",
        "toid": "osgb5000005295453094",
        "theme": "Buildings",
        "changetype": "Modified Attributes",
        "isobscured": false,
        "description": "Building",
        "versiondate": "2025-02-05",
        "geometry_area": 9.362829,
        "height_source": "Ordnance Survey",
        "physicallevel": "Surface Level",
        "oslandusetiera": "Residential Accommodation",
        "oslandusetierb": [
          "Private Residence"
        ],
        "geometry_source": "Ordnance Survey",
        "oslandcovertiera": "Constructed",
        "oslandcovertierb": [
          "Building"
        ],
        "oslanduse_source": "Ordnance Survey",
        "height_updatedate": "2025-01-17",
        "description_source": "Ordnance Survey",
        "oslandcover_source": "Ordnance Survey",
        "associatedstructure": null,
        "geometry_updatedate": "2022-05-06",
        "height_evidencedate": "2024-06-20",
        "capturespecification": "Urban",
        "oslanduse_updatedate": "2022-05-06",
        "absoluteheightmaximum": null,
        "absoluteheightminimum": 18.5,
        "geometry_evidencedate": "2021-04-17",
        "heightconfidencelevel": "Incomplete",
        "relativeheightmaximum": null,
        "absoluteheightroofbase": null,
        "description_updatedate": "2022-05-06",
        "oslandcover_updatedate": "2022-05-06",
        "oslanduse_evidencedate": "2021-04-17",
        "relativeheightroofbase": null,
        "versionavailabletodate": null,
        "firstdigitalcapturedate": "2022-05-06",
        "description_evidencedate": "2021-04-17",
        "oslandcover_evidencedate": "2021-04-17",
        "versionavailablefromdate": "2025-02-06T00:00:00Z"
      }
    },
    {
      "id": "ea4973fc-9059-4358-8519-334bc96cfb80",
      "type": "Feature",
      "geometry": {
        "type": "Polygon",
        "coordinates": [
          [
            [
              -1.4717316,
              50.9397778
            ],
            [
              -1.4712442,
              50.9397762
            ],
            [
              -1.4712425,
              50.9399769
            ],
            [
              -1.4712417,
              50.9400684
            ],
            [
              -1.4717292,
              50.94007
            ],
            [
              -1.4717299,
              50.9399786
            ],
            [
              -1.4717316,
              50.9397778
            ]
          ]
        ]
      },
      "properties": {
        "osid": "ea4973fc-9059-4358-8519-334bc96cfb80",
        "toid": "osgb5000005278503030",
        "theme": "Buildings",
        "changetype": "Modified Attributes",
        "isobscured": false,
        "description": "Building",
        "versiondate": "2025-02-05",
        "geometry_area": 1113.090528,
        "height_source": "Ordnance Survey",
        "physicallevel": "Surface Level",
        "oslandusetiera": "Commercial Activity: Industrial Or Manufacturing",
        "oslandusetierb": [],
        "geometry_source": "Ordnance Survey",
        "oslandcovertiera": "Constructed",
        "oslandcovertierb": [
          "Building"
        ],
        "oslanduse_source": "Ordnance Survey",
        "height_updatedate": "2025-01-17",
        "description_source": "Ordnance Survey",
        "oslandcover_source": "Ordnance Survey",
        "associatedstructure": null,
        "geometry_updatedate": "2022-08-10",
        "height_evidencedate": "2024-06-20",
        "capturespecification": "Urban",
        "oslanduse_updatedate": "2021-03-10",
        "absoluteheightmaximum": 25.3,
        "absoluteheightminimum": 13.5,
        "geometry_evidencedate": "2022-08-10",
        "heightconfidencelevel": "Moderate",
        "relativeheightmaximum": 11.8,
        "absoluteheightroofbase": 23.6,
        "description_updatedate": "2021-03-10",
        "oslandcover_updatedate": "2021-03-10",
        "oslanduse_evidencedate": "2021-03-10",
        "relativeheightroofbase": 10.1,
        "versionavailabletodate": null,
        "firstdigitalcapturedate": "2021-03-10",
        "description_evidencedate": "2021-03-10",
        "oslandcover_evidencedate": "2021-03-10",
        "versionavailablefromdate": "2025-02-06T00:00:00Z"
      }
    },
    {
      "id": "ea66326b-b4e9-4837-ad7d-c9c0b6779590",
      "type": "Feature",
      "geometry": {
        "type": "Polygon",
        "coordinates": [
          [
            [
              -1.4653162,
              50.9393969
            ],
            [
              -1.4653947,
              50.9394311
            ],
            [
              -1.4654557,
              50.9393752
            ],
            [
              -1.4654235,
              50.9393612
            ],
            [
              -1.4654296,
              50.9393555
            ],
            [
              -1.4653834,
              50.9393354
            ],
            [
              -1.4653162,
              50.9393969
            ]
          ]
        ]
      },
      "properties": {
        "osid": "ea66326b-b4e9-4837-ad7d-c9c0b6779590",
        "toid": "osgb5000005236335827",
        "theme": "Buildings",
        "changetype": "Modified Attributes",
        "isobscured": false,
        "description": "Building",
        "versiondate": "2025-02-05",
        "geometry_area": 53.5844,
        "height_source": "Ordnance Survey",
        "physicallevel": "Surface Level",
        "oslandusetiera": "Residential Accommodation",
        "oslandusetierb": [
          "Private Residence"
        ],
        "geometry_source": "Ordnance Survey",
        "oslandcovertiera": "Constructed",
        "oslandcovertierb": [
          "Building"
        ],
        "oslanduse_source": "Ordnance Survey",
        "height_updatedate": "2025-01-17",
        "description_source": "Ordnance Survey",
        "oslandcover_source": "Ordnance Survey",
        "associatedstructure": null,
        "geometry_updatedate": "2018-09-17",
        "height_evidencedate": "2024-06-20",
        "capturespecification": "Urban",
        "oslanduse_updatedate": "2018-09-17",
        "absoluteheightmaximum": 30.5,
        "absoluteheightminimum": 22.9,
        "geometry_evidencedate": "2018-09-17",
        "heightconfidencelevel": "Moderate",
        "relativeheightmaximum": 7.6,
        "absoluteheightroofbase": 28.1,
        "description_updatedate": "2018-09-17",
        "oslandcover_updatedate": "2018-09-17",
        "oslanduse_evidencedate": "2018-09-17",
        "relativeheightroofbase": 5.2,
        "versionavailabletodate": null,
        "firstdigitalcapturedate": "2018-09-17",
        "description_evidencedate": "2018-09-17",
        "oslandcover_evidencedate": "2018-09-17",
        "versionavailablefromdate": "2025-02-06T00:00:00Z"
      }
    },
    {
      "id": "ea6ec181-654b-4408-8b6c-498d89035a39",
      "type": "Feature",
      "geometry": {
        "type": "Polygon",
        "coordinates": [
          [
            [
              -1.4651637,
              50.9363582
            ],
            [
              -1.4651781,
              50.936359
            ],
            [
              -1.4652904,
              50.9363644
            ],
            [
              -1.4652949,
              50.9363301
            ],
            [
              -1.4652975,
              50.9363101
            ],
            [
              -1.4651851,
              50.9363051
            ],
            [
              -1.465181,
              50.9363361
            ],
            [
              -1.4651667,
              50.9363353
            ],
            [
              -1.4651637,
              50.9363582
            ]
          ]
        ]
      },
      "properties": {
        "osid": "ea6ec181-654b-4408-8b6c-498d89035a39",
        "toid": "osgb1000016342825",
        "theme": "Buildings",
        "changetype": "Modified Attributes",
        "isobscured": false,
        "description": "Building",
        "versiondate": "2025-02-05",
        "geometry_area": 50.419828,
        "height_source": "Ordnance Survey",
        "physicallevel": "Surface Level",
        "oslandusetiera": "Residential Accommodation",
        "oslandusetierb": [
          "Private Residence"
        ],
        "geometry_source": "Ordnance Survey",
        "oslandcovertiera": "Constructed",
        "oslandcovertierb": [
          "Building"
        ],
        "oslanduse_source": "Ordnance Survey",
        "height_updatedate": "2025-01-17",
        "description_source": "Ordnance Survey",
        "oslandcover_source": "Ordnance Survey",
        "associatedstructure": null,
        "geometry_updatedate": "2017-04-21",
        "height_evidencedate": "2024-06-20",
        "capturespecification": "Urban",
        "oslanduse_updatedate": "2006-07-11",
        "absoluteheightmaximum": 21.2,
        "absoluteheightminimum": 13.5,
        "geometry_evidencedate": "2016-08-12",
        "heightconfidencelevel": "Moderate",
        "relativeheightmaximum": 7.7,
        "absoluteheightroofbase": 19.3,
        "description_updatedate": "2006-07-11",
        "oslandcover_updatedate": "2006-07-11",
        "oslanduse_evidencedate": "2006-07-11",
        "relativeheightroofbase": 5.8,
        "versionavailabletodate": null,
        "firstdigitalcapturedate": "1988-05-16",
        "description_evidencedate": "2006-07-11",
        "oslandcover_evidencedate": "2006-07-11",
        "versionavailablefromdate": "2025-02-06T00:00:00Z"
      }
    },
    {
      "id": "eac938a9-51c7-470a-80b1-ebbe5ceaf182",
      "type": "Feature",
      "geometry": {
        "type": "Polygon",
        "coordinates": [
          [
            [
              -1.4675709,
              50.9359166
            ],
            [
              -1.4676518,
              50.9359392
            ],
            [
              -1.4676894,
              50.9358856
            ],
            [
              -1.4676085,
              50.935863
            ],
            [
              -1.4675709,
              50.9359166
            ]
          ]
        ]
      },
      "properties": {
        "osid": "eac938a9-51c7-470a-80b1-ebbe5ceaf182",
        "toid": "osgb5000005228158662",
        "theme": "Buildings",
        "changetype": "Modified Attributes",
        "isobscured": false,
        "description": "Building",
        "versiondate": "2025-02-05",
        "geometry_area": 40.551993,
        "height_source": "Ordnance Survey",
        "physicallevel": "Surface Level",
        "oslandusetiera": "Unknown Or Unused Artificial",
        "oslandusetierb": [],
        "geometry_source": "Ordnance Survey",
        "oslandcovertiera": "Constructed",
        "oslandcovertierb": [
          "Building"
        ],
        "oslanduse_source": "Ordnance Survey",
        "height_updatedate": "2025-01-17",
        "description_source": "Ordnance Survey",
        "oslandcover_source": "Ordnance Survey",
        "associatedstructure": null,
        "geometry_updatedate": "2018-05-09",
        "height_evidencedate": "2024-06-20",
        "capturespecification": "Urban",
        "oslanduse_updatedate": "2018-05-09",
        "absoluteheightmaximum": 17.5,
        "absoluteheightminimum": 11.6,
        "geometry_evidencedate": "2018-05-09",
        "heightconfidencelevel": "Moderate",
        "relativeheightmaximum": 5.9,
        "absoluteheightroofbase": 15.8,
        "description_updatedate": "2018-05-09",
        "oslandcover_updatedate": "2018-05-09",
        "oslanduse_evidencedate": "2018-05-09",
        "relativeheightroofbase": 4.2,
        "versionavailabletodate": null,
        "firstdigitalcapturedate": "2018-05-09",
        "description_evidencedate": "2018-05-09",
        "oslandcover_evidencedate": "2018-05-09",
        "versionavailablefromdate": "2025-02-06T00:00:00Z"
      }
    },
    {
      "id": "eae84f18-30ed-4d5d-8063-54176cff9c39",
      "type": "Feature",
      "geometry": {
        "type": "Polygon",
        "coordinates": [
          [
            [
              -1.4669699,
              50.9380786
            ],
            [
              -1.4669005,
              50.9380881
            ],
            [
              -1.4669229,
              50.938162
            ],
            [
              -1.4669927,
              50.9381542
            ],
            [
              -1.4669699,
              50.9380786
            ]
          ]
        ]
      },
      "properties": {
        "osid": "eae84f18-30ed-4d5d-8063-54176cff9c39",
        "toid": "osgb1000016342657",
        "theme": "Buildings",
        "changetype": "Modified Attributes",
        "isobscured": false,
        "description": "Building",
        "versiondate": "2025-02-05",
        "geometry_area": 42.15785,
        "height_source": "Ordnance Survey",
        "physicallevel": "Surface Level",
        "oslandusetiera": "Residential Accommodation",
        "oslandusetierb": [
          "Private Residence"
        ],
        "geometry_source": "Ordnance Survey",
        "oslandcovertiera": "Constructed",
        "oslandcovertierb": [
          "Building"
        ],
        "oslanduse_source": "Ordnance Survey",
        "height_updatedate": "2025-01-17",
        "description_source": "Ordnance Survey",
        "oslandcover_source": "Ordnance Survey",
        "associatedstructure": null,
        "geometry_updatedate": "2004-02-10",
        "height_evidencedate": "2024-06-20",
        "capturespecification": "Urban",
        "oslanduse_updatedate": "2004-02-10",
        "absoluteheightmaximum": 22.6,
        "absoluteheightminimum": 16.3,
        "geometry_evidencedate": "2004-02-10",
        "heightconfidencelevel": "Moderate",
        "relativeheightmaximum": 6.3,
        "absoluteheightroofbase": 21.2,
        "description_updatedate": "2004-02-10",
        "oslandcover_updatedate": "2004-02-10",
        "oslanduse_evidencedate": "2004-02-10",
        "relativeheightroofbase": 4.9,
        "versionavailabletodate": null,
        "firstdigitalcapturedate": "1991-09-01",
        "description_evidencedate": "2004-02-10",
        "oslandcover_evidencedate": "2004-02-10",
        "versionavailablefromdate": "2025-02-06T00:00:00Z"
      }
    },
    {
      "id": "eafa3ec5-1f8a-4116-b756-0d67d0cb2b3c",
      "type": "Feature",
      "geometry": {
        "type": "Polygon",
        "coordinates": [
          [
            [
              -1.4669698,
              50.9354868
            ],
            [
              -1.4670119,
              50.9355001
            ],
            [
              -1.4670519,
              50.9354496
            ],
            [
              -1.4670098,
              50.9354363
            ],
            [
              -1.4669698,
              50.9354868
            ]
          ]
        ]
      },
      "properties": {
        "osid": "eafa3ec5-1f8a-4116-b756-0d67d0cb2b3c",
        "toid": "osgb5000005208814556",
        "theme": "Buildings",
        "changetype": "Modified Attributes",
        "isobscured": false,
        "description": "Building",
        "versiondate": "2025-02-05",
        "geometry_area": 20.790469,
        "height_source": "Ordnance Survey",
        "physicallevel": "Surface Level",
        "oslandusetiera": "Residential Accommodation",
        "oslandusetierb": [
          "Private Residence"
        ],
        "geometry_source": "Ordnance Survey",
        "oslandcovertiera": "Constructed",
        "oslandcovertierb": [
          "Building"
        ],
        "oslanduse_source": "Ordnance Survey",
        "height_updatedate": "2025-01-17",
        "description_source": "Ordnance Survey",
        "oslandcover_source": "Ordnance Survey",
        "associatedstructure": null,
        "geometry_updatedate": "2017-08-03",
        "height_evidencedate": "2024-06-20",
        "capturespecification": "Urban",
        "oslanduse_updatedate": "2017-08-03",
        "absoluteheightmaximum": 17.6,
        "absoluteheightminimum": 12.2,
        "geometry_evidencedate": "2017-08-03",
        "heightconfidencelevel": "Moderate",
        "relativeheightmaximum": 5.4,
        "absoluteheightroofbase": 15.3,
        "description_updatedate": "2017-08-03",
        "oslandcover_updatedate": "2017-08-03",
        "oslanduse_evidencedate": "2017-08-03",
        "relativeheightroofbase": 3.1,
        "versionavailabletodate": null,
        "firstdigitalcapturedate": "2017-08-03",
        "description_evidencedate": "2017-08-03",
        "oslandcover_evidencedate": "2017-08-03",
        "versionavailablefromdate": "2025-02-06T00:00:00Z"
      }
    },
    {
      "id": "eb450a8d-0dfc-440a-9955-216f5276b4d1",
      "type": "Feature",
      "geometry": {
        "type": "Polygon",
        "coordinates": [
          [
            [
              -1.466746,
              50.9375761
            ],
            [
              -1.4668136,
              50.9376398
            ],
            [
              -1.4668765,
              50.9376136
            ],
            [
              -1.4668089,
              50.9375499
            ],
            [
              -1.466746,
              50.9375761
            ]
          ]
        ]
      },
      "properties": {
        "osid": "eb450a8d-0dfc-440a-9955-216f5276b4d1",
        "toid": "osgb1000016342761",
        "theme": "Buildings",
        "changetype": "Modified Attributes",
        "isobscured": false,
        "description": "Building",
        "versiondate": "2025-02-05",
        "geometry_area": 45.18,
        "height_source": "Ordnance Survey",
        "physicallevel": "Surface Level",
        "oslandusetiera": "Residential Accommodation",
        "oslandusetierb": [
          "Private Residence"
        ],
        "geometry_source": "Ordnance Survey",
        "oslandcovertiera": "Constructed",
        "oslandcovertierb": [
          "Building"
        ],
        "oslanduse_source": "Ordnance Survey",
        "height_updatedate": "2025-01-17",
        "description_source": "Ordnance Survey",
        "oslandcover_source": "Ordnance Survey",
        "associatedstructure": null,
        "geometry_updatedate": "2004-04-13",
        "height_evidencedate": "2024-06-20",
        "capturespecification": "Urban",
        "oslanduse_updatedate": "2004-04-13",
        "absoluteheightmaximum": 22.7,
        "absoluteheightminimum": 15.9,
        "geometry_evidencedate": "2004-04-13",
        "heightconfidencelevel": "Moderate",
        "relativeheightmaximum": 6.8,
        "absoluteheightroofbase": 21.1,
        "description_updatedate": "2004-04-13",
        "oslandcover_updatedate": "2004-04-13",
        "oslanduse_evidencedate": "2004-04-13",
        "relativeheightroofbase": 5.2,
        "versionavailabletodate": null,
        "firstdigitalcapturedate": "1988-05-16",
        "description_evidencedate": "2004-04-13",
        "oslandcover_evidencedate": "2004-04-13",
        "versionavailablefromdate": "2025-02-06T00:00:00Z"
      }
    },
    {
      "id": "ec08e779-aad9-470b-8435-1c461030400f",
      "type": "Feature",
      "geometry": {
        "type": "Polygon",
        "coordinates": [
          [
            [
              -1.4637389,
              50.9403772
            ],
            [
              -1.4637437,
              50.9403794
            ],
            [
              -1.4638186,
              50.9403137
            ],
            [
              -1.4639075,
              50.9403541
            ],
            [
              -1.4639936,
              50.9402785
            ],
            [
              -1.4639803,
              50.9402725
            ],
            [
              -1.4639572,
              50.940262
            ],
            [
              -1.4639208,
              50.9402454
            ],
            [
              -1.4639191,
              50.9402469
            ],
            [
              -1.4638097,
              50.9401971
            ],
            [
              -1.4637497,
              50.9402498
            ],
            [
              -1.4637552,
              50.9402522
            ],
            [
              -1.4636558,
              50.9403395
            ],
            [
              -1.4636711,
              50.9403464
            ],
            [
              -1.4637001,
              50.9403596
            ],
            [
              -1.4637389,
              50.9403772
            ]
          ]
        ]
      },
      "properties": {
        "osid": "ec08e779-aad9-470b-8435-1c461030400f",
        "toid": "osgb5000005198749590",
        "theme": "Buildings",
        "changetype": "Modified Attributes",
        "isobscured": false,
        "description": "Building",
        "versiondate": "2025-02-05",
        "geometry_area": 228.57246,
        "height_source": "Ordnance Survey",
        "physicallevel": "Surface Level",
        "oslandusetiera": "Residential Accommodation",
        "oslandusetierb": [
          "Private Residence"
        ],
        "geometry_source": "Ordnance Survey",
        "oslandcovertiera": "Constructed",
        "oslandcovertierb": [
          "Building"
        ],
        "oslanduse_source": "Ordnance Survey",
        "height_updatedate": "2025-01-17",
        "description_source": "Ordnance Survey",
        "oslandcover_source": "Ordnance Survey",
        "associatedstructure": null,
        "geometry_updatedate": "2017-08-04",
        "height_evidencedate": "2024-06-20",
        "capturespecification": "Urban",
        "oslanduse_updatedate": "2017-02-07",
        "absoluteheightmaximum": 35.9,
        "absoluteheightminimum": 23.7,
        "geometry_evidencedate": "2017-08-04",
        "heightconfidencelevel": "Moderate",
        "relativeheightmaximum": 12.2,
        "absoluteheightroofbase": 29.8,
        "description_updatedate": "2017-02-07",
        "oslandcover_updatedate": "2017-02-07",
        "oslanduse_evidencedate": "2017-02-07",
        "relativeheightroofbase": 6.1,
        "versionavailabletodate": null,
        "firstdigitalcapturedate": "2017-02-07",
        "description_evidencedate": "2017-02-07",
        "oslandcover_evidencedate": "2017-02-07",
        "versionavailablefromdate": "2025-02-06T00:00:00Z"
      }
    },
    {
      "id": "ec724fba-28e0-43dc-9900-fb177e844349",
      "type": "Feature",
      "geometry": {
        "type": "Polygon",
        "coordinates": [
          [
            [
              -1.4677377,
              50.9358105
            ],
            [
              -1.467731,
              50.9358146
            ],
            [
              -1.4677532,
              50.935829
            ],
            [
              -1.4677659,
              50.9358211
            ],
            [
              -1.4677436,
              50.9358068
            ],
            [
              -1.4677377,
              50.9358105
            ]
          ]
        ]
      },
      "properties": {
        "osid": "ec724fba-28e0-43dc-9900-fb177e844349",
        "toid": "osgb5000005228157884",
        "theme": "Buildings",
        "changetype": "New",
        "isobscured": false,
        "description": "Building",
        "versiondate": "2022-08-26",
        "geometry_area": 2.775853,
        "height_source": null,
        "physicallevel": "Surface Level",
        "oslandusetiera": "Residential Accommodation",
        "oslandusetierb": [
          "Private Residence"
        ],
        "geometry_source": "Ordnance Survey",
        "oslandcovertiera": "Constructed",
        "oslandcovertierb": [
          "Building"
        ],
        "oslanduse_source": "Ordnance Survey",
        "height_updatedate": null,
        "description_source": "Ordnance Survey",
        "oslandcover_source": "Ordnance Survey",
        "associatedstructure": null,
        "geometry_updatedate": "2018-05-09",
        "height_evidencedate": null,
        "capturespecification": "Urban",
        "oslanduse_updatedate": "2018-05-09",
        "absoluteheightmaximum": null,
        "absoluteheightminimum": null,
        "geometry_evidencedate": "2018-05-09",
        "heightconfidencelevel": null,
        "relativeheightmaximum": null,
        "absoluteheightroofbase": null,
        "description_updatedate": "2018-05-09",
        "oslandcover_updatedate": "2018-05-09",
        "oslanduse_evidencedate": "2018-05-09",
        "relativeheightroofbase": null,
        "versionavailabletodate": null,
        "firstdigitalcapturedate": "2018-05-09",
        "description_evidencedate": "2018-05-09",
        "oslandcover_evidencedate": "2018-05-09",
        "versionavailablefromdate": "2022-08-27T00:00:00Z"
      }
    },
    {
      "id": "ec9890ba-c5b0-448f-9b4b-fe0b59c0c699",
      "type": "Feature",
      "geometry": {
        "type": "Polygon",
        "coordinates": [
          [
            [
              -1.4695133,
              50.9403832
            ],
            [
              -1.4698949,
              50.9403851
            ],
            [
              -1.4698973,
              50.9401981
            ],
            [
              -1.4695156,
              50.9401962
            ],
            [
              -1.4695133,
              50.9403832
            ]
          ]
        ]
      },
      "properties": {
        "osid": "ec9890ba-c5b0-448f-9b4b-fe0b59c0c699",
        "toid": "osgb5000005278503029",
        "theme": "Buildings",
        "changetype": "Modified Attributes",
        "isobscured": false,
        "description": "Building",
        "versiondate": "2025-02-05",
        "geometry_area": 557.8372,
        "height_source": "Ordnance Survey",
        "physicallevel": "Surface Level",
        "oslandusetiera": "Commercial Activity: Industrial Or Manufacturing",
        "oslandusetierb": [],
        "geometry_source": "Ordnance Survey",
        "oslandcovertiera": "Constructed",
        "oslandcovertierb": [
          "Building"
        ],
        "oslanduse_source": "Ordnance Survey",
        "height_updatedate": "2025-01-17",
        "description_source": "Ordnance Survey",
        "oslandcover_source": "Ordnance Survey",
        "associatedstructure": null,
        "geometry_updatedate": "2021-03-10",
        "height_evidencedate": "2024-06-20",
        "capturespecification": "Urban",
        "oslanduse_updatedate": "2021-03-10",
        "absoluteheightmaximum": 27.8,
        "absoluteheightminimum": 15.4,
        "geometry_evidencedate": "2021-03-10",
        "heightconfidencelevel": "Moderate",
        "relativeheightmaximum": 12.4,
        "absoluteheightroofbase": 25,
        "description_updatedate": "2021-03-10",
        "oslandcover_updatedate": "2021-03-10",
        "oslanduse_evidencedate": "2021-03-10",
        "relativeheightroofbase": 9.6,
        "versionavailabletodate": null,
        "firstdigitalcapturedate": "2021-03-10",
        "description_evidencedate": "2021-03-10",
        "oslandcover_evidencedate": "2021-03-10",
        "versionavailablefromdate": "2025-02-06T00:00:00Z"
      }
    },
    {
      "id": "ecf11344-eddc-4989-baea-ff751f59ac46",
      "type": "Feature",
      "geometry": {
        "type": "Polygon",
        "coordinates": [
          [
            [
              -1.464292,
              50.9398381
            ],
            [
              -1.4644052,
              50.9398721
            ],
            [
              -1.4644335,
              50.9398345
            ],
            [
              -1.4643204,
              50.9398005
            ],
            [
              -1.464292,
              50.9398381
            ]
          ]
        ]
      },
      "properties": {
        "osid": "ecf11344-eddc-4989-baea-ff751f59ac46",
        "toid": "osgb5000005232124718",
        "theme": "Buildings",
        "changetype": "Modified Attributes",
        "isobscured": false,
        "description": "Building",
        "versiondate": "2025-02-05",
        "geometry_area": 40.785556,
        "height_source": "Ordnance Survey",
        "physicallevel": "Surface Level",
        "oslandusetiera": "Residential Accommodation",
        "oslandusetierb": [
          "Private Residence"
        ],
        "geometry_source": "Ordnance Survey",
        "oslandcovertiera": "Constructed",
        "oslandcovertierb": [
          "Building"
        ],
        "oslanduse_source": "Ordnance Survey",
        "height_updatedate": "2025-01-17",
        "description_source": "Ordnance Survey",
        "oslandcover_source": "Ordnance Survey",
        "associatedstructure": null,
        "geometry_updatedate": "2018-07-09",
        "height_evidencedate": "2024-06-20",
        "capturespecification": "Urban",
        "oslanduse_updatedate": "2018-07-09",
        "absoluteheightmaximum": 31.6,
        "absoluteheightminimum": 24.1,
        "geometry_evidencedate": "2018-07-09",
        "heightconfidencelevel": "Moderate",
        "relativeheightmaximum": 7.5,
        "absoluteheightroofbase": 29.1,
        "description_updatedate": "2018-07-09",
        "oslandcover_updatedate": "2018-07-09",
        "oslanduse_evidencedate": "2018-07-09",
        "relativeheightroofbase": 5,
        "versionavailabletodate": null,
        "firstdigitalcapturedate": "2018-07-10",
        "description_evidencedate": "2018-07-09",
        "oslandcover_evidencedate": "2018-07-09",
        "versionavailablefromdate": "2025-02-06T00:00:00Z"
      }
    },
    {
      "id": "ed76444e-16a5-43c7-aab0-d9506ae2b19f",
      "type": "Feature",
      "geometry": {
        "type": "Polygon",
        "coordinates": [
          [
            [
              -1.4655097,
              50.9391216
            ],
            [
              -1.4655112,
              50.9391222
            ],
            [
              -1.4655508,
              50.939137
            ],
            [
              -1.4655958,
              50.939089
            ],
            [
              -1.4655547,
              50.9390737
            ],
            [
              -1.4655097,
              50.9391216
            ]
          ]
        ]
      },
      "properties": {
        "osid": "ed76444e-16a5-43c7-aab0-d9506ae2b19f",
        "toid": "osgb5000005247278671",
        "theme": "Buildings",
        "changetype": "Modified Attributes",
        "isobscured": false,
        "description": "Building",
        "versiondate": "2025-02-20",
        "geometry_area": 20.828228,
        "height_source": "Ordnance Survey",
        "physicallevel": "Surface Level",
        "oslandusetiera": "Residential Accommodation",
        "oslandusetierb": [
          "Private Residence"
        ],
        "geometry_source": "Ordnance Survey",
        "oslandcovertiera": "Constructed",
        "oslandcovertierb": [
          "Building"
        ],
        "oslanduse_source": "Ordnance Survey",
        "height_updatedate": "2025-01-17",
        "description_source": "Ordnance Survey",
        "oslandcover_source": "Ordnance Survey",
        "associatedstructure": null,
        "geometry_updatedate": "2019-10-28",
        "height_evidencedate": "2024-06-20",
        "capturespecification": "Urban",
        "oslanduse_updatedate": "2019-06-05",
        "absoluteheightmaximum": 26.5,
        "absoluteheightminimum": 22.3,
        "geometry_evidencedate": "2019-10-28",
        "heightconfidencelevel": "Moderate",
        "relativeheightmaximum": 4.2,
        "absoluteheightroofbase": 25.3,
        "description_updatedate": "2019-06-05",
        "oslandcover_updatedate": "2019-06-05",
        "oslanduse_evidencedate": "2019-06-05",
        "relativeheightroofbase": 3,
        "versionavailabletodate": null,
        "firstdigitalcapturedate": "2019-06-05",
        "description_evidencedate": "2019-06-05",
        "oslandcover_evidencedate": "2019-06-05",
        "versionavailablefromdate": "2025-02-21T00:00:00Z"
      }
    },
    {
      "id": "edc20923-bea3-4969-9eb1-a03f9ffafb6d",
      "type": "Feature",
      "geometry": {
        "type": "Polygon",
        "coordinates": [
          [
            [
              -1.464145,
              50.940705
            ],
            [
              -1.4642469,
              50.9407511
            ],
            [
              -1.4642901,
              50.940713
            ],
            [
              -1.4641998,
              50.9406721
            ],
            [
              -1.4641882,
              50.9406669
            ],
            [
              -1.464145,
              50.940705
            ]
          ]
        ]
      },
      "properties": {
        "osid": "edc20923-bea3-4969-9eb1-a03f9ffafb6d",
        "toid": "osgb5000005198749600",
        "theme": "Buildings",
        "changetype": "Modified Attributes",
        "isobscured": false,
        "description": "Building",
        "versiondate": "2025-02-05",
        "geometry_area": 45.908518,
        "height_source": "Ordnance Survey",
        "physicallevel": "Surface Level",
        "oslandusetiera": "Residential Accommodation",
        "oslandusetierb": [
          "Private Residence"
        ],
        "geometry_source": "Ordnance Survey",
        "oslandcovertiera": "Constructed",
        "oslandcovertierb": [
          "Building"
        ],
        "oslanduse_source": "Ordnance Survey",
        "height_updatedate": "2025-01-17",
        "description_source": "Ordnance Survey",
        "oslandcover_source": "Ordnance Survey",
        "associatedstructure": null,
        "geometry_updatedate": "2017-08-04",
        "height_evidencedate": "2024-06-20",
        "capturespecification": "Urban",
        "oslanduse_updatedate": "2017-02-07",
        "absoluteheightmaximum": 31.9,
        "absoluteheightminimum": 23.8,
        "geometry_evidencedate": "2017-08-04",
        "heightconfidencelevel": "Moderate",
        "relativeheightmaximum": 8.1,
        "absoluteheightroofbase": 28.5,
        "description_updatedate": "2017-02-07",
        "oslandcover_updatedate": "2017-02-07",
        "oslanduse_evidencedate": "2017-02-07",
        "relativeheightroofbase": 4.7,
        "versionavailabletodate": null,
        "firstdigitalcapturedate": "2017-02-07",
        "description_evidencedate": "2017-02-07",
        "oslandcover_evidencedate": "2017-02-07",
        "versionavailablefromdate": "2025-02-06T00:00:00Z"
      }
    },
    {
      "id": "edfb32ba-718b-423f-ae1c-0d5ee95ec1f2",
      "type": "Feature",
      "geometry": {
        "type": "Polygon",
        "coordinates": [
          [
            [
              -1.4667612,
              50.9367462
            ],
            [
              -1.4667609,
              50.9366486
            ],
            [
              -1.4666577,
              50.9366486
            ],
            [
              -1.4666577,
              50.936712
            ],
            [
              -1.4666583,
              50.9367183
            ],
            [
              -1.4666903,
              50.9367184
            ],
            [
              -1.46669,
              50.9367463
            ],
            [
              -1.4667612,
              50.9367462
            ]
          ]
        ]
      },
      "properties": {
        "osid": "edfb32ba-718b-423f-ae1c-0d5ee95ec1f2",
        "toid": "osgb1000016342794",
        "theme": "Buildings",
        "changetype": "Modified Attributes",
        "isobscured": false,
        "description": "Building",
        "versiondate": "2025-02-05",
        "geometry_area": 71.7525,
        "height_source": "Ordnance Survey",
        "physicallevel": "Surface Level",
        "oslandusetiera": "Residential Accommodation",
        "oslandusetierb": [
          "Private Residence"
        ],
        "geometry_source": "Ordnance Survey",
        "oslandcovertiera": "Constructed",
        "oslandcovertierb": [
          "Building"
        ],
        "oslanduse_source": "Ordnance Survey",
        "height_updatedate": "2025-01-17",
        "description_source": "Ordnance Survey",
        "oslandcover_source": "Ordnance Survey",
        "associatedstructure": null,
        "geometry_updatedate": "2004-04-13",
        "height_evidencedate": "2024-06-20",
        "capturespecification": "Urban",
        "oslanduse_updatedate": "2004-04-13",
        "absoluteheightmaximum": 20.8,
        "absoluteheightminimum": 13.3,
        "geometry_evidencedate": "2004-04-13",
        "heightconfidencelevel": "Moderate",
        "relativeheightmaximum": 7.5,
        "absoluteheightroofbase": 19.2,
        "description_updatedate": "2004-04-13",
        "oslandcover_updatedate": "2004-04-13",
        "oslanduse_evidencedate": "2004-04-13",
        "relativeheightroofbase": 5.9,
        "versionavailabletodate": null,
        "firstdigitalcapturedate": "1988-05-16",
        "description_evidencedate": "2004-04-13",
        "oslandcover_evidencedate": "2004-04-13",
        "versionavailablefromdate": "2025-02-06T00:00:00Z"
      }
    },
    {
      "id": "ee43cf81-d44d-44c7-9b5d-8f13ef163bba",
      "type": "Feature",
      "geometry": {
        "type": "Polygon",
        "coordinates": [
          [
            [
              -1.4651051,
              50.9393255
            ],
            [
              -1.46516,
              50.9393461
            ],
            [
              -1.4651552,
              50.9393512
            ],
            [
              -1.4652081,
              50.9393712
            ],
            [
              -1.4652819,
              50.939293
            ],
            [
              -1.4652336,
              50.9392748
            ],
            [
              -1.4652298,
              50.9392788
            ],
            [
              -1.4651702,
              50.9392564
            ],
            [
              -1.4651051,
              50.9393255
            ]
          ]
        ]
      },
      "properties": {
        "osid": "ee43cf81-d44d-44c7-9b5d-8f13ef163bba",
        "toid": "osgb5000005236335811",
        "theme": "Buildings",
        "changetype": "Modified Attributes",
        "isobscured": false,
        "description": "Building",
        "versiondate": "2025-02-05",
        "geometry_area": 83.764837,
        "height_source": "Ordnance Survey",
        "physicallevel": "Surface Level",
        "oslandusetiera": "Residential Accommodation",
        "oslandusetierb": [
          "Private Residence"
        ],
        "geometry_source": "Ordnance Survey",
        "oslandcovertiera": "Constructed",
        "oslandcovertierb": [
          "Building"
        ],
        "oslanduse_source": "Ordnance Survey",
        "height_updatedate": "2025-01-17",
        "description_source": "Ordnance Survey",
        "oslandcover_source": "Ordnance Survey",
        "associatedstructure": null,
        "geometry_updatedate": "2018-09-17",
        "height_evidencedate": "2024-06-20",
        "capturespecification": "Urban",
        "oslanduse_updatedate": "2018-09-17",
        "absoluteheightmaximum": 31.4,
        "absoluteheightminimum": 23,
        "geometry_evidencedate": "2018-09-17",
        "heightconfidencelevel": "Moderate",
        "relativeheightmaximum": 8.4,
        "absoluteheightroofbase": 28,
        "description_updatedate": "2018-09-17",
        "oslandcover_updatedate": "2018-09-17",
        "oslanduse_evidencedate": "2018-09-17",
        "relativeheightroofbase": 5,
        "versionavailabletodate": null,
        "firstdigitalcapturedate": "2018-09-17",
        "description_evidencedate": "2018-09-17",
        "oslandcover_evidencedate": "2018-09-17",
        "versionavailablefromdate": "2025-02-06T00:00:00Z"
      }
    },
    {
      "id": "eeaa36ba-5897-4815-8d63-4ec55f75d386",
      "type": "Feature",
      "geometry": {
        "type": "Polygon",
        "coordinates": [
          [
            [
              -1.4648329,
              50.9391513
            ],
            [
              -1.4647723,
              50.9391306
            ],
            [
              -1.4647113,
              50.939202
            ],
            [
              -1.4648211,
              50.9392395
            ],
            [
              -1.4648851,
              50.9391646
            ],
            [
              -1.4648359,
              50.9391478
            ],
            [
              -1.4648329,
              50.9391513
            ]
          ]
        ]
      },
      "properties": {
        "osid": "eeaa36ba-5897-4815-8d63-4ec55f75d386",
        "toid": "osgb5000005239289057",
        "theme": "Buildings",
        "changetype": "Modified Attributes",
        "isobscured": false,
        "description": "Building",
        "versiondate": "2025-02-05",
        "geometry_area": 80.840183,
        "height_source": "Ordnance Survey",
        "physicallevel": "Surface Level",
        "oslandusetiera": "Residential Accommodation",
        "oslandusetierb": [
          "Private Residence"
        ],
        "geometry_source": "Ordnance Survey",
        "oslandcovertiera": "Constructed",
        "oslandcovertierb": [
          "Building"
        ],
        "oslanduse_source": "Ordnance Survey",
        "height_updatedate": "2025-01-17",
        "description_source": "Ordnance Survey",
        "oslandcover_source": "Ordnance Survey",
        "associatedstructure": null,
        "geometry_updatedate": "2018-11-26",
        "height_evidencedate": "2024-06-20",
        "capturespecification": "Urban",
        "oslanduse_updatedate": "2018-11-26",
        "absoluteheightmaximum": 31.1,
        "absoluteheightminimum": 22.7,
        "geometry_evidencedate": "2018-11-26",
        "heightconfidencelevel": "Moderate",
        "relativeheightmaximum": 8.4,
        "absoluteheightroofbase": 28.2,
        "description_updatedate": "2018-11-26",
        "oslandcover_updatedate": "2018-11-26",
        "oslanduse_evidencedate": "2018-11-26",
        "relativeheightroofbase": 5.5,
        "versionavailabletodate": null,
        "firstdigitalcapturedate": "2018-11-26",
        "description_evidencedate": "2018-11-26",
        "oslandcover_evidencedate": "2018-11-26",
        "versionavailablefromdate": "2025-02-06T00:00:00Z"
      }
    },
    {
      "id": "eecad5c5-0176-4248-b255-720b16148df4",
      "type": "Feature",
      "geometry": {
        "type": "Polygon",
        "coordinates": [
          [
            [
              -1.4669276,
              50.9379382
            ],
            [
              -1.4669222,
              50.9379205
            ],
            [
              -1.4669186,
              50.9379086
            ],
            [
              -1.4669466,
              50.9379052
            ],
            [
              -1.4669408,
              50.937886
            ],
            [
              -1.4669128,
              50.9378894
            ],
            [
              -1.4669049,
              50.9378633
            ],
            [
              -1.4668351,
              50.937872
            ],
            [
              -1.4668572,
              50.9379449
            ],
            [
              -1.4669276,
              50.9379382
            ]
          ]
        ]
      },
      "properties": {
        "osid": "eecad5c5-0176-4248-b255-720b16148df4",
        "toid": "osgb1000016342660",
        "theme": "Buildings",
        "changetype": "Modified Attributes",
        "isobscured": false,
        "description": "Building",
        "versiondate": "2025-02-05",
        "geometry_area": 46.171379,
        "height_source": "Ordnance Survey",
        "physicallevel": "Surface Level",
        "oslandusetiera": "Residential Accommodation",
        "oslandusetierb": [
          "Private Residence"
        ],
        "geometry_source": "Ordnance Survey",
        "oslandcovertiera": "Constructed",
        "oslandcovertierb": [
          "Building"
        ],
        "oslanduse_source": "Ordnance Survey",
        "height_updatedate": "2025-01-17",
        "description_source": "Ordnance Survey",
        "oslandcover_source": "Ordnance Survey",
        "associatedstructure": null,
        "geometry_updatedate": "2019-12-29",
        "height_evidencedate": "2024-06-20",
        "capturespecification": "Urban",
        "oslanduse_updatedate": "2006-12-14",
        "absoluteheightmaximum": 22.7,
        "absoluteheightminimum": 16.2,
        "geometry_evidencedate": "2019-06-28",
        "heightconfidencelevel": "Moderate",
        "relativeheightmaximum": 6.5,
        "absoluteheightroofbase": 20.9,
        "description_updatedate": "2006-12-14",
        "oslandcover_updatedate": "2006-12-14",
        "oslanduse_evidencedate": "2006-12-14",
        "relativeheightroofbase": 4.7,
        "versionavailabletodate": null,
        "firstdigitalcapturedate": "1991-09-01",
        "description_evidencedate": "2006-12-14",
        "oslandcover_evidencedate": "2006-12-14",
        "versionavailablefromdate": "2025-02-06T00:00:00Z"
      }
    },
    {
      "id": "eef20f88-d540-4ae9-b37d-999e1f19eb2e",
      "type": "Feature",
      "geometry": {
        "type": "Polygon",
        "coordinates": [
          [
            [
              -1.4674489,
              50.9357228
            ],
            [
              -1.4674751,
              50.9357302
            ],
            [
              -1.4675167,
              50.9356718
            ],
            [
              -1.4674601,
              50.9356557
            ],
            [
              -1.4674633,
              50.9356512
            ],
            [
              -1.4674017,
              50.9356336
            ],
            [
              -1.4673575,
              50.9356961
            ],
            [
              -1.4673538,
              50.9357013
            ],
            [
              -1.4674157,
              50.9357189
            ],
            [
              -1.467419,
              50.9357143
            ],
            [
              -1.4674489,
              50.9357228
            ]
          ]
        ]
      },
      "properties": {
        "osid": "eef20f88-d540-4ae9-b37d-999e1f19eb2e",
        "toid": "osgb5000005208814530",
        "theme": "Buildings",
        "changetype": "Modified Attributes",
        "isobscured": false,
        "description": "Building",
        "versiondate": "2025-02-05",
        "geometry_area": 70.154827,
        "height_source": "Ordnance Survey",
        "physicallevel": "Surface Level",
        "oslandusetiera": "Residential Accommodation",
        "oslandusetierb": [
          "Private Residence"
        ],
        "geometry_source": "Ordnance Survey",
        "oslandcovertiera": "Constructed",
        "oslandcovertierb": [
          "Building"
        ],
        "oslanduse_source": "Ordnance Survey",
        "height_updatedate": "2025-01-17",
        "description_source": "Ordnance Survey",
        "oslandcover_source": "Ordnance Survey",
        "associatedstructure": null,
        "geometry_updatedate": "2018-05-09",
        "height_evidencedate": "2024-06-20",
        "capturespecification": "Urban",
        "oslanduse_updatedate": "2017-08-03",
        "absoluteheightmaximum": 20.1,
        "absoluteheightminimum": 11.8,
        "geometry_evidencedate": "2018-05-09",
        "heightconfidencelevel": "Moderate",
        "relativeheightmaximum": 8.3,
        "absoluteheightroofbase": 17.4,
        "description_updatedate": "2017-08-03",
        "oslandcover_updatedate": "2017-08-03",
        "oslanduse_evidencedate": "2017-08-03",
        "relativeheightroofbase": 5.6,
        "versionavailabletodate": null,
        "firstdigitalcapturedate": "2017-08-03",
        "description_evidencedate": "2017-08-03",
        "oslandcover_evidencedate": "2017-08-03",
        "versionavailablefromdate": "2025-02-06T00:00:00Z"
      }
    },
    {
      "id": "efe86a72-6344-435a-b3e7-e93d9b4b7ab1",
      "type": "Feature",
      "geometry": {
        "type": "Polygon",
        "coordinates": [
          [
            [
              -1.4634208,
              50.9407769
            ],
            [
              -1.4633792,
              50.9407623
            ],
            [
              -1.4633363,
              50.9408112
            ],
            [
              -1.4633387,
              50.9408121
            ],
            [
              -1.4633779,
              50.9408258
            ],
            [
              -1.4634208,
              50.9407769
            ]
          ]
        ]
      },
      "properties": {
        "osid": "efe86a72-6344-435a-b3e7-e93d9b4b7ab1",
        "toid": "osgb5000005198749595",
        "theme": "Buildings",
        "changetype": "Modified Attributes",
        "isobscured": false,
        "description": "Building",
        "versiondate": "2025-02-05",
        "geometry_area": 20.793722,
        "height_source": "Ordnance Survey",
        "physicallevel": "Surface Level",
        "oslandusetiera": "Residential Accommodation",
        "oslandusetierb": [
          "Private Residence"
        ],
        "geometry_source": "Ordnance Survey",
        "oslandcovertiera": "Constructed",
        "oslandcovertierb": [
          "Building"
        ],
        "oslanduse_source": "Ordnance Survey",
        "height_updatedate": "2025-01-17",
        "description_source": "Ordnance Survey",
        "oslandcover_source": "Ordnance Survey",
        "associatedstructure": null,
        "geometry_updatedate": "2017-05-11",
        "height_evidencedate": "2024-06-20",
        "capturespecification": "Urban",
        "oslanduse_updatedate": "2017-02-07",
        "absoluteheightmaximum": 28.1,
        "absoluteheightminimum": 24.3,
        "geometry_evidencedate": "2017-05-11",
        "heightconfidencelevel": "Moderate",
        "relativeheightmaximum": 3.8,
        "absoluteheightroofbase": 26.6,
        "description_updatedate": "2017-02-07",
        "oslandcover_updatedate": "2017-02-07",
        "oslanduse_evidencedate": "2017-02-07",
        "relativeheightroofbase": 2.3,
        "versionavailabletodate": null,
        "firstdigitalcapturedate": "2017-02-07",
        "description_evidencedate": "2017-02-07",
        "oslandcover_evidencedate": "2017-02-07",
        "versionavailablefromdate": "2025-02-06T00:00:00Z"
      }
    },
    {
      "id": "f0b99767-47eb-4fed-852b-3d6c167ad7b9",
      "type": "Feature",
      "geometry": {
        "type": "Polygon",
        "coordinates": [
          [
            [
              -1.4652515,
              50.9365931
            ],
            [
              -1.4652497,
              50.9366925
            ],
            [
              -1.4652945,
              50.9366931
            ],
            [
              -1.4653528,
              50.9366939
            ],
            [
              -1.4653528,
              50.9366921
            ],
            [
              -1.465355,
              50.9366269
            ],
            [
              -1.4653558,
              50.9366201
            ],
            [
              -1.4653181,
              50.93662
            ],
            [
              -1.4653191,
              50.9365939
            ],
            [
              -1.4652515,
              50.9365931
            ]
          ]
        ]
      },
      "properties": {
        "osid": "f0b99767-47eb-4fed-852b-3d6c167ad7b9",
        "toid": "osgb1000016342846",
        "theme": "Buildings",
        "changetype": "Modified Attributes",
        "isobscured": false,
        "description": "Building",
        "versiondate": "2025-02-05",
        "geometry_area": 73.234525,
        "height_source": "Ordnance Survey",
        "physicallevel": "Surface Level",
        "oslandusetiera": "Residential Accommodation",
        "oslandusetierb": [
          "Private Residence"
        ],
        "geometry_source": "Ordnance Survey",
        "oslandcovertiera": "Constructed",
        "oslandcovertierb": [
          "Building"
        ],
        "oslanduse_source": "Ordnance Survey",
        "height_updatedate": "2025-01-17",
        "description_source": "Ordnance Survey",
        "oslandcover_source": "Ordnance Survey",
        "associatedstructure": null,
        "geometry_updatedate": "2019-12-29",
        "height_evidencedate": "2024-06-20",
        "capturespecification": "Urban",
        "oslanduse_updatedate": "2004-04-13",
        "absoluteheightmaximum": 22.1,
        "absoluteheightminimum": 14.8,
        "geometry_evidencedate": "2019-06-28",
        "heightconfidencelevel": "Moderate",
        "relativeheightmaximum": 7.3,
        "absoluteheightroofbase": 20.1,
        "description_updatedate": "2004-04-13",
        "oslandcover_updatedate": "2004-04-13",
        "oslanduse_evidencedate": "2004-04-13",
        "relativeheightroofbase": 5.3,
        "versionavailabletodate": null,
        "firstdigitalcapturedate": "1988-05-16",
        "description_evidencedate": "2004-04-13",
        "oslandcover_evidencedate": "2004-04-13",
        "versionavailablefromdate": "2025-02-06T00:00:00Z"
      }
    },
    {
      "id": "f13cc179-eb7a-4f27-8a01-23ddb2c94a50",
      "type": "Feature",
      "geometry": {
        "type": "Polygon",
        "coordinates": [
          [
            [
              -1.4654275,
              50.9399867
            ],
            [
              -1.4653736,
              50.9400202
            ],
            [
              -1.4654699,
              50.9400819
            ],
            [
              -1.4655238,
              50.9400484
            ],
            [
              -1.4654275,
              50.9399867
            ]
          ]
        ]
      },
      "properties": {
        "osid": "f13cc179-eb7a-4f27-8a01-23ddb2c94a50",
        "toid": "osgb5000005227734239",
        "theme": "Buildings",
        "changetype": "Modified Attributes",
        "isobscured": false,
        "description": "Building",
        "versiondate": "2025-02-05",
        "geometry_area": 51.225432,
        "height_source": "Ordnance Survey",
        "physicallevel": "Surface Level",
        "oslandusetiera": "Residential Accommodation",
        "oslandusetierb": [
          "Private Residence"
        ],
        "geometry_source": "Ordnance Survey",
        "oslandcovertiera": "Constructed",
        "oslandcovertierb": [
          "Building"
        ],
        "oslanduse_source": "Ordnance Survey",
        "height_updatedate": "2025-01-17",
        "description_source": "Ordnance Survey",
        "oslandcover_source": "Ordnance Survey",
        "associatedstructure": null,
        "geometry_updatedate": "2018-04-30",
        "height_evidencedate": "2024-06-20",
        "capturespecification": "Urban",
        "oslanduse_updatedate": "2018-04-30",
        "absoluteheightmaximum": 31.6,
        "absoluteheightminimum": 23.2,
        "geometry_evidencedate": "2018-04-30",
        "heightconfidencelevel": "Moderate",
        "relativeheightmaximum": 8.4,
        "absoluteheightroofbase": 28.5,
        "description_updatedate": "2018-04-30",
        "oslandcover_updatedate": "2018-04-30",
        "oslanduse_evidencedate": "2018-04-30",
        "relativeheightroofbase": 5.3,
        "versionavailabletodate": null,
        "firstdigitalcapturedate": "2018-04-30",
        "description_evidencedate": "2018-04-30",
        "oslandcover_evidencedate": "2018-04-30",
        "versionavailablefromdate": "2025-02-06T00:00:00Z"
      }
    },
    {
      "id": "f158883f-2946-4a20-aa38-6f85bb65127d",
      "type": "Feature",
      "geometry": {
        "type": "Polygon",
        "coordinates": [
          [
            [
              -1.4652916,
              50.9403798
            ],
            [
              -1.4653867,
              50.9404393
            ],
            [
              -1.465474,
              50.9403835
            ],
            [
              -1.4654398,
              50.9403622
            ],
            [
              -1.4654419,
              50.9403609
            ],
            [
              -1.465385,
              50.9403254
            ],
            [
              -1.4653352,
              50.9403572
            ],
            [
              -1.465331,
              50.9403546
            ],
            [
              -1.4652916,
              50.9403798
            ]
          ]
        ]
      },
      "properties": {
        "osid": "f158883f-2946-4a20-aa38-6f85bb65127d",
        "toid": "osgb5000005208860428",
        "theme": "Buildings",
        "changetype": "Modified Attributes",
        "isobscured": false,
        "description": "Building",
        "versiondate": "2025-02-05",
        "geometry_area": 81.157583,
        "height_source": "Ordnance Survey",
        "physicallevel": "Surface Level",
        "oslandusetiera": "Residential Accommodation",
        "oslandusetierb": [
          "Private Residence"
        ],
        "geometry_source": "Ordnance Survey",
        "oslandcovertiera": "Constructed",
        "oslandcovertierb": [
          "Building"
        ],
        "oslanduse_source": "Ordnance Survey",
        "height_updatedate": "2025-01-17",
        "description_source": "Ordnance Survey",
        "oslandcover_source": "Ordnance Survey",
        "associatedstructure": null,
        "geometry_updatedate": "2017-08-04",
        "height_evidencedate": "2024-06-20",
        "capturespecification": "Urban",
        "oslanduse_updatedate": "2017-08-04",
        "absoluteheightmaximum": 31.2,
        "absoluteheightminimum": 22.6,
        "geometry_evidencedate": "2017-08-04",
        "heightconfidencelevel": "Moderate",
        "relativeheightmaximum": 8.6,
        "absoluteheightroofbase": 29.8,
        "description_updatedate": "2017-08-04",
        "oslandcover_updatedate": "2017-08-04",
        "oslanduse_evidencedate": "2017-08-04",
        "relativeheightroofbase": 7.2,
        "versionavailabletodate": null,
        "firstdigitalcapturedate": "2017-08-04",
        "description_evidencedate": "2017-08-04",
        "oslandcover_evidencedate": "2017-08-04",
        "versionavailablefromdate": "2025-02-06T00:00:00Z"
      }
    },
    {
      "id": "f164a112-e7eb-4982-88cc-88108da0fc8a",
      "type": "Feature",
      "geometry": {
        "type": "Polygon",
        "coordinates": [
          [
            [
              -1.4689587,
              50.9397177
            ],
            [
              -1.4688941,
              50.9397175
            ],
            [
              -1.4688939,
              50.9397407
            ],
            [
              -1.4689586,
              50.9397408
            ],
            [
              -1.4689587,
              50.9397177
            ]
          ]
        ]
      },
      "properties": {
        "osid": "f164a112-e7eb-4982-88cc-88108da0fc8a",
        "toid": "osgb5000005274099676",
        "theme": "Buildings",
        "changetype": "Modified Attributes",
        "isobscured": false,
        "description": "Building",
        "versiondate": "2025-02-05",
        "geometry_area": 11.674705,
        "height_source": "Ordnance Survey",
        "physicallevel": "Surface Level",
        "oslandusetiera": "Commercial Activity: Industrial Or Manufacturing",
        "oslandusetierb": [],
        "geometry_source": "Ordnance Survey",
        "oslandcovertiera": "Constructed",
        "oslandcovertierb": [
          "Building"
        ],
        "oslanduse_source": "Ordnance Survey",
        "height_updatedate": "2025-01-17",
        "description_source": "Ordnance Survey",
        "oslandcover_source": "Ordnance Survey",
        "associatedstructure": null,
        "geometry_updatedate": "2020-12-15",
        "height_evidencedate": "2024-06-20",
        "capturespecification": "Urban",
        "oslanduse_updatedate": "2020-12-15",
        "absoluteheightmaximum": null,
        "absoluteheightminimum": 16,
        "geometry_evidencedate": "2020-09-20",
        "heightconfidencelevel": "Incomplete",
        "relativeheightmaximum": null,
        "absoluteheightroofbase": null,
        "description_updatedate": "2020-12-15",
        "oslandcover_updatedate": "2020-12-15",
        "oslanduse_evidencedate": "2020-09-20",
        "relativeheightroofbase": null,
        "versionavailabletodate": null,
        "firstdigitalcapturedate": "2020-12-15",
        "description_evidencedate": "2020-09-20",
        "oslandcover_evidencedate": "2020-09-20",
        "versionavailablefromdate": "2025-02-06T00:00:00Z"
      }
    },
    {
      "id": "f19264f1-f0c9-42f1-881f-2051c2c48bcb",
      "type": "Feature",
      "geometry": {
        "type": "Polygon",
        "coordinates": [
          [
            [
              -1.4670439,
              50.9358487
            ],
            [
              -1.4670657,
              50.9358556
            ],
            [
              -1.4670882,
              50.9358627
            ],
            [
              -1.4671286,
              50.9358116
            ],
            [
              -1.4671289,
              50.9358113
            ],
            [
              -1.4670846,
              50.9357973
            ],
            [
              -1.4670839,
              50.9357982
            ],
            [
              -1.4670658,
              50.935821
            ],
            [
              -1.4670439,
              50.9358487
            ]
          ]
        ]
      },
      "properties": {
        "osid": "f19264f1-f0c9-42f1-881f-2051c2c48bcb",
        "toid": "osgb5000005208814535",
        "theme": "Buildings",
        "changetype": "Modified Attributes",
        "isobscured": false,
        "description": "Building",
        "versiondate": "2025-02-05",
        "geometry_area": 22.224492,
        "height_source": "Ordnance Survey",
        "physicallevel": "Surface Level",
        "oslandusetiera": "Residential Accommodation",
        "oslandusetierb": [
          "Private Residence"
        ],
        "geometry_source": "Ordnance Survey",
        "oslandcovertiera": "Constructed",
        "oslandcovertierb": [
          "Building"
        ],
        "oslanduse_source": "Ordnance Survey",
        "height_updatedate": "2025-01-17",
        "description_source": "Ordnance Survey",
        "oslandcover_source": "Ordnance Survey",
        "associatedstructure": null,
        "geometry_updatedate": "2018-05-09",
        "height_evidencedate": "2024-06-20",
        "capturespecification": "Urban",
        "oslanduse_updatedate": "2017-08-03",
        "absoluteheightmaximum": 16.9,
        "absoluteheightminimum": 11.9,
        "geometry_evidencedate": "2018-05-09",
        "heightconfidencelevel": "Moderate",
        "relativeheightmaximum": 5,
        "absoluteheightroofbase": 14.4,
        "description_updatedate": "2017-08-03",
        "oslandcover_updatedate": "2017-08-03",
        "oslanduse_evidencedate": "2017-08-03",
        "relativeheightroofbase": 2.5,
        "versionavailabletodate": null,
        "firstdigitalcapturedate": "2017-08-03",
        "description_evidencedate": "2017-08-03",
        "oslandcover_evidencedate": "2017-08-03",
        "versionavailablefromdate": "2025-02-06T00:00:00Z"
      }
    },
    {
      "id": "f1db3f06-1e63-4054-bc24-ce9ede759d62",
      "type": "Feature",
      "geometry": {
        "type": "Polygon",
        "coordinates": [
          [
            [
              -1.4656696,
              50.9364126
            ],
            [
              -1.4656595,
              50.9364201
            ],
            [
              -1.4656575,
              50.9364385
            ],
            [
              -1.4656503,
              50.9365082
            ],
            [
              -1.4657009,
              50.9365104
            ],
            [
              -1.4656999,
              50.9365195
            ],
            [
              -1.4657396,
              50.9365212
            ],
            [
              -1.4657406,
              50.9365122
            ],
            [
              -1.4657485,
              50.9364425
            ],
            [
              -1.4657345,
              50.9364419
            ],
            [
              -1.4657365,
              50.9364235
            ],
            [
              -1.4657282,
              50.9364152
            ],
            [
              -1.4657148,
              50.9364075
            ],
            [
              -1.4656846,
              50.9364062
            ],
            [
              -1.4656696,
              50.9364126
            ]
          ]
        ]
      },
      "properties": {
        "osid": "f1db3f06-1e63-4054-bc24-ce9ede759d62",
        "toid": "osgb1000016342831",
        "theme": "Buildings",
        "changetype": "Modified Attributes",
        "isobscured": false,
        "description": "Building",
        "versiondate": "2025-02-05",
        "geometry_area": 70.204454,
        "height_source": "Ordnance Survey",
        "physicallevel": "Surface Level",
        "oslandusetiera": "Residential Accommodation",
        "oslandusetierb": [
          "Private Residence"
        ],
        "geometry_source": "Ordnance Survey",
        "oslandcovertiera": "Constructed",
        "oslandcovertierb": [
          "Building"
        ],
        "oslanduse_source": "Ordnance Survey",
        "height_updatedate": "2025-01-17",
        "description_source": "Ordnance Survey",
        "oslandcover_source": "Ordnance Survey",
        "associatedstructure": null,
        "geometry_updatedate": "2017-04-21",
        "height_evidencedate": "2024-06-20",
        "capturespecification": "Urban",
        "oslanduse_updatedate": "2006-07-11",
        "absoluteheightmaximum": 21.7,
        "absoluteheightminimum": 13.8,
        "geometry_evidencedate": "2016-08-12",
        "heightconfidencelevel": "Moderate",
        "relativeheightmaximum": 7.9,
        "absoluteheightroofbase": 19.5,
        "description_updatedate": "2006-07-11",
        "oslandcover_updatedate": "2006-07-11",
        "oslanduse_evidencedate": "2006-07-11",
        "relativeheightroofbase": 5.7,
        "versionavailabletodate": null,
        "firstdigitalcapturedate": "1988-05-16",
        "description_evidencedate": "2006-07-11",
        "oslandcover_evidencedate": "2006-07-11",
        "versionavailablefromdate": "2025-02-06T00:00:00Z"
      }
    },
    {
      "id": "f20b9f6f-1175-4ccf-a52e-a39a64b27e63",
      "type": "Feature",
      "geometry": {
        "type": "Polygon",
        "coordinates": [
          [
            [
              -1.4661955,
              50.9405714
            ],
            [
              -1.4662467,
              50.9405391
            ],
            [
              -1.466157,
              50.9404823
            ],
            [
              -1.4661122,
              50.9405104
            ],
            [
              -1.4661048,
              50.9405057
            ],
            [
              -1.4660608,
              50.9405334
            ],
            [
              -1.4661622,
              50.9405977
            ],
            [
              -1.4661997,
              50.940574
            ],
            [
              -1.4661955,
              50.9405714
            ]
          ]
        ]
      },
      "properties": {
        "osid": "f20b9f6f-1175-4ccf-a52e-a39a64b27e63",
        "toid": "osgb5000005222257180",
        "theme": "Buildings",
        "changetype": "Modified Attributes",
        "isobscured": false,
        "description": "Building",
        "versiondate": "2025-02-05",
        "geometry_area": 83.369468,
        "height_source": "Ordnance Survey",
        "physicallevel": "Surface Level",
        "oslandusetiera": "Residential Accommodation",
        "oslandusetierb": [
          "Private Residence"
        ],
        "geometry_source": "Ordnance Survey",
        "oslandcovertiera": "Constructed",
        "oslandcovertierb": [
          "Building"
        ],
        "oslanduse_source": "Ordnance Survey",
        "height_updatedate": "2025-01-17",
        "description_source": "Ordnance Survey",
        "oslandcover_source": "Ordnance Survey",
        "associatedstructure": null,
        "geometry_updatedate": "2018-02-08",
        "height_evidencedate": "2024-06-20",
        "capturespecification": "Urban",
        "oslanduse_updatedate": "2018-02-08",
        "absoluteheightmaximum": 29,
        "absoluteheightminimum": 20.8,
        "geometry_evidencedate": "2018-02-08",
        "heightconfidencelevel": "Moderate",
        "relativeheightmaximum": 8.2,
        "absoluteheightroofbase": 26.2,
        "description_updatedate": "2018-02-08",
        "oslandcover_updatedate": "2018-02-08",
        "oslanduse_evidencedate": "2018-02-08",
        "relativeheightroofbase": 5.4,
        "versionavailabletodate": null,
        "firstdigitalcapturedate": "2018-02-09",
        "description_evidencedate": "2018-02-08",
        "oslandcover_evidencedate": "2018-02-08",
        "versionavailablefromdate": "2025-02-06T00:00:00Z"
      }
    },
    {
      "id": "f307cf2d-f1ab-4df0-8bbd-552ffbfd8ede",
      "type": "Feature",
      "geometry": {
        "type": "Polygon",
        "coordinates": [
          [
            [
              -1.4665731,
              50.9387667
            ],
            [
              -1.4664895,
              50.9388024
            ],
            [
              -1.4664833,
              50.9388051
            ],
            [
              -1.4664658,
              50.9388125
            ],
            [
              -1.4664273,
              50.938829
            ],
            [
              -1.4664538,
              50.9388537
            ],
            [
              -1.4664702,
              50.9388691
            ],
            [
              -1.4665088,
              50.9388526
            ],
            [
              -1.4665198,
              50.9388479
            ],
            [
              -1.4665401,
              50.9388392
            ],
            [
              -1.466616,
              50.9388067
            ],
            [
              -1.4665731,
              50.9387667
            ]
          ]
        ]
      },
      "properties": {
        "osid": "f307cf2d-f1ab-4df0-8bbd-552ffbfd8ede",
        "toid": "osgb5000005244788320",
        "theme": "Buildings",
        "changetype": "Modified Attributes",
        "isobscured": false,
        "description": "Building",
        "versiondate": "2025-02-05",
        "geometry_area": 66.539647,
        "height_source": "Ordnance Survey",
        "physicallevel": "Surface Level",
        "oslandusetiera": "Residential Accommodation",
        "oslandusetierb": [
          "Private Residence"
        ],
        "geometry_source": "Ordnance Survey",
        "oslandcovertiera": "Constructed",
        "oslandcovertierb": [
          "Building"
        ],
        "oslanduse_source": "Ordnance Survey",
        "height_updatedate": "2025-01-17",
        "description_source": "Ordnance Survey",
        "oslandcover_source": "Ordnance Survey",
        "associatedstructure": null,
        "geometry_updatedate": "2024-11-27",
        "height_evidencedate": "2024-06-20",
        "capturespecification": "Urban",
        "oslanduse_updatedate": "2019-04-09",
        "absoluteheightmaximum": 26.8,
        "absoluteheightminimum": 19,
        "geometry_evidencedate": "2024-06-20",
        "heightconfidencelevel": "Moderate",
        "relativeheightmaximum": 7.8,
        "absoluteheightroofbase": 24.6,
        "description_updatedate": "2019-04-09",
        "oslandcover_updatedate": "2019-04-09",
        "oslanduse_evidencedate": "2019-04-09",
        "relativeheightroofbase": 5.6,
        "versionavailabletodate": null,
        "firstdigitalcapturedate": "2019-04-09",
        "description_evidencedate": "2019-04-09",
        "oslandcover_evidencedate": "2019-04-09",
        "versionavailablefromdate": "2025-02-06T00:00:00Z"
      }
    },
    {
      "id": "f40b2d87-b9cd-47a9-a42e-e59ece246e6c",
      "type": "Feature",
      "geometry": {
        "type": "Polygon",
        "coordinates": [
          [
            [
              -1.4678945,
              50.9379023
            ],
            [
              -1.4678168,
              50.9378883
            ],
            [
              -1.4677859,
              50.9379619
            ],
            [
              -1.4678643,
              50.937974
            ],
            [
              -1.4678945,
              50.9379023
            ]
          ]
        ]
      },
      "properties": {
        "osid": "f40b2d87-b9cd-47a9-a42e-e59ece246e6c",
        "toid": "osgb1000016342687",
        "theme": "Buildings",
        "changetype": "Modified Attributes",
        "isobscured": false,
        "description": "Building",
        "versiondate": "2025-02-05",
        "geometry_area": 47.4323,
        "height_source": "Ordnance Survey",
        "physicallevel": "Surface Level",
        "oslandusetiera": "Residential Accommodation",
        "oslandusetierb": [
          "Private Residence"
        ],
        "geometry_source": "Ordnance Survey",
        "oslandcovertiera": "Constructed",
        "oslandcovertierb": [
          "Building"
        ],
        "oslanduse_source": "Ordnance Survey",
        "height_updatedate": "2025-01-17",
        "description_source": "Ordnance Survey",
        "oslandcover_source": "Ordnance Survey",
        "associatedstructure": null,
        "geometry_updatedate": "2004-04-13",
        "height_evidencedate": "2024-06-20",
        "capturespecification": "Urban",
        "oslanduse_updatedate": "2004-04-13",
        "absoluteheightmaximum": 20.1,
        "absoluteheightminimum": 13.4,
        "geometry_evidencedate": "2004-04-13",
        "heightconfidencelevel": "Moderate",
        "relativeheightmaximum": 6.7,
        "absoluteheightroofbase": 19.6,
        "description_updatedate": "2004-04-13",
        "oslandcover_updatedate": "2004-04-13",
        "oslanduse_evidencedate": "2004-04-13",
        "relativeheightroofbase": 6.2,
        "versionavailabletodate": null,
        "firstdigitalcapturedate": "1988-07-28",
        "description_evidencedate": "2004-04-13",
        "oslandcover_evidencedate": "2004-04-13",
        "versionavailablefromdate": "2025-02-06T00:00:00Z"
      }
    },
    {
      "id": "f447f691-c314-4d34-b665-72c1a6be897f",
      "type": "Feature",
      "geometry": {
        "type": "Polygon",
        "coordinates": [
          [
            [
              -1.4667411,
              50.9365136
            ],
            [
              -1.4667012,
              50.936513
            ],
            [
              -1.4667006,
              50.9365656
            ],
            [
              -1.4667405,
              50.9365662
            ],
            [
              -1.4667411,
              50.9365136
            ]
          ]
        ]
      },
      "properties": {
        "osid": "f447f691-c314-4d34-b665-72c1a6be897f",
        "toid": "osgb1000016342805",
        "theme": "Buildings",
        "changetype": "Modified Attributes",
        "isobscured": false,
        "description": "Building",
        "versiondate": "2025-02-05",
        "geometry_area": 16.38,
        "height_source": "Ordnance Survey",
        "physicallevel": "Surface Level",
        "oslandusetiera": "Unknown Or Unused Artificial",
        "oslandusetierb": [],
        "geometry_source": "Ordnance Survey",
        "oslandcovertiera": "Constructed",
        "oslandcovertierb": [
          "Building"
        ],
        "oslanduse_source": "Ordnance Survey",
        "height_updatedate": "2025-01-17",
        "description_source": "Ordnance Survey",
        "oslandcover_source": "Ordnance Survey",
        "associatedstructure": null,
        "geometry_updatedate": "2004-04-13",
        "height_evidencedate": "2024-06-20",
        "capturespecification": "Urban",
        "oslanduse_updatedate": "2004-04-13",
        "absoluteheightmaximum": null,
        "absoluteheightminimum": 13.1,
        "geometry_evidencedate": "2004-04-13",
        "heightconfidencelevel": "Incomplete",
        "relativeheightmaximum": null,
        "absoluteheightroofbase": null,
        "description_updatedate": "2004-04-13",
        "oslandcover_updatedate": "2004-04-13",
        "oslanduse_evidencedate": "2004-04-13",
        "relativeheightroofbase": null,
        "versionavailabletodate": null,
        "firstdigitalcapturedate": "1988-05-16",
        "description_evidencedate": "2004-04-13",
        "oslandcover_evidencedate": "2004-04-13",
        "versionavailablefromdate": "2025-02-06T00:00:00Z"
      }
    },
    {
      "id": "f452b223-cb23-4fe5-bc8f-ebffefce2fb6",
      "type": "Feature",
      "geometry": {
        "type": "Polygon",
        "coordinates": [
          [
            [
              -1.4648746,
              50.9402583
            ],
            [
              -1.4648195,
              50.940238
            ],
            [
              -1.4648242,
              50.9402329
            ],
            [
              -1.4647715,
              50.9402136
            ],
            [
              -1.4646991,
              50.9402924
            ],
            [
              -1.4647453,
              50.9403094
            ],
            [
              -1.4647485,
              50.9403058
            ],
            [
              -1.4648102,
              50.9403284
            ],
            [
              -1.4648746,
              50.9402583
            ]
          ]
        ]
      },
      "properties": {
        "osid": "f452b223-cb23-4fe5-bc8f-ebffefce2fb6",
        "toid": "osgb5000005208860367",
        "theme": "Buildings",
        "changetype": "Modified Attributes",
        "isobscured": false,
        "description": "Building",
        "versiondate": "2025-02-05",
        "geometry_area": 83.583115,
        "height_source": "Ordnance Survey",
        "physicallevel": "Surface Level",
        "oslandusetiera": "Residential Accommodation",
        "oslandusetierb": [
          "Private Residence"
        ],
        "geometry_source": "Ordnance Survey",
        "oslandcovertiera": "Constructed",
        "oslandcovertierb": [
          "Building"
        ],
        "oslanduse_source": "Ordnance Survey",
        "height_updatedate": "2025-01-17",
        "description_source": "Ordnance Survey",
        "oslandcover_source": "Ordnance Survey",
        "associatedstructure": null,
        "geometry_updatedate": "2017-08-04",
        "height_evidencedate": "2024-06-20",
        "capturespecification": "Urban",
        "oslanduse_updatedate": "2017-08-04",
        "absoluteheightmaximum": 31.7,
        "absoluteheightminimum": 23.6,
        "geometry_evidencedate": "2017-08-04",
        "heightconfidencelevel": "Moderate",
        "relativeheightmaximum": 8.1,
        "absoluteheightroofbase": 28.9,
        "description_updatedate": "2017-08-04",
        "oslandcover_updatedate": "2017-08-04",
        "oslanduse_evidencedate": "2017-08-04",
        "relativeheightroofbase": 5.3,
        "versionavailabletodate": null,
        "firstdigitalcapturedate": "2017-08-04",
        "description_evidencedate": "2017-08-04",
        "oslandcover_evidencedate": "2017-08-04",
        "versionavailablefromdate": "2025-02-06T00:00:00Z"
      }
    },
    {
      "id": "f507320f-7d11-49d5-98f2-6e99d7ae6f17",
      "type": "Feature",
      "geometry": {
        "type": "Polygon",
        "coordinates": [
          [
            [
              -1.4691854,
              50.9367607
            ],
            [
              -1.4692143,
              50.9367641
            ],
            [
              -1.469222,
              50.9367383
            ],
            [
              -1.4691932,
              50.9367348
            ],
            [
              -1.4691854,
              50.9367607
            ]
          ]
        ]
      },
      "properties": {
        "osid": "f507320f-7d11-49d5-98f2-6e99d7ae6f17",
        "toid": "osgb5000005257941620",
        "theme": "Buildings",
        "changetype": "New",
        "isobscured": false,
        "description": "Building",
        "versiondate": "2022-08-26",
        "geometry_area": 6.041859,
        "height_source": null,
        "physicallevel": "Surface Level",
        "oslandusetiera": "Residential Accommodation",
        "oslandusetierb": [
          "Private Residence"
        ],
        "geometry_source": "Ordnance Survey",
        "oslandcovertiera": "Constructed",
        "oslandcovertierb": [
          "Building"
        ],
        "oslanduse_source": "Ordnance Survey",
        "height_updatedate": null,
        "description_source": "Ordnance Survey",
        "oslandcover_source": "Ordnance Survey",
        "associatedstructure": null,
        "geometry_updatedate": "2019-12-29",
        "height_evidencedate": null,
        "capturespecification": "Urban",
        "oslanduse_updatedate": "2019-12-29",
        "absoluteheightmaximum": null,
        "absoluteheightminimum": null,
        "geometry_evidencedate": "2019-06-28",
        "heightconfidencelevel": null,
        "relativeheightmaximum": null,
        "absoluteheightroofbase": null,
        "description_updatedate": "2019-12-29",
        "oslandcover_updatedate": "2019-12-29",
        "oslanduse_evidencedate": "2019-06-28",
        "relativeheightroofbase": null,
        "versionavailabletodate": null,
        "firstdigitalcapturedate": "2019-12-30",
        "description_evidencedate": "2019-06-28",
        "oslandcover_evidencedate": "2019-06-28",
        "versionavailablefromdate": "2022-08-27T00:00:00Z"
      }
    },
    {
      "id": "f5453db2-e83a-412b-ab93-9ca21b3bf202",
      "type": "Feature",
      "geometry": {
        "type": "Polygon",
        "coordinates": [
          [
            [
              -1.4640328,
              50.9400564
            ],
            [
              -1.4640843,
              50.9400719
            ],
            [
              -1.4641359,
              50.9400874
            ],
            [
              -1.4641801,
              50.9400287
            ],
            [
              -1.4641286,
              50.9400132
            ],
            [
              -1.464077,
              50.9399977
            ],
            [
              -1.4640328,
              50.9400564
            ]
          ]
        ]
      },
      "properties": {
        "osid": "f5453db2-e83a-412b-ab93-9ca21b3bf202",
        "toid": "osgb5000005232124767",
        "theme": "Buildings",
        "changetype": "Modified Attributes",
        "isobscured": false,
        "description": "Building",
        "versiondate": "2025-02-05",
        "geometry_area": 58.011376,
        "height_source": "Ordnance Survey",
        "physicallevel": "Surface Level",
        "oslandusetiera": "Residential Accommodation",
        "oslandusetierb": [
          "Private Residence"
        ],
        "geometry_source": "Ordnance Survey",
        "oslandcovertiera": "Constructed",
        "oslandcovertierb": [
          "Building"
        ],
        "oslanduse_source": "Ordnance Survey",
        "height_updatedate": "2025-01-17",
        "description_source": "Ordnance Survey",
        "oslandcover_source": "Ordnance Survey",
        "associatedstructure": null,
        "geometry_updatedate": "2018-07-09",
        "height_evidencedate": "2024-06-20",
        "capturespecification": "Urban",
        "oslanduse_updatedate": "2018-07-09",
        "absoluteheightmaximum": 31.7,
        "absoluteheightminimum": 24.1,
        "geometry_evidencedate": "2018-07-09",
        "heightconfidencelevel": "Moderate",
        "relativeheightmaximum": 7.6,
        "absoluteheightroofbase": 28.7,
        "description_updatedate": "2018-07-09",
        "oslandcover_updatedate": "2018-07-09",
        "oslanduse_evidencedate": "2018-07-09",
        "relativeheightroofbase": 4.6,
        "versionavailabletodate": null,
        "firstdigitalcapturedate": "2018-07-10",
        "description_evidencedate": "2018-07-09",
        "oslandcover_evidencedate": "2018-07-09",
        "versionavailablefromdate": "2025-02-06T00:00:00Z"
      }
    },
    {
      "id": "f5e96bd3-fa1f-4c02-ba22-4a436e854fb3",
      "type": "Feature",
      "geometry": {
        "type": "Polygon",
        "coordinates": [
          [
            [
              -1.4663318,
              50.9345018
            ],
            [
              -1.4663414,
              50.9345332
            ],
            [
              -1.4667909,
              50.9344784
            ],
            [
              -1.4671619,
              50.9344332
            ],
            [
              -1.4671724,
              50.9344674
            ],
            [
              -1.4673134,
              50.9344503
            ],
            [
              -1.4672934,
              50.9343847
            ],
            [
              -1.4673999,
              50.9343717
            ],
            [
              -1.4673805,
              50.9343079
            ],
            [
              -1.467343,
              50.9341849
            ],
            [
              -1.4672487,
              50.9338759
            ],
            [
              -1.4672156,
              50.9338799
            ],
            [
              -1.4672101,
              50.9338621
            ],
            [
              -1.4672018,
              50.9338346
            ],
            [
              -1.4662371,
              50.9339521
            ],
            [
              -1.4662509,
              50.9339975
            ],
            [
              -1.4661806,
              50.934006
            ],
            [
              -1.4662484,
              50.9342284
            ],
            [
              -1.4662538,
              50.9342462
            ],
            [
              -1.4662586,
              50.9342617
            ],
            [
              -1.4663318,
              50.9345018
            ]
          ]
        ]
      },
      "properties": {
        "osid": "f5e96bd3-fa1f-4c02-ba22-4a436e854fb3",
        "toid": "osgb5000005297598695",
        "theme": "Buildings",
        "changetype": "Modified Attributes",
        "isobscured": false,
        "description": "Multistorey Car Park",
        "versiondate": "2025-02-05",
        "geometry_area": 4929.978104,
        "height_source": "Ordnance Survey",
        "physicallevel": "Surface Level",
        "oslandusetiera": "Transport: Road, Track Or Path",
        "oslandusetierb": [],
        "geometry_source": "Ordnance Survey",
        "oslandcovertiera": "Constructed",
        "oslandcovertierb": [
          "Building"
        ],
        "oslanduse_source": "Ordnance Survey",
        "height_updatedate": "2025-01-17",
        "description_source": "Ordnance Survey",
        "oslandcover_source": "Ordnance Survey",
        "associatedstructure": null,
        "geometry_updatedate": "2022-07-28",
        "height_evidencedate": "2024-06-20",
        "capturespecification": "Urban",
        "oslanduse_updatedate": "2022-07-28",
        "absoluteheightmaximum": 26.5,
        "absoluteheightminimum": 10,
        "geometry_evidencedate": "2022-07-28",
        "heightconfidencelevel": "Moderate",
        "relativeheightmaximum": 16.5,
        "absoluteheightroofbase": 21.1,
        "description_updatedate": "2022-07-28",
        "oslandcover_updatedate": "2022-07-28",
        "oslanduse_evidencedate": "2022-07-28",
        "relativeheightroofbase": 11.1,
        "versionavailabletodate": null,
        "firstdigitalcapturedate": "2022-07-28",
        "description_evidencedate": "2022-07-28",
        "oslandcover_evidencedate": "2022-07-28",
        "versionavailablefromdate": "2025-02-06T00:00:00Z"
      }
    },
    {
      "id": "f60e94a4-fefc-4cfb-ae2d-47c046792b82",
      "type": "Feature",
      "geometry": {
        "type": "Polygon",
        "coordinates": [
          [
            [
              -1.4655841,
              50.9392553
            ],
            [
              -1.4656247,
              50.9392121
            ],
            [
              -1.4656198,
              50.9392103
            ],
            [
              -1.4656441,
              50.9391846
            ],
            [
              -1.4655401,
              50.9391455
            ],
            [
              -1.4654712,
              50.9392186
            ],
            [
              -1.4655189,
              50.9392366
            ],
            [
              -1.4655229,
              50.9392323
            ],
            [
              -1.4655841,
              50.9392553
            ]
          ]
        ]
      },
      "properties": {
        "osid": "f60e94a4-fefc-4cfb-ae2d-47c046792b82",
        "toid": "osgb5000005247278676",
        "theme": "Buildings",
        "changetype": "Modified Attributes",
        "isobscured": false,
        "description": "Building",
        "versiondate": "2025-02-05",
        "geometry_area": 80.158466,
        "height_source": "Ordnance Survey",
        "physicallevel": "Surface Level",
        "oslandusetiera": "Residential Accommodation",
        "oslandusetierb": [
          "Private Residence"
        ],
        "geometry_source": "Ordnance Survey",
        "oslandcovertiera": "Constructed",
        "oslandcovertierb": [
          "Building"
        ],
        "oslanduse_source": "Ordnance Survey",
        "height_updatedate": "2025-01-17",
        "description_source": "Ordnance Survey",
        "oslandcover_source": "Ordnance Survey",
        "associatedstructure": null,
        "geometry_updatedate": "2019-06-05",
        "height_evidencedate": "2024-06-20",
        "capturespecification": "Urban",
        "oslanduse_updatedate": "2019-06-05",
        "absoluteheightmaximum": 31.5,
        "absoluteheightminimum": 22.3,
        "geometry_evidencedate": "2019-06-05",
        "heightconfidencelevel": "Moderate",
        "relativeheightmaximum": 9.2,
        "absoluteheightroofbase": 27.9,
        "description_updatedate": "2019-06-05",
        "oslandcover_updatedate": "2019-06-05",
        "oslanduse_evidencedate": "2019-06-05",
        "relativeheightroofbase": 5.6,
        "versionavailabletodate": null,
        "firstdigitalcapturedate": "2019-06-05",
        "description_evidencedate": "2019-06-05",
        "oslandcover_evidencedate": "2019-06-05",
        "versionavailablefromdate": "2025-02-06T00:00:00Z"
      }
    },
    {
      "id": "f6ca0490-1e94-4589-a287-868fc5c56de9",
      "type": "Feature",
      "geometry": {
        "type": "Polygon",
        "coordinates": [
          [
            [
              -1.4683598,
              50.9374549
            ],
            [
              -1.4683909,
              50.9374651
            ],
            [
              -1.4684245,
              50.9374234
            ],
            [
              -1.4683945,
              50.9374137
            ],
            [
              -1.4683676,
              50.9374456
            ],
            [
              -1.4683598,
              50.9374549
            ]
          ]
        ]
      },
      "properties": {
        "osid": "f6ca0490-1e94-4589-a287-868fc5c56de9",
        "toid": "osgb1000016343227",
        "theme": "Buildings",
        "changetype": "Modified Attributes",
        "isobscured": false,
        "description": "Building",
        "versiondate": "2025-02-05",
        "geometry_area": 12.55625,
        "height_source": "Ordnance Survey",
        "physicallevel": "Surface Level",
        "oslandusetiera": "Unknown Or Unused Artificial",
        "oslandusetierb": [],
        "geometry_source": "Ordnance Survey",
        "oslandcovertiera": "Constructed",
        "oslandcovertierb": [
          "Building"
        ],
        "oslanduse_source": "Ordnance Survey",
        "height_updatedate": "2025-01-17",
        "description_source": "Ordnance Survey",
        "oslandcover_source": "Ordnance Survey",
        "associatedstructure": null,
        "geometry_updatedate": "2019-12-29",
        "height_evidencedate": "2024-06-20",
        "capturespecification": "Urban",
        "oslanduse_updatedate": "2004-02-10",
        "absoluteheightmaximum": null,
        "absoluteheightminimum": 12.3,
        "geometry_evidencedate": "2019-06-28",
        "heightconfidencelevel": "Incomplete",
        "relativeheightmaximum": null,
        "absoluteheightroofbase": null,
        "description_updatedate": "2004-02-10",
        "oslandcover_updatedate": "2004-02-10",
        "oslanduse_evidencedate": "2004-02-10",
        "relativeheightroofbase": null,
        "versionavailabletodate": null,
        "firstdigitalcapturedate": "1988-07-28",
        "description_evidencedate": "2004-02-10",
        "oslandcover_evidencedate": "2004-02-10",
        "versionavailablefromdate": "2025-02-06T00:00:00Z"
      }
    },
    {
      "id": "f6fafece-973e-4434-aa90-2707aa81e7c6",
      "type": "Feature",
      "geometry": {
        "type": "Polygon",
        "coordinates": [
          [
            [
              -1.4686428,
              50.937475
            ],
            [
              -1.4685995,
              50.937527
            ],
            [
              -1.4686171,
              50.9375325
            ],
            [
              -1.4686446,
              50.9375411
            ],
            [
              -1.4686868,
              50.9374887
            ],
            [
              -1.4686428,
              50.937475
            ]
          ]
        ]
      },
      "properties": {
        "osid": "f6fafece-973e-4434-aa90-2707aa81e7c6",
        "toid": "osgb1000016343251",
        "theme": "Buildings",
        "changetype": "Modified Attributes",
        "isobscured": false,
        "description": "Building",
        "versiondate": "2025-02-05",
        "geometry_area": 22.7731,
        "height_source": "Ordnance Survey",
        "physicallevel": "Surface Level",
        "oslandusetiera": "Unknown Or Unused Artificial",
        "oslandusetierb": [],
        "geometry_source": "Ordnance Survey",
        "oslandcovertiera": "Constructed",
        "oslandcovertierb": [
          "Building"
        ],
        "oslanduse_source": "Ordnance Survey",
        "height_updatedate": "2025-01-17",
        "description_source": "Ordnance Survey",
        "oslandcover_source": "Ordnance Survey",
        "associatedstructure": null,
        "geometry_updatedate": "2017-04-21",
        "height_evidencedate": "2024-06-20",
        "capturespecification": "Urban",
        "oslanduse_updatedate": "2004-02-10",
        "absoluteheightmaximum": null,
        "absoluteheightminimum": 12.2,
        "geometry_evidencedate": "2016-08-12",
        "heightconfidencelevel": "Incomplete",
        "relativeheightmaximum": null,
        "absoluteheightroofbase": null,
        "description_updatedate": "2004-02-10",
        "oslandcover_updatedate": "2004-02-10",
        "oslanduse_evidencedate": "2004-02-10",
        "relativeheightroofbase": null,
        "versionavailabletodate": null,
        "firstdigitalcapturedate": "1990-03-01",
        "description_evidencedate": "2004-02-10",
        "oslandcover_evidencedate": "2004-02-10",
        "versionavailablefromdate": "2025-02-06T00:00:00Z"
      }
    },
    {
      "id": "f72a7cf2-bcf4-4d97-9736-15745588e29b",
      "type": "Feature",
      "geometry": {
        "type": "Polygon",
        "coordinates": [
          [
            [
              -1.4665295,
              50.9393411
            ],
            [
              -1.4665819,
              50.9393897
            ],
            [
              -1.4666683,
              50.9393525
            ],
            [
              -1.4666468,
              50.9393325
            ],
            [
              -1.466657,
              50.9393281
            ],
            [
              -1.4666261,
              50.9392995
            ],
            [
              -1.4665295,
              50.9393411
            ]
          ]
        ]
      },
      "properties": {
        "osid": "f72a7cf2-bcf4-4d97-9736-15745588e29b",
        "toid": "osgb5000005239289061",
        "theme": "Buildings",
        "changetype": "Modified Attributes",
        "isobscured": false,
        "description": "Building",
        "versiondate": "2025-02-05",
        "geometry_area": 51.41388,
        "height_source": "Ordnance Survey",
        "physicallevel": "Surface Level",
        "oslandusetiera": "Residential Accommodation",
        "oslandusetierb": [
          "Private Residence"
        ],
        "geometry_source": "Ordnance Survey",
        "oslandcovertiera": "Constructed",
        "oslandcovertierb": [
          "Building"
        ],
        "oslanduse_source": "Ordnance Survey",
        "height_updatedate": "2025-01-17",
        "description_source": "Ordnance Survey",
        "oslandcover_source": "Ordnance Survey",
        "associatedstructure": null,
        "geometry_updatedate": "2018-11-23",
        "height_evidencedate": "2024-06-20",
        "capturespecification": "Urban",
        "oslanduse_updatedate": "2018-11-26",
        "absoluteheightmaximum": 27.7,
        "absoluteheightminimum": 20.6,
        "geometry_evidencedate": "2018-11-23",
        "heightconfidencelevel": "Moderate",
        "relativeheightmaximum": 7.1,
        "absoluteheightroofbase": 25.8,
        "description_updatedate": "2018-11-26",
        "oslandcover_updatedate": "2018-11-26",
        "oslanduse_evidencedate": "2018-11-26",
        "relativeheightroofbase": 5.2,
        "versionavailabletodate": null,
        "firstdigitalcapturedate": "2018-11-26",
        "description_evidencedate": "2018-11-26",
        "oslandcover_evidencedate": "2018-11-26",
        "versionavailablefromdate": "2025-02-06T00:00:00Z"
      }
    },
    {
      "id": "f737a6cd-9fc4-4c3d-a0c2-6fa4216696dc",
      "type": "Feature",
      "geometry": {
        "type": "Polygon",
        "coordinates": [
          [
            [
              -1.4743788,
              50.9391082
            ],
            [
              -1.4744121,
              50.9395664
            ],
            [
              -1.4747674,
              50.939558
            ],
            [
              -1.4749317,
              50.9395544
            ],
            [
              -1.4749242,
              50.9394507
            ],
            [
              -1.4749194,
              50.9393844
            ],
            [
              -1.4749108,
              50.9392612
            ],
            [
              -1.4748984,
              50.9390966
            ],
            [
              -1.4747726,
              50.9390993
            ],
            [
              -1.4743788,
              50.9391082
            ]
          ]
        ]
      },
      "properties": {
        "osid": "f737a6cd-9fc4-4c3d-a0c2-6fa4216696dc",
        "toid": "osgb1000016320338",
        "theme": "Buildings",
        "changetype": "Modified Attributes",
        "isobscured": false,
        "description": "Building",
        "versiondate": "2025-02-05",
        "geometry_area": 1863.0122,
        "height_source": "Ordnance Survey",
        "physicallevel": "Surface Level",
        "oslandusetiera": "Community Services: Emergency Services",
        "oslandusetierb": [],
        "geometry_source": "Ordnance Survey",
        "oslandcovertiera": "Constructed",
        "oslandcovertierb": [
          "Building"
        ],
        "oslanduse_source": "Ordnance Survey",
        "height_updatedate": "2025-01-17",
        "description_source": "Ordnance Survey",
        "oslandcover_source": "Ordnance Survey",
        "associatedstructure": null,
        "geometry_updatedate": "2017-03-02",
        "height_evidencedate": "2024-06-20",
        "capturespecification": "Rural",
        "oslanduse_updatedate": "2010-08-22",
        "absoluteheightmaximum": 20,
        "absoluteheightminimum": 10.2,
        "geometry_evidencedate": "2016-08-12",
        "heightconfidencelevel": "Moderate",
        "relativeheightmaximum": 9.8,
        "absoluteheightroofbase": 17,
        "description_updatedate": "2010-08-22",
        "oslandcover_updatedate": "2010-08-22",
        "oslanduse_evidencedate": "2010-08-22",
        "relativeheightroofbase": 6.8,
        "versionavailabletodate": null,
        "firstdigitalcapturedate": "1986-09-18",
        "description_evidencedate": "2010-08-22",
        "oslandcover_evidencedate": "2010-08-22",
        "versionavailablefromdate": "2025-02-06T00:00:00Z"
      }
    },
    {
      "id": "f74230fc-cea7-449a-9d09-122eb3ffaca4",
      "type": "Feature",
      "geometry": {
        "type": "Polygon",
        "coordinates": [
          [
            [
              -1.4653369,
              50.9369005
            ],
            [
              -1.4653365,
              50.9369018
            ],
            [
              -1.4653311,
              50.9369235
            ],
            [
              -1.4653693,
              50.9369266
            ],
            [
              -1.465376,
              50.9369003
            ],
            [
              -1.4653811,
              50.9368793
            ],
            [
              -1.4653432,
              50.9368755
            ],
            [
              -1.4653369,
              50.9369005
            ]
          ]
        ]
      },
      "properties": {
        "osid": "f74230fc-cea7-449a-9d09-122eb3ffaca4",
        "toid": "osgb5000005257941637",
        "theme": "Buildings",
        "changetype": "Modified Attributes",
        "isobscured": false,
        "description": "Building",
        "versiondate": "2025-02-05",
        "geometry_area": 14.506335,
        "height_source": "Ordnance Survey",
        "physicallevel": "Surface Level",
        "oslandusetiera": "Residential Accommodation",
        "oslandusetierb": [
          "Private Residence"
        ],
        "geometry_source": "Ordnance Survey",
        "oslandcovertiera": "Constructed",
        "oslandcovertierb": [
          "Building"
        ],
        "oslanduse_source": "Ordnance Survey",
        "height_updatedate": "2025-01-17",
        "description_source": "Ordnance Survey",
        "oslandcover_source": "Ordnance Survey",
        "associatedstructure": null,
        "geometry_updatedate": "2019-12-30",
        "height_evidencedate": "2024-06-20",
        "capturespecification": "Urban",
        "oslanduse_updatedate": "2019-12-30",
        "absoluteheightmaximum": 18.5,
        "absoluteheightminimum": 15.9,
        "geometry_evidencedate": "2019-06-28",
        "heightconfidencelevel": "Moderate",
        "relativeheightmaximum": 2.6,
        "absoluteheightroofbase": 18.1,
        "description_updatedate": "2019-12-30",
        "oslandcover_updatedate": "2019-12-30",
        "oslanduse_evidencedate": "2019-06-28",
        "relativeheightroofbase": 2.2,
        "versionavailabletodate": null,
        "firstdigitalcapturedate": "2019-12-30",
        "description_evidencedate": "2019-06-28",
        "oslandcover_evidencedate": "2019-06-28",
        "versionavailablefromdate": "2025-02-06T00:00:00Z"
      }
    },
    {
      "id": "f7633798-ca9a-4a73-b5a9-0d8cfe27ab96",
      "type": "Feature",
      "geometry": {
        "type": "Polygon",
        "coordinates": [
          [
            [
              -1.4658711,
              50.9401135
            ],
            [
              -1.4659331,
              50.9401538
            ],
            [
              -1.4659677,
              50.9401326
            ],
            [
              -1.4659445,
              50.9401176
            ],
            [
              -1.4659351,
              50.9401114
            ],
            [
              -1.4659057,
              50.9400923
            ],
            [
              -1.4658711,
              50.9401135
            ]
          ]
        ]
      },
      "properties": {
        "osid": "f7633798-ca9a-4a73-b5a9-0d8cfe27ab96",
        "toid": "osgb5000005227734264",
        "theme": "Buildings",
        "changetype": "Modified Attributes",
        "isobscured": false,
        "description": "Building",
        "versiondate": "2025-02-05",
        "geometry_area": 21.166821,
        "height_source": "Ordnance Survey",
        "physicallevel": "Surface Level",
        "oslandusetiera": "Residential Accommodation",
        "oslandusetierb": [
          "Private Residence"
        ],
        "geometry_source": "Ordnance Survey",
        "oslandcovertiera": "Constructed",
        "oslandcovertierb": [
          "Building"
        ],
        "oslanduse_source": "Ordnance Survey",
        "height_updatedate": "2025-01-17",
        "description_source": "Ordnance Survey",
        "oslandcover_source": "Ordnance Survey",
        "associatedstructure": null,
        "geometry_updatedate": "2024-11-27",
        "height_evidencedate": "2024-06-20",
        "capturespecification": "Urban",
        "oslanduse_updatedate": "2018-04-30",
        "absoluteheightmaximum": 26.3,
        "absoluteheightminimum": 22.5,
        "geometry_evidencedate": "2024-06-20",
        "heightconfidencelevel": "Moderate",
        "relativeheightmaximum": 3.8,
        "absoluteheightroofbase": 25.8,
        "description_updatedate": "2018-04-30",
        "oslandcover_updatedate": "2018-04-30",
        "oslanduse_evidencedate": "2018-04-30",
        "relativeheightroofbase": 3.3,
        "versionavailabletodate": null,
        "firstdigitalcapturedate": "2018-04-30",
        "description_evidencedate": "2018-04-30",
        "oslandcover_evidencedate": "2018-04-30",
        "versionavailablefromdate": "2025-02-06T00:00:00Z"
      }
    },
    {
      "id": "f77e0b60-5b2b-4188-bbc7-f57de3131341",
      "type": "Feature",
      "geometry": {
        "type": "Polygon",
        "coordinates": [
          [
            [
              -1.4653538,
              50.9386068
            ],
            [
              -1.46547,
              50.9386302
            ],
            [
              -1.4654931,
              50.9385844
            ],
            [
              -1.4653768,
              50.938561
            ],
            [
              -1.4653538,
              50.9386068
            ]
          ]
        ]
      },
      "properties": {
        "osid": "f77e0b60-5b2b-4188-bbc7-f57de3131341",
        "toid": "osgb5000005264686403",
        "theme": "Buildings",
        "changetype": "Modified Attributes",
        "isobscured": false,
        "description": "Building",
        "versiondate": "2025-02-05",
        "geometry_area": 45.827899,
        "height_source": "Ordnance Survey",
        "physicallevel": "Surface Level",
        "oslandusetiera": "Residential Accommodation",
        "oslandusetierb": [
          "Private Residence"
        ],
        "geometry_source": "Ordnance Survey",
        "oslandcovertiera": "Constructed",
        "oslandcovertierb": [
          "Building"
        ],
        "oslanduse_source": "Ordnance Survey",
        "height_updatedate": "2025-01-17",
        "description_source": "Ordnance Survey",
        "oslandcover_source": "Ordnance Survey",
        "associatedstructure": null,
        "geometry_updatedate": "2020-05-21",
        "height_evidencedate": "2024-06-20",
        "capturespecification": "Urban",
        "oslanduse_updatedate": "2020-05-21",
        "absoluteheightmaximum": 29.8,
        "absoluteheightminimum": 21.2,
        "geometry_evidencedate": "2020-05-21",
        "heightconfidencelevel": "Moderate",
        "relativeheightmaximum": 8.6,
        "absoluteheightroofbase": 26.7,
        "description_updatedate": "2020-05-21",
        "oslandcover_updatedate": "2020-05-21",
        "oslanduse_evidencedate": "2020-05-21",
        "relativeheightroofbase": 5.5,
        "versionavailabletodate": null,
        "firstdigitalcapturedate": "2020-05-21",
        "description_evidencedate": "2020-05-21",
        "oslandcover_evidencedate": "2020-05-21",
        "versionavailablefromdate": "2025-02-06T00:00:00Z"
      }
    },
    {
      "id": "f7ae3ed3-b484-4d10-913e-cf0f34780cc9",
      "type": "Feature",
      "geometry": {
        "type": "Polygon",
        "coordinates": [
          [
            [
              -1.4671287,
              50.9361126
            ],
            [
              -1.4671793,
              50.9361142
            ],
            [
              -1.4671807,
              50.9360966
            ],
            [
              -1.4671499,
              50.9360956
            ],
            [
              -1.4671301,
              50.936095
            ],
            [
              -1.4671287,
              50.9361126
            ]
          ]
        ]
      },
      "properties": {
        "osid": "f7ae3ed3-b484-4d10-913e-cf0f34780cc9",
        "toid": "osgb5000005228157879",
        "theme": "Buildings",
        "changetype": "Modified Attributes",
        "isobscured": false,
        "description": "Building",
        "versiondate": "2022-09-18",
        "geometry_area": 6.983086,
        "height_source": null,
        "physicallevel": "Surface Level",
        "oslandusetiera": "Residential Accommodation",
        "oslandusetierb": [
          "Private Residence"
        ],
        "geometry_source": "Ordnance Survey",
        "oslandcovertiera": "Constructed",
        "oslandcovertierb": [
          "Building"
        ],
        "oslanduse_source": "Ordnance Survey",
        "height_updatedate": null,
        "description_source": "Ordnance Survey",
        "oslandcover_source": "Ordnance Survey",
        "associatedstructure": null,
        "geometry_updatedate": "2018-05-09",
        "height_evidencedate": null,
        "capturespecification": "Urban",
        "oslanduse_updatedate": "2018-05-09",
        "absoluteheightmaximum": null,
        "absoluteheightminimum": null,
        "geometry_evidencedate": "2018-05-09",
        "heightconfidencelevel": null,
        "relativeheightmaximum": null,
        "absoluteheightroofbase": null,
        "description_updatedate": "2018-05-09",
        "oslandcover_updatedate": "2018-05-09",
        "oslanduse_evidencedate": "2018-05-09",
        "relativeheightroofbase": null,
        "versionavailabletodate": null,
        "firstdigitalcapturedate": "2018-05-09",
        "description_evidencedate": "2018-05-09",
        "oslandcover_evidencedate": "2018-05-09",
        "versionavailablefromdate": "2022-09-19T00:00:00Z"
      }
    },
    {
      "id": "f7c82ef7-eb46-44ab-bdd5-aa94b490833f",
      "type": "Feature",
      "geometry": {
        "type": "Polygon",
        "coordinates": [
          [
            [
              -1.4683825,
              50.9397634
            ],
            [
              -1.4683813,
              50.9399101
            ],
            [
              -1.4688076,
              50.9399115
            ],
            [
              -1.4688088,
              50.9397647
            ],
            [
              -1.4683825,
              50.9397634
            ]
          ]
        ]
      },
      "properties": {
        "osid": "f7c82ef7-eb46-44ab-bdd5-aa94b490833f",
        "toid": "osgb5000005278503028",
        "theme": "Buildings",
        "changetype": "Modified Attributes",
        "isobscured": false,
        "description": "Building",
        "versiondate": "2025-02-05",
        "geometry_area": 488.730518,
        "height_source": "Ordnance Survey",
        "physicallevel": "Surface Level",
        "oslandusetiera": "Commercial Activity: Industrial Or Manufacturing",
        "oslandusetierb": [],
        "geometry_source": "Ordnance Survey",
        "oslandcovertiera": "Constructed",
        "oslandcovertierb": [
          "Building"
        ],
        "oslanduse_source": "Ordnance Survey",
        "height_updatedate": "2025-01-17",
        "description_source": "Ordnance Survey",
        "oslandcover_source": "Ordnance Survey",
        "associatedstructure": null,
        "geometry_updatedate": "2021-03-10",
        "height_evidencedate": "2024-06-20",
        "capturespecification": "Urban",
        "oslanduse_updatedate": "2021-03-10",
        "absoluteheightmaximum": 26.4,
        "absoluteheightminimum": 16.1,
        "geometry_evidencedate": "2021-03-10",
        "heightconfidencelevel": "Moderate",
        "relativeheightmaximum": 10.3,
        "absoluteheightroofbase": 24.8,
        "description_updatedate": "2021-03-10",
        "oslandcover_updatedate": "2021-03-10",
        "oslanduse_evidencedate": "2021-03-10",
        "relativeheightroofbase": 8.7,
        "versionavailabletodate": null,
        "firstdigitalcapturedate": "2021-03-10",
        "description_evidencedate": "2021-03-10",
        "oslandcover_evidencedate": "2021-03-10",
        "versionavailablefromdate": "2025-02-06T00:00:00Z"
      }
    },
    {
      "id": "f7ec1031-3b18-4f5c-ba14-f270d24ea6e6",
      "type": "Feature",
      "geometry": {
        "type": "Polygon",
        "coordinates": [
          [
            [
              -1.4665074,
              50.9380512
            ],
            [
              -1.4665292,
              50.9381152
            ],
            [
              -1.4666233,
              50.9381021
            ],
            [
              -1.4666017,
              50.938036
            ],
            [
              -1.4665074,
              50.9380512
            ]
          ]
        ]
      },
      "properties": {
        "osid": "f7ec1031-3b18-4f5c-ba14-f270d24ea6e6",
        "toid": "osgb1000016342652",
        "theme": "Buildings",
        "changetype": "Modified Attributes",
        "isobscured": false,
        "description": "Building",
        "versiondate": "2025-02-05",
        "geometry_area": 50.26475,
        "height_source": "Ordnance Survey",
        "physicallevel": "Surface Level",
        "oslandusetiera": "Residential Accommodation",
        "oslandusetierb": [
          "Private Residence"
        ],
        "geometry_source": "Ordnance Survey",
        "oslandcovertiera": "Constructed",
        "oslandcovertierb": [
          "Building"
        ],
        "oslanduse_source": "Ordnance Survey",
        "height_updatedate": "2025-01-17",
        "description_source": "Ordnance Survey",
        "oslandcover_source": "Ordnance Survey",
        "associatedstructure": null,
        "geometry_updatedate": "2004-02-10",
        "height_evidencedate": "2024-06-20",
        "capturespecification": "Urban",
        "oslanduse_updatedate": "2004-02-10",
        "absoluteheightmaximum": 24.4,
        "absoluteheightminimum": 17.5,
        "geometry_evidencedate": "2004-02-10",
        "heightconfidencelevel": "Moderate",
        "relativeheightmaximum": 6.9,
        "absoluteheightroofbase": 22.7,
        "description_updatedate": "2004-02-10",
        "oslandcover_updatedate": "2004-02-10",
        "oslanduse_evidencedate": "2004-02-10",
        "relativeheightroofbase": 5.2,
        "versionavailabletodate": null,
        "firstdigitalcapturedate": "1991-09-01",
        "description_evidencedate": "2004-02-10",
        "oslandcover_evidencedate": "2004-02-10",
        "versionavailablefromdate": "2025-02-06T00:00:00Z"
      }
    },
    {
      "id": "f81149a8-184a-4b6b-9296-1cd56834c091",
      "type": "Feature",
      "geometry": {
        "type": "Polygon",
        "coordinates": [
          [
            [
              -1.4652462,
              50.9341141
            ],
            [
              -1.465249,
              50.9341199
            ],
            [
              -1.4652573,
              50.9341367
            ],
            [
              -1.4653129,
              50.9341258
            ],
            [
              -1.4653046,
              50.934109
            ],
            [
              -1.4653018,
              50.9341034
            ],
            [
              -1.4652462,
              50.9341141
            ]
          ]
        ]
      },
      "properties": {
        "osid": "f81149a8-184a-4b6b-9296-1cd56834c091",
        "toid": "osgb5000005276414757",
        "theme": "Buildings",
        "changetype": "Modified Attributes",
        "isobscured": false,
        "description": "Building",
        "versiondate": "2025-02-05",
        "geometry_area": 10.719055,
        "height_source": "Ordnance Survey",
        "physicallevel": "Surface Level",
        "oslandusetiera": "Commercial Activity: Retail",
        "oslandusetierb": [],
        "geometry_source": "Ordnance Survey",
        "oslandcovertiera": "Constructed",
        "oslandcovertierb": [
          "Building"
        ],
        "oslanduse_source": "Ordnance Survey",
        "height_updatedate": "2025-01-17",
        "description_source": "Ordnance Survey",
        "oslandcover_source": "Ordnance Survey",
        "associatedstructure": null,
        "geometry_updatedate": "2021-02-03",
        "height_evidencedate": "2024-06-20",
        "capturespecification": "Urban",
        "oslanduse_updatedate": "2021-02-03",
        "absoluteheightmaximum": null,
        "absoluteheightminimum": 10.8,
        "geometry_evidencedate": "2021-02-03",
        "heightconfidencelevel": "Incomplete",
        "relativeheightmaximum": null,
        "absoluteheightroofbase": null,
        "description_updatedate": "2021-02-03",
        "oslandcover_updatedate": "2021-02-03",
        "oslanduse_evidencedate": "2021-02-03",
        "relativeheightroofbase": null,
        "versionavailabletodate": null,
        "firstdigitalcapturedate": "2021-02-03",
        "description_evidencedate": "2021-02-03",
        "oslandcover_evidencedate": "2021-02-03",
        "versionavailablefromdate": "2025-02-06T00:00:00Z"
      }
    },
    {
      "id": "f93d64a6-cb69-4839-bc76-7816e8f5bbd1",
      "type": "Feature",
      "geometry": {
        "type": "Polygon",
        "coordinates": [
          [
            [
              -1.4641018,
              50.9407431
            ],
            [
              -1.464136,
              50.9407585
            ],
            [
              -1.4642037,
              50.9407892
            ],
            [
              -1.4642469,
              50.9407511
            ],
            [
              -1.464145,
              50.940705
            ],
            [
              -1.4641018,
              50.9407431
            ]
          ]
        ]
      },
      "properties": {
        "osid": "f93d64a6-cb69-4839-bc76-7816e8f5bbd1",
        "toid": "osgb5000005198749571",
        "theme": "Buildings",
        "changetype": "Modified Attributes",
        "isobscured": false,
        "description": "Building",
        "versiondate": "2025-02-05",
        "geometry_area": 45.899455,
        "height_source": "Ordnance Survey",
        "physicallevel": "Surface Level",
        "oslandusetiera": "Residential Accommodation",
        "oslandusetierb": [
          "Private Residence"
        ],
        "geometry_source": "Ordnance Survey",
        "oslandcovertiera": "Constructed",
        "oslandcovertierb": [
          "Building"
        ],
        "oslanduse_source": "Ordnance Survey",
        "height_updatedate": "2025-01-17",
        "description_source": "Ordnance Survey",
        "oslandcover_source": "Ordnance Survey",
        "associatedstructure": null,
        "geometry_updatedate": "2017-08-04",
        "height_evidencedate": "2024-06-20",
        "capturespecification": "Urban",
        "oslanduse_updatedate": "2017-02-07",
        "absoluteheightmaximum": 32.2,
        "absoluteheightminimum": 23.9,
        "geometry_evidencedate": "2017-08-04",
        "heightconfidencelevel": "Moderate",
        "relativeheightmaximum": 8.3,
        "absoluteheightroofbase": 29.4,
        "description_updatedate": "2017-02-07",
        "oslandcover_updatedate": "2017-02-07",
        "oslanduse_evidencedate": "2017-02-07",
        "relativeheightroofbase": 5.5,
        "versionavailabletodate": null,
        "firstdigitalcapturedate": "2017-02-07",
        "description_evidencedate": "2017-02-07",
        "oslandcover_evidencedate": "2017-02-07",
        "versionavailablefromdate": "2025-02-06T00:00:00Z"
      }
    },
    {
      "id": "f98a0034-971c-4c12-a8de-2114aa01859b",
      "type": "Feature",
      "geometry": {
        "type": "Polygon",
        "coordinates": [
          [
            [
              -1.4655037,
              50.9404037
            ],
            [
              -1.4655659,
              50.9404436
            ],
            [
              -1.4655811,
              50.9404341
            ],
            [
              -1.4656003,
              50.9404221
            ],
            [
              -1.4655381,
              50.9403823
            ],
            [
              -1.4655037,
              50.9404037
            ]
          ]
        ]
      },
      "properties": {
        "osid": "f98a0034-971c-4c12-a8de-2114aa01859b",
        "toid": "osgb5000005208860374",
        "theme": "Buildings",
        "changetype": "Modified Attributes",
        "isobscured": false,
        "description": "Building",
        "versiondate": "2025-02-05",
        "geometry_area": 21.137134,
        "height_source": "Ordnance Survey",
        "physicallevel": "Surface Level",
        "oslandusetiera": "Residential Accommodation",
        "oslandusetierb": [
          "Private Residence"
        ],
        "geometry_source": "Ordnance Survey",
        "oslandcovertiera": "Constructed",
        "oslandcovertierb": [
          "Building"
        ],
        "oslanduse_source": "Ordnance Survey",
        "height_updatedate": "2025-01-17",
        "description_source": "Ordnance Survey",
        "oslandcover_source": "Ordnance Survey",
        "associatedstructure": null,
        "geometry_updatedate": "2018-02-08",
        "height_evidencedate": "2024-06-20",
        "capturespecification": "Urban",
        "oslanduse_updatedate": "2017-08-04",
        "absoluteheightmaximum": 26.6,
        "absoluteheightminimum": 22.2,
        "geometry_evidencedate": "2018-02-08",
        "heightconfidencelevel": "Moderate",
        "relativeheightmaximum": 4.4,
        "absoluteheightroofbase": 25.5,
        "description_updatedate": "2017-08-04",
        "oslandcover_updatedate": "2017-08-04",
        "oslanduse_evidencedate": "2017-08-04",
        "relativeheightroofbase": 3.3,
        "versionavailabletodate": null,
        "firstdigitalcapturedate": "2017-08-04",
        "description_evidencedate": "2017-08-04",
        "oslandcover_evidencedate": "2017-08-04",
        "versionavailablefromdate": "2025-02-06T00:00:00Z"
      }
    },
    {
      "id": "f9b8b6c0-8230-4616-9f84-4ea36b3c5f61",
      "type": "Feature",
      "geometry": {
        "type": "Polygon",
        "coordinates": [
          [
            [
              -1.467419,
              50.9380989
            ],
            [
              -1.4673999,
              50.938027
            ],
            [
              -1.4673201,
              50.938036
            ],
            [
              -1.4673392,
              50.9381073
            ],
            [
              -1.467419,
              50.9380989
            ]
          ]
        ]
      },
      "properties": {
        "osid": "f9b8b6c0-8230-4616-9f84-4ea36b3c5f61",
        "toid": "osgb1000016342661",
        "theme": "Buildings",
        "changetype": "Modified Attributes",
        "isobscured": false,
        "description": "Building",
        "versiondate": "2025-02-05",
        "geometry_area": 45.955,
        "height_source": "Ordnance Survey",
        "physicallevel": "Surface Level",
        "oslandusetiera": "Residential Accommodation",
        "oslandusetierb": [
          "Private Residence"
        ],
        "geometry_source": "Ordnance Survey",
        "oslandcovertiera": "Constructed",
        "oslandcovertierb": [
          "Building"
        ],
        "oslanduse_source": "Ordnance Survey",
        "height_updatedate": "2025-01-17",
        "description_source": "Ordnance Survey",
        "oslandcover_source": "Ordnance Survey",
        "associatedstructure": null,
        "geometry_updatedate": "2004-02-10",
        "height_evidencedate": "2024-06-20",
        "capturespecification": "Urban",
        "oslanduse_updatedate": "2004-02-10",
        "absoluteheightmaximum": 21.7,
        "absoluteheightminimum": 14.7,
        "geometry_evidencedate": "2004-02-10",
        "heightconfidencelevel": "Moderate",
        "relativeheightmaximum": 7,
        "absoluteheightroofbase": 19.8,
        "description_updatedate": "2004-02-10",
        "oslandcover_updatedate": "2004-02-10",
        "oslanduse_evidencedate": "2004-02-10",
        "relativeheightroofbase": 5.1,
        "versionavailabletodate": null,
        "firstdigitalcapturedate": "1988-07-28",
        "description_evidencedate": "2004-02-10",
        "oslandcover_evidencedate": "2004-02-10",
        "versionavailablefromdate": "2025-02-06T00:00:00Z"
      }
    },
    {
      "id": "f9f4e7a1-0b94-4acd-aa9c-a58677275867",
      "type": "Feature",
      "geometry": {
        "type": "Polygon",
        "coordinates": [
          [
            [
              -1.4654222,
              50.9403096
            ],
            [
              -1.4655195,
              50.9403713
            ],
            [
              -1.4655559,
              50.9403484
            ],
            [
              -1.4655445,
              50.9403412
            ],
            [
              -1.4655771,
              50.9403206
            ],
            [
              -1.4654913,
              50.9402662
            ],
            [
              -1.4654222,
              50.9403096
            ]
          ]
        ]
      },
      "properties": {
        "osid": "f9f4e7a1-0b94-4acd-aa9c-a58677275867",
        "toid": "osgb5000005208860460",
        "theme": "Buildings",
        "changetype": "Modified Attributes",
        "isobscured": false,
        "description": "Building",
        "versiondate": "2025-02-05",
        "geometry_area": 62.62709,
        "height_source": "Ordnance Survey",
        "physicallevel": "Surface Level",
        "oslandusetiera": "Residential Accommodation",
        "oslandusetierb": [
          "Private Residence"
        ],
        "geometry_source": "Ordnance Survey",
        "oslandcovertiera": "Constructed",
        "oslandcovertierb": [
          "Building"
        ],
        "oslanduse_source": "Ordnance Survey",
        "height_updatedate": "2025-01-17",
        "description_source": "Ordnance Survey",
        "oslandcover_source": "Ordnance Survey",
        "associatedstructure": null,
        "geometry_updatedate": "2017-08-04",
        "height_evidencedate": "2024-06-20",
        "capturespecification": "Urban",
        "oslanduse_updatedate": "2017-08-04",
        "absoluteheightmaximum": 32.9,
        "absoluteheightminimum": 22.5,
        "geometry_evidencedate": "2017-08-04",
        "heightconfidencelevel": "Moderate",
        "relativeheightmaximum": 10.4,
        "absoluteheightroofbase": 27.6,
        "description_updatedate": "2017-08-04",
        "oslandcover_updatedate": "2017-08-04",
        "oslanduse_evidencedate": "2017-08-04",
        "relativeheightroofbase": 5.1,
        "versionavailabletodate": null,
        "firstdigitalcapturedate": "2017-08-04",
        "description_evidencedate": "2017-08-04",
        "oslandcover_evidencedate": "2017-08-04",
        "versionavailablefromdate": "2025-02-06T00:00:00Z"
      }
    },
    {
      "id": "f9f8ab9e-7b8e-4b3d-9143-8070747fc424",
      "type": "Feature",
      "geometry": {
        "type": "Polygon",
        "coordinates": [
          [
            [
              -1.4679307,
              50.9367778
            ],
            [
              -1.4679677,
              50.9367767
            ],
            [
              -1.4679625,
              50.9367312
            ],
            [
              -1.4679513,
              50.9367314
            ],
            [
              -1.4679269,
              50.936732
            ],
            [
              -1.4679307,
              50.9367778
            ]
          ]
        ]
      },
      "properties": {
        "osid": "f9f8ab9e-7b8e-4b3d-9143-8070747fc424",
        "toid": "osgb1000016343219",
        "theme": "Buildings",
        "changetype": "Modified Attributes",
        "isobscured": false,
        "description": "Building",
        "versiondate": "2025-02-05",
        "geometry_area": 12.987,
        "height_source": "Ordnance Survey",
        "physicallevel": "Surface Level",
        "oslandusetiera": "Unknown Or Unused Artificial",
        "oslandusetierb": [],
        "geometry_source": "Ordnance Survey",
        "oslandcovertiera": "Constructed",
        "oslandcovertierb": [
          "Building"
        ],
        "oslanduse_source": "Ordnance Survey",
        "height_updatedate": "2025-01-17",
        "description_source": "Ordnance Survey",
        "oslandcover_source": "Ordnance Survey",
        "associatedstructure": null,
        "geometry_updatedate": "2004-02-10",
        "height_evidencedate": "2024-06-20",
        "capturespecification": "Urban",
        "oslanduse_updatedate": "2004-02-10",
        "absoluteheightmaximum": null,
        "absoluteheightminimum": 12.5,
        "geometry_evidencedate": "2004-02-10",
        "heightconfidencelevel": "Incomplete",
        "relativeheightmaximum": null,
        "absoluteheightroofbase": null,
        "description_updatedate": "2004-02-10",
        "oslandcover_updatedate": "2004-02-10",
        "oslanduse_evidencedate": "2004-02-10",
        "relativeheightroofbase": null,
        "versionavailabletodate": null,
        "firstdigitalcapturedate": "1988-07-28",
        "description_evidencedate": "2004-02-10",
        "oslandcover_evidencedate": "2004-02-10",
        "versionavailablefromdate": "2025-02-06T00:00:00Z"
      }
    },
    {
      "id": "fa787b47-3ccb-438d-bf55-525e78ce4435",
      "type": "Feature",
      "geometry": {
        "type": "Polygon",
        "coordinates": [
          [
            [
              -1.4659198,
              50.9406286
            ],
            [
              -1.4660095,
              50.9406861
            ],
            [
              -1.4660604,
              50.9406544
            ],
            [
              -1.466065,
              50.9406574
            ],
            [
              -1.4661033,
              50.9406336
            ],
            [
              -1.4660023,
              50.9405688
            ],
            [
              -1.4659592,
              50.9405956
            ],
            [
              -1.4659659,
              50.9405999
            ],
            [
              -1.4659198,
              50.9406286
            ]
          ]
        ]
      },
      "properties": {
        "osid": "fa787b47-3ccb-438d-bf55-525e78ce4435",
        "toid": "osgb5000005208860462",
        "theme": "Buildings",
        "changetype": "Modified Attributes",
        "isobscured": false,
        "description": "Building",
        "versiondate": "2025-02-05",
        "geometry_area": 83.555579,
        "height_source": "Ordnance Survey",
        "physicallevel": "Surface Level",
        "oslandusetiera": "Residential Accommodation",
        "oslandusetierb": [
          "Private Residence"
        ],
        "geometry_source": "Ordnance Survey",
        "oslandcovertiera": "Constructed",
        "oslandcovertierb": [
          "Building"
        ],
        "oslanduse_source": "Ordnance Survey",
        "height_updatedate": "2025-01-17",
        "description_source": "Ordnance Survey",
        "oslandcover_source": "Ordnance Survey",
        "associatedstructure": null,
        "geometry_updatedate": "2017-08-04",
        "height_evidencedate": "2024-06-20",
        "capturespecification": "Urban",
        "oslanduse_updatedate": "2017-08-04",
        "absoluteheightmaximum": 29.2,
        "absoluteheightminimum": 20.8,
        "geometry_evidencedate": "2017-08-04",
        "heightconfidencelevel": "Moderate",
        "relativeheightmaximum": 8.4,
        "absoluteheightroofbase": 26.4,
        "description_updatedate": "2017-08-04",
        "oslandcover_updatedate": "2017-08-04",
        "oslanduse_evidencedate": "2017-08-04",
        "relativeheightroofbase": 5.6,
        "versionavailabletodate": null,
        "firstdigitalcapturedate": "2017-08-04",
        "description_evidencedate": "2017-08-04",
        "oslandcover_evidencedate": "2017-08-04",
        "versionavailablefromdate": "2025-02-06T00:00:00Z"
      }
    },
    {
      "id": "fa7d1441-2917-4b0c-bed1-cb29201c3c9c",
      "type": "Feature",
      "geometry": {
        "type": "Polygon",
        "coordinates": [
          [
            [
              -1.463448,
              50.9408708
            ],
            [
              -1.4634069,
              50.9408571
            ],
            [
              -1.4634144,
              50.940848
            ],
            [
              -1.4633695,
              50.940833
            ],
            [
              -1.463306,
              50.9409092
            ],
            [
              -1.4633921,
              50.9409378
            ],
            [
              -1.463448,
              50.9408708
            ]
          ]
        ]
      },
      "properties": {
        "osid": "fa7d1441-2917-4b0c-bed1-cb29201c3c9c",
        "toid": "osgb5000005198749578",
        "theme": "Buildings",
        "changetype": "Modified Attributes",
        "isobscured": false,
        "description": "Building",
        "versiondate": "2025-02-05",
        "geometry_area": 61.736215,
        "height_source": "Ordnance Survey",
        "physicallevel": "Surface Level",
        "oslandusetiera": "Residential Accommodation",
        "oslandusetierb": [
          "Private Residence"
        ],
        "geometry_source": "Ordnance Survey",
        "oslandcovertiera": "Constructed",
        "oslandcovertierb": [
          "Building"
        ],
        "oslanduse_source": "Ordnance Survey",
        "height_updatedate": "2025-01-17",
        "description_source": "Ordnance Survey",
        "oslandcover_source": "Ordnance Survey",
        "associatedstructure": null,
        "geometry_updatedate": "2017-02-07",
        "height_evidencedate": "2024-06-20",
        "capturespecification": "Urban",
        "oslanduse_updatedate": "2017-02-07",
        "absoluteheightmaximum": 33.8,
        "absoluteheightminimum": 24.3,
        "geometry_evidencedate": "2017-02-07",
        "heightconfidencelevel": "Moderate",
        "relativeheightmaximum": 9.5,
        "absoluteheightroofbase": 30.2,
        "description_updatedate": "2017-02-07",
        "oslandcover_updatedate": "2017-02-07",
        "oslanduse_evidencedate": "2017-02-07",
        "relativeheightroofbase": 5.9,
        "versionavailabletodate": null,
        "firstdigitalcapturedate": "2017-02-07",
        "description_evidencedate": "2017-02-07",
        "oslandcover_evidencedate": "2017-02-07",
        "versionavailablefromdate": "2025-02-06T00:00:00Z"
      }
    },
    {
      "id": "fa9f03f0-cc77-498d-9fce-c48c9acacfd3",
      "type": "Feature",
      "geometry": {
        "type": "Polygon",
        "coordinates": [
          [
            [
              -1.4712417,
              50.9400684
            ],
            [
              -1.4712408,
              50.9401777
            ],
            [
              -1.4712375,
              50.9405793
            ],
            [
              -1.4716335,
              50.9405806
            ],
            [
              -1.4717249,
              50.9405809
            ],
            [
              -1.4717283,
              50.9401793
            ],
            [
              -1.4717292,
              50.94007
            ],
            [
              -1.4712417,
              50.9400684
            ]
          ]
        ]
      },
      "properties": {
        "osid": "fa9f03f0-cc77-498d-9fce-c48c9acacfd3",
        "toid": "osgb5000005278503035",
        "theme": "Buildings",
        "changetype": "Modified Attributes",
        "isobscured": false,
        "description": "Building",
        "versiondate": "2025-02-05",
        "geometry_area": 1945.787037,
        "height_source": "Ordnance Survey",
        "physicallevel": "Surface Level",
        "oslandusetiera": "Commercial Activity: Industrial Or Manufacturing",
        "oslandusetierb": [],
        "geometry_source": "Ordnance Survey",
        "oslandcovertiera": "Constructed",
        "oslandcovertierb": [
          "Building"
        ],
        "oslanduse_source": "Ordnance Survey",
        "height_updatedate": "2025-01-17",
        "description_source": "Ordnance Survey",
        "oslandcover_source": "Ordnance Survey",
        "associatedstructure": null,
        "geometry_updatedate": "2022-08-10",
        "height_evidencedate": "2024-06-20",
        "capturespecification": "Urban",
        "oslanduse_updatedate": "2021-03-10",
        "absoluteheightmaximum": 25.3,
        "absoluteheightminimum": 13.2,
        "geometry_evidencedate": "2022-08-10",
        "heightconfidencelevel": "Moderate",
        "relativeheightmaximum": 12.1,
        "absoluteheightroofbase": 23.5,
        "description_updatedate": "2021-03-10",
        "oslandcover_updatedate": "2021-03-10",
        "oslanduse_evidencedate": "2021-03-10",
        "relativeheightroofbase": 10.3,
        "versionavailabletodate": null,
        "firstdigitalcapturedate": "2021-03-10",
        "description_evidencedate": "2021-03-10",
        "oslandcover_evidencedate": "2021-03-10",
        "versionavailablefromdate": "2025-02-06T00:00:00Z"
      }
    },
    {
      "id": "faf4fb7a-a2dc-4c3c-a527-373f15fc667d",
      "type": "Feature",
      "geometry": {
        "type": "Polygon",
        "coordinates": [
          [
            [
              -1.4699297,
              50.9393718
            ],
            [
              -1.4698931,
              50.9393716
            ],
            [
              -1.4698593,
              50.9393715
            ],
            [
              -1.4698588,
              50.939417
            ],
            [
              -1.4698925,
              50.9394172
            ],
            [
              -1.4699292,
              50.9394174
            ],
            [
              -1.4699297,
              50.9393718
            ]
          ]
        ]
      },
      "properties": {
        "osid": "faf4fb7a-a2dc-4c3c-a527-373f15fc667d",
        "toid": "osgb5000005333760186",
        "theme": "Buildings",
        "changetype": "Modified Attributes",
        "isobscured": false,
        "description": "Building",
        "versiondate": "2025-02-05",
        "geometry_area": 25.066449,
        "height_source": "Ordnance Survey",
        "physicallevel": "Surface Level",
        "oslandusetiera": "Commercial Activity: Industrial Or Manufacturing",
        "oslandusetierb": [],
        "geometry_source": "Ordnance Survey",
        "oslandcovertiera": "Constructed",
        "oslandcovertierb": [
          "Building"
        ],
        "oslanduse_source": "Ordnance Survey",
        "height_updatedate": "2025-01-17",
        "description_source": "Ordnance Survey",
        "oslandcover_source": "Ordnance Survey",
        "associatedstructure": null,
        "geometry_updatedate": "2024-12-09",
        "height_evidencedate": "2024-06-20",
        "capturespecification": "Urban",
        "oslanduse_updatedate": "2024-04-09",
        "absoluteheightmaximum": null,
        "absoluteheightminimum": 15.4,
        "geometry_evidencedate": "2024-06-20",
        "heightconfidencelevel": "Incomplete",
        "relativeheightmaximum": null,
        "absoluteheightroofbase": null,
        "description_updatedate": "2024-04-09",
        "oslandcover_updatedate": "2024-04-09",
        "oslanduse_evidencedate": "2024-04-02",
        "relativeheightroofbase": null,
        "versionavailabletodate": null,
        "firstdigitalcapturedate": "2024-04-10",
        "description_evidencedate": "2024-04-02",
        "oslandcover_evidencedate": "2024-04-02",
        "versionavailablefromdate": "2025-02-06T00:00:00Z"
      }
    },
    {
      "id": "faf66df7-4cb5-4fc7-b7ec-c39ea4116043",
      "type": "Feature",
      "geometry": {
        "type": "Polygon",
        "coordinates": [
          [
            [
              -1.4681561,
              50.9374999
            ],
            [
              -1.4681478,
              50.9375205
            ],
            [
              -1.4682229,
              50.9375332
            ],
            [
              -1.4682312,
              50.9375125
            ],
            [
              -1.4681561,
              50.9374999
            ]
          ]
        ]
      },
      "properties": {
        "osid": "faf66df7-4cb5-4fc7-b7ec-c39ea4116043",
        "toid": "osgb1000016343242",
        "theme": "Buildings",
        "changetype": "Modified Attributes",
        "isobscured": false,
        "description": "Building",
        "versiondate": "2025-02-05",
        "geometry_area": 12.9479,
        "height_source": "Ordnance Survey",
        "physicallevel": "Surface Level",
        "oslandusetiera": "Unknown Or Unused Artificial",
        "oslandusetierb": [],
        "geometry_source": "Ordnance Survey",
        "oslandcovertiera": "Constructed",
        "oslandcovertierb": [
          "Building"
        ],
        "oslanduse_source": "Ordnance Survey",
        "height_updatedate": "2025-01-17",
        "description_source": "Ordnance Survey",
        "oslandcover_source": "Ordnance Survey",
        "associatedstructure": null,
        "geometry_updatedate": "2004-02-10",
        "height_evidencedate": "2024-06-20",
        "capturespecification": "Urban",
        "oslanduse_updatedate": "2004-02-10",
        "absoluteheightmaximum": 14.7,
        "absoluteheightminimum": 12.5,
        "geometry_evidencedate": "2004-02-10",
        "heightconfidencelevel": "Moderate",
        "relativeheightmaximum": 2.2,
        "absoluteheightroofbase": 14.6,
        "description_updatedate": "2004-02-10",
        "oslandcover_updatedate": "2004-02-10",
        "oslanduse_evidencedate": "2004-02-10",
        "relativeheightroofbase": 2.1,
        "versionavailabletodate": null,
        "firstdigitalcapturedate": "1988-07-28",
        "description_evidencedate": "2004-02-10",
        "oslandcover_evidencedate": "2004-02-10",
        "versionavailablefromdate": "2025-02-06T00:00:00Z"
      }
    },
    {
      "id": "fb9195ce-b990-4f36-9741-07c501270ce1",
      "type": "Feature",
      "geometry": {
        "type": "Polygon",
        "coordinates": [
          [
            [
              -1.4664845,
              50.9384662
            ],
            [
              -1.4665326,
              50.9384777
            ],
            [
              -1.4665648,
              50.9384241
            ],
            [
              -1.4665168,
              50.9384126
            ],
            [
              -1.466508,
              50.9384272
            ],
            [
              -1.4664845,
              50.9384662
            ]
          ]
        ]
      },
      "properties": {
        "osid": "fb9195ce-b990-4f36-9741-07c501270ce1",
        "toid": "osgb5000005254281991",
        "theme": "Buildings",
        "changetype": "Modified Attributes",
        "isobscured": false,
        "description": "Building",
        "versiondate": "2025-02-05",
        "geometry_area": 23.022266,
        "height_source": "Ordnance Survey",
        "physicallevel": "Surface Level",
        "oslandusetiera": "Unknown Or Unused Artificial",
        "oslandusetierb": [],
        "geometry_source": "Ordnance Survey",
        "oslandcovertiera": "Constructed",
        "oslandcovertierb": [
          "Building"
        ],
        "oslanduse_source": "Ordnance Survey",
        "height_updatedate": "2025-01-17",
        "description_source": "Ordnance Survey",
        "oslandcover_source": "Ordnance Survey",
        "associatedstructure": null,
        "geometry_updatedate": "2019-10-29",
        "height_evidencedate": "2024-06-20",
        "capturespecification": "Urban",
        "oslanduse_updatedate": "2019-10-29",
        "absoluteheightmaximum": 21.3,
        "absoluteheightminimum": 17.6,
        "geometry_evidencedate": "2019-10-29",
        "heightconfidencelevel": "Moderate",
        "relativeheightmaximum": 3.7,
        "absoluteheightroofbase": 20.2,
        "description_updatedate": "2019-10-29",
        "oslandcover_updatedate": "2019-10-29",
        "oslanduse_evidencedate": "2019-10-29",
        "relativeheightroofbase": 2.6,
        "versionavailabletodate": null,
        "firstdigitalcapturedate": "2019-10-29",
        "description_evidencedate": "2019-10-29",
        "oslandcover_evidencedate": "2019-10-29",
        "versionavailablefromdate": "2025-02-06T00:00:00Z"
      }
    },
    {
      "id": "fbb7be7d-a916-406b-a40e-89ef9f9c4ac2",
      "type": "Feature",
      "geometry": {
        "type": "Polygon",
        "coordinates": [
          [
            [
              -1.4676268,
              50.9373378
            ],
            [
              -1.4676767,
              50.9373304
            ],
            [
              -1.4677047,
              50.9373263
            ],
            [
              -1.4677302,
              50.9373222
            ],
            [
              -1.4677357,
              50.9373214
            ],
            [
              -1.4677258,
              50.9372953
            ],
            [
              -1.4676947,
              50.9373002
            ],
            [
              -1.4676776,
              50.9372553
            ],
            [
              -1.467602,
              50.9372666
            ],
            [
              -1.4676268,
              50.9373378
            ]
          ]
        ]
      },
      "properties": {
        "osid": "fbb7be7d-a916-406b-a40e-89ef9f9c4ac2",
        "toid": "osgb1000016342742",
        "theme": "Buildings",
        "changetype": "Modified Attributes",
        "isobscured": false,
        "description": "Building",
        "versiondate": "2025-02-05",
        "geometry_area": 51.610809,
        "height_source": "Ordnance Survey",
        "physicallevel": "Surface Level",
        "oslandusetiera": "Residential Accommodation",
        "oslandusetierb": [
          "Private Residence"
        ],
        "geometry_source": "Ordnance Survey",
        "oslandcovertiera": "Constructed",
        "oslandcovertierb": [
          "Building"
        ],
        "oslanduse_source": "Ordnance Survey",
        "height_updatedate": "2025-01-17",
        "description_source": "Ordnance Survey",
        "oslandcover_source": "Ordnance Survey",
        "associatedstructure": null,
        "geometry_updatedate": "2017-04-19",
        "height_evidencedate": "2024-06-20",
        "capturespecification": "Urban",
        "oslanduse_updatedate": "2004-04-13",
        "absoluteheightmaximum": 19.9,
        "absoluteheightminimum": 13.3,
        "geometry_evidencedate": "2016-08-12",
        "heightconfidencelevel": "Moderate",
        "relativeheightmaximum": 6.6,
        "absoluteheightroofbase": 17.9,
        "description_updatedate": "2004-04-13",
        "oslandcover_updatedate": "2004-04-13",
        "oslanduse_evidencedate": "2004-04-13",
        "relativeheightroofbase": 4.6,
        "versionavailabletodate": null,
        "firstdigitalcapturedate": "1988-05-16",
        "description_evidencedate": "2004-04-13",
        "oslandcover_evidencedate": "2004-04-13",
        "versionavailablefromdate": "2025-02-06T00:00:00Z"
      }
    },
    {
      "id": "fc61b014-d71f-4754-bd94-d120ba2ba750",
      "type": "Feature",
      "geometry": {
        "type": "Polygon",
        "coordinates": [
          [
            [
              -1.465195,
              50.9402226
            ],
            [
              -1.4651659,
              50.9402375
            ],
            [
              -1.4651753,
              50.9402449
            ],
            [
              -1.4652045,
              50.9402299
            ],
            [
              -1.465195,
              50.9402226
            ]
          ]
        ]
      },
      "properties": {
        "osid": "fc61b014-d71f-4754-bd94-d120ba2ba750",
        "toid": "osgb5000005208860452",
        "theme": "Buildings",
        "changetype": "Modified Attributes",
        "isobscured": false,
        "description": "Building",
        "versiondate": "2022-09-18",
        "geometry_area": 2.784843,
        "height_source": null,
        "physicallevel": "Surface Level",
        "oslandusetiera": "Residential Accommodation",
        "oslandusetierb": [
          "Private Residence"
        ],
        "geometry_source": "Ordnance Survey",
        "oslandcovertiera": "Constructed",
        "oslandcovertierb": [
          "Building"
        ],
        "oslanduse_source": "Ordnance Survey",
        "height_updatedate": null,
        "description_source": "Ordnance Survey",
        "oslandcover_source": "Ordnance Survey",
        "associatedstructure": null,
        "geometry_updatedate": "2017-08-04",
        "height_evidencedate": null,
        "capturespecification": "Urban",
        "oslanduse_updatedate": "2017-08-04",
        "absoluteheightmaximum": null,
        "absoluteheightminimum": null,
        "geometry_evidencedate": "2017-08-04",
        "heightconfidencelevel": null,
        "relativeheightmaximum": null,
        "absoluteheightroofbase": null,
        "description_updatedate": "2017-08-04",
        "oslandcover_updatedate": "2017-08-04",
        "oslanduse_evidencedate": "2017-08-04",
        "relativeheightroofbase": null,
        "versionavailabletodate": null,
        "firstdigitalcapturedate": "2017-08-04",
        "description_evidencedate": "2017-08-04",
        "oslandcover_evidencedate": "2017-08-04",
        "versionavailablefromdate": "2022-09-19T00:00:00Z"
      }
    },
    {
      "id": "fd72954f-68f8-4eff-b0a8-098d1f66e3cd",
      "type": "Feature",
      "geometry": {
        "type": "Polygon",
        "coordinates": [
          [
            [
              -1.4665284,
              50.9385903
            ],
            [
              -1.4666566,
              50.9386218
            ],
            [
              -1.4666837,
              50.9385777
            ],
            [
              -1.4665555,
              50.9385462
            ],
            [
              -1.4665284,
              50.9385903
            ]
          ]
        ]
      },
      "properties": {
        "osid": "fd72954f-68f8-4eff-b0a8-098d1f66e3cd",
        "toid": "osgb5000005244788327",
        "theme": "Buildings",
        "changetype": "Modified Attributes",
        "isobscured": false,
        "description": "Building",
        "versiondate": "2025-02-05",
        "geometry_area": 50.867951,
        "height_source": "Ordnance Survey",
        "physicallevel": "Surface Level",
        "oslandusetiera": "Residential Accommodation",
        "oslandusetierb": [
          "Private Residence"
        ],
        "geometry_source": "Ordnance Survey",
        "oslandcovertiera": "Constructed",
        "oslandcovertierb": [
          "Building"
        ],
        "oslanduse_source": "Ordnance Survey",
        "height_updatedate": "2025-01-17",
        "description_source": "Ordnance Survey",
        "oslandcover_source": "Ordnance Survey",
        "associatedstructure": null,
        "geometry_updatedate": "2019-04-09",
        "height_evidencedate": "2024-06-20",
        "capturespecification": "Urban",
        "oslanduse_updatedate": "2019-04-09",
        "absoluteheightmaximum": 26.3,
        "absoluteheightminimum": 18.4,
        "geometry_evidencedate": "2019-04-09",
        "heightconfidencelevel": "Moderate",
        "relativeheightmaximum": 7.9,
        "absoluteheightroofbase": 24.9,
        "description_updatedate": "2019-04-09",
        "oslandcover_updatedate": "2019-04-09",
        "oslanduse_evidencedate": "2019-04-09",
        "relativeheightroofbase": 6.5,
        "versionavailabletodate": null,
        "firstdigitalcapturedate": "2019-04-09",
        "description_evidencedate": "2019-04-09",
        "oslandcover_evidencedate": "2019-04-09",
        "versionavailablefromdate": "2025-02-06T00:00:00Z"
      }
    },
    {
      "id": "fd74d9ea-c7d1-442e-92e4-caafcb81526a",
      "type": "Feature",
      "geometry": {
        "type": "Polygon",
        "coordinates": [
          [
            [
              -1.4656886,
              50.9385421
            ],
            [
              -1.4657716,
              50.9385628
            ],
            [
              -1.4657888,
              50.9385353
            ],
            [
              -1.4657058,
              50.9385145
            ],
            [
              -1.4656886,
              50.9385421
            ]
          ]
        ]
      },
      "properties": {
        "osid": "fd74d9ea-c7d1-442e-92e4-caafcb81526a",
        "toid": "osgb5000005247278677",
        "theme": "Buildings",
        "changetype": "Modified Attributes",
        "isobscured": false,
        "description": "Building",
        "versiondate": "2025-02-05",
        "geometry_area": 20.649561,
        "height_source": "Ordnance Survey",
        "physicallevel": "Surface Level",
        "oslandusetiera": "Residential Accommodation",
        "oslandusetierb": [
          "Private Residence"
        ],
        "geometry_source": "Ordnance Survey",
        "oslandcovertiera": "Constructed",
        "oslandcovertierb": [
          "Building"
        ],
        "oslanduse_source": "Ordnance Survey",
        "height_updatedate": "2025-01-17",
        "description_source": "Ordnance Survey",
        "oslandcover_source": "Ordnance Survey",
        "associatedstructure": null,
        "geometry_updatedate": "2019-06-05",
        "height_evidencedate": "2024-06-20",
        "capturespecification": "Urban",
        "oslanduse_updatedate": "2019-06-05",
        "absoluteheightmaximum": 24.9,
        "absoluteheightminimum": 20.8,
        "geometry_evidencedate": "2019-06-05",
        "heightconfidencelevel": "Moderate",
        "relativeheightmaximum": 4.1,
        "absoluteheightroofbase": 24.2,
        "description_updatedate": "2019-06-05",
        "oslandcover_updatedate": "2019-06-05",
        "oslanduse_evidencedate": "2019-06-05",
        "relativeheightroofbase": 3.4,
        "versionavailabletodate": null,
        "firstdigitalcapturedate": "2019-06-05",
        "description_evidencedate": "2019-06-05",
        "oslandcover_evidencedate": "2019-06-05",
        "versionavailablefromdate": "2025-02-06T00:00:00Z"
      }
    },
    {
      "id": "fdb8a072-7c4c-4c5a-82c1-47731b45cc7d",
      "type": "Feature",
      "geometry": {
        "type": "Polygon",
        "coordinates": [
          [
            [
              -1.466081,
              50.9378509
            ],
            [
              -1.4660823,
              50.937852
            ],
            [
              -1.4660942,
              50.9378619
            ],
            [
              -1.4661219,
              50.9378486
            ],
            [
              -1.4661101,
              50.9378387
            ],
            [
              -1.4660786,
              50.9378113
            ],
            [
              -1.4661137,
              50.9377945
            ],
            [
              -1.4660527,
              50.9377398
            ],
            [
              -1.4659569,
              50.9377826
            ],
            [
              -1.4660216,
              50.9378377
            ],
            [
              -1.4660376,
              50.9378312
            ],
            [
              -1.4660588,
              50.9378494
            ],
            [
              -1.4660721,
              50.9378433
            ],
            [
              -1.466081,
              50.9378509
            ]
          ]
        ]
      },
      "properties": {
        "osid": "fdb8a072-7c4c-4c5a-82c1-47731b45cc7d",
        "toid": "osgb1000016342668",
        "theme": "Buildings",
        "changetype": "Modified Attributes",
        "isobscured": false,
        "description": "Building",
        "versiondate": "2025-02-05",
        "geometry_area": 77.305059,
        "height_source": "Ordnance Survey",
        "physicallevel": "Surface Level",
        "oslandusetiera": "Residential Accommodation",
        "oslandusetierb": [
          "Private Residence"
        ],
        "geometry_source": "Ordnance Survey",
        "oslandcovertiera": "Constructed",
        "oslandcovertierb": [
          "Building"
        ],
        "oslanduse_source": "Ordnance Survey",
        "height_updatedate": "2025-01-17",
        "description_source": "Ordnance Survey",
        "oslandcover_source": "Ordnance Survey",
        "associatedstructure": null,
        "geometry_updatedate": "2017-04-19",
        "height_evidencedate": "2024-06-20",
        "capturespecification": "Urban",
        "oslanduse_updatedate": "2004-02-10",
        "absoluteheightmaximum": 25.4,
        "absoluteheightminimum": 18.5,
        "geometry_evidencedate": "2016-08-12",
        "heightconfidencelevel": "Moderate",
        "relativeheightmaximum": 6.9,
        "absoluteheightroofbase": 22.9,
        "description_updatedate": "2004-02-10",
        "oslandcover_updatedate": "2004-02-10",
        "oslanduse_evidencedate": "2004-02-10",
        "relativeheightroofbase": 4.4,
        "versionavailabletodate": null,
        "firstdigitalcapturedate": "1988-07-28",
        "description_evidencedate": "2004-02-10",
        "oslandcover_evidencedate": "2004-02-10",
        "versionavailablefromdate": "2025-02-06T00:00:00Z"
      }
    },
    {
      "id": "fe531854-2aec-4600-ab56-d6214bd3da23",
      "type": "Feature",
      "geometry": {
        "type": "Polygon",
        "coordinates": [
          [
            [
              -1.4690789,
              50.9367055
            ],
            [
              -1.4690741,
              50.9367207
            ],
            [
              -1.4691762,
              50.9367328
            ],
            [
              -1.4691932,
              50.9367348
            ],
            [
              -1.4692058,
              50.9366887
            ],
            [
              -1.4691557,
              50.9366824
            ],
            [
              -1.4691601,
              50.9366672
            ],
            [
              -1.4690933,
              50.9366597
            ],
            [
              -1.4690915,
              50.9366653
            ],
            [
              -1.4690789,
              50.9367055
            ]
          ]
        ]
      },
      "properties": {
        "osid": "fe531854-2aec-4600-ab56-d6214bd3da23",
        "toid": "osgb1000016343191",
        "theme": "Buildings",
        "changetype": "Modified Attributes",
        "isobscured": false,
        "description": "Building",
        "versiondate": "2025-02-05",
        "geometry_area": 52.378001,
        "height_source": "Ordnance Survey",
        "physicallevel": "Surface Level",
        "oslandusetiera": "Residential Accommodation",
        "oslandusetierb": [
          "Private Residence"
        ],
        "geometry_source": "Ordnance Survey",
        "oslandcovertiera": "Constructed",
        "oslandcovertierb": [
          "Building"
        ],
        "oslanduse_source": "Ordnance Survey",
        "height_updatedate": "2025-01-17",
        "description_source": "Ordnance Survey",
        "oslandcover_source": "Ordnance Survey",
        "associatedstructure": null,
        "geometry_updatedate": "2019-12-29",
        "height_evidencedate": "2024-06-20",
        "capturespecification": "Urban",
        "oslanduse_updatedate": "2006-12-14",
        "absoluteheightmaximum": 18.9,
        "absoluteheightminimum": 11.1,
        "geometry_evidencedate": "2019-06-28",
        "heightconfidencelevel": "Moderate",
        "relativeheightmaximum": 7.8,
        "absoluteheightroofbase": 15.7,
        "description_updatedate": "2006-12-14",
        "oslandcover_updatedate": "2006-12-14",
        "oslanduse_evidencedate": "2006-12-14",
        "relativeheightroofbase": 4.6,
        "versionavailabletodate": null,
        "firstdigitalcapturedate": "1988-07-28",
        "description_evidencedate": "2006-12-14",
        "oslandcover_evidencedate": "2006-12-14",
        "versionavailablefromdate": "2025-02-06T00:00:00Z"
      }
    },
    {
      "id": "fe7e7439-22a2-4cb7-b3f7-22151b73b651",
      "type": "Feature",
      "geometry": {
        "type": "Polygon",
        "coordinates": [
          [
            [
              -1.4678858,
              50.9367114
            ],
            [
              -1.4679208,
              50.9367244
            ],
            [
              -1.4679421,
              50.9367015
            ],
            [
              -1.4679071,
              50.9366885
            ],
            [
              -1.4678858,
              50.9367114
            ]
          ]
        ]
      },
      "properties": {
        "osid": "fe7e7439-22a2-4cb7-b3f7-22151b73b651",
        "toid": "osgb5000005277344205",
        "theme": "Buildings",
        "changetype": "Modified Attributes",
        "isobscured": false,
        "description": "Building",
        "versiondate": "2025-02-05",
        "geometry_area": 8.424896,
        "height_source": "Ordnance Survey",
        "physicallevel": "Surface Level",
        "oslandusetiera": "Residential Accommodation",
        "oslandusetierb": [
          "Private Residence"
        ],
        "geometry_source": "Ordnance Survey",
        "oslandcovertiera": "Constructed",
        "oslandcovertierb": [
          "Building"
        ],
        "oslanduse_source": "Ordnance Survey",
        "height_updatedate": "2025-01-17",
        "description_source": "Ordnance Survey",
        "oslandcover_source": "Ordnance Survey",
        "associatedstructure": null,
        "geometry_updatedate": "2021-02-18",
        "height_evidencedate": "2024-06-20",
        "capturespecification": "Urban",
        "oslanduse_updatedate": "2021-02-18",
        "absoluteheightmaximum": null,
        "absoluteheightminimum": 12.5,
        "geometry_evidencedate": "2020-09-20",
        "heightconfidencelevel": "Incomplete",
        "relativeheightmaximum": null,
        "absoluteheightroofbase": null,
        "description_updatedate": "2021-02-18",
        "oslandcover_updatedate": "2021-02-18",
        "oslanduse_evidencedate": "2020-09-20",
        "relativeheightroofbase": null,
        "versionavailabletodate": null,
        "firstdigitalcapturedate": "2021-02-22",
        "description_evidencedate": "2020-09-20",
        "oslandcover_evidencedate": "2020-09-20",
        "versionavailablefromdate": "2025-02-06T00:00:00Z"
      }
    },
    {
      "id": "fe81d801-3393-46b1-b419-fe4fe7095b4a",
      "type": "Feature",
      "geometry": {
        "type": "Polygon",
        "coordinates": [
          [
            [
              -1.4642315,
              50.9337747
            ],
            [
              -1.4642801,
              50.9337515
            ],
            [
              -1.4642668,
              50.9337384
            ],
            [
              -1.4642174,
              50.933762
            ],
            [
              -1.4642315,
              50.9337747
            ]
          ]
        ]
      },
      "properties": {
        "osid": "fe81d801-3393-46b1-b419-fe4fe7095b4a",
        "toid": "osgb1000016342718",
        "theme": "Buildings",
        "changetype": "Modified Attributes",
        "isobscured": false,
        "description": "Building",
        "versiondate": "2022-09-18",
        "geometry_area": 7.44,
        "height_source": null,
        "physicallevel": "Surface Level",
        "oslandusetiera": "Residential Accommodation",
        "oslandusetierb": [
          "Private Residence"
        ],
        "geometry_source": "Ordnance Survey",
        "oslandcovertiera": "Constructed",
        "oslandcovertierb": [
          "Building"
        ],
        "oslanduse_source": "Ordnance Survey",
        "height_updatedate": null,
        "description_source": "Ordnance Survey",
        "oslandcover_source": "Ordnance Survey",
        "associatedstructure": null,
        "geometry_updatedate": "2006-07-11",
        "height_evidencedate": null,
        "capturespecification": "Urban",
        "oslanduse_updatedate": "2006-07-11",
        "absoluteheightmaximum": null,
        "absoluteheightminimum": null,
        "geometry_evidencedate": "2006-07-11",
        "heightconfidencelevel": null,
        "relativeheightmaximum": null,
        "absoluteheightroofbase": null,
        "description_updatedate": "2006-07-11",
        "oslandcover_updatedate": "2006-07-11",
        "oslanduse_evidencedate": "2006-07-11",
        "relativeheightroofbase": null,
        "versionavailabletodate": null,
        "firstdigitalcapturedate": "1988-05-16",
        "description_evidencedate": "2006-07-11",
        "oslandcover_evidencedate": "2006-07-11",
        "versionavailablefromdate": "2022-09-19T00:00:00Z"
      }
    },
    {
      "id": "fe8ba46c-5d76-404a-a6a1-a034dfbea963",
      "type": "Feature",
      "geometry": {
        "type": "Polygon",
        "coordinates": [
          [
            [
              -1.4675959,
              50.9361044
            ],
            [
              -1.4675217,
              50.9361049
            ],
            [
              -1.4675222,
              50.9361325
            ],
            [
              -1.4675964,
              50.936132
            ],
            [
              -1.4675959,
              50.9361044
            ]
          ]
        ]
      },
      "properties": {
        "osid": "fe8ba46c-5d76-404a-a6a1-a034dfbea963",
        "toid": "osgb5000005295453564",
        "theme": "Buildings",
        "changetype": "Modified Attributes",
        "isobscured": false,
        "description": "Building",
        "versiondate": "2025-02-05",
        "geometry_area": 15.994832,
        "height_source": "Ordnance Survey",
        "physicallevel": "Surface Level",
        "oslandusetiera": "Residential Accommodation",
        "oslandusetierb": [
          "Private Residence"
        ],
        "geometry_source": "Ordnance Survey",
        "oslandcovertiera": "Constructed",
        "oslandcovertierb": [
          "Building"
        ],
        "oslanduse_source": "Ordnance Survey",
        "height_updatedate": "2025-01-17",
        "description_source": "Ordnance Survey",
        "oslandcover_source": "Ordnance Survey",
        "associatedstructure": null,
        "geometry_updatedate": "2022-05-06",
        "height_evidencedate": "2024-06-20",
        "capturespecification": "Urban",
        "oslanduse_updatedate": "2022-05-06",
        "absoluteheightmaximum": 14.8,
        "absoluteheightminimum": 11.1,
        "geometry_evidencedate": "2021-04-17",
        "heightconfidencelevel": "Moderate",
        "relativeheightmaximum": 3.7,
        "absoluteheightroofbase": 14,
        "description_updatedate": "2022-05-06",
        "oslandcover_updatedate": "2022-05-06",
        "oslanduse_evidencedate": "2021-04-17",
        "relativeheightroofbase": 2.9,
        "versionavailabletodate": null,
        "firstdigitalcapturedate": "2022-05-06",
        "description_evidencedate": "2021-04-17",
        "oslandcover_evidencedate": "2021-04-17",
        "versionavailablefromdate": "2025-02-06T00:00:00Z"
      }
    },
    {
      "id": "fee531ac-85d0-4fa4-81a4-98eed5b697fd",
      "type": "Feature",
      "geometry": {
        "type": "Polygon",
        "coordinates": [
          [
            [
              -1.4682965,
              50.9366273
            ],
            [
              -1.4682703,
              50.9366191
            ],
            [
              -1.4682578,
              50.936635
            ],
            [
              -1.4682845,
              50.9366434
            ],
            [
              -1.4683157,
              50.9366531
            ],
            [
              -1.4683281,
              50.9366372
            ],
            [
              -1.4682965,
              50.9366273
            ]
          ]
        ]
      },
      "properties": {
        "osid": "fee531ac-85d0-4fa4-81a4-98eed5b697fd",
        "toid": "osgb5000005257941625",
        "theme": "Buildings",
        "changetype": "Modified Attributes",
        "isobscured": false,
        "description": "Building",
        "versiondate": "2025-02-05",
        "geometry_area": 8.941651,
        "height_source": "Ordnance Survey",
        "physicallevel": "Surface Level",
        "oslandusetiera": "Residential Accommodation",
        "oslandusetierb": [
          "Private Residence"
        ],
        "geometry_source": "Ordnance Survey",
        "oslandcovertiera": "Constructed",
        "oslandcovertierb": [
          "Building"
        ],
        "oslanduse_source": "Ordnance Survey",
        "height_updatedate": "2025-01-17",
        "description_source": "Ordnance Survey",
        "oslandcover_source": "Ordnance Survey",
        "associatedstructure": null,
        "geometry_updatedate": "2019-12-29",
        "height_evidencedate": "2024-06-20",
        "capturespecification": "Urban",
        "oslanduse_updatedate": "2019-12-29",
        "absoluteheightmaximum": null,
        "absoluteheightminimum": 11.8,
        "geometry_evidencedate": "2019-06-28",
        "heightconfidencelevel": "Incomplete",
        "relativeheightmaximum": null,
        "absoluteheightroofbase": null,
        "description_updatedate": "2019-12-29",
        "oslandcover_updatedate": "2019-12-29",
        "oslanduse_evidencedate": "2019-06-28",
        "relativeheightroofbase": null,
        "versionavailabletodate": null,
        "firstdigitalcapturedate": "2019-12-30",
        "description_evidencedate": "2019-06-28",
        "oslandcover_evidencedate": "2019-06-28",
        "versionavailablefromdate": "2025-02-06T00:00:00Z"
      }
    },
    {
      "id": "feecc454-2db6-4122-8cd2-bc75084589fe",
      "type": "Feature",
      "geometry": {
        "type": "Polygon",
        "coordinates": [
          [
            [
              -1.4706606,
              50.93909
            ],
            [
              -1.470619,
              50.9390893
            ],
            [
              -1.4706178,
              50.9391383
            ],
            [
              -1.4706593,
              50.9391385
            ],
            [
              -1.4706606,
              50.93909
            ]
          ]
        ]
      },
      "properties": {
        "osid": "feecc454-2db6-4122-8cd2-bc75084589fe",
        "toid": "osgb5000005203977374",
        "theme": "Buildings",
        "changetype": "Modified Attributes",
        "isobscured": false,
        "description": "Building",
        "versiondate": "2025-02-05",
        "geometry_area": 15.8279,
        "height_source": "Ordnance Survey",
        "physicallevel": "Surface Level",
        "oslandusetiera": "Government Services",
        "oslandusetierb": [],
        "geometry_source": "Ordnance Survey",
        "oslandcovertiera": "Constructed",
        "oslandcovertierb": [
          "Building"
        ],
        "oslanduse_source": "Ordnance Survey",
        "height_updatedate": "2025-01-17",
        "description_source": "Ordnance Survey",
        "oslandcover_source": "Ordnance Survey",
        "associatedstructure": null,
        "geometry_updatedate": "2017-04-21",
        "height_evidencedate": "2024-06-20",
        "capturespecification": "Urban",
        "oslanduse_updatedate": "2017-04-21",
        "absoluteheightmaximum": 16.7,
        "absoluteheightminimum": 14.1,
        "geometry_evidencedate": "2016-08-12",
        "heightconfidencelevel": "Moderate",
        "relativeheightmaximum": 2.6,
        "absoluteheightroofbase": 16.5,
        "description_updatedate": "2017-04-21",
        "oslandcover_updatedate": "2017-04-21",
        "oslanduse_evidencedate": "2016-08-12",
        "relativeheightroofbase": 2.4,
        "versionavailabletodate": null,
        "firstdigitalcapturedate": "2017-05-04",
        "description_evidencedate": "2016-08-12",
        "oslandcover_evidencedate": "2016-08-12",
        "versionavailablefromdate": "2025-02-06T00:00:00Z"
      }
    },
    {
      "id": "ff758954-b700-4976-8dd6-25b2ef49b400",
      "type": "Feature",
      "geometry": {
        "type": "Polygon",
        "coordinates": [
          [
            [
              -1.4657898,
              50.9369477
            ],
            [
              -1.4657855,
              50.936953
            ],
            [
              -1.4657684,
              50.9369745
            ],
            [
              -1.4657683,
              50.9369746
            ],
            [
              -1.4658248,
              50.9369926
            ],
            [
              -1.465863,
              50.9369447
            ],
            [
              -1.4658066,
              50.9369267
            ],
            [
              -1.4657898,
              50.9369477
            ]
          ]
        ]
      },
      "properties": {
        "osid": "ff758954-b700-4976-8dd6-25b2ef49b400",
        "toid": "osgb5000005257941634",
        "theme": "Buildings",
        "changetype": "Modified Attributes",
        "isobscured": false,
        "description": "Building",
        "versiondate": "2025-02-05",
        "geometry_area": 26.488515,
        "height_source": "Ordnance Survey",
        "physicallevel": "Surface Level",
        "oslandusetiera": "Residential Accommodation",
        "oslandusetierb": [
          "Private Residence"
        ],
        "geometry_source": "Ordnance Survey",
        "oslandcovertiera": "Constructed",
        "oslandcovertierb": [
          "Building"
        ],
        "oslanduse_source": "Ordnance Survey",
        "height_updatedate": "2025-01-17",
        "description_source": "Ordnance Survey",
        "oslandcover_source": "Ordnance Survey",
        "associatedstructure": null,
        "geometry_updatedate": "2019-12-29",
        "height_evidencedate": "2024-06-20",
        "capturespecification": "Urban",
        "oslanduse_updatedate": "2019-12-29",
        "absoluteheightmaximum": null,
        "absoluteheightminimum": 15.6,
        "geometry_evidencedate": "2019-06-28",
        "heightconfidencelevel": "Incomplete",
        "relativeheightmaximum": null,
        "absoluteheightroofbase": null,
        "description_updatedate": "2019-12-29",
        "oslandcover_updatedate": "2019-12-29",
        "oslanduse_evidencedate": "2019-06-28",
        "relativeheightroofbase": null,
        "versionavailabletodate": null,
        "firstdigitalcapturedate": "2019-12-30",
        "description_evidencedate": "2019-06-28",
        "oslandcover_evidencedate": "2019-06-28",
        "versionavailablefromdate": "2025-02-06T00:00:00Z"
      }
    }
  ]
}