{
  "type": "FeatureCollection",
  "links": [
    {
      "href": "https://api.os.uk/features/ngd/ofa/v1/collections/bld-fts-buildingpart-1/items?offset=200&limit=100&bbox=-1.47483339,50.93365735,-1.46336657,50.94090276&key=ALZCQtABtiUvfdlGkrF7cHxaFBHhoh9j",
      "rel": "self",
      "type": "application/geo+json",
      "title": "All features from the 'Building Part v1' collection within bounding box: -1.47483339,50.93365735,-1.46336657,50.94090276"
    },
    {
      "href": "https://api.os.uk/features/ngd/ofa/v1/collections/bld-fts-buildingpart-1/items?offset=100&limit=100&bbox=-1.47483339,50.93365735,-1.46336657,50.94090276&key=ALZCQtABtiUvfdlGkrF7cHxaFBHhoh9j",
      "rel": "prev",
      "type": "application/geo+json",
      "title": "Previous page"
    },
    {
      "href": "https://api.os.uk/features/ngd/ofa/v1/collections/bld-fts-buildingpart-1/items?offset=300&limit=100&bbox=-1.47483339,50.93365735,-1.46336657,50.94090276&key=ALZCQtABtiUvfdlGkrF7cHxaFBHhoh9j",
      "rel": "next",
      "type": "application/geo+json",
      "title": "Next page"
    }
  ],
  "timeStamp": "2025-10-13T23:39:06.358836919Z",
  "numberReturned": 100,
  "features": [
    {
      "id": "5146caf4-bd3a-454e-a2bf-88a69e00c629",
      "type": "Feature",
      "geometry": {
        "type": "Polygon",
        "coordinates": [
          [
            [
              -1.4673225,
              50.9375005
            ],
            [
              -1.4672599,
              50.9374409
            ],
            [
              -1.4671962,
              50.9374671
            ],
            [
              -1.4672589,
              50.9375267
            ],
            [
              -1.4673225,
              50.9375005
            ]
          ]
        ]
      },
      "properties": {
        "osid": "5146caf4-bd3a-454e-a2bf-88a69e00c629",
        "toid": "osgb1000016342754",
        "theme": "Buildings",
        "changetype": "Modified Attributes",
        "isobscured": false,
        "description": "Building",
        "versiondate": "2025-02-05",
        "geometry_area": 42.4975,
        "height_source": "Ordnance Survey",
        "physicallevel": "Surface Level",
        "oslandusetiera": "Residential Accommodation",
        "oslandusetierb": [
          "Private Residence"
        ],
        "geometry_source": "Ordnance Survey",
        "oslandcovertiera": "Constructed",
        "oslandcovertierb": [
          "Building"
        ],
        "oslanduse_source": "Ordnance Survey",
        "height_updatedate": "2025-01-17",
        "description_source": "Ordnance Survey",
        "oslandcover_source": "Ordnance Survey",
        "associatedstructure": null,
        "geometry_updatedate": "2006-07-11",
        "height_evidencedate": "2024-06-20",
        "capturespecification": "Urban",
        "oslanduse_updatedate": "2006-07-11",
        "absoluteheightmaximum": 21.4,
        "absoluteheightminimum": 14.4,
        "geometry_evidencedate": "2006-07-11",
        "heightconfidencelevel": "Moderate",
        "relativeheightmaximum": 7,
        "absoluteheightroofbase": 19.2,
        "description_updatedate": "2006-07-11",
        "oslandcover_updatedate": "2006-07-11",
        "oslanduse_evidencedate": "2006-07-11",
        "relativeheightroofbase": 4.8,
        "versionavailabletodate": null,
        "firstdigitalcapturedate": "1988-05-16",
        "description_evidencedate": "2006-07-11",
        "oslandcover_evidencedate": "2006-07-11",
        "versionavailablefromdate": "2025-02-06T00:00:00Z"
      }
    },
    {
      "id": "514efa05-7d54-41b5-b773-24971e00375d",
      "type": "Feature",
      "geometry": {
        "type": "Polygon",
        "coordinates": [
          [
            [
              -1.466192,
              50.9402228
            ],
            [
              -1.4662608,
              50.9402821
            ],
            [
              -1.4663605,
              50.9402359
            ],
            [
              -1.4663221,
              50.9402028
            ],
            [
              -1.466342,
              50.9401936
            ],
            [
              -1.4663138,
              50.9401692
            ],
            [
              -1.4663116,
              50.9401673
            ],
            [
              -1.466192,
              50.9402228
            ]
          ]
        ]
      },
      "properties": {
        "osid": "514efa05-7d54-41b5-b773-24971e00375d",
        "toid": "osgb5000005227734212",
        "theme": "Buildings",
        "changetype": "Modified Attributes",
        "isobscured": false,
        "description": "Building",
        "versiondate": "2025-02-05",
        "geometry_area": 77.399077,
        "height_source": "Ordnance Survey",
        "physicallevel": "Surface Level",
        "oslandusetiera": "Residential Accommodation",
        "oslandusetierb": [
          "Private Residence"
        ],
        "geometry_source": "Ordnance Survey",
        "oslandcovertiera": "Constructed",
        "oslandcovertierb": [
          "Building"
        ],
        "oslanduse_source": "Ordnance Survey",
        "height_updatedate": "2025-01-17",
        "description_source": "Ordnance Survey",
        "oslandcover_source": "Ordnance Survey",
        "associatedstructure": null,
        "geometry_updatedate": "2018-07-09",
        "height_evidencedate": "2024-06-20",
        "capturespecification": "Urban",
        "oslanduse_updatedate": "2018-04-30",
        "absoluteheightmaximum": 29.6,
        "absoluteheightminimum": 21.5,
        "geometry_evidencedate": "2018-07-09",
        "heightconfidencelevel": "Moderate",
        "relativeheightmaximum": 8.1,
        "absoluteheightroofbase": 27.2,
        "description_updatedate": "2018-04-30",
        "oslandcover_updatedate": "2018-04-30",
        "oslanduse_evidencedate": "2018-04-30",
        "relativeheightroofbase": 5.7,
        "versionavailabletodate": null,
        "firstdigitalcapturedate": "2018-04-30",
        "description_evidencedate": "2018-04-30",
        "oslandcover_evidencedate": "2018-04-30",
        "versionavailablefromdate": "2025-02-06T00:00:00Z"
      }
    },
    {
      "id": "5162f0ae-a40c-44bf-9eb0-b91f96336203",
      "type": "Feature",
      "geometry": {
        "type": "Polygon",
        "coordinates": [
          [
            [
              -1.4678262,
              50.9365219
            ],
            [
              -1.4678175,
              50.9365249
            ],
            [
              -1.4677891,
              50.9365347
            ],
            [
              -1.4678079,
              50.9365565
            ],
            [
              -1.4678399,
              50.9365454
            ],
            [
              -1.467845,
              50.9365437
            ],
            [
              -1.4678262,
              50.9365219
            ]
          ]
        ]
      },
      "properties": {
        "osid": "5162f0ae-a40c-44bf-9eb0-b91f96336203",
        "toid": "osgb5000005203977140",
        "theme": "Buildings",
        "changetype": "Modified Attributes",
        "isobscured": false,
        "description": "Building",
        "versiondate": "2025-02-05",
        "geometry_area": 8.208665,
        "height_source": "Ordnance Survey",
        "physicallevel": "Surface Level",
        "oslandusetiera": "Residential Accommodation",
        "oslandusetierb": [
          "Private Residence"
        ],
        "geometry_source": "Ordnance Survey",
        "oslandcovertiera": "Constructed",
        "oslandcovertierb": [
          "Building"
        ],
        "oslanduse_source": "Ordnance Survey",
        "height_updatedate": "2025-01-17",
        "description_source": "Ordnance Survey",
        "oslandcover_source": "Ordnance Survey",
        "associatedstructure": null,
        "geometry_updatedate": "2017-04-19",
        "height_evidencedate": "2024-06-20",
        "capturespecification": "Urban",
        "oslanduse_updatedate": "2017-04-19",
        "absoluteheightmaximum": null,
        "absoluteheightminimum": 12.2,
        "geometry_evidencedate": "2016-08-12",
        "heightconfidencelevel": "Incomplete",
        "relativeheightmaximum": null,
        "absoluteheightroofbase": null,
        "description_updatedate": "2017-04-19",
        "oslandcover_updatedate": "2017-04-19",
        "oslanduse_evidencedate": "2016-08-12",
        "relativeheightroofbase": null,
        "versionavailabletodate": null,
        "firstdigitalcapturedate": "2017-05-04",
        "description_evidencedate": "2016-08-12",
        "oslandcover_evidencedate": "2016-08-12",
        "versionavailablefromdate": "2025-02-06T00:00:00Z"
      }
    },
    {
      "id": "51e341f0-56c1-43f9-82f1-c3a85a4de905",
      "type": "Feature",
      "geometry": {
        "type": "Polygon",
        "coordinates": [
          [
            [
              -1.4656635,
              50.9375257
            ],
            [
              -1.4657044,
              50.937556
            ],
            [
              -1.4657846,
              50.9375124
            ],
            [
              -1.4656985,
              50.9374508
            ],
            [
              -1.4656541,
              50.9374758
            ],
            [
              -1.4656979,
              50.937507
            ],
            [
              -1.4656635,
              50.9375257
            ]
          ]
        ]
      },
      "properties": {
        "osid": "51e341f0-56c1-43f9-82f1-c3a85a4de905",
        "toid": "osgb1000016342781",
        "theme": "Buildings",
        "changetype": "Modified Attributes",
        "isobscured": false,
        "description": "Building",
        "versiondate": "2025-02-05",
        "geometry_area": 52.3,
        "height_source": "Ordnance Survey",
        "physicallevel": "Surface Level",
        "oslandusetiera": "Residential Accommodation",
        "oslandusetierb": [
          "Private Residence"
        ],
        "geometry_source": "Ordnance Survey",
        "oslandcovertiera": "Constructed",
        "oslandcovertierb": [
          "Building"
        ],
        "oslanduse_source": "Ordnance Survey",
        "height_updatedate": "2025-01-17",
        "description_source": "Ordnance Survey",
        "oslandcover_source": "Ordnance Survey",
        "associatedstructure": null,
        "geometry_updatedate": "2004-04-13",
        "height_evidencedate": "2024-06-20",
        "capturespecification": "Urban",
        "oslanduse_updatedate": "2004-04-13",
        "absoluteheightmaximum": 25.5,
        "absoluteheightminimum": 17.8,
        "geometry_evidencedate": "2004-04-13",
        "heightconfidencelevel": "Moderate",
        "relativeheightmaximum": 7.7,
        "absoluteheightroofbase": 23.3,
        "description_updatedate": "2004-04-13",
        "oslandcover_updatedate": "2004-04-13",
        "oslanduse_evidencedate": "2004-04-13",
        "relativeheightroofbase": 5.5,
        "versionavailabletodate": null,
        "firstdigitalcapturedate": "1988-05-16",
        "description_evidencedate": "2004-04-13",
        "oslandcover_evidencedate": "2004-04-13",
        "versionavailablefromdate": "2025-02-06T00:00:00Z"
      }
    },
    {
      "id": "51f06f4a-0316-4630-9c75-5aedfaf22170",
      "type": "Feature",
      "geometry": {
        "type": "Polygon",
        "coordinates": [
          [
            [
              -1.4668765,
              50.9376136
            ],
            [
              -1.4668136,
              50.9376398
            ],
            [
              -1.4668783,
              50.9377021
            ],
            [
              -1.4669412,
              50.9376759
            ],
            [
              -1.4668765,
              50.9376136
            ]
          ]
        ]
      },
      "properties": {
        "osid": "51f06f4a-0316-4630-9c75-5aedfaf22170",
        "toid": "osgb1000016342760",
        "theme": "Buildings",
        "changetype": "Modified Attributes",
        "isobscured": false,
        "description": "Building",
        "versiondate": "2025-02-05",
        "geometry_area": 43.93,
        "height_source": "Ordnance Survey",
        "physicallevel": "Surface Level",
        "oslandusetiera": "Residential Accommodation",
        "oslandusetierb": [
          "Private Residence"
        ],
        "geometry_source": "Ordnance Survey",
        "oslandcovertiera": "Constructed",
        "oslandcovertierb": [
          "Building"
        ],
        "oslanduse_source": "Ordnance Survey",
        "height_updatedate": "2025-01-17",
        "description_source": "Ordnance Survey",
        "oslandcover_source": "Ordnance Survey",
        "associatedstructure": null,
        "geometry_updatedate": "2004-04-13",
        "height_evidencedate": "2024-06-20",
        "capturespecification": "Urban",
        "oslanduse_updatedate": "2004-04-13",
        "absoluteheightmaximum": 22.7,
        "absoluteheightminimum": 15.8,
        "geometry_evidencedate": "2004-04-13",
        "heightconfidencelevel": "Moderate",
        "relativeheightmaximum": 6.9,
        "absoluteheightroofbase": 22.1,
        "description_updatedate": "2004-04-13",
        "oslandcover_updatedate": "2004-04-13",
        "oslanduse_evidencedate": "2004-04-13",
        "relativeheightroofbase": 6.3,
        "versionavailabletodate": null,
        "firstdigitalcapturedate": "1988-05-16",
        "description_evidencedate": "2004-04-13",
        "oslandcover_evidencedate": "2004-04-13",
        "versionavailablefromdate": "2025-02-06T00:00:00Z"
      }
    },
    {
      "id": "525bfc7f-95ac-4e49-afa2-3ca824059e90",
      "type": "Feature",
      "geometry": {
        "type": "Polygon",
        "coordinates": [
          [
            [
              -1.4670922,
              50.9389685
            ],
            [
              -1.4671294,
              50.9390029
            ],
            [
              -1.4672313,
              50.938959
            ],
            [
              -1.4671941,
              50.9389245
            ],
            [
              -1.4670922,
              50.9389685
            ]
          ]
        ]
      },
      "properties": {
        "osid": "525bfc7f-95ac-4e49-afa2-3ca824059e90",
        "toid": "osgb5000005244788292",
        "theme": "Buildings",
        "changetype": "Modified Attributes",
        "isobscured": false,
        "description": "Building",
        "versiondate": "2025-02-05",
        "geometry_area": 40.2493,
        "height_source": "Ordnance Survey",
        "physicallevel": "Surface Level",
        "oslandusetiera": "Residential Accommodation",
        "oslandusetierb": [
          "Private Residence"
        ],
        "geometry_source": "Ordnance Survey",
        "oslandcovertiera": "Constructed",
        "oslandcovertierb": [
          "Building"
        ],
        "oslanduse_source": "Ordnance Survey",
        "height_updatedate": "2025-01-17",
        "description_source": "Ordnance Survey",
        "oslandcover_source": "Ordnance Survey",
        "associatedstructure": null,
        "geometry_updatedate": "2019-04-08",
        "height_evidencedate": "2024-06-20",
        "capturespecification": "Urban",
        "oslanduse_updatedate": "2019-04-09",
        "absoluteheightmaximum": 26.1,
        "absoluteheightminimum": 17.5,
        "geometry_evidencedate": "2019-04-08",
        "heightconfidencelevel": "Moderate",
        "relativeheightmaximum": 8.6,
        "absoluteheightroofbase": 23.3,
        "description_updatedate": "2019-04-09",
        "oslandcover_updatedate": "2019-04-09",
        "oslanduse_evidencedate": "2019-04-09",
        "relativeheightroofbase": 5.8,
        "versionavailabletodate": null,
        "firstdigitalcapturedate": "2019-04-09",
        "description_evidencedate": "2019-04-09",
        "oslandcover_evidencedate": "2019-04-09",
        "versionavailablefromdate": "2025-02-06T00:00:00Z"
      }
    },
    {
      "id": "52d310e3-a2f4-4142-9c18-4dde369f4725",
      "type": "Feature",
      "geometry": {
        "type": "Polygon",
        "coordinates": [
          [
            [
              -1.4674845,
              50.9366368
            ],
            [
              -1.4674977,
              50.9366466
            ],
            [
              -1.4674687,
              50.9366622
            ],
            [
              -1.4675146,
              50.9366965
            ],
            [
              -1.4675087,
              50.9366997
            ],
            [
              -1.4675495,
              50.9367302
            ],
            [
              -1.4675553,
              50.9367271
            ],
            [
              -1.4676391,
              50.9366825
            ],
            [
              -1.4676365,
              50.9366805
            ],
            [
              -1.4675984,
              50.936652
            ],
            [
              -1.4675511,
              50.936618
            ],
            [
              -1.4675241,
              50.9366325
            ],
            [
              -1.4675109,
              50.9366227
            ],
            [
              -1.4674845,
              50.9366368
            ]
          ]
        ]
      },
      "properties": {
        "osid": "52d310e3-a2f4-4142-9c18-4dde369f4725",
        "toid": "osgb5000005203977221",
        "theme": "Buildings",
        "changetype": "Modified Attributes",
        "isobscured": false,
        "description": "Building",
        "versiondate": "2025-02-05",
        "geometry_area": 78.365807,
        "height_source": "Ordnance Survey",
        "physicallevel": "Surface Level",
        "oslandusetiera": "Residential Accommodation",
        "oslandusetierb": [
          "Private Residence"
        ],
        "geometry_source": "Ordnance Survey",
        "oslandcovertiera": "Constructed",
        "oslandcovertierb": [
          "Building"
        ],
        "oslanduse_source": "Ordnance Survey",
        "height_updatedate": "2025-01-17",
        "description_source": "Ordnance Survey",
        "oslandcover_source": "Ordnance Survey",
        "associatedstructure": null,
        "geometry_updatedate": "2017-04-21",
        "height_evidencedate": "2024-06-20",
        "capturespecification": "Urban",
        "oslanduse_updatedate": "2017-04-21",
        "absoluteheightmaximum": 20,
        "absoluteheightminimum": 12.5,
        "geometry_evidencedate": "2016-08-12",
        "heightconfidencelevel": "Moderate",
        "relativeheightmaximum": 7.5,
        "absoluteheightroofbase": 18.6,
        "description_updatedate": "2017-04-21",
        "oslandcover_updatedate": "2017-04-21",
        "oslanduse_evidencedate": "2016-08-12",
        "relativeheightroofbase": 6.1,
        "versionavailabletodate": null,
        "firstdigitalcapturedate": "2017-05-04",
        "description_evidencedate": "2016-08-12",
        "oslandcover_evidencedate": "2016-08-12",
        "versionavailablefromdate": "2025-02-06T00:00:00Z"
      }
    },
    {
      "id": "531c180e-0229-434e-9187-cedfa7fbed60",
      "type": "Feature",
      "geometry": {
        "type": "Polygon",
        "coordinates": [
          [
            [
              -1.4660056,
              50.9372348
            ],
            [
              -1.4660445,
              50.9372171
            ],
            [
              -1.4660036,
              50.9371812
            ],
            [
              -1.4659646,
              50.9371988
            ],
            [
              -1.4660056,
              50.9372348
            ]
          ]
        ]
      },
      "properties": {
        "osid": "531c180e-0229-434e-9187-cedfa7fbed60",
        "toid": "osgb5000005203977315",
        "theme": "Buildings",
        "changetype": "Modified Attributes",
        "isobscured": false,
        "description": "Building",
        "versiondate": "2025-02-05",
        "geometry_area": 16.601447,
        "height_source": "Ordnance Survey",
        "physicallevel": "Surface Level",
        "oslandusetiera": "Residential Accommodation",
        "oslandusetierb": [
          "Private Residence"
        ],
        "geometry_source": "Ordnance Survey",
        "oslandcovertiera": "Constructed",
        "oslandcovertierb": [
          "Building"
        ],
        "oslanduse_source": "Ordnance Survey",
        "height_updatedate": "2025-01-17",
        "description_source": "Ordnance Survey",
        "oslandcover_source": "Ordnance Survey",
        "associatedstructure": null,
        "geometry_updatedate": "2017-04-21",
        "height_evidencedate": "2024-06-20",
        "capturespecification": "Urban",
        "oslanduse_updatedate": "2017-04-21",
        "absoluteheightmaximum": 19.5,
        "absoluteheightminimum": 16.4,
        "geometry_evidencedate": "2016-08-12",
        "heightconfidencelevel": "Moderate",
        "relativeheightmaximum": 3.1,
        "absoluteheightroofbase": 18.6,
        "description_updatedate": "2017-04-21",
        "oslandcover_updatedate": "2017-04-21",
        "oslanduse_evidencedate": "2016-08-12",
        "relativeheightroofbase": 2.2,
        "versionavailabletodate": null,
        "firstdigitalcapturedate": "2017-05-04",
        "description_evidencedate": "2016-08-12",
        "oslandcover_evidencedate": "2016-08-12",
        "versionavailablefromdate": "2025-02-06T00:00:00Z"
      }
    },
    {
      "id": "53c1b154-58e7-492b-b37d-a6e9562e0adc",
      "type": "Feature",
      "geometry": {
        "type": "Polygon",
        "coordinates": [
          [
            [
              -1.4711509,
              50.9361436
            ],
            [
              -1.4711191,
              50.9361497
            ],
            [
              -1.4711399,
              50.9362002
            ],
            [
              -1.4711454,
              50.936211
            ],
            [
              -1.4711795,
              50.9362065
            ],
            [
              -1.4711509,
              50.9361436
            ]
          ]
        ]
      },
      "properties": {
        "osid": "53c1b154-58e7-492b-b37d-a6e9562e0adc",
        "toid": "osgb1000016343248",
        "theme": "Buildings",
        "changetype": "Modified Attributes",
        "isobscured": false,
        "description": "Building",
        "versiondate": "2025-02-05",
        "geometry_area": 17.3437,
        "height_source": "Ordnance Survey",
        "physicallevel": "Surface Level",
        "oslandusetiera": "Residential Accommodation",
        "oslandusetierb": [
          "Private Residence"
        ],
        "geometry_source": "Ordnance Survey",
        "oslandcovertiera": "Constructed",
        "oslandcovertierb": [
          "Building"
        ],
        "oslanduse_source": "Ordnance Survey",
        "height_updatedate": "2025-01-17",
        "description_source": "Ordnance Survey",
        "oslandcover_source": "Ordnance Survey",
        "associatedstructure": null,
        "geometry_updatedate": "2004-02-10",
        "height_evidencedate": "2024-06-20",
        "capturespecification": "Urban",
        "oslanduse_updatedate": "2004-02-10",
        "absoluteheightmaximum": null,
        "absoluteheightminimum": 10.5,
        "geometry_evidencedate": "2004-02-10",
        "heightconfidencelevel": "Incomplete",
        "relativeheightmaximum": null,
        "absoluteheightroofbase": null,
        "description_updatedate": "2004-02-10",
        "oslandcover_updatedate": "2004-02-10",
        "oslanduse_evidencedate": "2004-02-10",
        "relativeheightroofbase": null,
        "versionavailabletodate": null,
        "firstdigitalcapturedate": "1988-07-28",
        "description_evidencedate": "2004-02-10",
        "oslandcover_evidencedate": "2004-02-10",
        "versionavailablefromdate": "2025-02-06T00:00:00Z"
      }
    },
    {
      "id": "53f69c00-0fb8-4021-9265-bac0d3105332",
      "type": "Feature",
      "geometry": {
        "type": "Polygon",
        "coordinates": [
          [
            [
              -1.4649708,
              50.9399912
            ],
            [
              -1.4649136,
              50.9399697
            ],
            [
              -1.4648508,
              50.9400361
            ],
            [
              -1.4649081,
              50.9400577
            ],
            [
              -1.4649708,
              50.9399912
            ]
          ]
        ]
      },
      "properties": {
        "osid": "53f69c00-0fb8-4021-9265-bac0d3105332",
        "toid": "osgb5000005227734214",
        "theme": "Buildings",
        "changetype": "Modified Attributes",
        "isobscured": false,
        "description": "Building",
        "versiondate": "2025-02-05",
        "geometry_area": 40.285643,
        "height_source": "Ordnance Survey",
        "physicallevel": "Surface Level",
        "oslandusetiera": "Residential Accommodation",
        "oslandusetierb": [
          "Private Residence"
        ],
        "geometry_source": "Ordnance Survey",
        "oslandcovertiera": "Constructed",
        "oslandcovertierb": [
          "Building"
        ],
        "oslanduse_source": "Ordnance Survey",
        "height_updatedate": "2025-01-17",
        "description_source": "Ordnance Survey",
        "oslandcover_source": "Ordnance Survey",
        "associatedstructure": null,
        "geometry_updatedate": "2018-04-30",
        "height_evidencedate": "2024-06-20",
        "capturespecification": "Urban",
        "oslanduse_updatedate": "2018-04-30",
        "absoluteheightmaximum": 31.7,
        "absoluteheightminimum": 23.9,
        "geometry_evidencedate": "2018-04-30",
        "heightconfidencelevel": "Moderate",
        "relativeheightmaximum": 7.8,
        "absoluteheightroofbase": 29.8,
        "description_updatedate": "2018-04-30",
        "oslandcover_updatedate": "2018-04-30",
        "oslanduse_evidencedate": "2018-04-30",
        "relativeheightroofbase": 5.9,
        "versionavailabletodate": null,
        "firstdigitalcapturedate": "2018-04-30",
        "description_evidencedate": "2018-04-30",
        "oslandcover_evidencedate": "2018-04-30",
        "versionavailablefromdate": "2025-02-06T00:00:00Z"
      }
    },
    {
      "id": "5436debb-89a8-4876-a19b-e418121533c6",
      "type": "Feature",
      "geometry": {
        "type": "Polygon",
        "coordinates": [
          [
            [
              -1.4639808,
              50.9408595
            ],
            [
              -1.4640527,
              50.9408919
            ],
            [
              -1.4640806,
              50.9408673
            ],
            [
              -1.4640151,
              50.9408377
            ],
            [
              -1.4640087,
              50.9408348
            ],
            [
              -1.4639808,
              50.9408595
            ]
          ]
        ]
      },
      "properties": {
        "osid": "5436debb-89a8-4876-a19b-e418121533c6",
        "toid": "osgb5000005198749587",
        "theme": "Buildings",
        "changetype": "Modified Attributes",
        "isobscured": false,
        "description": "Building",
        "versiondate": "2025-02-05",
        "geometry_area": 20.936059,
        "height_source": "Ordnance Survey",
        "physicallevel": "Surface Level",
        "oslandusetiera": "Residential Accommodation",
        "oslandusetierb": [
          "Private Residence"
        ],
        "geometry_source": "Ordnance Survey",
        "oslandcovertiera": "Constructed",
        "oslandcovertierb": [
          "Building"
        ],
        "oslanduse_source": "Ordnance Survey",
        "height_updatedate": "2025-01-17",
        "description_source": "Ordnance Survey",
        "oslandcover_source": "Ordnance Survey",
        "associatedstructure": null,
        "geometry_updatedate": "2017-08-04",
        "height_evidencedate": "2024-06-20",
        "capturespecification": "Urban",
        "oslanduse_updatedate": "2017-02-07",
        "absoluteheightmaximum": 27.8,
        "absoluteheightminimum": 24.1,
        "geometry_evidencedate": "2017-08-04",
        "heightconfidencelevel": "Moderate",
        "relativeheightmaximum": 3.7,
        "absoluteheightroofbase": 27.4,
        "description_updatedate": "2017-02-07",
        "oslandcover_updatedate": "2017-02-07",
        "oslanduse_evidencedate": "2017-02-07",
        "relativeheightroofbase": 3.3,
        "versionavailabletodate": null,
        "firstdigitalcapturedate": "2017-02-07",
        "description_evidencedate": "2017-02-07",
        "oslandcover_evidencedate": "2017-02-07",
        "versionavailablefromdate": "2025-02-06T00:00:00Z"
      }
    },
    {
      "id": "556f185a-025f-47c9-a010-93664cba3aeb",
      "type": "Feature",
      "geometry": {
        "type": "Polygon",
        "coordinates": [
          [
            [
              -1.4658963,
              50.9402955
            ],
            [
              -1.4658293,
              50.9403366
            ],
            [
              -1.4659277,
              50.9404007
            ],
            [
              -1.4659948,
              50.9403595
            ],
            [
              -1.4658963,
              50.9402955
            ]
          ]
        ]
      },
      "properties": {
        "osid": "556f185a-025f-47c9-a010-93664cba3aeb",
        "toid": "osgb5000005222257115",
        "theme": "Buildings",
        "changetype": "Modified Attributes",
        "isobscured": false,
        "description": "Building",
        "versiondate": "2025-02-05",
        "geometry_area": 65.204053,
        "height_source": "Ordnance Survey",
        "physicallevel": "Surface Level",
        "oslandusetiera": "Residential Accommodation",
        "oslandusetierb": [
          "Private Residence"
        ],
        "geometry_source": "Ordnance Survey",
        "oslandcovertiera": "Constructed",
        "oslandcovertierb": [
          "Building"
        ],
        "oslanduse_source": "Ordnance Survey",
        "height_updatedate": "2025-01-17",
        "description_source": "Ordnance Survey",
        "oslandcover_source": "Ordnance Survey",
        "associatedstructure": null,
        "geometry_updatedate": "2018-02-08",
        "height_evidencedate": "2024-06-20",
        "capturespecification": "Urban",
        "oslanduse_updatedate": "2018-02-08",
        "absoluteheightmaximum": 30.2,
        "absoluteheightminimum": 21.5,
        "geometry_evidencedate": "2018-02-08",
        "heightconfidencelevel": "Moderate",
        "relativeheightmaximum": 8.7,
        "absoluteheightroofbase": 25.9,
        "description_updatedate": "2018-02-08",
        "oslandcover_updatedate": "2018-02-08",
        "oslanduse_evidencedate": "2018-02-08",
        "relativeheightroofbase": 4.4,
        "versionavailabletodate": null,
        "firstdigitalcapturedate": "2018-02-09",
        "description_evidencedate": "2018-02-08",
        "oslandcover_evidencedate": "2018-02-08",
        "versionavailablefromdate": "2025-02-06T00:00:00Z"
      }
    },
    {
      "id": "5595d439-0ee0-4bfd-88ad-24b5b6c3b310",
      "type": "Feature",
      "geometry": {
        "type": "Polygon",
        "coordinates": [
          [
            [
              -1.4673796,
              50.937951
            ],
            [
              -1.4673,
              50.9379608
            ],
            [
              -1.4673107,
              50.9380009
            ],
            [
              -1.4672696,
              50.9380053
            ],
            [
              -1.4672789,
              50.9380404
            ],
            [
              -1.4673201,
              50.938036
            ],
            [
              -1.4673999,
              50.938027
            ],
            [
              -1.4673796,
              50.937951
            ]
          ]
        ]
      },
      "properties": {
        "osid": "5595d439-0ee0-4bfd-88ad-24b5b6c3b310",
        "toid": "osgb1000016342662",
        "theme": "Buildings",
        "changetype": "Modified Attributes",
        "isobscured": false,
        "description": "Building",
        "versiondate": "2025-02-05",
        "geometry_area": 60.139009,
        "height_source": "Ordnance Survey",
        "physicallevel": "Surface Level",
        "oslandusetiera": "Residential Accommodation",
        "oslandusetierb": [
          "Private Residence"
        ],
        "geometry_source": "Ordnance Survey",
        "oslandcovertiera": "Constructed",
        "oslandcovertierb": [
          "Building"
        ],
        "oslanduse_source": "Ordnance Survey",
        "height_updatedate": "2025-01-17",
        "description_source": "Ordnance Survey",
        "oslandcover_source": "Ordnance Survey",
        "associatedstructure": null,
        "geometry_updatedate": "2019-12-29",
        "height_evidencedate": "2024-06-20",
        "capturespecification": "Urban",
        "oslanduse_updatedate": "2004-02-10",
        "absoluteheightmaximum": 21.4,
        "absoluteheightminimum": 14.6,
        "geometry_evidencedate": "2019-06-28",
        "heightconfidencelevel": "Moderate",
        "relativeheightmaximum": 6.8,
        "absoluteheightroofbase": 19.7,
        "description_updatedate": "2004-02-10",
        "oslandcover_updatedate": "2004-02-10",
        "oslanduse_evidencedate": "2004-02-10",
        "relativeheightroofbase": 5.1,
        "versionavailabletodate": null,
        "firstdigitalcapturedate": "1988-07-28",
        "description_evidencedate": "2004-02-10",
        "oslandcover_evidencedate": "2004-02-10",
        "versionavailablefromdate": "2025-02-06T00:00:00Z"
      }
    },
    {
      "id": "5643570d-ee9b-4f9e-b93c-c6c7247f7d35",
      "type": "Feature",
      "geometry": {
        "type": "Polygon",
        "coordinates": [
          [
            [
              -1.4663967,
              50.9369423
            ],
            [
              -1.4662893,
              50.9369423
            ],
            [
              -1.4662885,
              50.937007
            ],
            [
              -1.4663967,
              50.937008
            ],
            [
              -1.4663967,
              50.9369423
            ]
          ]
        ]
      },
      "properties": {
        "osid": "5643570d-ee9b-4f9e-b93c-c6c7247f7d35",
        "toid": "osgb1000016342790",
        "theme": "Buildings",
        "changetype": "Modified Attributes",
        "isobscured": false,
        "description": "Building",
        "versiondate": "2025-02-05",
        "geometry_area": 54.91875,
        "height_source": "Ordnance Survey",
        "physicallevel": "Surface Level",
        "oslandusetiera": "Residential Accommodation",
        "oslandusetierb": [
          "Private Residence"
        ],
        "geometry_source": "Ordnance Survey",
        "oslandcovertiera": "Constructed",
        "oslandcovertierb": [
          "Building"
        ],
        "oslanduse_source": "Ordnance Survey",
        "height_updatedate": "2025-01-17",
        "description_source": "Ordnance Survey",
        "oslandcover_source": "Ordnance Survey",
        "associatedstructure": null,
        "geometry_updatedate": "2004-04-13",
        "height_evidencedate": "2024-06-20",
        "capturespecification": "Urban",
        "oslanduse_updatedate": "2004-04-13",
        "absoluteheightmaximum": 22,
        "absoluteheightminimum": 14.5,
        "geometry_evidencedate": "2004-04-13",
        "heightconfidencelevel": "Moderate",
        "relativeheightmaximum": 7.5,
        "absoluteheightroofbase": 20.7,
        "description_updatedate": "2004-04-13",
        "oslandcover_updatedate": "2004-04-13",
        "oslanduse_evidencedate": "2004-04-13",
        "relativeheightroofbase": 6.2,
        "versionavailabletodate": null,
        "firstdigitalcapturedate": "1988-05-16",
        "description_evidencedate": "2004-04-13",
        "oslandcover_evidencedate": "2004-04-13",
        "versionavailablefromdate": "2025-02-06T00:00:00Z"
      }
    },
    {
      "id": "56a2729a-8fb0-42d9-8139-cf4f3723a0b7",
      "type": "Feature",
      "geometry": {
        "type": "Polygon",
        "coordinates": [
          [
            [
              -1.465271,
              50.940525
            ],
            [
              -1.4653236,
              50.9404807
            ],
            [
              -1.4652251,
              50.940434
            ],
            [
              -1.4651724,
              50.9404783
            ],
            [
              -1.465271,
              50.940525
            ]
          ]
        ]
      },
      "properties": {
        "osid": "56a2729a-8fb0-42d9-8139-cf4f3723a0b7",
        "toid": "osgb5000005208860399",
        "theme": "Buildings",
        "changetype": "Modified Attributes",
        "isobscured": false,
        "description": "Building",
        "versiondate": "2025-02-05",
        "geometry_area": 53.34595,
        "height_source": "Ordnance Survey",
        "physicallevel": "Surface Level",
        "oslandusetiera": "Residential Accommodation",
        "oslandusetierb": [
          "Private Residence"
        ],
        "geometry_source": "Ordnance Survey",
        "oslandcovertiera": "Constructed",
        "oslandcovertierb": [
          "Building"
        ],
        "oslanduse_source": "Ordnance Survey",
        "height_updatedate": "2025-01-17",
        "description_source": "Ordnance Survey",
        "oslandcover_source": "Ordnance Survey",
        "associatedstructure": null,
        "geometry_updatedate": "2017-08-04",
        "height_evidencedate": "2024-06-20",
        "capturespecification": "Urban",
        "oslanduse_updatedate": "2017-08-04",
        "absoluteheightmaximum": 31.2,
        "absoluteheightminimum": 22.6,
        "geometry_evidencedate": "2017-08-04",
        "heightconfidencelevel": "Moderate",
        "relativeheightmaximum": 8.6,
        "absoluteheightroofbase": 28.5,
        "description_updatedate": "2017-08-04",
        "oslandcover_updatedate": "2017-08-04",
        "oslanduse_evidencedate": "2017-08-04",
        "relativeheightroofbase": 5.9,
        "versionavailabletodate": null,
        "firstdigitalcapturedate": "2017-08-04",
        "description_evidencedate": "2017-08-04",
        "oslandcover_evidencedate": "2017-08-04",
        "versionavailablefromdate": "2025-02-06T00:00:00Z"
      }
    },
    {
      "id": "56fb75ef-7ad4-47dc-a5a7-afa80b025e0b",
      "type": "Feature",
      "geometry": {
        "type": "Polygon",
        "coordinates": [
          [
            [
              -1.4643648,
              50.9405923
            ],
            [
              -1.4643246,
              50.9405774
            ],
            [
              -1.4642797,
              50.9406255
            ],
            [
              -1.46432,
              50.9406405
            ],
            [
              -1.4643648,
              50.9405923
            ]
          ]
        ]
      },
      "properties": {
        "osid": "56fb75ef-7ad4-47dc-a5a7-afa80b025e0b",
        "toid": "osgb5000005198749592",
        "theme": "Buildings",
        "changetype": "Modified Attributes",
        "isobscured": false,
        "description": "Building",
        "versiondate": "2025-02-05",
        "geometry_area": 20.384076,
        "height_source": "Ordnance Survey",
        "physicallevel": "Surface Level",
        "oslandusetiera": "Residential Accommodation",
        "oslandusetierb": [
          "Private Residence"
        ],
        "geometry_source": "Ordnance Survey",
        "oslandcovertiera": "Constructed",
        "oslandcovertierb": [
          "Building"
        ],
        "oslanduse_source": "Ordnance Survey",
        "height_updatedate": "2025-01-17",
        "description_source": "Ordnance Survey",
        "oslandcover_source": "Ordnance Survey",
        "associatedstructure": null,
        "geometry_updatedate": "2017-02-07",
        "height_evidencedate": "2024-06-20",
        "capturespecification": "Urban",
        "oslanduse_updatedate": "2017-02-07",
        "absoluteheightmaximum": 28.2,
        "absoluteheightminimum": 23.9,
        "geometry_evidencedate": "2017-02-07",
        "heightconfidencelevel": "Moderate",
        "relativeheightmaximum": 4.3,
        "absoluteheightroofbase": 26.5,
        "description_updatedate": "2017-02-07",
        "oslandcover_updatedate": "2017-02-07",
        "oslanduse_evidencedate": "2017-02-07",
        "relativeheightroofbase": 2.6,
        "versionavailabletodate": null,
        "firstdigitalcapturedate": "2017-02-07",
        "description_evidencedate": "2017-02-07",
        "oslandcover_evidencedate": "2017-02-07",
        "versionavailablefromdate": "2025-02-06T00:00:00Z"
      }
    },
    {
      "id": "577c74e4-e4ee-426a-bebb-ca2391c60196",
      "type": "Feature",
      "geometry": {
        "type": "Polygon",
        "coordinates": [
          [
            [
              -1.464587,
              50.9401502
            ],
            [
              -1.4645062,
              50.9401204
            ],
            [
              -1.4644369,
              50.9401954
            ],
            [
              -1.4644872,
              50.9402139
            ],
            [
              -1.4644919,
              50.9402089
            ],
            [
              -1.4645224,
              50.9402202
            ],
            [
              -1.464587,
              50.9401502
            ]
          ]
        ]
      },
      "properties": {
        "osid": "577c74e4-e4ee-426a-bebb-ca2391c60196",
        "toid": "osgb5000005208860424",
        "theme": "Buildings",
        "changetype": "Modified Attributes",
        "isobscured": false,
        "description": "Building",
        "versiondate": "2025-02-05",
        "geometry_area": 61.837787,
        "height_source": "Ordnance Survey",
        "physicallevel": "Surface Level",
        "oslandusetiera": "Residential Accommodation",
        "oslandusetierb": [
          "Private Residence"
        ],
        "geometry_source": "Ordnance Survey",
        "oslandcovertiera": "Constructed",
        "oslandcovertierb": [
          "Building"
        ],
        "oslanduse_source": "Ordnance Survey",
        "height_updatedate": "2025-01-17",
        "description_source": "Ordnance Survey",
        "oslandcover_source": "Ordnance Survey",
        "associatedstructure": null,
        "geometry_updatedate": "2017-08-04",
        "height_evidencedate": "2024-06-20",
        "capturespecification": "Urban",
        "oslanduse_updatedate": "2017-08-04",
        "absoluteheightmaximum": 32.9,
        "absoluteheightminimum": 24.2,
        "geometry_evidencedate": "2017-08-04",
        "heightconfidencelevel": "Moderate",
        "relativeheightmaximum": 8.7,
        "absoluteheightroofbase": 30.1,
        "description_updatedate": "2017-08-04",
        "oslandcover_updatedate": "2017-08-04",
        "oslanduse_evidencedate": "2017-08-04",
        "relativeheightroofbase": 5.9,
        "versionavailabletodate": null,
        "firstdigitalcapturedate": "2017-08-04",
        "description_evidencedate": "2017-08-04",
        "oslandcover_evidencedate": "2017-08-04",
        "versionavailablefromdate": "2025-02-06T00:00:00Z"
      }
    },
    {
      "id": "578ee878-6b05-49f6-91d8-abe757388baf",
      "type": "Feature",
      "geometry": {
        "type": "Polygon",
        "coordinates": [
          [
            [
              -1.4682954,
              50.9339701
            ],
            [
              -1.4682772,
              50.9339722
            ],
            [
              -1.4682266,
              50.9339778
            ],
            [
              -1.4682263,
              50.9339778
            ],
            [
              -1.4681995,
              50.9339808
            ],
            [
              -1.4682053,
              50.9340016
            ],
            [
              -1.4682124,
              50.9340268
            ],
            [
              -1.4679052,
              50.9340644
            ],
            [
              -1.4679144,
              50.9340946
            ],
            [
              -1.468318,
              50.9340451
            ],
            [
              -1.4683087,
              50.934015
            ],
            [
              -1.4683021,
              50.9339926
            ],
            [
              -1.4682954,
              50.9339701
            ]
          ]
        ]
      },
      "properties": {
        "osid": "578ee878-6b05-49f6-91d8-abe757388baf",
        "toid": "osgb5000005350267469",
        "theme": "Buildings",
        "changetype": "New",
        "isobscured": false,
        "description": "Building",
        "versiondate": "2025-10-03",
        "geometry_area": 133.876308,
        "height_source": "Ordnance Survey",
        "physicallevel": "Surface Level",
        "oslandusetiera": "Medical Or Health Care",
        "oslandusetierb": [],
        "geometry_source": "Ordnance Survey",
        "oslandcovertiera": "Constructed",
        "oslandcovertierb": [
          "Building"
        ],
        "oslanduse_source": "Ordnance Survey",
        "height_updatedate": "2025-10-03",
        "description_source": "Ordnance Survey",
        "oslandcover_source": "Ordnance Survey",
        "associatedstructure": null,
        "geometry_updatedate": "2025-10-02",
        "height_evidencedate": "2024-06-20",
        "capturespecification": "Urban",
        "oslanduse_updatedate": "2025-10-02",
        "absoluteheightmaximum": null,
        "absoluteheightminimum": 10.9,
        "geometry_evidencedate": "2025-10-02",
        "heightconfidencelevel": "Incomplete",
        "relativeheightmaximum": null,
        "absoluteheightroofbase": null,
        "description_updatedate": "2025-10-02",
        "oslandcover_updatedate": "2025-10-02",
        "oslanduse_evidencedate": "2025-10-02",
        "relativeheightroofbase": null,
        "versionavailabletodate": null,
        "firstdigitalcapturedate": "2025-10-02",
        "description_evidencedate": "2025-10-02",
        "oslandcover_evidencedate": "2025-10-02",
        "versionavailablefromdate": "2025-10-04T00:00:00Z"
      }
    },
    {
      "id": "57fb4e42-4493-47a0-accc-17aa0c2fade1",
      "type": "Feature",
      "geometry": {
        "type": "Polygon",
        "coordinates": [
          [
            [
              -1.4678535,
              50.9378006
            ],
            [
              -1.4678168,
              50.9378883
            ],
            [
              -1.4678945,
              50.9379023
            ],
            [
              -1.4679446,
              50.9379036
            ],
            [
              -1.4679575,
              50.9378726
            ],
            [
              -1.4679306,
              50.9378681
            ],
            [
              -1.4679341,
              50.9378598
            ],
            [
              -1.4679137,
              50.9378563
            ],
            [
              -1.4679235,
              50.9378328
            ],
            [
              -1.4679405,
              50.9378356
            ],
            [
              -1.4679523,
              50.9378073
            ],
            [
              -1.4679354,
              50.9378045
            ],
            [
              -1.4678573,
              50.9377915
            ],
            [
              -1.4678535,
              50.9378006
            ]
          ]
        ]
      },
      "properties": {
        "osid": "57fb4e42-4493-47a0-accc-17aa0c2fade1",
        "toid": "osgb1000016342688",
        "theme": "Buildings",
        "changetype": "Modified Attributes",
        "isobscured": false,
        "description": "Building",
        "versiondate": "2025-02-05",
        "geometry_area": 82.475654,
        "height_source": "Ordnance Survey",
        "physicallevel": "Surface Level",
        "oslandusetiera": "Residential Accommodation",
        "oslandusetierb": [
          "Private Residence"
        ],
        "geometry_source": "Ordnance Survey",
        "oslandcovertiera": "Constructed",
        "oslandcovertierb": [
          "Building"
        ],
        "oslanduse_source": "Ordnance Survey",
        "height_updatedate": "2025-01-17",
        "description_source": "Ordnance Survey",
        "oslandcover_source": "Ordnance Survey",
        "associatedstructure": null,
        "geometry_updatedate": "2017-04-19",
        "height_evidencedate": "2024-06-20",
        "capturespecification": "Urban",
        "oslanduse_updatedate": "2006-12-14",
        "absoluteheightmaximum": 20.3,
        "absoluteheightminimum": 13.2,
        "geometry_evidencedate": "2016-08-12",
        "heightconfidencelevel": "Moderate",
        "relativeheightmaximum": 7.1,
        "absoluteheightroofbase": 18.3,
        "description_updatedate": "2006-12-14",
        "oslandcover_updatedate": "2006-12-14",
        "oslanduse_evidencedate": "2006-12-14",
        "relativeheightroofbase": 5.1,
        "versionavailabletodate": null,
        "firstdigitalcapturedate": "1991-09-01",
        "description_evidencedate": "2006-12-14",
        "oslandcover_evidencedate": "2006-12-14",
        "versionavailablefromdate": "2025-02-06T00:00:00Z"
      }
    },
    {
      "id": "5856f4fa-16c6-4f22-80ff-ac623e1e139f",
      "type": "Feature",
      "geometry": {
        "type": "Polygon",
        "coordinates": [
          [
            [
              -1.4669403,
              50.9371373
            ],
            [
              -1.4668759,
              50.9371639
            ],
            [
              -1.4669393,
              50.9372231
            ],
            [
              -1.4670022,
              50.937196
            ],
            [
              -1.4669403,
              50.9371373
            ]
          ]
        ]
      },
      "properties": {
        "osid": "5856f4fa-16c6-4f22-80ff-ac623e1e139f",
        "toid": "osgb1000016342759",
        "theme": "Buildings",
        "changetype": "Modified Attributes",
        "isobscured": false,
        "description": "Building",
        "versiondate": "2025-02-05",
        "geometry_area": 42.4975,
        "height_source": "Ordnance Survey",
        "physicallevel": "Surface Level",
        "oslandusetiera": "Residential Accommodation",
        "oslandusetierb": [
          "Private Residence"
        ],
        "geometry_source": "Ordnance Survey",
        "oslandcovertiera": "Constructed",
        "oslandcovertierb": [
          "Building"
        ],
        "oslanduse_source": "Ordnance Survey",
        "height_updatedate": "2025-01-17",
        "description_source": "Ordnance Survey",
        "oslandcover_source": "Ordnance Survey",
        "associatedstructure": null,
        "geometry_updatedate": "2006-07-11",
        "height_evidencedate": "2024-06-20",
        "capturespecification": "Urban",
        "oslanduse_updatedate": "2006-07-11",
        "absoluteheightmaximum": 21,
        "absoluteheightminimum": 14.2,
        "geometry_evidencedate": "2006-07-11",
        "heightconfidencelevel": "Moderate",
        "relativeheightmaximum": 6.8,
        "absoluteheightroofbase": 19.2,
        "description_updatedate": "2006-07-11",
        "oslandcover_updatedate": "2006-07-11",
        "oslanduse_evidencedate": "2006-07-11",
        "relativeheightroofbase": 5,
        "versionavailabletodate": null,
        "firstdigitalcapturedate": "1988-05-16",
        "description_evidencedate": "2006-07-11",
        "oslandcover_evidencedate": "2006-07-11",
        "versionavailablefromdate": "2025-02-06T00:00:00Z"
      }
    },
    {
      "id": "587eb277-9d87-4a5a-8aa7-70c9c80c5798",
      "type": "Feature",
      "geometry": {
        "type": "Polygon",
        "coordinates": [
          [
            [
              -1.4680989,
              50.9372522
            ],
            [
              -1.4680699,
              50.9372935
            ],
            [
              -1.4680997,
              50.9373008
            ],
            [
              -1.4681273,
              50.9372596
            ],
            [
              -1.4680989,
              50.9372522
            ]
          ]
        ]
      },
      "properties": {
        "osid": "587eb277-9d87-4a5a-8aa7-70c9c80c5798",
        "toid": "osgb1000016343213",
        "theme": "Buildings",
        "changetype": "Modified Attributes",
        "isobscured": false,
        "description": "Building",
        "versiondate": "2025-02-05",
        "geometry_area": 10.99,
        "height_source": "Ordnance Survey",
        "physicallevel": "Surface Level",
        "oslandusetiera": "Residential Accommodation",
        "oslandusetierb": [
          "Private Residence"
        ],
        "geometry_source": "Ordnance Survey",
        "oslandcovertiera": "Constructed",
        "oslandcovertierb": [
          "Building"
        ],
        "oslanduse_source": "Ordnance Survey",
        "height_updatedate": "2025-01-17",
        "description_source": "Ordnance Survey",
        "oslandcover_source": "Ordnance Survey",
        "associatedstructure": null,
        "geometry_updatedate": "2004-02-10",
        "height_evidencedate": "2024-06-20",
        "capturespecification": "Urban",
        "oslanduse_updatedate": "2004-02-10",
        "absoluteheightmaximum": null,
        "absoluteheightminimum": 12.8,
        "geometry_evidencedate": "2004-02-10",
        "heightconfidencelevel": "Incomplete",
        "relativeheightmaximum": null,
        "absoluteheightroofbase": null,
        "description_updatedate": "2004-02-10",
        "oslandcover_updatedate": "2004-02-10",
        "oslanduse_evidencedate": "2004-02-10",
        "relativeheightroofbase": null,
        "versionavailabletodate": null,
        "firstdigitalcapturedate": "1988-07-28",
        "description_evidencedate": "2004-02-10",
        "oslandcover_evidencedate": "2004-02-10",
        "versionavailablefromdate": "2025-02-06T00:00:00Z"
      }
    },
    {
      "id": "596a5470-10da-4bf2-8464-a3e1d5b68a38",
      "type": "Feature",
      "geometry": {
        "type": "Polygon",
        "coordinates": [
          [
            [
              -1.4743083,
              50.9389279
            ],
            [
              -1.4745134,
              50.9389227
            ],
            [
              -1.4745158,
              50.9389521
            ],
            [
              -1.4746788,
              50.9389479
            ],
            [
              -1.4747541,
              50.938946
            ],
            [
              -1.4747517,
              50.9389166
            ],
            [
              -1.4747747,
              50.938916
            ],
            [
              -1.4749361,
              50.9389115
            ],
            [
              -1.4749518,
              50.9389115
            ],
            [
              -1.4749518,
              50.9389097
            ],
            [
              -1.4749434,
              50.9387739
            ],
            [
              -1.4749408,
              50.9387514
            ],
            [
              -1.4751856,
              50.9387453
            ],
            [
              -1.4751713,
              50.9385475
            ],
            [
              -1.4751699,
              50.9385268
            ],
            [
              -1.4751524,
              50.9382848
            ],
            [
              -1.4747817,
              50.9382946
            ],
            [
              -1.4741117,
              50.9383107
            ],
            [
              -1.4741142,
              50.9383511
            ],
            [
              -1.4741393,
              50.9387712
            ],
            [
              -1.4742802,
              50.9387682
            ],
            [
              -1.4742898,
              50.9389284
            ],
            [
              -1.4743083,
              50.9389279
            ]
          ]
        ]
      },
      "properties": {
        "osid": "596a5470-10da-4bf2-8464-a3e1d5b68a38",
        "toid": "osgb1000016320270",
        "theme": "Buildings",
        "changetype": "Modified Attributes",
        "isobscured": false,
        "description": "Building",
        "versiondate": "2025-02-05",
        "geometry_area": 4644.650928,
        "height_source": "Ordnance Survey",
        "physicallevel": "Surface Level",
        "oslandusetiera": "Commercial Activity: Industrial Or Manufacturing",
        "oslandusetierb": [],
        "geometry_source": "Ordnance Survey",
        "oslandcovertiera": "Constructed",
        "oslandcovertierb": [
          "Building"
        ],
        "oslanduse_source": "Ordnance Survey",
        "height_updatedate": "2025-01-17",
        "description_source": "Ordnance Survey",
        "oslandcover_source": "Ordnance Survey",
        "associatedstructure": null,
        "geometry_updatedate": "2017-03-02",
        "height_evidencedate": "2024-06-20",
        "capturespecification": "Rural",
        "oslanduse_updatedate": "2010-08-22",
        "absoluteheightmaximum": 20.3,
        "absoluteheightminimum": 10.2,
        "geometry_evidencedate": "2016-08-12",
        "heightconfidencelevel": "Moderate",
        "relativeheightmaximum": 10.1,
        "absoluteheightroofbase": 16.7,
        "description_updatedate": "2010-08-22",
        "oslandcover_updatedate": "2010-08-22",
        "oslanduse_evidencedate": "2010-08-22",
        "relativeheightroofbase": 6.5,
        "versionavailabletodate": null,
        "firstdigitalcapturedate": "1986-09-18",
        "description_evidencedate": "2010-08-22",
        "oslandcover_evidencedate": "2010-08-22",
        "versionavailablefromdate": "2025-02-06T00:00:00Z"
      }
    },
    {
      "id": "59934e78-c7a6-48c3-8a77-ceacf70dcabe",
      "type": "Feature",
      "geometry": {
        "type": "Polygon",
        "coordinates": [
          [
            [
              -1.4662298,
              50.9377173
            ],
            [
              -1.4662433,
              50.9377294
            ],
            [
              -1.4662829,
              50.9377636
            ],
            [
              -1.4663115,
              50.9377504
            ],
            [
              -1.4662581,
              50.9377042
            ],
            [
              -1.4662298,
              50.9377173
            ]
          ]
        ]
      },
      "properties": {
        "osid": "59934e78-c7a6-48c3-8a77-ceacf70dcabe",
        "toid": "osgb5000005203977398",
        "theme": "Buildings",
        "changetype": "Modified Attributes",
        "isobscured": false,
        "description": "Building",
        "versiondate": "2025-02-05",
        "geometry_area": 15.845842,
        "height_source": "Ordnance Survey",
        "physicallevel": "Surface Level",
        "oslandusetiera": "Residential Accommodation",
        "oslandusetierb": [
          "Private Residence"
        ],
        "geometry_source": "Ordnance Survey",
        "oslandcovertiera": "Constructed",
        "oslandcovertierb": [
          "Building"
        ],
        "oslanduse_source": "Ordnance Survey",
        "height_updatedate": "2025-01-17",
        "description_source": "Ordnance Survey",
        "oslandcover_source": "Ordnance Survey",
        "associatedstructure": null,
        "geometry_updatedate": "2017-04-19",
        "height_evidencedate": "2024-06-20",
        "capturespecification": "Urban",
        "oslanduse_updatedate": "2017-04-19",
        "absoluteheightmaximum": null,
        "absoluteheightminimum": 18.3,
        "geometry_evidencedate": "2016-08-12",
        "heightconfidencelevel": "Incomplete",
        "relativeheightmaximum": null,
        "absoluteheightroofbase": null,
        "description_updatedate": "2017-04-19",
        "oslandcover_updatedate": "2017-04-19",
        "oslanduse_evidencedate": "2016-08-12",
        "relativeheightroofbase": null,
        "versionavailabletodate": null,
        "firstdigitalcapturedate": "2017-05-04",
        "description_evidencedate": "2016-08-12",
        "oslandcover_evidencedate": "2016-08-12",
        "versionavailablefromdate": "2025-02-06T00:00:00Z"
      }
    },
    {
      "id": "59ba715c-941a-4905-9f84-882c6a7da329",
      "type": "Feature",
      "geometry": {
        "type": "Polygon",
        "coordinates": [
          [
            [
              -1.468005,
              50.9374134
            ],
            [
              -1.4680499,
              50.9374072
            ],
            [
              -1.4680395,
              50.9373768
            ],
            [
              -1.4679945,
              50.9373829
            ],
            [
              -1.468005,
              50.9374134
            ]
          ]
        ]
      },
      "properties": {
        "osid": "59ba715c-941a-4905-9f84-882c6a7da329",
        "toid": "osgb5000005203977455",
        "theme": "Buildings",
        "changetype": "Modified Attributes",
        "isobscured": false,
        "description": "Building",
        "versiondate": "2025-02-05",
        "geometry_area": 11.200059,
        "height_source": "Ordnance Survey",
        "physicallevel": "Surface Level",
        "oslandusetiera": "Residential Accommodation",
        "oslandusetierb": [
          "Private Residence"
        ],
        "geometry_source": "Ordnance Survey",
        "oslandcovertiera": "Constructed",
        "oslandcovertierb": [
          "Building"
        ],
        "oslanduse_source": "Ordnance Survey",
        "height_updatedate": "2025-01-17",
        "description_source": "Ordnance Survey",
        "oslandcover_source": "Ordnance Survey",
        "associatedstructure": null,
        "geometry_updatedate": "2017-04-19",
        "height_evidencedate": "2024-06-20",
        "capturespecification": "Urban",
        "oslanduse_updatedate": "2017-04-19",
        "absoluteheightmaximum": null,
        "absoluteheightminimum": 12.8,
        "geometry_evidencedate": "2016-08-12",
        "heightconfidencelevel": "Incomplete",
        "relativeheightmaximum": null,
        "absoluteheightroofbase": null,
        "description_updatedate": "2017-04-19",
        "oslandcover_updatedate": "2017-04-19",
        "oslanduse_evidencedate": "2016-08-12",
        "relativeheightroofbase": null,
        "versionavailabletodate": null,
        "firstdigitalcapturedate": "2017-05-04",
        "description_evidencedate": "2016-08-12",
        "oslandcover_evidencedate": "2016-08-12",
        "versionavailablefromdate": "2025-02-06T00:00:00Z"
      }
    },
    {
      "id": "5aa730a9-447b-4550-ba01-fb93a300bd18",
      "type": "Feature",
      "geometry": {
        "type": "Polygon",
        "coordinates": [
          [
            [
              -1.4677793,
              50.9367264
            ],
            [
              -1.4677326,
              50.9367839
            ],
            [
              -1.4678162,
              50.936811
            ],
            [
              -1.4678312,
              50.9368159
            ],
            [
              -1.4678363,
              50.9368097
            ],
            [
              -1.4678641,
              50.9367755
            ],
            [
              -1.4678491,
              50.9367706
            ],
            [
              -1.4678635,
              50.9367537
            ],
            [
              -1.4678629,
              50.9367535
            ],
            [
              -1.4677793,
              50.9367264
            ]
          ]
        ]
      },
      "properties": {
        "osid": "5aa730a9-447b-4550-ba01-fb93a300bd18",
        "toid": "osgb5000005203977116",
        "theme": "Buildings",
        "changetype": "Modified Attributes",
        "isobscured": false,
        "description": "Building",
        "versiondate": "2025-02-05",
        "geometry_area": 53.518968,
        "height_source": "Ordnance Survey",
        "physicallevel": "Surface Level",
        "oslandusetiera": "Residential Accommodation",
        "oslandusetierb": [
          "Private Residence"
        ],
        "geometry_source": "Ordnance Survey",
        "oslandcovertiera": "Constructed",
        "oslandcovertierb": [
          "Building"
        ],
        "oslanduse_source": "Ordnance Survey",
        "height_updatedate": "2025-01-17",
        "description_source": "Ordnance Survey",
        "oslandcover_source": "Ordnance Survey",
        "associatedstructure": null,
        "geometry_updatedate": "2017-04-20",
        "height_evidencedate": "2024-06-20",
        "capturespecification": "Urban",
        "oslanduse_updatedate": "2017-04-19",
        "absoluteheightmaximum": 17.1,
        "absoluteheightminimum": 12.7,
        "geometry_evidencedate": "2016-08-12",
        "heightconfidencelevel": "Moderate",
        "relativeheightmaximum": 4.4,
        "absoluteheightroofbase": 15.5,
        "description_updatedate": "2017-04-19",
        "oslandcover_updatedate": "2017-04-19",
        "oslanduse_evidencedate": "2016-08-12",
        "relativeheightroofbase": 2.8,
        "versionavailabletodate": null,
        "firstdigitalcapturedate": "2017-05-04",
        "description_evidencedate": "2016-08-12",
        "oslandcover_evidencedate": "2016-08-12",
        "versionavailablefromdate": "2025-02-06T00:00:00Z"
      }
    },
    {
      "id": "5b4afd93-3772-4202-9692-acb4111a0606",
      "type": "Feature",
      "geometry": {
        "type": "Polygon",
        "coordinates": [
          [
            [
              -1.4658919,
              50.9401401
            ],
            [
              -1.4657959,
              50.9400783
            ],
            [
              -1.4657543,
              50.9401041
            ],
            [
              -1.4657602,
              50.9401079
            ],
            [
              -1.465735,
              50.9401235
            ],
            [
              -1.465825,
              50.9401815
            ],
            [
              -1.4658919,
              50.9401401
            ]
          ]
        ]
      },
      "properties": {
        "osid": "5b4afd93-3772-4202-9692-acb4111a0606",
        "toid": "osgb5000005222257063",
        "theme": "Buildings",
        "changetype": "Modified Attributes",
        "isobscured": false,
        "description": "Building",
        "versiondate": "2025-02-05",
        "geometry_area": 61.9027,
        "height_source": "Ordnance Survey",
        "physicallevel": "Surface Level",
        "oslandusetiera": "Residential Accommodation",
        "oslandusetierb": [
          "Private Residence"
        ],
        "geometry_source": "Ordnance Survey",
        "oslandcovertiera": "Constructed",
        "oslandcovertierb": [
          "Building"
        ],
        "oslanduse_source": "Ordnance Survey",
        "height_updatedate": "2025-01-17",
        "description_source": "Ordnance Survey",
        "oslandcover_source": "Ordnance Survey",
        "associatedstructure": null,
        "geometry_updatedate": "2018-02-08",
        "height_evidencedate": "2024-06-20",
        "capturespecification": "Urban",
        "oslanduse_updatedate": "2018-02-08",
        "absoluteheightmaximum": 31.3,
        "absoluteheightminimum": 22.5,
        "geometry_evidencedate": "2018-02-08",
        "heightconfidencelevel": "Moderate",
        "relativeheightmaximum": 8.8,
        "absoluteheightroofbase": 27.6,
        "description_updatedate": "2018-02-08",
        "oslandcover_updatedate": "2018-02-08",
        "oslanduse_evidencedate": "2018-02-08",
        "relativeheightroofbase": 5.1,
        "versionavailabletodate": null,
        "firstdigitalcapturedate": "2018-02-09",
        "description_evidencedate": "2018-02-08",
        "oslandcover_evidencedate": "2018-02-08",
        "versionavailablefromdate": "2025-02-06T00:00:00Z"
      }
    },
    {
      "id": "5bc9b610-cd07-4530-aa70-2e50577fe741",
      "type": "Feature",
      "geometry": {
        "type": "Polygon",
        "coordinates": [
          [
            [
              -1.4640553,
              50.933751
            ],
            [
              -1.4641229,
              50.9338088
            ],
            [
              -1.4641473,
              50.9337972
            ],
            [
              -1.4641895,
              50.9337763
            ],
            [
              -1.4642029,
              50.9337881
            ],
            [
              -1.4642315,
              50.9337747
            ],
            [
              -1.4642174,
              50.933762
            ],
            [
              -1.4642668,
              50.9337384
            ],
            [
              -1.4642897,
              50.9337278
            ],
            [
              -1.4642653,
              50.9337079
            ],
            [
              -1.4642192,
              50.9336703
            ],
            [
              -1.4641812,
              50.9336886
            ],
            [
              -1.4641777,
              50.9336895
            ],
            [
              -1.4641635,
              50.9336881
            ],
            [
              -1.4641606,
              50.9336885
            ],
            [
              -1.4640962,
              50.9337192
            ],
            [
              -1.4640955,
              50.9337215
            ],
            [
              -1.4640947,
              50.93373
            ],
            [
              -1.4640925,
              50.9337331
            ],
            [
              -1.4640553,
              50.933751
            ]
          ]
        ]
      },
      "properties": {
        "osid": "5bc9b610-cd07-4530-aa70-2e50577fe741",
        "toid": "osgb1000016342714",
        "theme": "Buildings",
        "changetype": "Modified Attributes",
        "isobscured": false,
        "description": "Building",
        "versiondate": "2025-02-05",
        "geometry_area": 128.464275,
        "height_source": "Ordnance Survey",
        "physicallevel": "Surface Level",
        "oslandusetiera": "Residential Accommodation",
        "oslandusetierb": [
          "Private Residence"
        ],
        "geometry_source": "Ordnance Survey",
        "oslandcovertiera": "Constructed",
        "oslandcovertierb": [
          "Building"
        ],
        "oslanduse_source": "Ordnance Survey",
        "height_updatedate": "2025-01-17",
        "description_source": "Ordnance Survey",
        "oslandcover_source": "Ordnance Survey",
        "associatedstructure": null,
        "geometry_updatedate": "2017-07-31",
        "height_evidencedate": "2024-06-20",
        "capturespecification": "Urban",
        "oslanduse_updatedate": "2006-07-11",
        "absoluteheightmaximum": 18.3,
        "absoluteheightminimum": 11.4,
        "geometry_evidencedate": "2016-08-12",
        "heightconfidencelevel": "Moderate",
        "relativeheightmaximum": 6.9,
        "absoluteheightroofbase": 15,
        "description_updatedate": "2006-07-11",
        "oslandcover_updatedate": "2006-07-11",
        "oslanduse_evidencedate": "2006-07-11",
        "relativeheightroofbase": 3.6,
        "versionavailabletodate": null,
        "firstdigitalcapturedate": "1988-05-16",
        "description_evidencedate": "2006-07-11",
        "oslandcover_evidencedate": "2006-07-11",
        "versionavailablefromdate": "2025-02-06T00:00:00Z"
      }
    },
    {
      "id": "5bdd0be3-76d4-4602-a36b-9810cd4975d8",
      "type": "Feature",
      "geometry": {
        "type": "Polygon",
        "coordinates": [
          [
            [
              -1.4634567,
              50.9407064
            ],
            [
              -1.4634187,
              50.9406893
            ],
            [
              -1.463368,
              50.9407341
            ],
            [
              -1.4633946,
              50.9407462
            ],
            [
              -1.4634059,
              50.9407512
            ],
            [
              -1.4634567,
              50.9407064
            ]
          ]
        ]
      },
      "properties": {
        "osid": "5bdd0be3-76d4-4602-a36b-9810cd4975d8",
        "toid": "osgb5000005198749603",
        "theme": "Buildings",
        "changetype": "Modified Attributes",
        "isobscured": false,
        "description": "Building",
        "versiondate": "2025-02-05",
        "geometry_area": 20.075088,
        "height_source": "Ordnance Survey",
        "physicallevel": "Surface Level",
        "oslandusetiera": "Residential Accommodation",
        "oslandusetierb": [
          "Private Residence"
        ],
        "geometry_source": "Ordnance Survey",
        "oslandcovertiera": "Constructed",
        "oslandcovertierb": [
          "Building"
        ],
        "oslanduse_source": "Ordnance Survey",
        "height_updatedate": "2025-01-17",
        "description_source": "Ordnance Survey",
        "oslandcover_source": "Ordnance Survey",
        "associatedstructure": null,
        "geometry_updatedate": "2017-05-11",
        "height_evidencedate": "2024-06-20",
        "capturespecification": "Urban",
        "oslanduse_updatedate": "2017-02-07",
        "absoluteheightmaximum": 28.7,
        "absoluteheightminimum": 24.2,
        "geometry_evidencedate": "2017-05-11",
        "heightconfidencelevel": "Moderate",
        "relativeheightmaximum": 4.5,
        "absoluteheightroofbase": 26.8,
        "description_updatedate": "2017-02-07",
        "oslandcover_updatedate": "2017-02-07",
        "oslanduse_evidencedate": "2017-02-07",
        "relativeheightroofbase": 2.6,
        "versionavailabletodate": null,
        "firstdigitalcapturedate": "2017-02-07",
        "description_evidencedate": "2017-02-07",
        "oslandcover_evidencedate": "2017-02-07",
        "versionavailablefromdate": "2025-02-06T00:00:00Z"
      }
    },
    {
      "id": "5c9d132e-b17e-4c19-b544-d56146e1d31c",
      "type": "Feature",
      "geometry": {
        "type": "Polygon",
        "coordinates": [
          [
            [
              -1.4676502,
              50.937408
            ],
            [
              -1.467675,
              50.9374801
            ],
            [
              -1.4677591,
              50.9374692
            ],
            [
              -1.467731,
              50.9373954
            ],
            [
              -1.4676759,
              50.9374045
            ],
            [
              -1.4676502,
              50.937408
            ]
          ]
        ]
      },
      "properties": {
        "osid": "5c9d132e-b17e-4c19-b544-d56146e1d31c",
        "toid": "osgb1000016343208",
        "theme": "Buildings",
        "changetype": "Modified Attributes",
        "isobscured": false,
        "description": "Building",
        "versiondate": "2025-02-05",
        "geometry_area": 49.24325,
        "height_source": "Ordnance Survey",
        "physicallevel": "Surface Level",
        "oslandusetiera": "Residential Accommodation",
        "oslandusetierb": [
          "Private Residence"
        ],
        "geometry_source": "Ordnance Survey",
        "oslandcovertiera": "Constructed",
        "oslandcovertierb": [
          "Building"
        ],
        "oslanduse_source": "Ordnance Survey",
        "height_updatedate": "2025-01-17",
        "description_source": "Ordnance Survey",
        "oslandcover_source": "Ordnance Survey",
        "associatedstructure": null,
        "geometry_updatedate": "2006-12-14",
        "height_evidencedate": "2024-06-20",
        "capturespecification": "Urban",
        "oslanduse_updatedate": "2006-12-14",
        "absoluteheightmaximum": 19.9,
        "absoluteheightminimum": 13.4,
        "geometry_evidencedate": "2006-12-14",
        "heightconfidencelevel": "Moderate",
        "relativeheightmaximum": 6.5,
        "absoluteheightroofbase": 18.2,
        "description_updatedate": "2006-12-14",
        "oslandcover_updatedate": "2006-12-14",
        "oslanduse_evidencedate": "2006-12-14",
        "relativeheightroofbase": 4.8,
        "versionavailabletodate": null,
        "firstdigitalcapturedate": "1988-05-16",
        "description_evidencedate": "2006-12-14",
        "oslandcover_evidencedate": "2006-12-14",
        "versionavailablefromdate": "2025-02-06T00:00:00Z"
      }
    },
    {
      "id": "5cca8cb4-c0fa-4e0e-bbab-32faa3b428f8",
      "type": "Feature",
      "geometry": {
        "type": "Polygon",
        "coordinates": [
          [
            [
              -1.4661568,
              50.9386262
            ],
            [
              -1.4662735,
              50.9386559
            ],
            [
              -1.4662983,
              50.9386169
            ],
            [
              -1.4661816,
              50.9385873
            ],
            [
              -1.4661568,
              50.9386262
            ]
          ]
        ]
      },
      "properties": {
        "osid": "5cca8cb4-c0fa-4e0e-bbab-32faa3b428f8",
        "toid": "osgb5000005247278619",
        "theme": "Buildings",
        "changetype": "Modified Attributes",
        "isobscured": false,
        "description": "Building",
        "versiondate": "2025-02-05",
        "geometry_area": 41.250899,
        "height_source": "Ordnance Survey",
        "physicallevel": "Surface Level",
        "oslandusetiera": "Residential Accommodation",
        "oslandusetierb": [
          "Private Residence"
        ],
        "geometry_source": "Ordnance Survey",
        "oslandcovertiera": "Constructed",
        "oslandcovertierb": [
          "Building"
        ],
        "oslanduse_source": "Ordnance Survey",
        "height_updatedate": "2025-01-17",
        "description_source": "Ordnance Survey",
        "oslandcover_source": "Ordnance Survey",
        "associatedstructure": null,
        "geometry_updatedate": "2019-06-05",
        "height_evidencedate": "2024-06-20",
        "capturespecification": "Urban",
        "oslanduse_updatedate": "2019-06-05",
        "absoluteheightmaximum": 27.6,
        "absoluteheightminimum": 19.8,
        "geometry_evidencedate": "2019-06-05",
        "heightconfidencelevel": "Moderate",
        "relativeheightmaximum": 7.8,
        "absoluteheightroofbase": 24.6,
        "description_updatedate": "2019-06-05",
        "oslandcover_updatedate": "2019-06-05",
        "oslanduse_evidencedate": "2019-06-05",
        "relativeheightroofbase": 4.8,
        "versionavailabletodate": null,
        "firstdigitalcapturedate": "2019-06-05",
        "description_evidencedate": "2019-06-05",
        "oslandcover_evidencedate": "2019-06-05",
        "versionavailablefromdate": "2025-02-06T00:00:00Z"
      }
    },
    {
      "id": "5cd05049-a674-4146-817e-e2691b998d01",
      "type": "Feature",
      "geometry": {
        "type": "Polygon",
        "coordinates": [
          [
            [
              -1.4649626,
              50.9394849
            ],
            [
              -1.4650652,
              50.9395203
            ],
            [
              -1.4651105,
              50.9394679
            ],
            [
              -1.4650079,
              50.9394325
            ],
            [
              -1.4649641,
              50.9394832
            ],
            [
              -1.4649626,
              50.9394849
            ]
          ]
        ]
      },
      "properties": {
        "osid": "5cd05049-a674-4146-817e-e2691b998d01",
        "toid": "osgb5000005236335850",
        "theme": "Buildings",
        "changetype": "Modified Attributes",
        "isobscured": false,
        "description": "Building",
        "versiondate": "2025-02-05",
        "geometry_area": 54.559943,
        "height_source": "Ordnance Survey",
        "physicallevel": "Surface Level",
        "oslandusetiera": "Residential Accommodation",
        "oslandusetierb": [
          "Private Residence"
        ],
        "geometry_source": "Ordnance Survey",
        "oslandcovertiera": "Constructed",
        "oslandcovertierb": [
          "Building"
        ],
        "oslanduse_source": "Ordnance Survey",
        "height_updatedate": "2025-01-17",
        "description_source": "Ordnance Survey",
        "oslandcover_source": "Ordnance Survey",
        "associatedstructure": null,
        "geometry_updatedate": "2018-09-17",
        "height_evidencedate": "2024-06-20",
        "capturespecification": "Urban",
        "oslanduse_updatedate": "2018-09-17",
        "absoluteheightmaximum": 31.2,
        "absoluteheightminimum": 23.3,
        "geometry_evidencedate": "2018-09-17",
        "heightconfidencelevel": "Moderate",
        "relativeheightmaximum": 7.9,
        "absoluteheightroofbase": 28.6,
        "description_updatedate": "2018-09-17",
        "oslandcover_updatedate": "2018-09-17",
        "oslanduse_evidencedate": "2018-09-17",
        "relativeheightroofbase": 5.3,
        "versionavailabletodate": null,
        "firstdigitalcapturedate": "2018-09-17",
        "description_evidencedate": "2018-09-17",
        "oslandcover_evidencedate": "2018-09-17",
        "versionavailablefromdate": "2025-02-06T00:00:00Z"
      }
    },
    {
      "id": "5ce5ead0-42a5-4d62-afd2-a7d061782530",
      "type": "Feature",
      "geometry": {
        "type": "Polygon",
        "coordinates": [
          [
            [
              -1.4663713,
              50.9385006
            ],
            [
              -1.4663373,
              50.9385559
            ],
            [
              -1.4663882,
              50.9385684
            ],
            [
              -1.4664219,
              50.9385136
            ],
            [
              -1.4663713,
              50.9385006
            ]
          ]
        ]
      },
      "properties": {
        "osid": "5ce5ead0-42a5-4d62-afd2-a7d061782530",
        "toid": "osgb5000005340806026",
        "theme": "Buildings",
        "changetype": "Modified Attributes",
        "isobscured": false,
        "description": "Building",
        "versiondate": "2025-02-15",
        "geometry_area": 25.213007,
        "height_source": "Ordnance Survey",
        "physicallevel": "Surface Level",
        "oslandusetiera": "Residential Accommodation",
        "oslandusetierb": [
          "Private Residence"
        ],
        "geometry_source": "Ordnance Survey",
        "oslandcovertiera": "Constructed",
        "oslandcovertierb": [
          "Building"
        ],
        "oslanduse_source": "Ordnance Survey",
        "height_updatedate": "2025-02-13",
        "description_source": "Ordnance Survey",
        "oslandcover_source": "Ordnance Survey",
        "associatedstructure": null,
        "geometry_updatedate": "2024-11-27",
        "height_evidencedate": "2024-06-20",
        "capturespecification": "Urban",
        "oslanduse_updatedate": "2024-11-27",
        "absoluteheightmaximum": 22.5,
        "absoluteheightminimum": 18.5,
        "geometry_evidencedate": "2024-06-20",
        "heightconfidencelevel": "Moderate",
        "relativeheightmaximum": 4,
        "absoluteheightroofbase": 21.9,
        "description_updatedate": "2024-11-27",
        "oslandcover_updatedate": "2024-11-27",
        "oslanduse_evidencedate": "2024-06-20",
        "relativeheightroofbase": 3.4,
        "versionavailabletodate": null,
        "firstdigitalcapturedate": "2024-11-27",
        "description_evidencedate": "2024-06-20",
        "oslandcover_evidencedate": "2024-06-20",
        "versionavailablefromdate": "2025-02-16T00:00:00Z"
      }
    },
    {
      "id": "5d32562c-7012-4639-9a6a-7a73b1db80ac",
      "type": "Feature",
      "geometry": {
        "type": "Polygon",
        "coordinates": [
          [
            [
              -1.4668325,
              50.9364219
            ],
            [
              -1.4667549,
              50.9364224
            ],
            [
              -1.4667561,
              50.9364462
            ],
            [
              -1.4668329,
              50.936447
            ],
            [
              -1.4668325,
              50.9364219
            ]
          ]
        ]
      },
      "properties": {
        "osid": "5d32562c-7012-4639-9a6a-7a73b1db80ac",
        "toid": "osgb1000016342803",
        "theme": "Buildings",
        "changetype": "Modified Attributes",
        "isobscured": false,
        "description": "Building",
        "versiondate": "2025-02-05",
        "geometry_area": 14.785,
        "height_source": "Ordnance Survey",
        "physicallevel": "Surface Level",
        "oslandusetiera": "Unknown Or Unused Artificial",
        "oslandusetierb": [],
        "geometry_source": "Ordnance Survey",
        "oslandcovertiera": "Constructed",
        "oslandcovertierb": [
          "Building"
        ],
        "oslanduse_source": "Ordnance Survey",
        "height_updatedate": "2025-01-17",
        "description_source": "Ordnance Survey",
        "oslandcover_source": "Ordnance Survey",
        "associatedstructure": null,
        "geometry_updatedate": "2004-04-13",
        "height_evidencedate": "2024-06-20",
        "capturespecification": "Urban",
        "oslanduse_updatedate": "2004-04-13",
        "absoluteheightmaximum": 15.5,
        "absoluteheightminimum": 12.9,
        "geometry_evidencedate": "2004-04-13",
        "heightconfidencelevel": "Moderate",
        "relativeheightmaximum": 2.6,
        "absoluteheightroofbase": 15.3,
        "description_updatedate": "2004-04-13",
        "oslandcover_updatedate": "2004-04-13",
        "oslanduse_evidencedate": "2004-04-13",
        "relativeheightroofbase": 2.4,
        "versionavailabletodate": null,
        "firstdigitalcapturedate": "1988-05-16",
        "description_evidencedate": "2004-04-13",
        "oslandcover_evidencedate": "2004-04-13",
        "versionavailablefromdate": "2025-02-06T00:00:00Z"
      }
    },
    {
      "id": "5d6dde0b-5c9c-4c0b-a071-e4f27dd2add9",
      "type": "Feature",
      "geometry": {
        "type": "Polygon",
        "coordinates": [
          [
            [
              -1.4653825,
              50.936337
            ],
            [
              -1.4654622,
              50.936341
            ],
            [
              -1.4654653,
              50.936318
            ],
            [
              -1.4653856,
              50.9363145
            ],
            [
              -1.4653825,
              50.936337
            ]
          ]
        ]
      },
      "properties": {
        "osid": "5d6dde0b-5c9c-4c0b-a071-e4f27dd2add9",
        "toid": "osgb1000016342821",
        "theme": "Buildings",
        "changetype": "Modified Attributes",
        "isobscured": false,
        "description": "Building",
        "versiondate": "2025-02-05",
        "geometry_area": 14.215,
        "height_source": "Ordnance Survey",
        "physicallevel": "Surface Level",
        "oslandusetiera": "Unknown Or Unused Artificial",
        "oslandusetierb": [],
        "geometry_source": "Ordnance Survey",
        "oslandcovertiera": "Constructed",
        "oslandcovertierb": [
          "Building"
        ],
        "oslanduse_source": "Ordnance Survey",
        "height_updatedate": "2025-01-17",
        "description_source": "Ordnance Survey",
        "oslandcover_source": "Ordnance Survey",
        "associatedstructure": null,
        "geometry_updatedate": "2004-04-13",
        "height_evidencedate": "2024-06-20",
        "capturespecification": "Urban",
        "oslanduse_updatedate": "2004-04-13",
        "absoluteheightmaximum": 16.1,
        "absoluteheightminimum": 13.7,
        "geometry_evidencedate": "2004-04-13",
        "heightconfidencelevel": "Moderate",
        "relativeheightmaximum": 2.4,
        "absoluteheightroofbase": 15.8,
        "description_updatedate": "2004-04-13",
        "oslandcover_updatedate": "2004-04-13",
        "oslanduse_evidencedate": "2004-04-13",
        "relativeheightroofbase": 2.1,
        "versionavailabletodate": null,
        "firstdigitalcapturedate": "1988-05-16",
        "description_evidencedate": "2004-04-13",
        "oslandcover_evidencedate": "2004-04-13",
        "versionavailablefromdate": "2025-02-06T00:00:00Z"
      }
    },
    {
      "id": "5e0fe9a6-3a28-4b6a-84b6-c0c2c9895f37",
      "type": "Feature",
      "geometry": {
        "type": "Polygon",
        "coordinates": [
          [
            [
              -1.4647271,
              50.9402082
            ],
            [
              -1.4646718,
              50.940188
            ],
            [
              -1.4646766,
              50.9401827
            ],
            [
              -1.4646241,
              50.9401635
            ],
            [
              -1.4645521,
              50.9402421
            ],
            [
              -1.4645981,
              50.940259
            ],
            [
              -1.4646014,
              50.9402554
            ],
            [
              -1.4646632,
              50.940278
            ],
            [
              -1.4647271,
              50.9402082
            ]
          ]
        ]
      },
      "properties": {
        "osid": "5e0fe9a6-3a28-4b6a-84b6-c0c2c9895f37",
        "toid": "osgb5000005208860418",
        "theme": "Buildings",
        "changetype": "Modified Attributes",
        "isobscured": false,
        "description": "Building",
        "versiondate": "2025-02-05",
        "geometry_area": 83.100099,
        "height_source": "Ordnance Survey",
        "physicallevel": "Surface Level",
        "oslandusetiera": "Residential Accommodation",
        "oslandusetierb": [
          "Private Residence"
        ],
        "geometry_source": "Ordnance Survey",
        "oslandcovertiera": "Constructed",
        "oslandcovertierb": [
          "Building"
        ],
        "oslanduse_source": "Ordnance Survey",
        "height_updatedate": "2025-01-17",
        "description_source": "Ordnance Survey",
        "oslandcover_source": "Ordnance Survey",
        "associatedstructure": null,
        "geometry_updatedate": "2017-08-04",
        "height_evidencedate": "2024-06-20",
        "capturespecification": "Urban",
        "oslanduse_updatedate": "2017-08-04",
        "absoluteheightmaximum": 32.1,
        "absoluteheightminimum": 23.9,
        "geometry_evidencedate": "2017-08-04",
        "heightconfidencelevel": "Moderate",
        "relativeheightmaximum": 8.2,
        "absoluteheightroofbase": 29.1,
        "description_updatedate": "2017-08-04",
        "oslandcover_updatedate": "2017-08-04",
        "oslanduse_evidencedate": "2017-08-04",
        "relativeheightroofbase": 5.2,
        "versionavailabletodate": null,
        "firstdigitalcapturedate": "2017-08-04",
        "description_evidencedate": "2017-08-04",
        "oslandcover_evidencedate": "2017-08-04",
        "versionavailablefromdate": "2025-02-06T00:00:00Z"
      }
    },
    {
      "id": "5e6533ba-98ba-4a71-92eb-91d176f43b46",
      "type": "Feature",
      "geometry": {
        "type": "Polygon",
        "coordinates": [
          [
            [
              -1.4676198,
              50.934398
            ],
            [
              -1.4675883,
              50.934407
            ],
            [
              -1.4676118,
              50.9344378
            ],
            [
              -1.4676442,
              50.9344274
            ],
            [
              -1.4676198,
              50.934398
            ]
          ]
        ]
      },
      "properties": {
        "osid": "5e6533ba-98ba-4a71-92eb-91d176f43b46",
        "toid": "osgb5000005350267490",
        "theme": "Buildings",
        "changetype": "New",
        "isobscured": false,
        "description": "Building",
        "versiondate": "2025-10-03",
        "geometry_area": 9.32995,
        "height_source": "Ordnance Survey",
        "physicallevel": "Surface Level",
        "oslandusetiera": "Utility Or Environmental Protection",
        "oslandusetierb": [
          "Electricity Distribution"
        ],
        "geometry_source": "Ordnance Survey",
        "oslandcovertiera": "Constructed",
        "oslandcovertierb": [
          "Building"
        ],
        "oslanduse_source": "Ordnance Survey",
        "height_updatedate": "2025-10-03",
        "description_source": "Ordnance Survey",
        "oslandcover_source": "Ordnance Survey",
        "associatedstructure": null,
        "geometry_updatedate": "2025-10-02",
        "height_evidencedate": "2024-06-20",
        "capturespecification": "Urban",
        "oslanduse_updatedate": "2025-10-02",
        "absoluteheightmaximum": null,
        "absoluteheightminimum": 11.2,
        "geometry_evidencedate": "2025-10-02",
        "heightconfidencelevel": "Incomplete",
        "relativeheightmaximum": null,
        "absoluteheightroofbase": null,
        "description_updatedate": "2025-10-02",
        "oslandcover_updatedate": "2025-10-02",
        "oslanduse_evidencedate": "2025-10-02",
        "relativeheightroofbase": null,
        "versionavailabletodate": null,
        "firstdigitalcapturedate": "2025-10-02",
        "description_evidencedate": "2025-10-02",
        "oslandcover_evidencedate": "2025-10-02",
        "versionavailablefromdate": "2025-10-04T00:00:00Z"
      }
    },
    {
      "id": "5ed6a949-f6ec-401e-861c-2a7c2c5918bc",
      "type": "Feature",
      "geometry": {
        "type": "Polygon",
        "coordinates": [
          [
            [
              -1.4652203,
              50.9370795
            ],
            [
              -1.4653163,
              50.9370871
            ],
            [
              -1.4653268,
              50.9370373
            ],
            [
              -1.4652316,
              50.9370292
            ],
            [
              -1.4652203,
              50.9370795
            ]
          ]
        ]
      },
      "properties": {
        "osid": "5ed6a949-f6ec-401e-861c-2a7c2c5918bc",
        "toid": "osgb1000016343170",
        "theme": "Buildings",
        "changetype": "Modified Attributes",
        "isobscured": false,
        "description": "Building",
        "versiondate": "2025-02-05",
        "geometry_area": 38.09,
        "height_source": "Ordnance Survey",
        "physicallevel": "Surface Level",
        "oslandusetiera": "Residential Accommodation",
        "oslandusetierb": [
          "Private Residence"
        ],
        "geometry_source": "Ordnance Survey",
        "oslandcovertiera": "Constructed",
        "oslandcovertierb": [
          "Building"
        ],
        "oslanduse_source": "Ordnance Survey",
        "height_updatedate": "2025-01-17",
        "description_source": "Ordnance Survey",
        "oslandcover_source": "Ordnance Survey",
        "associatedstructure": null,
        "geometry_updatedate": "2004-04-13",
        "height_evidencedate": "2024-06-20",
        "capturespecification": "Urban",
        "oslanduse_updatedate": "2004-04-13",
        "absoluteheightmaximum": 24.5,
        "absoluteheightminimum": 16.7,
        "geometry_evidencedate": "2004-04-13",
        "heightconfidencelevel": "Moderate",
        "relativeheightmaximum": 7.8,
        "absoluteheightroofbase": 22,
        "description_updatedate": "2004-04-13",
        "oslandcover_updatedate": "2004-04-13",
        "oslanduse_evidencedate": "2004-04-13",
        "relativeheightroofbase": 5.3,
        "versionavailabletodate": null,
        "firstdigitalcapturedate": "1994-05-19",
        "description_evidencedate": "2004-04-13",
        "oslandcover_evidencedate": "2004-04-13",
        "versionavailablefromdate": "2025-02-06T00:00:00Z"
      }
    },
    {
      "id": "6036800c-8c31-4ea9-ad76-4959b1186e74",
      "type": "Feature",
      "geometry": {
        "type": "Polygon",
        "coordinates": [
          [
            [
              -1.4633163,
              50.9339085
            ],
            [
              -1.4633554,
              50.9339177
            ],
            [
              -1.4633496,
              50.9339271
            ],
            [
              -1.4634205,
              50.9339427
            ],
            [
              -1.4634358,
              50.9339158
            ],
            [
              -1.4633648,
              50.9339002
            ],
            [
              -1.4633604,
              50.9339087
            ],
            [
              -1.4633214,
              50.9338996
            ],
            [
              -1.4633163,
              50.9339085
            ]
          ]
        ]
      },
      "properties": {
        "osid": "6036800c-8c31-4ea9-ad76-4959b1186e74",
        "toid": "osgb1000016342881",
        "theme": "Buildings",
        "changetype": "Modified Attributes",
        "isobscured": false,
        "description": "Building",
        "versiondate": "2025-02-15",
        "geometry_area": 19.82,
        "height_source": "Ordnance Survey",
        "physicallevel": "Surface Level",
        "oslandusetiera": "Unknown Or Unused Artificial",
        "oslandusetierb": [],
        "geometry_source": "Ordnance Survey",
        "oslandcovertiera": "Constructed",
        "oslandcovertierb": [
          "Building"
        ],
        "oslanduse_source": "Ordnance Survey",
        "height_updatedate": "2025-01-17",
        "description_source": "Ordnance Survey",
        "oslandcover_source": "Ordnance Survey",
        "associatedstructure": null,
        "geometry_updatedate": "2004-04-13",
        "height_evidencedate": "2024-06-20",
        "capturespecification": "Urban",
        "oslanduse_updatedate": "2004-04-13",
        "absoluteheightmaximum": 23.7,
        "absoluteheightminimum": 11.1,
        "geometry_evidencedate": "2004-04-13",
        "heightconfidencelevel": "Moderate",
        "relativeheightmaximum": 12.6,
        "absoluteheightroofbase": 21.4,
        "description_updatedate": "2004-04-13",
        "oslandcover_updatedate": "2004-04-13",
        "oslanduse_evidencedate": "2004-04-13",
        "relativeheightroofbase": 10.3,
        "versionavailabletodate": null,
        "firstdigitalcapturedate": "1988-05-16",
        "description_evidencedate": "2004-04-13",
        "oslandcover_evidencedate": "2004-04-13",
        "versionavailablefromdate": "2025-02-16T00:00:00Z"
      }
    },
    {
      "id": "606c0b7c-56f9-404a-bf6d-18b179a502d3",
      "type": "Feature",
      "geometry": {
        "type": "Polygon",
        "coordinates": [
          [
            [
              -1.4673295,
              50.9381726
            ],
            [
              -1.4672504,
              50.9382419
            ],
            [
              -1.4672997,
              50.9382666
            ],
            [
              -1.4673456,
              50.9382264
            ],
            [
              -1.4673522,
              50.9382207
            ],
            [
              -1.4673805,
              50.9381958
            ],
            [
              -1.4673295,
              50.9381726
            ]
          ]
        ]
      },
      "properties": {
        "osid": "606c0b7c-56f9-404a-bf6d-18b179a502d3",
        "toid": "osgb5000005340806031",
        "theme": "Buildings",
        "changetype": "Modified Attributes",
        "isobscured": false,
        "description": "Building",
        "versiondate": "2025-02-15",
        "geometry_area": 42.483288,
        "height_source": "Ordnance Survey",
        "physicallevel": "Surface Level",
        "oslandusetiera": "Residential Accommodation",
        "oslandusetierb": [
          "Private Residence"
        ],
        "geometry_source": "Ordnance Survey",
        "oslandcovertiera": "Constructed",
        "oslandcovertierb": [
          "Building"
        ],
        "oslanduse_source": "Ordnance Survey",
        "height_updatedate": "2025-02-13",
        "description_source": "Ordnance Survey",
        "oslandcover_source": "Ordnance Survey",
        "associatedstructure": null,
        "geometry_updatedate": "2024-11-27",
        "height_evidencedate": "2024-06-20",
        "capturespecification": "Urban",
        "oslanduse_updatedate": "2024-11-27",
        "absoluteheightmaximum": null,
        "absoluteheightminimum": 14.7,
        "geometry_evidencedate": "2024-06-20",
        "heightconfidencelevel": "Incomplete",
        "relativeheightmaximum": null,
        "absoluteheightroofbase": null,
        "description_updatedate": "2024-11-27",
        "oslandcover_updatedate": "2024-11-27",
        "oslanduse_evidencedate": "2024-06-20",
        "relativeheightroofbase": null,
        "versionavailabletodate": null,
        "firstdigitalcapturedate": "2024-11-27",
        "description_evidencedate": "2024-06-20",
        "oslandcover_evidencedate": "2024-06-20",
        "versionavailablefromdate": "2025-02-16T00:00:00Z"
      }
    },
    {
      "id": "60bde0c9-cd36-4b63-8fd5-a35e2e8e6b22",
      "type": "Feature",
      "geometry": {
        "type": "Polygon",
        "coordinates": [
          [
            [
              -1.4705924,
              50.9389577
            ],
            [
              -1.4706047,
              50.9389577
            ],
            [
              -1.4706225,
              50.9389578
            ],
            [
              -1.4706239,
              50.9388264
            ],
            [
              -1.4706061,
              50.9388264
            ],
            [
              -1.470185,
              50.9388246
            ],
            [
              -1.4701665,
              50.9388245
            ],
            [
              -1.4701651,
              50.9389558
            ],
            [
              -1.4701638,
              50.9390869
            ],
            [
              -1.4701823,
              50.939087
            ],
            [
              -1.4701836,
              50.9389559
            ],
            [
              -1.4705924,
              50.9389577
            ]
          ]
        ]
      },
      "properties": {
        "osid": "60bde0c9-cd36-4b63-8fd5-a35e2e8e6b22",
        "toid": "osgb1000002682082440",
        "theme": "Buildings",
        "changetype": "Modified Attributes",
        "isobscured": false,
        "description": "Building",
        "versiondate": "2025-02-05",
        "geometry_area": 488.35425,
        "height_source": "Ordnance Survey",
        "physicallevel": "Surface Level",
        "oslandusetiera": "Government Services",
        "oslandusetierb": [],
        "geometry_source": "Ordnance Survey",
        "oslandcovertiera": "Constructed",
        "oslandcovertierb": [
          "Building"
        ],
        "oslanduse_source": "Ordnance Survey",
        "height_updatedate": "2025-01-17",
        "description_source": "Ordnance Survey",
        "oslandcover_source": "Ordnance Survey",
        "associatedstructure": null,
        "geometry_updatedate": "2010-12-01",
        "height_evidencedate": "2024-06-20",
        "capturespecification": "Urban",
        "oslanduse_updatedate": "2010-12-01",
        "absoluteheightmaximum": 18,
        "absoluteheightminimum": 13.6,
        "geometry_evidencedate": "2010-12-01",
        "heightconfidencelevel": "Moderate",
        "relativeheightmaximum": 4.4,
        "absoluteheightroofbase": 16.8,
        "description_updatedate": "2010-12-01",
        "oslandcover_updatedate": "2010-12-01",
        "oslanduse_evidencedate": "2010-12-01",
        "relativeheightroofbase": 3.2,
        "versionavailabletodate": null,
        "firstdigitalcapturedate": "2010-08-19",
        "description_evidencedate": "2010-12-01",
        "oslandcover_evidencedate": "2010-12-01",
        "versionavailablefromdate": "2025-02-06T00:00:00Z"
      }
    },
    {
      "id": "60eae6fa-edb2-4316-82af-3b67d3ddd015",
      "type": "Feature",
      "geometry": {
        "type": "Polygon",
        "coordinates": [
          [
            [
              -1.4647822,
              50.9400095
            ],
            [
              -1.4648425,
              50.9400278
            ],
            [
              -1.464893,
              50.9399613
            ],
            [
              -1.4648328,
              50.939943
            ],
            [
              -1.4647822,
              50.9400095
            ]
          ]
        ]
      },
      "properties": {
        "osid": "60eae6fa-edb2-4316-82af-3b67d3ddd015",
        "toid": "osgb5000005227734219",
        "theme": "Buildings",
        "changetype": "Modified Attributes",
        "isobscured": false,
        "description": "Building",
        "versiondate": "2025-02-05",
        "geometry_area": 38.486338,
        "height_source": "Ordnance Survey",
        "physicallevel": "Surface Level",
        "oslandusetiera": "Residential Accommodation",
        "oslandusetierb": [
          "Private Residence"
        ],
        "geometry_source": "Ordnance Survey",
        "oslandcovertiera": "Constructed",
        "oslandcovertierb": [
          "Building"
        ],
        "oslanduse_source": "Ordnance Survey",
        "height_updatedate": "2025-01-17",
        "description_source": "Ordnance Survey",
        "oslandcover_source": "Ordnance Survey",
        "associatedstructure": null,
        "geometry_updatedate": "2018-04-30",
        "height_evidencedate": "2024-06-20",
        "capturespecification": "Urban",
        "oslanduse_updatedate": "2018-04-30",
        "absoluteheightmaximum": 32.1,
        "absoluteheightminimum": 24.1,
        "geometry_evidencedate": "2018-04-30",
        "heightconfidencelevel": "Moderate",
        "relativeheightmaximum": 8,
        "absoluteheightroofbase": 29.6,
        "description_updatedate": "2018-04-30",
        "oslandcover_updatedate": "2018-04-30",
        "oslanduse_evidencedate": "2018-04-30",
        "relativeheightroofbase": 5.5,
        "versionavailabletodate": null,
        "firstdigitalcapturedate": "2018-04-30",
        "description_evidencedate": "2018-04-30",
        "oslandcover_evidencedate": "2018-04-30",
        "versionavailablefromdate": "2025-02-06T00:00:00Z"
      }
    },
    {
      "id": "61341b18-99b6-4ad6-8c3d-0b225ea0c005",
      "type": "Feature",
      "geometry": {
        "type": "Polygon",
        "coordinates": [
          [
            [
              -1.465242,
              50.9372981
            ],
            [
              -1.4653394,
              50.9373017
            ],
            [
              -1.4653598,
              50.9373024
            ],
            [
              -1.4653598,
              50.9373023
            ],
            [
              -1.4653627,
              50.9372773
            ],
            [
              -1.4653913,
              50.9372786
            ],
            [
              -1.4653978,
              50.9372222
            ],
            [
              -1.4653691,
              50.9372209
            ],
            [
              -1.4652509,
              50.9372155
            ],
            [
              -1.4652296,
              50.9372145
            ],
            [
              -1.4652246,
              50.93726
            ],
            [
              -1.4652459,
              50.9372609
            ],
            [
              -1.465242,
              50.9372981
            ]
          ]
        ]
      },
      "properties": {
        "osid": "61341b18-99b6-4ad6-8c3d-0b225ea0c005",
        "toid": "osgb1000016342772",
        "theme": "Buildings",
        "changetype": "Modified Attributes",
        "isobscured": false,
        "description": "Building",
        "versiondate": "2025-02-05",
        "geometry_area": 96.406581,
        "height_source": "Ordnance Survey",
        "physicallevel": "Surface Level",
        "oslandusetiera": "Residential Accommodation",
        "oslandusetierb": [
          "Private Residence"
        ],
        "geometry_source": "Ordnance Survey",
        "oslandcovertiera": "Constructed",
        "oslandcovertierb": [
          "Building"
        ],
        "oslanduse_source": "Ordnance Survey",
        "height_updatedate": "2025-01-17",
        "description_source": "Ordnance Survey",
        "oslandcover_source": "Ordnance Survey",
        "associatedstructure": null,
        "geometry_updatedate": "2017-04-21",
        "height_evidencedate": "2024-06-20",
        "capturespecification": "Urban",
        "oslanduse_updatedate": "2004-04-13",
        "absoluteheightmaximum": 25.4,
        "absoluteheightminimum": 17.6,
        "geometry_evidencedate": "2016-08-12",
        "heightconfidencelevel": "Moderate",
        "relativeheightmaximum": 7.8,
        "absoluteheightroofbase": 22.9,
        "description_updatedate": "2004-04-13",
        "oslandcover_updatedate": "2004-04-13",
        "oslanduse_evidencedate": "2004-04-13",
        "relativeheightroofbase": 5.3,
        "versionavailabletodate": null,
        "firstdigitalcapturedate": "1988-05-16",
        "description_evidencedate": "2004-04-13",
        "oslandcover_evidencedate": "2004-04-13",
        "versionavailablefromdate": "2025-02-06T00:00:00Z"
      }
    },
    {
      "id": "619fbc29-66b1-4699-9537-718240357119",
      "type": "Feature",
      "geometry": {
        "type": "Polygon",
        "coordinates": [
          [
            [
              -1.4667856,
              50.9355469
            ],
            [
              -1.4668432,
              50.9355596
            ],
            [
              -1.4668839,
              50.9354863
            ],
            [
              -1.4668262,
              50.9354735
            ],
            [
              -1.4667856,
              50.9355469
            ]
          ]
        ]
      },
      "properties": {
        "osid": "619fbc29-66b1-4699-9537-718240357119",
        "toid": "osgb5000005208814641",
        "theme": "Buildings",
        "changetype": "Modified Attributes",
        "isobscured": false,
        "description": "Building",
        "versiondate": "2025-02-05",
        "geometry_area": 37.057903,
        "height_source": "Ordnance Survey",
        "physicallevel": "Surface Level",
        "oslandusetiera": "Residential Accommodation",
        "oslandusetierb": [
          "Private Residence"
        ],
        "geometry_source": "Ordnance Survey",
        "oslandcovertiera": "Constructed",
        "oslandcovertierb": [
          "Building"
        ],
        "oslanduse_source": "Ordnance Survey",
        "height_updatedate": "2025-01-17",
        "description_source": "Ordnance Survey",
        "oslandcover_source": "Ordnance Survey",
        "associatedstructure": null,
        "geometry_updatedate": "2017-08-03",
        "height_evidencedate": "2024-06-20",
        "capturespecification": "Urban",
        "oslanduse_updatedate": "2017-08-03",
        "absoluteheightmaximum": 20.2,
        "absoluteheightminimum": 12.1,
        "geometry_evidencedate": "2017-08-03",
        "heightconfidencelevel": "Moderate",
        "relativeheightmaximum": 8.1,
        "absoluteheightroofbase": 17.7,
        "description_updatedate": "2017-08-03",
        "oslandcover_updatedate": "2017-08-03",
        "oslanduse_evidencedate": "2017-08-03",
        "relativeheightroofbase": 5.6,
        "versionavailabletodate": null,
        "firstdigitalcapturedate": "2017-08-03",
        "description_evidencedate": "2017-08-03",
        "oslandcover_evidencedate": "2017-08-03",
        "versionavailablefromdate": "2025-02-06T00:00:00Z"
      }
    },
    {
      "id": "623923db-b640-4e76-a64e-be4429c9d195",
      "type": "Feature",
      "geometry": {
        "type": "Polygon",
        "coordinates": [
          [
            [
              -1.4674955,
              50.9368541
            ],
            [
              -1.4674681,
              50.9368682
            ],
            [
              -1.4674875,
              50.9368833
            ],
            [
              -1.4675153,
              50.9368689
            ],
            [
              -1.4675382,
              50.9368572
            ],
            [
              -1.4675188,
              50.9368421
            ],
            [
              -1.4674955,
              50.9368541
            ]
          ]
        ]
      },
      "properties": {
        "osid": "623923db-b640-4e76-a64e-be4429c9d195",
        "toid": "osgb5000005257941607",
        "theme": "Buildings",
        "changetype": "Modified Attributes",
        "isobscured": false,
        "description": "Building",
        "versiondate": "2025-02-05",
        "geometry_area": 9.924228,
        "height_source": "Ordnance Survey",
        "physicallevel": "Surface Level",
        "oslandusetiera": "Residential Accommodation",
        "oslandusetierb": [
          "Private Residence"
        ],
        "geometry_source": "Ordnance Survey",
        "oslandcovertiera": "Constructed",
        "oslandcovertierb": [
          "Building"
        ],
        "oslanduse_source": "Ordnance Survey",
        "height_updatedate": "2025-01-17",
        "description_source": "Ordnance Survey",
        "oslandcover_source": "Ordnance Survey",
        "associatedstructure": null,
        "geometry_updatedate": "2019-12-29",
        "height_evidencedate": "2024-06-20",
        "capturespecification": "Urban",
        "oslanduse_updatedate": "2019-12-29",
        "absoluteheightmaximum": 15.4,
        "absoluteheightminimum": 12.9,
        "geometry_evidencedate": "2019-06-28",
        "heightconfidencelevel": "Moderate",
        "relativeheightmaximum": 2.5,
        "absoluteheightroofbase": 15.1,
        "description_updatedate": "2019-12-29",
        "oslandcover_updatedate": "2019-12-29",
        "oslanduse_evidencedate": "2019-06-28",
        "relativeheightroofbase": 2.2,
        "versionavailabletodate": null,
        "firstdigitalcapturedate": "2019-12-30",
        "description_evidencedate": "2019-06-28",
        "oslandcover_evidencedate": "2019-06-28",
        "versionavailablefromdate": "2025-02-06T00:00:00Z"
      }
    },
    {
      "id": "624cb9c9-e902-4a59-ae8d-db8aeb343de9",
      "type": "Feature",
      "geometry": {
        "type": "Polygon",
        "coordinates": [
          [
            [
              -1.4664337,
              50.9392739
            ],
            [
              -1.466488,
              50.9393242
            ],
            [
              -1.4665903,
              50.9392801
            ],
            [
              -1.466536,
              50.9392298
            ],
            [
              -1.4664337,
              50.9392739
            ]
          ]
        ]
      },
      "properties": {
        "osid": "624cb9c9-e902-4a59-ae8d-db8aeb343de9",
        "toid": "osgb5000005239289069",
        "theme": "Buildings",
        "changetype": "Modified Attributes",
        "isobscured": false,
        "description": "Building",
        "versiondate": "2025-02-05",
        "geometry_area": 58.91518,
        "height_source": "Ordnance Survey",
        "physicallevel": "Surface Level",
        "oslandusetiera": "Residential Accommodation",
        "oslandusetierb": [
          "Private Residence"
        ],
        "geometry_source": "Ordnance Survey",
        "oslandcovertiera": "Constructed",
        "oslandcovertierb": [
          "Building"
        ],
        "oslanduse_source": "Ordnance Survey",
        "height_updatedate": "2025-01-17",
        "description_source": "Ordnance Survey",
        "oslandcover_source": "Ordnance Survey",
        "associatedstructure": null,
        "geometry_updatedate": "2022-05-06",
        "height_evidencedate": "2024-06-20",
        "capturespecification": "Urban",
        "oslanduse_updatedate": "2018-11-26",
        "absoluteheightmaximum": 29.7,
        "absoluteheightminimum": 20.6,
        "geometry_evidencedate": "2021-04-17",
        "heightconfidencelevel": "Moderate",
        "relativeheightmaximum": 9.1,
        "absoluteheightroofbase": 26.9,
        "description_updatedate": "2018-11-26",
        "oslandcover_updatedate": "2018-11-26",
        "oslanduse_evidencedate": "2018-11-26",
        "relativeheightroofbase": 6.3,
        "versionavailabletodate": null,
        "firstdigitalcapturedate": "2018-11-26",
        "description_evidencedate": "2018-11-26",
        "oslandcover_evidencedate": "2018-11-26",
        "versionavailablefromdate": "2025-02-06T00:00:00Z"
      }
    },
    {
      "id": "625d9d2c-ae9f-48e2-ba28-8ce901ff9202",
      "type": "Feature",
      "geometry": {
        "type": "Polygon",
        "coordinates": [
          [
            [
              -1.4698777,
              50.9397102
            ],
            [
              -1.4699171,
              50.9397105
            ],
            [
              -1.4699174,
              50.9396829
            ],
            [
              -1.469878,
              50.9396827
            ],
            [
              -1.4698777,
              50.9397102
            ]
          ]
        ]
      },
      "properties": {
        "osid": "625d9d2c-ae9f-48e2-ba28-8ce901ff9202",
        "toid": "osgb5000005333760187",
        "theme": "Buildings",
        "changetype": "Modified Attributes",
        "isobscured": false,
        "description": "Building",
        "versiondate": "2025-02-05",
        "geometry_area": 8.508807,
        "height_source": "Ordnance Survey",
        "physicallevel": "Surface Level",
        "oslandusetiera": "Utility Or Environmental Protection",
        "oslandusetierb": [
          "Electricity Distribution"
        ],
        "geometry_source": "Ordnance Survey",
        "oslandcovertiera": "Constructed",
        "oslandcovertierb": [
          "Building"
        ],
        "oslanduse_source": "Ordnance Survey",
        "height_updatedate": "2025-01-17",
        "description_source": "Ordnance Survey",
        "oslandcover_source": "Ordnance Survey",
        "associatedstructure": null,
        "geometry_updatedate": "2024-04-09",
        "height_evidencedate": "2024-06-20",
        "capturespecification": "Urban",
        "oslanduse_updatedate": "2024-04-09",
        "absoluteheightmaximum": null,
        "absoluteheightminimum": 14.6,
        "geometry_evidencedate": "2024-04-02",
        "heightconfidencelevel": "Incomplete",
        "relativeheightmaximum": null,
        "absoluteheightroofbase": null,
        "description_updatedate": "2024-04-09",
        "oslandcover_updatedate": "2024-04-09",
        "oslanduse_evidencedate": "2024-04-02",
        "relativeheightroofbase": null,
        "versionavailabletodate": null,
        "firstdigitalcapturedate": "2024-04-10",
        "description_evidencedate": "2024-04-02",
        "oslandcover_evidencedate": "2024-04-02",
        "versionavailablefromdate": "2025-02-06T00:00:00Z"
      }
    },
    {
      "id": "626c261b-f8fe-4936-aa31-96fa94a744f0",
      "type": "Feature",
      "geometry": {
        "type": "Polygon",
        "coordinates": [
          [
            [
              -1.4657387,
              50.9388701
            ],
            [
              -1.4657459,
              50.9388722
            ],
            [
              -1.4658468,
              50.9389025
            ],
            [
              -1.4658553,
              50.938905
            ],
            [
              -1.4658891,
              50.93886
            ],
            [
              -1.4657725,
              50.9388251
            ],
            [
              -1.4657387,
              50.9388701
            ]
          ]
        ]
      },
      "properties": {
        "osid": "626c261b-f8fe-4936-aa31-96fa94a744f0",
        "toid": "osgb5000005244788276",
        "theme": "Buildings",
        "changetype": "Modified Attributes",
        "isobscured": false,
        "description": "Building",
        "versiondate": "2025-02-05",
        "geometry_area": 50.248614,
        "height_source": "Ordnance Survey",
        "physicallevel": "Surface Level",
        "oslandusetiera": "Residential Accommodation",
        "oslandusetierb": [
          "Private Residence"
        ],
        "geometry_source": "Ordnance Survey",
        "oslandcovertiera": "Constructed",
        "oslandcovertierb": [
          "Building"
        ],
        "oslanduse_source": "Ordnance Survey",
        "height_updatedate": "2025-01-17",
        "description_source": "Ordnance Survey",
        "oslandcover_source": "Ordnance Survey",
        "associatedstructure": null,
        "geometry_updatedate": "2019-04-08",
        "height_evidencedate": "2024-06-20",
        "capturespecification": "Urban",
        "oslanduse_updatedate": "2019-04-09",
        "absoluteheightmaximum": 29.7,
        "absoluteheightminimum": 21.5,
        "geometry_evidencedate": "2019-04-08",
        "heightconfidencelevel": "Moderate",
        "relativeheightmaximum": 8.2,
        "absoluteheightroofbase": 26,
        "description_updatedate": "2019-04-09",
        "oslandcover_updatedate": "2019-04-09",
        "oslanduse_evidencedate": "2019-04-09",
        "relativeheightroofbase": 4.5,
        "versionavailabletodate": null,
        "firstdigitalcapturedate": "2019-04-09",
        "description_evidencedate": "2019-04-09",
        "oslandcover_evidencedate": "2019-04-09",
        "versionavailablefromdate": "2025-02-06T00:00:00Z"
      }
    },
    {
      "id": "62739292-ab80-455a-9cf2-faa9dc5e646a",
      "type": "Feature",
      "geometry": {
        "type": "Polygon",
        "coordinates": [
          [
            [
              -1.4665198,
              50.9388479
            ],
            [
              -1.4665564,
              50.9388821
            ],
            [
              -1.4666526,
              50.9388409
            ],
            [
              -1.466616,
              50.9388067
            ],
            [
              -1.4665401,
              50.9388392
            ],
            [
              -1.4665198,
              50.9388479
            ]
          ]
        ]
      },
      "properties": {
        "osid": "62739292-ab80-455a-9cf2-faa9dc5e646a",
        "toid": "osgb5000005244788291",
        "theme": "Buildings",
        "changetype": "Modified Attributes",
        "isobscured": false,
        "description": "Building",
        "versiondate": "2025-02-05",
        "geometry_area": 37.459906,
        "height_source": "Ordnance Survey",
        "physicallevel": "Surface Level",
        "oslandusetiera": "Residential Accommodation",
        "oslandusetierb": [
          "Private Residence"
        ],
        "geometry_source": "Ordnance Survey",
        "oslandcovertiera": "Constructed",
        "oslandcovertierb": [
          "Building"
        ],
        "oslanduse_source": "Ordnance Survey",
        "height_updatedate": "2025-01-17",
        "description_source": "Ordnance Survey",
        "oslandcover_source": "Ordnance Survey",
        "associatedstructure": null,
        "geometry_updatedate": "2024-11-27",
        "height_evidencedate": "2024-06-20",
        "capturespecification": "Urban",
        "oslanduse_updatedate": "2019-04-09",
        "absoluteheightmaximum": 26.1,
        "absoluteheightminimum": 19,
        "geometry_evidencedate": "2024-06-20",
        "heightconfidencelevel": "Moderate",
        "relativeheightmaximum": 7.1,
        "absoluteheightroofbase": 24.2,
        "description_updatedate": "2019-04-09",
        "oslandcover_updatedate": "2019-04-09",
        "oslanduse_evidencedate": "2019-04-09",
        "relativeheightroofbase": 5.2,
        "versionavailabletodate": null,
        "firstdigitalcapturedate": "2019-04-09",
        "description_evidencedate": "2019-04-09",
        "oslandcover_evidencedate": "2019-04-09",
        "versionavailablefromdate": "2025-02-06T00:00:00Z"
      }
    },
    {
      "id": "62da4151-49a5-4009-a52b-c97b3f5c782c",
      "type": "Feature",
      "geometry": {
        "type": "Polygon",
        "coordinates": [
          [
            [
              -1.4677054,
              50.9370598
            ],
            [
              -1.4676795,
              50.937088
            ],
            [
              -1.4676521,
              50.9371189
            ],
            [
              -1.467679,
              50.9371285
            ],
            [
              -1.467721,
              50.9371429
            ],
            [
              -1.4677739,
              50.9370837
            ],
            [
              -1.4677299,
              50.9370683
            ],
            [
              -1.4677381,
              50.937059
            ],
            [
              -1.4677136,
              50.9370505
            ],
            [
              -1.4677054,
              50.9370598
            ]
          ]
        ]
      },
      "properties": {
        "osid": "62da4151-49a5-4009-a52b-c97b3f5c782c",
        "toid": "osgb1000016343204",
        "theme": "Buildings",
        "changetype": "Modified Attributes",
        "isobscured": false,
        "description": "Building",
        "versiondate": "2025-02-05",
        "geometry_area": 44.17219,
        "height_source": "Ordnance Survey",
        "physicallevel": "Surface Level",
        "oslandusetiera": "Residential Accommodation",
        "oslandusetierb": [
          "Private Residence"
        ],
        "geometry_source": "Ordnance Survey",
        "oslandcovertiera": "Constructed",
        "oslandcovertierb": [
          "Building"
        ],
        "oslanduse_source": "Ordnance Survey",
        "height_updatedate": "2025-01-17",
        "description_source": "Ordnance Survey",
        "oslandcover_source": "Ordnance Survey",
        "associatedstructure": null,
        "geometry_updatedate": "2017-04-19",
        "height_evidencedate": "2024-06-20",
        "capturespecification": "Urban",
        "oslanduse_updatedate": "2006-12-14",
        "absoluteheightmaximum": 22.2,
        "absoluteheightminimum": 13.1,
        "geometry_evidencedate": "2016-08-12",
        "heightconfidencelevel": "Moderate",
        "relativeheightmaximum": 9.1,
        "absoluteheightroofbase": 17.8,
        "description_updatedate": "2006-12-14",
        "oslandcover_updatedate": "2006-12-14",
        "oslanduse_evidencedate": "2006-12-14",
        "relativeheightroofbase": 4.7,
        "versionavailabletodate": null,
        "firstdigitalcapturedate": "1988-05-16",
        "description_evidencedate": "2006-12-14",
        "oslandcover_evidencedate": "2006-12-14",
        "versionavailablefromdate": "2025-02-06T00:00:00Z"
      }
    },
    {
      "id": "633690b4-9da7-4613-8468-83f2440db7b0",
      "type": "Feature",
      "geometry": {
        "type": "Polygon",
        "coordinates": [
          [
            [
              -1.4661,
              50.935898
            ],
            [
              -1.4661387,
              50.9359085
            ],
            [
              -1.4661556,
              50.9358837
            ],
            [
              -1.4661169,
              50.9358732
            ],
            [
              -1.4661,
              50.935898
            ]
          ]
        ]
      },
      "properties": {
        "osid": "633690b4-9da7-4613-8468-83f2440db7b0",
        "toid": "osgb5000005335898425",
        "theme": "Buildings",
        "changetype": "Modified Attributes",
        "isobscured": false,
        "description": "Building",
        "versiondate": "2025-02-15",
        "geometry_area": 8.87841,
        "height_source": "Ordnance Survey",
        "physicallevel": "Surface Level",
        "oslandusetiera": "Residential Accommodation",
        "oslandusetierb": [
          "Private Residence"
        ],
        "geometry_source": "Ordnance Survey",
        "oslandcovertiera": "Constructed",
        "oslandcovertierb": [
          "Building"
        ],
        "oslanduse_source": "Ordnance Survey",
        "height_updatedate": "2025-02-13",
        "description_source": "Ordnance Survey",
        "oslandcover_source": "Ordnance Survey",
        "associatedstructure": null,
        "geometry_updatedate": "2024-06-19",
        "height_evidencedate": "2024-06-20",
        "capturespecification": "Urban",
        "oslanduse_updatedate": "2024-06-19",
        "absoluteheightmaximum": 15.9,
        "absoluteheightminimum": 13,
        "geometry_evidencedate": "2024-05-30",
        "heightconfidencelevel": "Moderate",
        "relativeheightmaximum": 2.9,
        "absoluteheightroofbase": 15,
        "description_updatedate": "2024-06-19",
        "oslandcover_updatedate": "2024-06-19",
        "oslanduse_evidencedate": "2024-05-30",
        "relativeheightroofbase": 2,
        "versionavailabletodate": null,
        "firstdigitalcapturedate": "2024-06-20",
        "description_evidencedate": "2024-05-30",
        "oslandcover_evidencedate": "2024-05-30",
        "versionavailablefromdate": "2025-02-16T00:00:00Z"
      }
    },
    {
      "id": "63730951-5493-4002-9029-b0f5c238428b",
      "type": "Feature",
      "geometry": {
        "type": "Polygon",
        "coordinates": [
          [
            [
              -1.4657184,
              50.9389088
            ],
            [
              -1.4658194,
              50.938939
            ],
            [
              -1.4658468,
              50.9389025
            ],
            [
              -1.4657459,
              50.9388722
            ],
            [
              -1.4657184,
              50.9389088
            ]
          ]
        ]
      },
      "properties": {
        "osid": "63730951-5493-4002-9029-b0f5c238428b",
        "toid": "osgb5000005244788282",
        "theme": "Buildings",
        "changetype": "Modified Attributes",
        "isobscured": false,
        "description": "Building",
        "versiondate": "2025-02-05",
        "geometry_area": 35.322059,
        "height_source": "Ordnance Survey",
        "physicallevel": "Surface Level",
        "oslandusetiera": "Residential Accommodation",
        "oslandusetierb": [
          "Private Residence"
        ],
        "geometry_source": "Ordnance Survey",
        "oslandcovertiera": "Constructed",
        "oslandcovertierb": [
          "Building"
        ],
        "oslanduse_source": "Ordnance Survey",
        "height_updatedate": "2025-01-17",
        "description_source": "Ordnance Survey",
        "oslandcover_source": "Ordnance Survey",
        "associatedstructure": null,
        "geometry_updatedate": "2019-04-08",
        "height_evidencedate": "2024-06-20",
        "capturespecification": "Urban",
        "oslanduse_updatedate": "2019-04-09",
        "absoluteheightmaximum": 29.6,
        "absoluteheightminimum": 21.7,
        "geometry_evidencedate": "2019-04-08",
        "heightconfidencelevel": "Moderate",
        "relativeheightmaximum": 7.9,
        "absoluteheightroofbase": 28.4,
        "description_updatedate": "2019-04-09",
        "oslandcover_updatedate": "2019-04-09",
        "oslanduse_evidencedate": "2019-04-09",
        "relativeheightroofbase": 6.7,
        "versionavailabletodate": null,
        "firstdigitalcapturedate": "2019-04-09",
        "description_evidencedate": "2019-04-09",
        "oslandcover_evidencedate": "2019-04-09",
        "versionavailablefromdate": "2025-02-06T00:00:00Z"
      }
    },
    {
      "id": "63a782f8-bac2-48a9-a190-20bd6de1ed6a",
      "type": "Feature",
      "geometry": {
        "type": "Polygon",
        "coordinates": [
          [
            [
              -1.4660326,
              50.9400865
            ],
            [
              -1.4661013,
              50.9401453
            ],
            [
              -1.4662001,
              50.9400993
            ],
            [
              -1.4661618,
              50.9400664
            ],
            [
              -1.4661816,
              50.9400572
            ],
            [
              -1.4661538,
              50.9400333
            ],
            [
              -1.4661512,
              50.9400311
            ],
            [
              -1.4661074,
              50.9400516
            ],
            [
              -1.4660326,
              50.9400865
            ]
          ]
        ]
      },
      "properties": {
        "osid": "63a782f8-bac2-48a9-a190-20bd6de1ed6a",
        "toid": "osgb5000005227734229",
        "theme": "Buildings",
        "changetype": "Modified Attributes",
        "isobscured": false,
        "description": "Building",
        "versiondate": "2025-02-05",
        "geometry_area": 76.422315,
        "height_source": "Ordnance Survey",
        "physicallevel": "Surface Level",
        "oslandusetiera": "Residential Accommodation",
        "oslandusetierb": [
          "Private Residence"
        ],
        "geometry_source": "Ordnance Survey",
        "oslandcovertiera": "Constructed",
        "oslandcovertierb": [
          "Building"
        ],
        "oslanduse_source": "Ordnance Survey",
        "height_updatedate": "2025-01-17",
        "description_source": "Ordnance Survey",
        "oslandcover_source": "Ordnance Survey",
        "associatedstructure": null,
        "geometry_updatedate": "2018-07-09",
        "height_evidencedate": "2024-06-20",
        "capturespecification": "Urban",
        "oslanduse_updatedate": "2018-04-30",
        "absoluteheightmaximum": 30.3,
        "absoluteheightminimum": 22.1,
        "geometry_evidencedate": "2018-07-09",
        "heightconfidencelevel": "Moderate",
        "relativeheightmaximum": 8.2,
        "absoluteheightroofbase": 27.6,
        "description_updatedate": "2018-04-30",
        "oslandcover_updatedate": "2018-04-30",
        "oslanduse_evidencedate": "2018-04-30",
        "relativeheightroofbase": 5.5,
        "versionavailabletodate": null,
        "firstdigitalcapturedate": "2018-04-30",
        "description_evidencedate": "2018-04-30",
        "oslandcover_evidencedate": "2018-04-30",
        "versionavailablefromdate": "2025-02-06T00:00:00Z"
      }
    },
    {
      "id": "642fd92b-7493-445a-a576-28236cdb608b",
      "type": "Feature",
      "geometry": {
        "type": "Polygon",
        "coordinates": [
          [
            [
              -1.465925,
              50.9368093
            ],
            [
              -1.4659409,
              50.9367874
            ],
            [
              -1.4658644,
              50.9367641
            ],
            [
              -1.465847,
              50.9367865
            ],
            [
              -1.465925,
              50.9368093
            ]
          ]
        ]
      },
      "properties": {
        "osid": "642fd92b-7493-445a-a576-28236cdb608b",
        "toid": "osgb1000016342838",
        "theme": "Buildings",
        "changetype": "Modified Attributes",
        "isobscured": false,
        "description": "Building",
        "versiondate": "2025-02-05",
        "geometry_area": 16.3925,
        "height_source": "Ordnance Survey",
        "physicallevel": "Surface Level",
        "oslandusetiera": "Unknown Or Unused Artificial",
        "oslandusetierb": [],
        "geometry_source": "Ordnance Survey",
        "oslandcovertiera": "Constructed",
        "oslandcovertierb": [
          "Building"
        ],
        "oslanduse_source": "Ordnance Survey",
        "height_updatedate": "2025-01-17",
        "description_source": "Ordnance Survey",
        "oslandcover_source": "Ordnance Survey",
        "associatedstructure": null,
        "geometry_updatedate": "2004-04-13",
        "height_evidencedate": "2024-06-20",
        "capturespecification": "Urban",
        "oslanduse_updatedate": "2004-04-13",
        "absoluteheightmaximum": null,
        "absoluteheightminimum": 14.6,
        "geometry_evidencedate": "2004-04-13",
        "heightconfidencelevel": "Incomplete",
        "relativeheightmaximum": null,
        "absoluteheightroofbase": null,
        "description_updatedate": "2004-04-13",
        "oslandcover_updatedate": "2004-04-13",
        "oslanduse_evidencedate": "2004-04-13",
        "relativeheightroofbase": null,
        "versionavailabletodate": null,
        "firstdigitalcapturedate": "1988-05-16",
        "description_evidencedate": "2004-04-13",
        "oslandcover_evidencedate": "2004-04-13",
        "versionavailablefromdate": "2025-02-06T00:00:00Z"
      }
    },
    {
      "id": "64bcb3e3-6e19-42bc-92ca-25c5c3540723",
      "type": "Feature",
      "geometry": {
        "type": "Polygon",
        "coordinates": [
          [
            [
              -1.4675079,
              50.9360122
            ],
            [
              -1.4675315,
              50.935979
            ],
            [
              -1.467538,
              50.9359699
            ],
            [
              -1.4675799,
              50.9359818
            ],
            [
              -1.4675866,
              50.9359724
            ],
            [
              -1.4676047,
              50.935947
            ],
            [
              -1.4675631,
              50.9359352
            ],
            [
              -1.4675659,
              50.9359313
            ],
            [
              -1.4674766,
              50.935906
            ],
            [
              -1.4674522,
              50.9359403
            ],
            [
              -1.4674401,
              50.9359573
            ],
            [
              -1.467419,
              50.9359869
            ],
            [
              -1.4675079,
              50.9360122
            ]
          ]
        ]
      },
      "properties": {
        "osid": "64bcb3e3-6e19-42bc-92ca-25c5c3540723",
        "toid": "osgb5000005208814501",
        "theme": "Buildings",
        "changetype": "Modified Attributes",
        "isobscured": false,
        "description": "Building",
        "versiondate": "2025-02-05",
        "geometry_area": 81.289589,
        "height_source": "Ordnance Survey",
        "physicallevel": "Surface Level",
        "oslandusetiera": "Residential Accommodation",
        "oslandusetierb": [
          "Private Residence"
        ],
        "geometry_source": "Ordnance Survey",
        "oslandcovertiera": "Constructed",
        "oslandcovertierb": [
          "Building"
        ],
        "oslanduse_source": "Ordnance Survey",
        "height_updatedate": "2025-01-17",
        "description_source": "Ordnance Survey",
        "oslandcover_source": "Ordnance Survey",
        "associatedstructure": null,
        "geometry_updatedate": "2017-08-03",
        "height_evidencedate": "2024-06-20",
        "capturespecification": "Urban",
        "oslanduse_updatedate": "2017-08-03",
        "absoluteheightmaximum": 21.2,
        "absoluteheightminimum": 11.6,
        "geometry_evidencedate": "2017-08-03",
        "heightconfidencelevel": "Moderate",
        "relativeheightmaximum": 9.6,
        "absoluteheightroofbase": 17.6,
        "description_updatedate": "2017-08-03",
        "oslandcover_updatedate": "2017-08-03",
        "oslanduse_evidencedate": "2017-08-03",
        "relativeheightroofbase": 6,
        "versionavailabletodate": null,
        "firstdigitalcapturedate": "2017-08-03",
        "description_evidencedate": "2017-08-03",
        "oslandcover_evidencedate": "2017-08-03",
        "versionavailablefromdate": "2025-02-06T00:00:00Z"
      }
    },
    {
      "id": "6596e3d6-8efa-418c-a194-b0fab73f864b",
      "type": "Feature",
      "geometry": {
        "type": "Polygon",
        "coordinates": [
          [
            [
              -1.4664924,
              50.9356365
            ],
            [
              -1.4665423,
              50.9356509
            ],
            [
              -1.4665936,
              50.9356658
            ],
            [
              -1.4666114,
              50.935671
            ],
            [
              -1.4666471,
              50.9356218
            ],
            [
              -1.4666299,
              50.9356169
            ],
            [
              -1.466575,
              50.935601
            ],
            [
              -1.466528,
              50.9355874
            ],
            [
              -1.4664924,
              50.9356365
            ]
          ]
        ]
      },
      "properties": {
        "osid": "6596e3d6-8efa-418c-a194-b0fab73f864b",
        "toid": "osgb5000005208814507",
        "theme": "Buildings",
        "changetype": "Modified Attributes",
        "isobscured": false,
        "description": "Building",
        "versiondate": "2025-02-05",
        "geometry_area": 55.292583,
        "height_source": "Ordnance Survey",
        "physicallevel": "Surface Level",
        "oslandusetiera": "Residential Accommodation",
        "oslandusetierb": [
          "Private Residence"
        ],
        "geometry_source": "Ordnance Survey",
        "oslandcovertiera": "Constructed",
        "oslandcovertierb": [
          "Building"
        ],
        "oslanduse_source": "Ordnance Survey",
        "height_updatedate": "2025-01-17",
        "description_source": "Ordnance Survey",
        "oslandcover_source": "Ordnance Survey",
        "associatedstructure": null,
        "geometry_updatedate": "2017-08-03",
        "height_evidencedate": "2024-06-20",
        "capturespecification": "Urban",
        "oslanduse_updatedate": "2017-08-03",
        "absoluteheightmaximum": 21.4,
        "absoluteheightminimum": 12.3,
        "geometry_evidencedate": "2017-08-03",
        "heightconfidencelevel": "Moderate",
        "relativeheightmaximum": 9.1,
        "absoluteheightroofbase": 17.2,
        "description_updatedate": "2017-08-03",
        "oslandcover_updatedate": "2017-08-03",
        "oslanduse_evidencedate": "2017-08-03",
        "relativeheightroofbase": 4.9,
        "versionavailabletodate": null,
        "firstdigitalcapturedate": "2017-08-03",
        "description_evidencedate": "2017-08-03",
        "oslandcover_evidencedate": "2017-08-03",
        "versionavailablefromdate": "2025-02-06T00:00:00Z"
      }
    },
    {
      "id": "65b844c8-eb9e-497a-9429-dfee52a27aa0",
      "type": "Feature",
      "geometry": {
        "type": "Polygon",
        "coordinates": [
          [
            [
              -1.4670966,
              50.9385433
            ],
            [
              -1.467069,
              50.9385887
            ],
            [
              -1.4671039,
              50.9385974
            ],
            [
              -1.4671137,
              50.9385813
            ],
            [
              -1.4671316,
              50.9385518
            ],
            [
              -1.4670966,
              50.9385433
            ]
          ]
        ]
      },
      "properties": {
        "osid": "65b844c8-eb9e-497a-9429-dfee52a27aa0",
        "toid": "osgb5000005295453561",
        "theme": "Buildings",
        "changetype": "Modified Attributes",
        "isobscured": false,
        "description": "Building",
        "versiondate": "2025-02-05",
        "geometry_area": 14.294731,
        "height_source": "Ordnance Survey",
        "physicallevel": "Surface Level",
        "oslandusetiera": "Residential Accommodation",
        "oslandusetierb": [
          "Private Residence"
        ],
        "geometry_source": "Ordnance Survey",
        "oslandcovertiera": "Constructed",
        "oslandcovertierb": [
          "Building"
        ],
        "oslanduse_source": "Ordnance Survey",
        "height_updatedate": "2025-01-17",
        "description_source": "Ordnance Survey",
        "oslandcover_source": "Ordnance Survey",
        "associatedstructure": null,
        "geometry_updatedate": "2022-05-06",
        "height_evidencedate": "2024-06-20",
        "capturespecification": "Urban",
        "oslanduse_updatedate": "2022-05-06",
        "absoluteheightmaximum": null,
        "absoluteheightminimum": 17.4,
        "geometry_evidencedate": "2021-04-17",
        "heightconfidencelevel": "Incomplete",
        "relativeheightmaximum": null,
        "absoluteheightroofbase": null,
        "description_updatedate": "2022-05-06",
        "oslandcover_updatedate": "2022-05-06",
        "oslanduse_evidencedate": "2021-04-17",
        "relativeheightroofbase": null,
        "versionavailabletodate": null,
        "firstdigitalcapturedate": "2022-05-06",
        "description_evidencedate": "2021-04-17",
        "oslandcover_evidencedate": "2021-04-17",
        "versionavailablefromdate": "2025-02-06T00:00:00Z"
      }
    },
    {
      "id": "6625d54b-8d28-45e0-9191-5e01a5b3ccd9",
      "type": "Feature",
      "geometry": {
        "type": "Polygon",
        "coordinates": [
          [
            [
              -1.4648787,
              50.940855
            ],
            [
              -1.4649945,
              50.940902
            ],
            [
              -1.4650348,
              50.9408623
            ],
            [
              -1.464919,
              50.9408153
            ],
            [
              -1.4648787,
              50.940855
            ]
          ]
        ]
      },
      "properties": {
        "osid": "6625d54b-8d28-45e0-9191-5e01a5b3ccd9",
        "toid": "osgb5000005208860412",
        "theme": "Buildings",
        "changetype": "Modified Attributes",
        "isobscured": false,
        "description": "Building",
        "versiondate": "2025-02-05",
        "geometry_area": 50.726772,
        "height_source": "Ordnance Survey",
        "physicallevel": "Surface Level",
        "oslandusetiera": "Residential Accommodation",
        "oslandusetierb": [
          "Private Residence"
        ],
        "geometry_source": "Ordnance Survey",
        "oslandcovertiera": "Constructed",
        "oslandcovertierb": [
          "Building"
        ],
        "oslanduse_source": "Ordnance Survey",
        "height_updatedate": "2025-01-17",
        "description_source": "Ordnance Survey",
        "oslandcover_source": "Ordnance Survey",
        "associatedstructure": null,
        "geometry_updatedate": "2017-08-04",
        "height_evidencedate": "2024-06-20",
        "capturespecification": "Urban",
        "oslanduse_updatedate": "2017-08-04",
        "absoluteheightmaximum": 31.8,
        "absoluteheightminimum": 22.5,
        "geometry_evidencedate": "2017-08-04",
        "heightconfidencelevel": "Moderate",
        "relativeheightmaximum": 9.3,
        "absoluteheightroofbase": 27.6,
        "description_updatedate": "2017-08-04",
        "oslandcover_updatedate": "2017-08-04",
        "oslanduse_evidencedate": "2017-08-04",
        "relativeheightroofbase": 5.1,
        "versionavailabletodate": null,
        "firstdigitalcapturedate": "2017-08-04",
        "description_evidencedate": "2017-08-04",
        "oslandcover_evidencedate": "2017-08-04",
        "versionavailablefromdate": "2025-02-06T00:00:00Z"
      }
    },
    {
      "id": "66c620e5-c76d-4775-9d3e-4a3e689ce9f4",
      "type": "Feature",
      "geometry": {
        "type": "Polygon",
        "coordinates": [
          [
            [
              -1.4669894,
              50.9387425
            ],
            [
              -1.4670264,
              50.9387767
            ],
            [
              -1.4671212,
              50.9387358
            ],
            [
              -1.4670842,
              50.9387016
            ],
            [
              -1.4669894,
              50.9387425
            ]
          ]
        ]
      },
      "properties": {
        "osid": "66c620e5-c76d-4775-9d3e-4a3e689ce9f4",
        "toid": "osgb5000005244788295",
        "theme": "Buildings",
        "changetype": "Modified Attributes",
        "isobscured": false,
        "description": "Building",
        "versiondate": "2025-02-05",
        "geometry_area": 37.199176,
        "height_source": "Ordnance Survey",
        "physicallevel": "Surface Level",
        "oslandusetiera": "Residential Accommodation",
        "oslandusetierb": [
          "Private Residence"
        ],
        "geometry_source": "Ordnance Survey",
        "oslandcovertiera": "Constructed",
        "oslandcovertierb": [
          "Building"
        ],
        "oslanduse_source": "Ordnance Survey",
        "height_updatedate": "2025-01-17",
        "description_source": "Ordnance Survey",
        "oslandcover_source": "Ordnance Survey",
        "associatedstructure": null,
        "geometry_updatedate": "2019-04-09",
        "height_evidencedate": "2024-06-20",
        "capturespecification": "Urban",
        "oslanduse_updatedate": "2019-04-09",
        "absoluteheightmaximum": 25.7,
        "absoluteheightminimum": 17.8,
        "geometry_evidencedate": "2019-04-09",
        "heightconfidencelevel": "Moderate",
        "relativeheightmaximum": 7.9,
        "absoluteheightroofbase": 23.6,
        "description_updatedate": "2019-04-09",
        "oslandcover_updatedate": "2019-04-09",
        "oslanduse_evidencedate": "2019-04-09",
        "relativeheightroofbase": 5.8,
        "versionavailabletodate": null,
        "firstdigitalcapturedate": "2019-04-09",
        "description_evidencedate": "2019-04-09",
        "oslandcover_evidencedate": "2019-04-09",
        "versionavailablefromdate": "2025-02-06T00:00:00Z"
      }
    },
    {
      "id": "66d1ce90-7acb-471c-8772-d1a36758a341",
      "type": "Feature",
      "geometry": {
        "type": "Polygon",
        "coordinates": [
          [
            [
              -1.4644657,
              50.9408635
            ],
            [
              -1.4645633,
              50.9409126
            ],
            [
              -1.4646094,
              50.940876
            ],
            [
              -1.4645117,
              50.940827
            ],
            [
              -1.4644657,
              50.9408635
            ]
          ]
        ]
      },
      "properties": {
        "osid": "66d1ce90-7acb-471c-8772-d1a36758a341",
        "toid": "osgb5000005204350822",
        "theme": "Buildings",
        "changetype": "Modified Attributes",
        "isobscured": false,
        "description": "Building",
        "versiondate": "2025-02-05",
        "geometry_area": 45.539446,
        "height_source": "Ordnance Survey",
        "physicallevel": "Surface Level",
        "oslandusetiera": "Residential Accommodation",
        "oslandusetierb": [
          "Private Residence"
        ],
        "geometry_source": "Ordnance Survey",
        "oslandcovertiera": "Constructed",
        "oslandcovertierb": [
          "Building"
        ],
        "oslanduse_source": "Ordnance Survey",
        "height_updatedate": "2025-01-17",
        "description_source": "Ordnance Survey",
        "oslandcover_source": "Ordnance Survey",
        "associatedstructure": null,
        "geometry_updatedate": "2017-05-11",
        "height_evidencedate": "2024-06-20",
        "capturespecification": "Urban",
        "oslanduse_updatedate": "2017-05-11",
        "absoluteheightmaximum": 33,
        "absoluteheightminimum": 23.1,
        "geometry_evidencedate": "2017-05-11",
        "heightconfidencelevel": "Moderate",
        "relativeheightmaximum": 9.9,
        "absoluteheightroofbase": 30.3,
        "description_updatedate": "2017-05-11",
        "oslandcover_updatedate": "2017-05-11",
        "oslanduse_evidencedate": "2017-05-11",
        "relativeheightroofbase": 7.2,
        "versionavailabletodate": null,
        "firstdigitalcapturedate": "2017-05-12",
        "description_evidencedate": "2017-05-11",
        "oslandcover_evidencedate": "2017-05-11",
        "versionavailablefromdate": "2025-02-06T00:00:00Z"
      }
    },
    {
      "id": "676aad75-7411-4471-8f5f-01be2789068d",
      "type": "Feature",
      "geometry": {
        "type": "Polygon",
        "coordinates": [
          [
            [
              -1.4654867,
              50.9382819
            ],
            [
              -1.4656108,
              50.9383128
            ],
            [
              -1.4656499,
              50.9382501
            ],
            [
              -1.4656384,
              50.9382472
            ],
            [
              -1.4657005,
              50.9381474
            ],
            [
              -1.465825,
              50.9381784
            ],
            [
              -1.4658318,
              50.9381675
            ],
            [
              -1.4658657,
              50.9381131
            ],
            [
              -1.4656225,
              50.9380526
            ],
            [
              -1.4656003,
              50.9380884
            ],
            [
              -1.465619,
              50.938093
            ],
            [
              -1.4656006,
              50.9381225
            ],
            [
              -1.4655819,
              50.9381179
            ],
            [
              -1.4655523,
              50.9381654
            ],
            [
              -1.465571,
              50.9381701
            ],
            [
              -1.4655384,
              50.9382224
            ],
            [
              -1.4655258,
              50.9382192
            ],
            [
              -1.4654867,
              50.9382819
            ]
          ]
        ]
      },
      "properties": {
        "osid": "676aad75-7411-4471-8f5f-01be2789068d",
        "toid": "osgb5000005259512531",
        "theme": "Buildings",
        "changetype": "Modified Attributes",
        "isobscured": false,
        "description": "Building",
        "versiondate": "2025-02-05",
        "geometry_area": 306.48561,
        "height_source": "Ordnance Survey",
        "physicallevel": "Surface Level",
        "oslandusetiera": "Residential Accommodation",
        "oslandusetierb": [
          "Private Residence"
        ],
        "geometry_source": "Ordnance Survey",
        "oslandcovertiera": "Constructed",
        "oslandcovertierb": [
          "Building"
        ],
        "oslanduse_source": "Ordnance Survey",
        "height_updatedate": "2025-01-17",
        "description_source": "Ordnance Survey",
        "oslandcover_source": "Ordnance Survey",
        "associatedstructure": null,
        "geometry_updatedate": "2020-01-31",
        "height_evidencedate": "2024-06-20",
        "capturespecification": "Urban",
        "oslanduse_updatedate": "2020-01-31",
        "absoluteheightmaximum": 32,
        "absoluteheightminimum": 20.2,
        "geometry_evidencedate": "2020-01-31",
        "heightconfidencelevel": "Moderate",
        "relativeheightmaximum": 11.8,
        "absoluteheightroofbase": 26,
        "description_updatedate": "2020-01-31",
        "oslandcover_updatedate": "2020-01-31",
        "oslanduse_evidencedate": "2020-01-31",
        "relativeheightroofbase": 5.8,
        "versionavailabletodate": null,
        "firstdigitalcapturedate": "2020-01-31",
        "description_evidencedate": "2020-01-31",
        "oslandcover_evidencedate": "2020-01-31",
        "versionavailablefromdate": "2025-02-06T00:00:00Z"
      }
    },
    {
      "id": "6799beb5-9670-493a-a80e-396fd362894d",
      "type": "Feature",
      "geometry": {
        "type": "Polygon",
        "coordinates": [
          [
            [
              -1.4654393,
              50.9405789
            ],
            [
              -1.4654169,
              50.9406008
            ],
            [
              -1.4653759,
              50.940641
            ],
            [
              -1.4653808,
              50.940643
            ],
            [
              -1.46536,
              50.9406634
            ],
            [
              -1.465396,
              50.940678
            ],
            [
              -1.4654038,
              50.9406703
            ],
            [
              -1.4654355,
              50.9406833
            ],
            [
              -1.4654751,
              50.9406994
            ],
            [
              -1.4655291,
              50.9406466
            ],
            [
              -1.4654577,
              50.9406175
            ],
            [
              -1.4654801,
              50.9405956
            ],
            [
              -1.4654393,
              50.9405789
            ]
          ]
        ]
      },
      "properties": {
        "osid": "6799beb5-9670-493a-a80e-396fd362894d",
        "toid": "osgb5000005208860372",
        "theme": "Buildings",
        "changetype": "Modified Attributes",
        "isobscured": false,
        "description": "Building",
        "versiondate": "2025-02-05",
        "geometry_area": 77.85072,
        "height_source": "Ordnance Survey",
        "physicallevel": "Surface Level",
        "oslandusetiera": "Residential Accommodation",
        "oslandusetierb": [
          "Private Residence"
        ],
        "geometry_source": "Ordnance Survey",
        "oslandcovertiera": "Constructed",
        "oslandcovertierb": [
          "Building"
        ],
        "oslanduse_source": "Ordnance Survey",
        "height_updatedate": "2025-01-17",
        "description_source": "Ordnance Survey",
        "oslandcover_source": "Ordnance Survey",
        "associatedstructure": null,
        "geometry_updatedate": "2024-11-30",
        "height_evidencedate": "2024-06-20",
        "capturespecification": "Urban",
        "oslanduse_updatedate": "2017-08-04",
        "absoluteheightmaximum": 29.4,
        "absoluteheightminimum": 21.4,
        "geometry_evidencedate": "2024-06-20",
        "heightconfidencelevel": "Moderate",
        "relativeheightmaximum": 8,
        "absoluteheightroofbase": 26.8,
        "description_updatedate": "2017-08-04",
        "oslandcover_updatedate": "2017-08-04",
        "oslanduse_evidencedate": "2017-08-04",
        "relativeheightroofbase": 5.4,
        "versionavailabletodate": null,
        "firstdigitalcapturedate": "2017-08-04",
        "description_evidencedate": "2017-08-04",
        "oslandcover_evidencedate": "2017-08-04",
        "versionavailablefromdate": "2025-02-06T00:00:00Z"
      }
    },
    {
      "id": "67b6ee50-ef40-45ad-a14f-71c52261ed8b",
      "type": "Feature",
      "geometry": {
        "type": "Polygon",
        "coordinates": [
          [
            [
              -1.4717316,
              50.9397778
            ],
            [
              -1.4717299,
              50.9399786
            ],
            [
              -1.4717292,
              50.94007
            ],
            [
              -1.4722166,
              50.9400716
            ],
            [
              -1.4722191,
              50.9397794
            ],
            [
              -1.4717316,
              50.9397778
            ]
          ]
        ]
      },
      "properties": {
        "osid": "67b6ee50-ef40-45ad-a14f-71c52261ed8b",
        "toid": "osgb5000005278503037",
        "theme": "Buildings",
        "changetype": "Modified Attributes",
        "isobscured": false,
        "description": "Building",
        "versiondate": "2025-02-05",
        "geometry_area": 1113.143752,
        "height_source": "Ordnance Survey",
        "physicallevel": "Surface Level",
        "oslandusetiera": "Commercial Activity: Industrial Or Manufacturing",
        "oslandusetierb": [],
        "geometry_source": "Ordnance Survey",
        "oslandcovertiera": "Constructed",
        "oslandcovertierb": [
          "Building"
        ],
        "oslanduse_source": "Ordnance Survey",
        "height_updatedate": "2025-01-17",
        "description_source": "Ordnance Survey",
        "oslandcover_source": "Ordnance Survey",
        "associatedstructure": null,
        "geometry_updatedate": "2022-08-10",
        "height_evidencedate": "2024-06-20",
        "capturespecification": "Urban",
        "oslanduse_updatedate": "2021-03-10",
        "absoluteheightmaximum": 25.3,
        "absoluteheightminimum": 13.4,
        "geometry_evidencedate": "2022-08-10",
        "heightconfidencelevel": "Moderate",
        "relativeheightmaximum": 11.9,
        "absoluteheightroofbase": 23.5,
        "description_updatedate": "2021-03-10",
        "oslandcover_updatedate": "2021-03-10",
        "oslanduse_evidencedate": "2021-03-10",
        "relativeheightroofbase": 10.1,
        "versionavailabletodate": null,
        "firstdigitalcapturedate": "2021-03-10",
        "description_evidencedate": "2021-03-10",
        "oslandcover_evidencedate": "2021-03-10",
        "versionavailablefromdate": "2025-02-06T00:00:00Z"
      }
    },
    {
      "id": "67ee499a-5260-490b-b5d0-6c9191f6c9f2",
      "type": "Feature",
      "geometry": {
        "type": "Polygon",
        "coordinates": [
          [
            [
              -1.465518,
              50.9364397
            ],
            [
              -1.465525,
              50.9363898
            ],
            [
              -1.4654844,
              50.9363878
            ],
            [
              -1.4654782,
              50.9364377
            ],
            [
              -1.465518,
              50.9364397
            ]
          ]
        ]
      },
      "properties": {
        "osid": "67ee499a-5260-490b-b5d0-6c9191f6c9f2",
        "toid": "osgb1000016342827",
        "theme": "Buildings",
        "changetype": "Modified Attributes",
        "isobscured": false,
        "description": "Building",
        "versiondate": "2025-02-05",
        "geometry_area": 15.76375,
        "height_source": "Ordnance Survey",
        "physicallevel": "Surface Level",
        "oslandusetiera": "Unknown Or Unused Artificial",
        "oslandusetierb": [],
        "geometry_source": "Ordnance Survey",
        "oslandcovertiera": "Constructed",
        "oslandcovertierb": [
          "Building"
        ],
        "oslanduse_source": "Ordnance Survey",
        "height_updatedate": "2025-01-17",
        "description_source": "Ordnance Survey",
        "oslandcover_source": "Ordnance Survey",
        "associatedstructure": null,
        "geometry_updatedate": "2004-04-13",
        "height_evidencedate": "2024-06-20",
        "capturespecification": "Urban",
        "oslanduse_updatedate": "2004-04-13",
        "absoluteheightmaximum": null,
        "absoluteheightminimum": 13.9,
        "geometry_evidencedate": "2004-04-13",
        "heightconfidencelevel": "Incomplete",
        "relativeheightmaximum": null,
        "absoluteheightroofbase": null,
        "description_updatedate": "2004-04-13",
        "oslandcover_updatedate": "2004-04-13",
        "oslanduse_evidencedate": "2004-04-13",
        "relativeheightroofbase": null,
        "versionavailabletodate": null,
        "firstdigitalcapturedate": "1988-05-16",
        "description_evidencedate": "2004-04-13",
        "oslandcover_evidencedate": "2004-04-13",
        "versionavailablefromdate": "2025-02-06T00:00:00Z"
      }
    },
    {
      "id": "67f6062c-62ba-4005-87b7-a7748cc89f66",
      "type": "Feature",
      "geometry": {
        "type": "Polygon",
        "coordinates": [
          [
            [
              -1.4650376,
              50.9395415
            ],
            [
              -1.4649323,
              50.939504
            ],
            [
              -1.4649305,
              50.9395061
            ],
            [
              -1.4648853,
              50.9395568
            ],
            [
              -1.4649785,
              50.93959
            ],
            [
              -1.4649981,
              50.9395679
            ],
            [
              -1.4650101,
              50.9395722
            ],
            [
              -1.4650376,
              50.9395415
            ]
          ]
        ]
      },
      "properties": {
        "osid": "67f6062c-62ba-4005-87b7-a7748cc89f66",
        "toid": "osgb5000005232124674",
        "theme": "Buildings",
        "changetype": "Modified Attributes",
        "isobscured": false,
        "description": "Building",
        "versiondate": "2025-02-05",
        "geometry_area": 54.413931,
        "height_source": "Ordnance Survey",
        "physicallevel": "Surface Level",
        "oslandusetiera": "Residential Accommodation",
        "oslandusetierb": [
          "Private Residence"
        ],
        "geometry_source": "Ordnance Survey",
        "oslandcovertiera": "Constructed",
        "oslandcovertierb": [
          "Building"
        ],
        "oslanduse_source": "Ordnance Survey",
        "height_updatedate": "2025-01-17",
        "description_source": "Ordnance Survey",
        "oslandcover_source": "Ordnance Survey",
        "associatedstructure": null,
        "geometry_updatedate": "2018-09-14",
        "height_evidencedate": "2024-06-20",
        "capturespecification": "Urban",
        "oslanduse_updatedate": "2018-07-09",
        "absoluteheightmaximum": 31.3,
        "absoluteheightminimum": 23.5,
        "geometry_evidencedate": "2018-09-14",
        "heightconfidencelevel": "Moderate",
        "relativeheightmaximum": 7.8,
        "absoluteheightroofbase": 29.1,
        "description_updatedate": "2018-07-09",
        "oslandcover_updatedate": "2018-07-09",
        "oslanduse_evidencedate": "2018-07-09",
        "relativeheightroofbase": 5.6,
        "versionavailabletodate": null,
        "firstdigitalcapturedate": "2018-07-10",
        "description_evidencedate": "2018-07-09",
        "oslandcover_evidencedate": "2018-07-09",
        "versionavailablefromdate": "2025-02-06T00:00:00Z"
      }
    },
    {
      "id": "680925a9-839c-4b7d-9f88-19bf6ce9ecc2",
      "type": "Feature",
      "geometry": {
        "type": "Polygon",
        "coordinates": [
          [
            [
              -1.4676268,
              50.9373378
            ],
            [
              -1.4676502,
              50.937408
            ],
            [
              -1.4676759,
              50.9374045
            ],
            [
              -1.467731,
              50.9373954
            ],
            [
              -1.4677064,
              50.9373308
            ],
            [
              -1.4677047,
              50.9373263
            ],
            [
              -1.4676767,
              50.9373304
            ],
            [
              -1.4676268,
              50.9373378
            ]
          ]
        ]
      },
      "properties": {
        "osid": "680925a9-839c-4b7d-9f88-19bf6ce9ecc2",
        "toid": "osgb1000016342741",
        "theme": "Buildings",
        "changetype": "Modified Attributes",
        "isobscured": false,
        "description": "Building",
        "versiondate": "2025-02-05",
        "geometry_area": 45.738045,
        "height_source": "Ordnance Survey",
        "physicallevel": "Surface Level",
        "oslandusetiera": "Residential Accommodation",
        "oslandusetierb": [
          "Private Residence"
        ],
        "geometry_source": "Ordnance Survey",
        "oslandcovertiera": "Constructed",
        "oslandcovertierb": [
          "Building"
        ],
        "oslanduse_source": "Ordnance Survey",
        "height_updatedate": "2025-01-17",
        "description_source": "Ordnance Survey",
        "oslandcover_source": "Ordnance Survey",
        "associatedstructure": null,
        "geometry_updatedate": "2021-02-18",
        "height_evidencedate": "2024-06-20",
        "capturespecification": "Urban",
        "oslanduse_updatedate": "2004-04-13",
        "absoluteheightmaximum": 20.3,
        "absoluteheightminimum": 13.3,
        "geometry_evidencedate": "2020-09-20",
        "heightconfidencelevel": "Moderate",
        "relativeheightmaximum": 7,
        "absoluteheightroofbase": 18.4,
        "description_updatedate": "2004-04-13",
        "oslandcover_updatedate": "2004-04-13",
        "oslanduse_evidencedate": "2004-04-13",
        "relativeheightroofbase": 5.1,
        "versionavailabletodate": null,
        "firstdigitalcapturedate": "1988-05-16",
        "description_evidencedate": "2004-04-13",
        "oslandcover_evidencedate": "2004-04-13",
        "versionavailablefromdate": "2025-02-06T00:00:00Z"
      }
    },
    {
      "id": "681b9143-fdcc-4606-9d3f-8cc4af4da6d6",
      "type": "Feature",
      "geometry": {
        "type": "Polygon",
        "coordinates": [
          [
            [
              -1.4648288,
              50.9378842
            ],
            [
              -1.4648821,
              50.9378852
            ],
            [
              -1.4649687,
              50.9378868
            ],
            [
              -1.4649695,
              50.9378683
            ],
            [
              -1.464971,
              50.9378359
            ],
            [
              -1.4648318,
              50.9378333
            ],
            [
              -1.4648288,
              50.9378842
            ]
          ]
        ]
      },
      "properties": {
        "osid": "681b9143-fdcc-4606-9d3f-8cc4af4da6d6",
        "toid": "osgb5000005136256860",
        "theme": "Buildings",
        "changetype": "Modified Attributes",
        "isobscured": false,
        "description": "Building",
        "versiondate": "2025-02-05",
        "geometry_area": 55.517099,
        "height_source": "Ordnance Survey",
        "physicallevel": "Surface Level",
        "oslandusetiera": "Residential Accommodation",
        "oslandusetierb": [
          "Private Residence"
        ],
        "geometry_source": "Ordnance Survey",
        "oslandcovertiera": "Constructed",
        "oslandcovertierb": [
          "Building"
        ],
        "oslanduse_source": "Ordnance Survey",
        "height_updatedate": "2025-01-17",
        "description_source": "Ordnance Survey",
        "oslandcover_source": "Ordnance Survey",
        "associatedstructure": null,
        "geometry_updatedate": "2014-11-12",
        "height_evidencedate": "2024-06-20",
        "capturespecification": "Urban",
        "oslanduse_updatedate": "2014-11-12",
        "absoluteheightmaximum": 27.1,
        "absoluteheightminimum": 20.5,
        "geometry_evidencedate": "2014-11-12",
        "heightconfidencelevel": "Moderate",
        "relativeheightmaximum": 6.6,
        "absoluteheightroofbase": 25.4,
        "description_updatedate": "2014-11-12",
        "oslandcover_updatedate": "2014-11-12",
        "oslanduse_evidencedate": "2014-11-12",
        "relativeheightroofbase": 4.9,
        "versionavailabletodate": null,
        "firstdigitalcapturedate": "2014-11-12",
        "description_evidencedate": "2014-11-12",
        "oslandcover_evidencedate": "2014-11-12",
        "versionavailablefromdate": "2025-02-06T00:00:00Z"
      }
    },
    {
      "id": "68b27074-0150-43f5-b4ca-5cbf6f9ba36f",
      "type": "Feature",
      "geometry": {
        "type": "Polygon",
        "coordinates": [
          [
            [
              -1.4653191,
              50.9365939
            ],
            [
              -1.4653181,
              50.93662
            ],
            [
              -1.4653558,
              50.9366201
            ],
            [
              -1.465355,
              50.9366269
            ],
            [
              -1.4653749,
              50.9366265
            ],
            [
              -1.4653771,
              50.9365609
            ],
            [
              -1.4653544,
              50.9365608
            ],
            [
              -1.4653543,
              50.9365639
            ],
            [
              -1.4653202,
              50.9365638
            ],
            [
              -1.4653191,
              50.9365939
            ]
          ]
        ]
      },
      "properties": {
        "osid": "68b27074-0150-43f5-b4ca-5cbf6f9ba36f",
        "toid": "osgb1000016342845",
        "theme": "Buildings",
        "changetype": "Modified Attributes",
        "isobscured": false,
        "description": "Building",
        "versiondate": "2025-02-05",
        "geometry_area": 26.5625,
        "height_source": "Ordnance Survey",
        "physicallevel": "Surface Level",
        "oslandusetiera": "Residential Accommodation",
        "oslandusetierb": [
          "Private Residence"
        ],
        "geometry_source": "Ordnance Survey",
        "oslandcovertiera": "Constructed",
        "oslandcovertierb": [
          "Building"
        ],
        "oslanduse_source": "Ordnance Survey",
        "height_updatedate": "2025-01-17",
        "description_source": "Ordnance Survey",
        "oslandcover_source": "Ordnance Survey",
        "associatedstructure": null,
        "geometry_updatedate": "2004-04-13",
        "height_evidencedate": "2024-06-20",
        "capturespecification": "Urban",
        "oslanduse_updatedate": "2004-04-13",
        "absoluteheightmaximum": 22.2,
        "absoluteheightminimum": 14.6,
        "geometry_evidencedate": "2004-04-13",
        "heightconfidencelevel": "Moderate",
        "relativeheightmaximum": 7.6,
        "absoluteheightroofbase": 20.1,
        "description_updatedate": "2004-04-13",
        "oslandcover_updatedate": "2004-04-13",
        "oslanduse_evidencedate": "2004-04-13",
        "relativeheightroofbase": 5.5,
        "versionavailabletodate": null,
        "firstdigitalcapturedate": "1988-05-16",
        "description_evidencedate": "2004-04-13",
        "oslandcover_evidencedate": "2004-04-13",
        "versionavailablefromdate": "2025-02-06T00:00:00Z"
      }
    },
    {
      "id": "6952dbc1-46ef-418a-8ac9-84bd12e395bb",
      "type": "Feature",
      "geometry": {
        "type": "Polygon",
        "coordinates": [
          [
            [
              -1.4670012,
              50.9372823
            ],
            [
              -1.4670674,
              50.9373447
            ],
            [
              -1.4671304,
              50.9373175
            ],
            [
              -1.4670649,
              50.9372556
            ],
            [
              -1.4670012,
              50.9372823
            ]
          ]
        ]
      },
      "properties": {
        "osid": "6952dbc1-46ef-418a-8ac9-84bd12e395bb",
        "toid": "osgb1000016342757",
        "theme": "Buildings",
        "changetype": "Modified Attributes",
        "isobscured": false,
        "description": "Building",
        "versiondate": "2025-02-05",
        "geometry_area": 44.56375,
        "height_source": "Ordnance Survey",
        "physicallevel": "Surface Level",
        "oslandusetiera": "Residential Accommodation",
        "oslandusetierb": [
          "Private Residence"
        ],
        "geometry_source": "Ordnance Survey",
        "oslandcovertiera": "Constructed",
        "oslandcovertierb": [
          "Building"
        ],
        "oslanduse_source": "Ordnance Survey",
        "height_updatedate": "2025-01-17",
        "description_source": "Ordnance Survey",
        "oslandcover_source": "Ordnance Survey",
        "associatedstructure": null,
        "geometry_updatedate": "2006-07-11",
        "height_evidencedate": "2024-06-20",
        "capturespecification": "Urban",
        "oslanduse_updatedate": "2006-07-11",
        "absoluteheightmaximum": 21,
        "absoluteheightminimum": 14.4,
        "geometry_evidencedate": "2006-07-11",
        "heightconfidencelevel": "Moderate",
        "relativeheightmaximum": 6.6,
        "absoluteheightroofbase": 19.6,
        "description_updatedate": "2006-07-11",
        "oslandcover_updatedate": "2006-07-11",
        "oslanduse_evidencedate": "2006-07-11",
        "relativeheightroofbase": 5.2,
        "versionavailabletodate": null,
        "firstdigitalcapturedate": "1988-05-16",
        "description_evidencedate": "2006-07-11",
        "oslandcover_evidencedate": "2006-07-11",
        "versionavailablefromdate": "2025-02-06T00:00:00Z"
      }
    },
    {
      "id": "69591e01-5224-4a2c-8998-9d3c716bfa64",
      "type": "Feature",
      "geometry": {
        "type": "Polygon",
        "coordinates": [
          [
            [
              -1.4670899,
              50.9363947
            ],
            [
              -1.467074,
              50.9363946
            ],
            [
              -1.4669616,
              50.9363946
            ],
            [
              -1.466961,
              50.9364463
            ],
            [
              -1.4670457,
              50.9364467
            ],
            [
              -1.4670734,
              50.9364468
            ],
            [
              -1.4670738,
              50.9364168
            ],
            [
              -1.4670897,
              50.9364169
            ],
            [
              -1.4670899,
              50.9363947
            ]
          ]
        ]
      },
      "properties": {
        "osid": "69591e01-5224-4a2c-8998-9d3c716bfa64",
        "toid": "osgb1000016342797",
        "theme": "Buildings",
        "changetype": "Modified Attributes",
        "isobscured": false,
        "description": "Building",
        "versiondate": "2025-02-05",
        "geometry_area": 48.37623,
        "height_source": "Ordnance Survey",
        "physicallevel": "Surface Level",
        "oslandusetiera": "Residential Accommodation",
        "oslandusetierb": [
          "Private Residence"
        ],
        "geometry_source": "Ordnance Survey",
        "oslandcovertiera": "Constructed",
        "oslandcovertierb": [
          "Building"
        ],
        "oslanduse_source": "Ordnance Survey",
        "height_updatedate": "2025-01-17",
        "description_source": "Ordnance Survey",
        "oslandcover_source": "Ordnance Survey",
        "associatedstructure": null,
        "geometry_updatedate": "2017-04-21",
        "height_evidencedate": "2024-06-20",
        "capturespecification": "Urban",
        "oslanduse_updatedate": "2004-04-13",
        "absoluteheightmaximum": 20.1,
        "absoluteheightminimum": 12.8,
        "geometry_evidencedate": "2016-08-12",
        "heightconfidencelevel": "Moderate",
        "relativeheightmaximum": 7.3,
        "absoluteheightroofbase": 17.9,
        "description_updatedate": "2004-04-13",
        "oslandcover_updatedate": "2004-04-13",
        "oslanduse_evidencedate": "2004-04-13",
        "relativeheightroofbase": 5.1,
        "versionavailabletodate": null,
        "firstdigitalcapturedate": "1988-05-16",
        "description_evidencedate": "2004-04-13",
        "oslandcover_evidencedate": "2004-04-13",
        "versionavailablefromdate": "2025-02-06T00:00:00Z"
      }
    },
    {
      "id": "6a91f8a0-bebd-4a4a-8ef0-52feb79d667b",
      "type": "Feature",
      "geometry": {
        "type": "Polygon",
        "coordinates": [
          [
            [
              -1.4658412,
              50.9369209
            ],
            [
              -1.4658578,
              50.9368985
            ],
            [
              -1.4657813,
              50.9368757
            ],
            [
              -1.4657653,
              50.9368985
            ],
            [
              -1.4658412,
              50.9369209
            ]
          ]
        ]
      },
      "properties": {
        "osid": "6a91f8a0-bebd-4a4a-8ef0-52feb79d667b",
        "toid": "osgb1000016342843",
        "theme": "Buildings",
        "changetype": "Modified Attributes",
        "isobscured": false,
        "description": "Building",
        "versiondate": "2025-02-05",
        "geometry_area": 16.35625,
        "height_source": "Ordnance Survey",
        "physicallevel": "Surface Level",
        "oslandusetiera": "Unknown Or Unused Artificial",
        "oslandusetierb": [],
        "geometry_source": "Ordnance Survey",
        "oslandcovertiera": "Constructed",
        "oslandcovertierb": [
          "Building"
        ],
        "oslanduse_source": "Ordnance Survey",
        "height_updatedate": "2025-01-17",
        "description_source": "Ordnance Survey",
        "oslandcover_source": "Ordnance Survey",
        "associatedstructure": null,
        "geometry_updatedate": "2006-07-01",
        "height_evidencedate": "2024-06-20",
        "capturespecification": "Urban",
        "oslanduse_updatedate": "2006-07-01",
        "absoluteheightmaximum": null,
        "absoluteheightminimum": 15.3,
        "geometry_evidencedate": "2006-07-01",
        "heightconfidencelevel": "Incomplete",
        "relativeheightmaximum": null,
        "absoluteheightroofbase": null,
        "description_updatedate": "2006-07-01",
        "oslandcover_updatedate": "2006-07-01",
        "oslanduse_evidencedate": "2006-07-01",
        "relativeheightroofbase": null,
        "versionavailabletodate": null,
        "firstdigitalcapturedate": "1988-05-16",
        "description_evidencedate": "2006-07-01",
        "oslandcover_evidencedate": "2006-07-01",
        "versionavailablefromdate": "2025-02-06T00:00:00Z"
      }
    },
    {
      "id": "6acf9f67-85da-465e-9286-fc6d95773b66",
      "type": "Feature",
      "geometry": {
        "type": "Polygon",
        "coordinates": [
          [
            [
              -1.4661845,
              50.9384538
            ],
            [
              -1.4663013,
              50.9384826
            ],
            [
              -1.4663284,
              50.9384387
            ],
            [
              -1.4662143,
              50.9384105
            ],
            [
              -1.4662117,
              50.9384098
            ],
            [
              -1.4661845,
              50.9384538
            ]
          ]
        ]
      },
      "properties": {
        "osid": "6acf9f67-85da-465e-9286-fc6d95773b66",
        "toid": "osgb5000005247278673",
        "theme": "Buildings",
        "changetype": "Modified Attributes",
        "isobscured": false,
        "description": "Building",
        "versiondate": "2025-02-05",
        "geometry_area": 46.218973,
        "height_source": "Ordnance Survey",
        "physicallevel": "Surface Level",
        "oslandusetiera": "Residential Accommodation",
        "oslandusetierb": [
          "Private Residence"
        ],
        "geometry_source": "Ordnance Survey",
        "oslandcovertiera": "Constructed",
        "oslandcovertierb": [
          "Building"
        ],
        "oslanduse_source": "Ordnance Survey",
        "height_updatedate": "2025-01-17",
        "description_source": "Ordnance Survey",
        "oslandcover_source": "Ordnance Survey",
        "associatedstructure": null,
        "geometry_updatedate": "2020-01-31",
        "height_evidencedate": "2024-06-20",
        "capturespecification": "Urban",
        "oslanduse_updatedate": "2019-06-05",
        "absoluteheightmaximum": 27.7,
        "absoluteheightminimum": 19.2,
        "geometry_evidencedate": "2020-01-31",
        "heightconfidencelevel": "Moderate",
        "relativeheightmaximum": 8.5,
        "absoluteheightroofbase": 25,
        "description_updatedate": "2019-06-05",
        "oslandcover_updatedate": "2019-06-05",
        "oslanduse_evidencedate": "2019-06-05",
        "relativeheightroofbase": 5.8,
        "versionavailabletodate": null,
        "firstdigitalcapturedate": "2019-06-05",
        "description_evidencedate": "2019-06-05",
        "oslandcover_evidencedate": "2019-06-05",
        "versionavailablefromdate": "2025-02-06T00:00:00Z"
      }
    },
    {
      "id": "6ad7e300-4252-404a-883b-27a3bf7cb189",
      "type": "Feature",
      "geometry": {
        "type": "Polygon",
        "coordinates": [
          [
            [
              -1.4684856,
              50.9374432
            ],
            [
              -1.468452,
              50.937485
            ],
            [
              -1.4684819,
              50.9374948
            ],
            [
              -1.4685163,
              50.9374531
            ],
            [
              -1.4684856,
              50.9374432
            ]
          ]
        ]
      },
      "properties": {
        "osid": "6ad7e300-4252-404a-883b-27a3bf7cb189",
        "toid": "osgb1000016343224",
        "theme": "Buildings",
        "changetype": "Modified Attributes",
        "isobscured": false,
        "description": "Building",
        "versiondate": "2025-02-05",
        "geometry_area": 12.4914,
        "height_source": "Ordnance Survey",
        "physicallevel": "Surface Level",
        "oslandusetiera": "Unknown Or Unused Artificial",
        "oslandusetierb": [],
        "geometry_source": "Ordnance Survey",
        "oslandcovertiera": "Constructed",
        "oslandcovertierb": [
          "Building"
        ],
        "oslanduse_source": "Ordnance Survey",
        "height_updatedate": "2025-01-17",
        "description_source": "Ordnance Survey",
        "oslandcover_source": "Ordnance Survey",
        "associatedstructure": null,
        "geometry_updatedate": "2004-02-10",
        "height_evidencedate": "2024-06-20",
        "capturespecification": "Urban",
        "oslanduse_updatedate": "2004-02-10",
        "absoluteheightmaximum": 14.5,
        "absoluteheightminimum": 12.2,
        "geometry_evidencedate": "2004-02-10",
        "heightconfidencelevel": "Moderate",
        "relativeheightmaximum": 2.3,
        "absoluteheightroofbase": 14.2,
        "description_updatedate": "2004-02-10",
        "oslandcover_updatedate": "2004-02-10",
        "oslanduse_evidencedate": "2004-02-10",
        "relativeheightroofbase": 2,
        "versionavailabletodate": null,
        "firstdigitalcapturedate": "1988-07-28",
        "description_evidencedate": "2004-02-10",
        "oslandcover_evidencedate": "2004-02-10",
        "versionavailablefromdate": "2025-02-06T00:00:00Z"
      }
    },
    {
      "id": "6ae87b5b-7500-41ff-9e67-968c3054d6cf",
      "type": "Feature",
      "geometry": {
        "type": "Polygon",
        "coordinates": [
          [
            [
              -1.4661892,
              50.9372341
            ],
            [
              -1.466146,
              50.9372028
            ],
            [
              -1.4661096,
              50.9372229
            ],
            [
              -1.4660652,
              50.937247
            ],
            [
              -1.4661506,
              50.9373081
            ],
            [
              -1.4662308,
              50.9372644
            ],
            [
              -1.4661892,
              50.9372341
            ]
          ]
        ]
      },
      "properties": {
        "osid": "6ae87b5b-7500-41ff-9e67-968c3054d6cf",
        "toid": "osgb1000016342785",
        "theme": "Buildings",
        "changetype": "Modified Attributes",
        "isobscured": false,
        "description": "Building",
        "versiondate": "2025-02-05",
        "geometry_area": 67.7723,
        "height_source": "Ordnance Survey",
        "physicallevel": "Surface Level",
        "oslandusetiera": "Residential Accommodation",
        "oslandusetierb": [
          "Private Residence"
        ],
        "geometry_source": "Ordnance Survey",
        "oslandcovertiera": "Constructed",
        "oslandcovertierb": [
          "Building"
        ],
        "oslanduse_source": "Ordnance Survey",
        "height_updatedate": "2025-01-17",
        "description_source": "Ordnance Survey",
        "oslandcover_source": "Ordnance Survey",
        "associatedstructure": null,
        "geometry_updatedate": "2019-12-29",
        "height_evidencedate": "2024-06-20",
        "capturespecification": "Urban",
        "oslanduse_updatedate": "2004-04-13",
        "absoluteheightmaximum": 23.1,
        "absoluteheightminimum": 16,
        "geometry_evidencedate": "2019-06-28",
        "heightconfidencelevel": "Moderate",
        "relativeheightmaximum": 7.1,
        "absoluteheightroofbase": 21,
        "description_updatedate": "2004-04-13",
        "oslandcover_updatedate": "2004-04-13",
        "oslanduse_evidencedate": "2004-04-13",
        "relativeheightroofbase": 5,
        "versionavailabletodate": null,
        "firstdigitalcapturedate": "1988-05-16",
        "description_evidencedate": "2004-04-13",
        "oslandcover_evidencedate": "2004-04-13",
        "versionavailablefromdate": "2025-02-06T00:00:00Z"
      }
    },
    {
      "id": "6b771739-8381-4d6b-8892-e4681ba13951",
      "type": "Feature",
      "geometry": {
        "type": "Polygon",
        "coordinates": [
          [
            [
              -1.4665567,
              50.9379701
            ],
            [
              -1.4665134,
              50.9379751
            ],
            [
              -1.4665078,
              50.9379758
            ],
            [
              -1.4665,
              50.9379767
            ],
            [
              -1.4664923,
              50.9379776
            ],
            [
              -1.4664828,
              50.9379787
            ],
            [
              -1.4664906,
              50.9380017
            ],
            [
              -1.466493,
              50.9380087
            ],
            [
              -1.4664941,
              50.9380121
            ],
            [
              -1.4665074,
              50.9380512
            ],
            [
              -1.4666017,
              50.938036
            ],
            [
              -1.4665931,
              50.9380099
            ],
            [
              -1.4665861,
              50.9379887
            ],
            [
              -1.4665751,
              50.9379902
            ],
            [
              -1.4665641,
              50.9379917
            ],
            [
              -1.4665567,
              50.9379701
            ]
          ]
        ]
      },
      "properties": {
        "osid": "6b771739-8381-4d6b-8892-e4681ba13951",
        "toid": "osgb1000016342653",
        "theme": "Buildings",
        "changetype": "Modified Attributes",
        "isobscured": false,
        "description": "Building",
        "versiondate": "2025-02-05",
        "geometry_area": 51.053367,
        "height_source": "Ordnance Survey",
        "physicallevel": "Surface Level",
        "oslandusetiera": "Residential Accommodation",
        "oslandusetierb": [
          "Private Residence"
        ],
        "geometry_source": "Ordnance Survey",
        "oslandcovertiera": "Constructed",
        "oslandcovertierb": [
          "Building"
        ],
        "oslanduse_source": "Ordnance Survey",
        "height_updatedate": "2025-01-17",
        "description_source": "Ordnance Survey",
        "oslandcover_source": "Ordnance Survey",
        "associatedstructure": null,
        "geometry_updatedate": "2024-11-27",
        "height_evidencedate": "2024-06-20",
        "capturespecification": "Urban",
        "oslanduse_updatedate": "2006-12-14",
        "absoluteheightmaximum": 24.8,
        "absoluteheightminimum": 17.5,
        "geometry_evidencedate": "2024-06-20",
        "heightconfidencelevel": "Moderate",
        "relativeheightmaximum": 7.3,
        "absoluteheightroofbase": 22.4,
        "description_updatedate": "2006-12-14",
        "oslandcover_updatedate": "2006-12-14",
        "oslanduse_evidencedate": "2006-12-14",
        "relativeheightroofbase": 4.9,
        "versionavailabletodate": null,
        "firstdigitalcapturedate": "1988-07-28",
        "description_evidencedate": "2006-12-14",
        "oslandcover_evidencedate": "2006-12-14",
        "versionavailablefromdate": "2025-02-06T00:00:00Z"
      }
    },
    {
      "id": "6baf0f55-4828-4095-a0dd-77e32ce09d60",
      "type": "Feature",
      "geometry": {
        "type": "Polygon",
        "coordinates": [
          [
            [
              -1.471851,
              50.9348215
            ],
            [
              -1.4718518,
              50.9347849
            ],
            [
              -1.471838,
              50.9347849
            ],
            [
              -1.4717871,
              50.9347847
            ],
            [
              -1.4717161,
              50.9347844
            ],
            [
              -1.4717158,
              50.9348209
            ],
            [
              -1.4717861,
              50.9348212
            ],
            [
              -1.4718371,
              50.9348215
            ],
            [
              -1.471851,
              50.9348215
            ]
          ]
        ]
      },
      "properties": {
        "osid": "6baf0f55-4828-4095-a0dd-77e32ce09d60",
        "toid": "osgb1000042871797",
        "theme": "Buildings",
        "changetype": "Modified Attributes",
        "isobscured": false,
        "description": "Building",
        "versiondate": "2025-02-05",
        "geometry_area": 38.67865,
        "height_source": "Ordnance Survey",
        "physicallevel": "Surface Level",
        "oslandusetiera": "Temporary Or Holiday Accommodation",
        "oslandusetierb": [],
        "geometry_source": "Ordnance Survey",
        "oslandcovertiera": "Constructed",
        "oslandcovertierb": [
          "Building"
        ],
        "oslanduse_source": "Ordnance Survey",
        "height_updatedate": "2025-01-17",
        "description_source": "Ordnance Survey",
        "oslandcover_source": "Ordnance Survey",
        "associatedstructure": null,
        "geometry_updatedate": "2006-12-14",
        "height_evidencedate": "2024-06-20",
        "capturespecification": "Urban",
        "oslanduse_updatedate": "2006-12-14",
        "absoluteheightmaximum": 14.3,
        "absoluteheightminimum": 10.7,
        "geometry_evidencedate": "2006-12-14",
        "heightconfidencelevel": "Moderate",
        "relativeheightmaximum": 3.6,
        "absoluteheightroofbase": 13.4,
        "description_updatedate": "2006-12-14",
        "oslandcover_updatedate": "2006-12-14",
        "oslanduse_evidencedate": "2006-12-14",
        "relativeheightroofbase": 2.7,
        "versionavailabletodate": null,
        "firstdigitalcapturedate": "2001-02-05",
        "description_evidencedate": "2006-12-14",
        "oslandcover_evidencedate": "2006-12-14",
        "versionavailablefromdate": "2025-02-06T00:00:00Z"
      }
    },
    {
      "id": "6bfe5f2a-3de4-45b2-b99c-5e18d32d3c89",
      "type": "Feature",
      "geometry": {
        "type": "Polygon",
        "coordinates": [
          [
            [
              -1.4656466,
              50.9363957
            ],
            [
              -1.4656053,
              50.9363938
            ],
            [
              -1.4655983,
              50.9364436
            ],
            [
              -1.4656389,
              50.9364461
            ],
            [
              -1.4656466,
              50.9363957
            ]
          ]
        ]
      },
      "properties": {
        "osid": "6bfe5f2a-3de4-45b2-b99c-5e18d32d3c89",
        "toid": "osgb1000016342830",
        "theme": "Buildings",
        "changetype": "Modified Attributes",
        "isobscured": false,
        "description": "Building",
        "versiondate": "2025-02-05",
        "geometry_area": 16.135,
        "height_source": "Ordnance Survey",
        "physicallevel": "Surface Level",
        "oslandusetiera": "Unknown Or Unused Artificial",
        "oslandusetierb": [],
        "geometry_source": "Ordnance Survey",
        "oslandcovertiera": "Constructed",
        "oslandcovertierb": [
          "Building"
        ],
        "oslanduse_source": "Ordnance Survey",
        "height_updatedate": "2025-01-17",
        "description_source": "Ordnance Survey",
        "oslandcover_source": "Ordnance Survey",
        "associatedstructure": null,
        "geometry_updatedate": "2004-04-13",
        "height_evidencedate": "2024-06-20",
        "capturespecification": "Urban",
        "oslanduse_updatedate": "2004-04-13",
        "absoluteheightmaximum": 16.3,
        "absoluteheightminimum": 13.8,
        "geometry_evidencedate": "2004-04-13",
        "heightconfidencelevel": "Moderate",
        "relativeheightmaximum": 2.5,
        "absoluteheightroofbase": 16,
        "description_updatedate": "2004-04-13",
        "oslandcover_updatedate": "2004-04-13",
        "oslanduse_evidencedate": "2004-04-13",
        "relativeheightroofbase": 2.2,
        "versionavailabletodate": null,
        "firstdigitalcapturedate": "1988-05-16",
        "description_evidencedate": "2004-04-13",
        "oslandcover_evidencedate": "2004-04-13",
        "versionavailablefromdate": "2025-02-06T00:00:00Z"
      }
    },
    {
      "id": "6cd84952-dfc4-4c84-96c2-6650211acff7",
      "type": "Feature",
      "geometry": {
        "type": "Polygon",
        "coordinates": [
          [
            [
              -1.4722369,
              50.9406023
            ],
            [
              -1.4722368,
              50.9406227
            ],
            [
              -1.4723005,
              50.9406228
            ],
            [
              -1.4723009,
              50.9406024
            ],
            [
              -1.4722369,
              50.9406023
            ]
          ]
        ]
      },
      "properties": {
        "osid": "6cd84952-dfc4-4c84-96c2-6650211acff7",
        "toid": "osgb5000005274099642",
        "theme": "Buildings",
        "changetype": "Modified Attributes",
        "isobscured": false,
        "description": "Building",
        "versiondate": "2025-02-05",
        "geometry_area": 10.184438,
        "height_source": "Ordnance Survey",
        "physicallevel": "Surface Level",
        "oslandusetiera": "Commercial Activity: Industrial Or Manufacturing",
        "oslandusetierb": [],
        "geometry_source": "Ordnance Survey",
        "oslandcovertiera": "Constructed",
        "oslandcovertierb": [
          "Building"
        ],
        "oslanduse_source": "Ordnance Survey",
        "height_updatedate": "2025-01-17",
        "description_source": "Ordnance Survey",
        "oslandcover_source": "Ordnance Survey",
        "associatedstructure": null,
        "geometry_updatedate": "2020-12-15",
        "height_evidencedate": "2024-06-20",
        "capturespecification": "Urban",
        "oslanduse_updatedate": "2020-12-15",
        "absoluteheightmaximum": null,
        "absoluteheightminimum": 13.5,
        "geometry_evidencedate": "2020-09-20",
        "heightconfidencelevel": "Incomplete",
        "relativeheightmaximum": null,
        "absoluteheightroofbase": null,
        "description_updatedate": "2020-12-15",
        "oslandcover_updatedate": "2020-12-15",
        "oslanduse_evidencedate": "2020-09-20",
        "relativeheightroofbase": null,
        "versionavailabletodate": null,
        "firstdigitalcapturedate": "2020-12-15",
        "description_evidencedate": "2020-09-20",
        "oslandcover_evidencedate": "2020-09-20",
        "versionavailablefromdate": "2025-02-06T00:00:00Z"
      }
    },
    {
      "id": "6d787f9f-af08-4aac-bfa9-3a4b21bf834f",
      "type": "Feature",
      "geometry": {
        "type": "Polygon",
        "coordinates": [
          [
            [
              -1.4682309,
              50.937692
            ],
            [
              -1.4682677,
              50.9377014
            ],
            [
              -1.4682981,
              50.937653
            ],
            [
              -1.4682608,
              50.9376434
            ],
            [
              -1.4682309,
              50.937692
            ]
          ]
        ]
      },
      "properties": {
        "osid": "6d787f9f-af08-4aac-bfa9-3a4b21bf834f",
        "toid": "osgb1000016343236",
        "theme": "Buildings",
        "changetype": "Modified Attributes",
        "isobscured": false,
        "description": "Building",
        "versiondate": "2025-02-05",
        "geometry_area": 16.2625,
        "height_source": "Ordnance Survey",
        "physicallevel": "Surface Level",
        "oslandusetiera": "Unknown Or Unused Artificial",
        "oslandusetierb": [],
        "geometry_source": "Ordnance Survey",
        "oslandcovertiera": "Constructed",
        "oslandcovertierb": [
          "Building"
        ],
        "oslanduse_source": "Ordnance Survey",
        "height_updatedate": "2025-01-17",
        "description_source": "Ordnance Survey",
        "oslandcover_source": "Ordnance Survey",
        "associatedstructure": null,
        "geometry_updatedate": "2004-02-10",
        "height_evidencedate": "2024-06-20",
        "capturespecification": "Urban",
        "oslanduse_updatedate": "2004-02-10",
        "absoluteheightmaximum": null,
        "absoluteheightminimum": 12.4,
        "geometry_evidencedate": "2004-02-10",
        "heightconfidencelevel": "Incomplete",
        "relativeheightmaximum": null,
        "absoluteheightroofbase": null,
        "description_updatedate": "2004-02-10",
        "oslandcover_updatedate": "2004-02-10",
        "oslanduse_evidencedate": "2004-02-10",
        "relativeheightroofbase": null,
        "versionavailabletodate": null,
        "firstdigitalcapturedate": "1988-07-28",
        "description_evidencedate": "2004-02-10",
        "oslandcover_evidencedate": "2004-02-10",
        "versionavailablefromdate": "2025-02-06T00:00:00Z"
      }
    },
    {
      "id": "6dd62476-4782-4e9b-82ef-13e7d5784f9a",
      "type": "Feature",
      "geometry": {
        "type": "Polygon",
        "coordinates": [
          [
            [
              -1.4652319,
              50.9378464
            ],
            [
              -1.4652669,
              50.9379087
            ],
            [
              -1.4652681,
              50.9379111
            ],
            [
              -1.4653059,
              50.9379026
            ],
            [
              -1.4653121,
              50.9379136
            ],
            [
              -1.4653355,
              50.9379083
            ],
            [
              -1.4653293,
              50.9378973
            ],
            [
              -1.4654092,
              50.9378793
            ],
            [
              -1.4653888,
              50.9378416
            ],
            [
              -1.4654322,
              50.9378314
            ],
            [
              -1.4654125,
              50.9377965
            ],
            [
              -1.4652268,
              50.9378374
            ],
            [
              -1.4652319,
              50.9378464
            ]
          ]
        ]
      },
      "properties": {
        "osid": "6dd62476-4782-4e9b-82ef-13e7d5784f9a",
        "toid": "osgb1000016342671",
        "theme": "Buildings",
        "changetype": "Modified Attributes",
        "isobscured": false,
        "description": "Building",
        "versiondate": "2025-02-05",
        "geometry_area": 107.118825,
        "height_source": "Ordnance Survey",
        "physicallevel": "Surface Level",
        "oslandusetiera": "Residential Accommodation",
        "oslandusetierb": [
          "Private Residence"
        ],
        "geometry_source": "Ordnance Survey",
        "oslandcovertiera": "Constructed",
        "oslandcovertierb": [
          "Building"
        ],
        "oslanduse_source": "Ordnance Survey",
        "height_updatedate": "2025-01-17",
        "description_source": "Ordnance Survey",
        "oslandcover_source": "Ordnance Survey",
        "associatedstructure": null,
        "geometry_updatedate": "2017-04-21",
        "height_evidencedate": "2024-06-20",
        "capturespecification": "Urban",
        "oslanduse_updatedate": "2004-02-10",
        "absoluteheightmaximum": 24.7,
        "absoluteheightminimum": 18.9,
        "geometry_evidencedate": "2016-08-12",
        "heightconfidencelevel": "Moderate",
        "relativeheightmaximum": 5.8,
        "absoluteheightroofbase": 23.5,
        "description_updatedate": "2004-02-10",
        "oslandcover_updatedate": "2004-02-10",
        "oslanduse_evidencedate": "2004-02-10",
        "relativeheightroofbase": 4.6,
        "versionavailabletodate": null,
        "firstdigitalcapturedate": "1992-12-01",
        "description_evidencedate": "2004-02-10",
        "oslandcover_evidencedate": "2004-02-10",
        "versionavailablefromdate": "2025-02-06T00:00:00Z"
      }
    },
    {
      "id": "6e8a75c2-02c2-483f-848b-8e72332338c2",
      "type": "Feature",
      "geometry": {
        "type": "Polygon",
        "coordinates": [
          [
            [
              -1.4677715,
              50.9364371
            ],
            [
              -1.4677957,
              50.9364832
            ],
            [
              -1.4678023,
              50.9364815
            ],
            [
              -1.4678198,
              50.9365097
            ],
            [
              -1.4678225,
              50.9365141
            ],
            [
              -1.4678543,
              50.9365062
            ],
            [
              -1.4678517,
              50.9365021
            ],
            [
              -1.4679019,
              50.9364896
            ],
            [
              -1.4678843,
              50.9364612
            ],
            [
              -1.4678899,
              50.9364598
            ],
            [
              -1.467893,
              50.9364591
            ],
            [
              -1.4678651,
              50.936414
            ],
            [
              -1.4677715,
              50.9364371
            ]
          ]
        ]
      },
      "properties": {
        "osid": "6e8a75c2-02c2-483f-848b-8e72332338c2",
        "toid": "osgb1000016343184",
        "theme": "Buildings",
        "changetype": "Modified Attributes",
        "isobscured": false,
        "description": "Building",
        "versiondate": "2025-02-05",
        "geometry_area": 60.985351,
        "height_source": "Ordnance Survey",
        "physicallevel": "Surface Level",
        "oslandusetiera": "Residential Accommodation",
        "oslandusetierb": [
          "Private Residence"
        ],
        "geometry_source": "Ordnance Survey",
        "oslandcovertiera": "Constructed",
        "oslandcovertierb": [
          "Building"
        ],
        "oslanduse_source": "Ordnance Survey",
        "height_updatedate": "2025-01-17",
        "description_source": "Ordnance Survey",
        "oslandcover_source": "Ordnance Survey",
        "associatedstructure": null,
        "geometry_updatedate": "2017-04-19",
        "height_evidencedate": "2024-06-20",
        "capturespecification": "Urban",
        "oslanduse_updatedate": "2004-02-10",
        "absoluteheightmaximum": 19.3,
        "absoluteheightminimum": 11.8,
        "geometry_evidencedate": "2016-08-12",
        "heightconfidencelevel": "Moderate",
        "relativeheightmaximum": 7.5,
        "absoluteheightroofbase": 16.4,
        "description_updatedate": "2004-02-10",
        "oslandcover_updatedate": "2004-02-10",
        "oslanduse_evidencedate": "2004-02-10",
        "relativeheightroofbase": 4.6,
        "versionavailabletodate": null,
        "firstdigitalcapturedate": "1991-09-01",
        "description_evidencedate": "2004-02-10",
        "oslandcover_evidencedate": "2004-02-10",
        "versionavailablefromdate": "2025-02-06T00:00:00Z"
      }
    },
    {
      "id": "6e927dde-c9a8-4d9f-904e-15399ca1a249",
      "type": "Feature",
      "geometry": {
        "type": "Polygon",
        "coordinates": [
          [
            [
              -1.4672395,
              50.9383898
            ],
            [
              -1.4671956,
              50.9383787
            ],
            [
              -1.4672012,
              50.9383699
            ],
            [
              -1.467173,
              50.9383627
            ],
            [
              -1.4671447,
              50.9383556
            ],
            [
              -1.4671391,
              50.9383644
            ],
            [
              -1.4670936,
              50.9383529
            ],
            [
              -1.4670415,
              50.938435
            ],
            [
              -1.467087,
              50.9384466
            ],
            [
              -1.4670804,
              50.938457
            ],
            [
              -1.4671086,
              50.9384641
            ],
            [
              -1.4671369,
              50.9384713
            ],
            [
              -1.4671435,
              50.9384609
            ],
            [
              -1.4671874,
              50.938472
            ],
            [
              -1.4671964,
              50.9384577
            ],
            [
              -1.4672306,
              50.9384039
            ],
            [
              -1.4672395,
              50.9383898
            ]
          ]
        ]
      },
      "properties": {
        "osid": "6e927dde-c9a8-4d9f-904e-15399ca1a249",
        "toid": "osgb5000005247278672",
        "theme": "Buildings",
        "changetype": "Modified Attributes",
        "isobscured": false,
        "description": "Building",
        "versiondate": "2025-02-05",
        "geometry_area": 118.51954,
        "height_source": "Ordnance Survey",
        "physicallevel": "Surface Level",
        "oslandusetiera": "Residential Accommodation",
        "oslandusetierb": [
          "Private Residence"
        ],
        "geometry_source": "Ordnance Survey",
        "oslandcovertiera": "Constructed",
        "oslandcovertierb": [
          "Building"
        ],
        "oslanduse_source": "Ordnance Survey",
        "height_updatedate": "2025-01-17",
        "description_source": "Ordnance Survey",
        "oslandcover_source": "Ordnance Survey",
        "associatedstructure": null,
        "geometry_updatedate": "2019-10-29",
        "height_evidencedate": "2024-06-20",
        "capturespecification": "Urban",
        "oslanduse_updatedate": "2019-06-05",
        "absoluteheightmaximum": 26.4,
        "absoluteheightminimum": 16.5,
        "geometry_evidencedate": "2019-10-29",
        "heightconfidencelevel": "Moderate",
        "relativeheightmaximum": 9.9,
        "absoluteheightroofbase": 23,
        "description_updatedate": "2019-06-05",
        "oslandcover_updatedate": "2019-06-05",
        "oslanduse_evidencedate": "2019-06-05",
        "relativeheightroofbase": 6.5,
        "versionavailabletodate": null,
        "firstdigitalcapturedate": "2019-06-05",
        "description_evidencedate": "2019-06-05",
        "oslandcover_evidencedate": "2019-06-05",
        "versionavailablefromdate": "2025-02-06T00:00:00Z"
      }
    },
    {
      "id": "6f224a50-2c9e-485f-9b52-dfecaf6a84a1",
      "type": "Feature",
      "geometry": {
        "type": "Polygon",
        "coordinates": [
          [
            [
              -1.4699008,
              50.9399206
            ],
            [
              -1.4698973,
              50.9401981
            ],
            [
              -1.470279,
              50.9402
            ],
            [
              -1.4702844,
              50.9397724
            ],
            [
              -1.4699027,
              50.9397705
            ],
            [
              -1.4699008,
              50.9399206
            ]
          ]
        ]
      },
      "properties": {
        "osid": "6f224a50-2c9e-485f-9b52-dfecaf6a84a1",
        "toid": "osgb5000005278503036",
        "theme": "Buildings",
        "changetype": "Modified Attributes",
        "isobscured": false,
        "description": "Building",
        "versiondate": "2025-02-05",
        "geometry_area": 1275.270275,
        "height_source": "Ordnance Survey",
        "physicallevel": "Surface Level",
        "oslandusetiera": "Commercial Activity: Industrial Or Manufacturing",
        "oslandusetierb": [],
        "geometry_source": "Ordnance Survey",
        "oslandcovertiera": "Constructed",
        "oslandcovertierb": [
          "Building"
        ],
        "oslanduse_source": "Ordnance Survey",
        "height_updatedate": "2025-01-17",
        "description_source": "Ordnance Survey",
        "oslandcover_source": "Ordnance Survey",
        "associatedstructure": null,
        "geometry_updatedate": "2021-03-10",
        "height_evidencedate": "2024-06-20",
        "capturespecification": "Urban",
        "oslanduse_updatedate": "2021-03-10",
        "absoluteheightmaximum": 27.8,
        "absoluteheightminimum": 14.5,
        "geometry_evidencedate": "2021-03-10",
        "heightconfidencelevel": "Moderate",
        "relativeheightmaximum": 13.3,
        "absoluteheightroofbase": 24.9,
        "description_updatedate": "2021-03-10",
        "oslandcover_updatedate": "2021-03-10",
        "oslanduse_evidencedate": "2021-03-10",
        "relativeheightroofbase": 10.4,
        "versionavailabletodate": null,
        "firstdigitalcapturedate": "2021-03-10",
        "description_evidencedate": "2021-03-10",
        "oslandcover_evidencedate": "2021-03-10",
        "versionavailablefromdate": "2025-02-06T00:00:00Z"
      }
    },
    {
      "id": "6f7907ae-bc62-4741-8223-7bd11c975087",
      "type": "Feature",
      "geometry": {
        "type": "Polygon",
        "coordinates": [
          [
            [
              -1.4701823,
              50.939087
            ],
            [
              -1.4702626,
              50.9390874
            ],
            [
              -1.4703629,
              50.9390878
            ],
            [
              -1.4705907,
              50.9390888
            ],
            [
              -1.4705924,
              50.9389577
            ],
            [
              -1.4701836,
              50.9389559
            ],
            [
              -1.4701823,
              50.939087
            ]
          ]
        ]
      },
      "properties": {
        "osid": "6f7907ae-bc62-4741-8223-7bd11c975087",
        "toid": "osgb1000002682082371",
        "theme": "Buildings",
        "changetype": "Modified Attributes",
        "isobscured": false,
        "description": "Building",
        "versiondate": "2025-02-05",
        "geometry_area": 418.65525,
        "height_source": "Ordnance Survey",
        "physicallevel": "Surface Level",
        "oslandusetiera": "Government Services",
        "oslandusetierb": [],
        "geometry_source": "Ordnance Survey",
        "oslandcovertiera": "Constructed",
        "oslandcovertierb": [
          "Building"
        ],
        "oslanduse_source": "Ordnance Survey",
        "height_updatedate": "2025-01-17",
        "description_source": "Ordnance Survey",
        "oslandcover_source": "Ordnance Survey",
        "associatedstructure": null,
        "geometry_updatedate": "2010-08-19",
        "height_evidencedate": "2024-06-20",
        "capturespecification": "Urban",
        "oslanduse_updatedate": "2010-08-19",
        "absoluteheightmaximum": 18.2,
        "absoluteheightminimum": 14,
        "geometry_evidencedate": "2010-08-19",
        "heightconfidencelevel": "Moderate",
        "relativeheightmaximum": 4.2,
        "absoluteheightroofbase": 17.4,
        "description_updatedate": "2010-08-19",
        "oslandcover_updatedate": "2010-08-19",
        "oslanduse_evidencedate": "2010-08-19",
        "relativeheightroofbase": 3.4,
        "versionavailabletodate": null,
        "firstdigitalcapturedate": "2010-08-19",
        "description_evidencedate": "2010-08-19",
        "oslandcover_evidencedate": "2010-08-19",
        "versionavailablefromdate": "2025-02-06T00:00:00Z"
      }
    },
    {
      "id": "6f79aef1-c5a9-4cd5-ae8e-f4f030d98c96",
      "type": "Feature",
      "geometry": {
        "type": "Polygon",
        "coordinates": [
          [
            [
              -1.4672614,
              50.9378165
            ],
            [
              -1.4672701,
              50.9378489
            ],
            [
              -1.467233,
              50.937852
            ],
            [
              -1.4672359,
              50.9378654
            ],
            [
              -1.4672355,
              50.9378654
            ],
            [
              -1.4672419,
              50.9378896
            ],
            [
              -1.4672423,
              50.9378909
            ],
            [
              -1.4672802,
              50.9378869
            ],
            [
              -1.4673599,
              50.9378771
            ],
            [
              -1.4673412,
              50.937807
            ],
            [
              -1.4673061,
              50.9378111
            ],
            [
              -1.4672614,
              50.9378165
            ]
          ]
        ]
      },
      "properties": {
        "osid": "6f79aef1-c5a9-4cd5-ae8e-f4f030d98c96",
        "toid": "osgb1000016342664",
        "theme": "Buildings",
        "changetype": "Modified Attributes",
        "isobscured": false,
        "description": "Building",
        "versiondate": "2025-02-05",
        "geometry_area": 56.838424,
        "height_source": "Ordnance Survey",
        "physicallevel": "Surface Level",
        "oslandusetiera": "Residential Accommodation",
        "oslandusetierb": [
          "Private Residence"
        ],
        "geometry_source": "Ordnance Survey",
        "oslandcovertiera": "Constructed",
        "oslandcovertierb": [
          "Building"
        ],
        "oslanduse_source": "Ordnance Survey",
        "height_updatedate": "2025-01-17",
        "description_source": "Ordnance Survey",
        "oslandcover_source": "Ordnance Survey",
        "associatedstructure": null,
        "geometry_updatedate": "2024-11-27",
        "height_evidencedate": "2024-06-20",
        "capturespecification": "Urban",
        "oslanduse_updatedate": "2004-02-10",
        "absoluteheightmaximum": 21.3,
        "absoluteheightminimum": 14.6,
        "geometry_evidencedate": "2024-06-20",
        "heightconfidencelevel": "Moderate",
        "relativeheightmaximum": 6.7,
        "absoluteheightroofbase": 19.5,
        "description_updatedate": "2004-02-10",
        "oslandcover_updatedate": "2004-02-10",
        "oslanduse_evidencedate": "2004-02-10",
        "relativeheightroofbase": 4.9,
        "versionavailabletodate": null,
        "firstdigitalcapturedate": "1991-09-01",
        "description_evidencedate": "2004-02-10",
        "oslandcover_evidencedate": "2004-02-10",
        "versionavailablefromdate": "2025-02-06T00:00:00Z"
      }
    },
    {
      "id": "6fb41d16-4a4e-4326-8f26-0e166d909c3f",
      "type": "Feature",
      "geometry": {
        "type": "Polygon",
        "coordinates": [
          [
            [
              -1.4661123,
              50.9401543
            ],
            [
              -1.4661808,
              50.9402134
            ],
            [
              -1.46628,
              50.9401675
            ],
            [
              -1.4662418,
              50.9401345
            ],
            [
              -1.4662617,
              50.9401253
            ],
            [
              -1.4662349,
              50.9401022
            ],
            [
              -1.4662313,
              50.9400991
            ],
            [
              -1.4661123,
              50.9401543
            ]
          ]
        ]
      },
      "properties": {
        "osid": "6fb41d16-4a4e-4326-8f26-0e166d909c3f",
        "toid": "osgb5000005227734240",
        "theme": "Buildings",
        "changetype": "Modified Attributes",
        "isobscured": false,
        "description": "Building",
        "versiondate": "2025-02-05",
        "geometry_area": 76.698776,
        "height_source": "Ordnance Survey",
        "physicallevel": "Surface Level",
        "oslandusetiera": "Residential Accommodation",
        "oslandusetierb": [
          "Private Residence"
        ],
        "geometry_source": "Ordnance Survey",
        "oslandcovertiera": "Constructed",
        "oslandcovertierb": [
          "Building"
        ],
        "oslanduse_source": "Ordnance Survey",
        "height_updatedate": "2025-01-17",
        "description_source": "Ordnance Survey",
        "oslandcover_source": "Ordnance Survey",
        "associatedstructure": null,
        "geometry_updatedate": "2018-07-09",
        "height_evidencedate": "2024-06-20",
        "capturespecification": "Urban",
        "oslanduse_updatedate": "2018-04-30",
        "absoluteheightmaximum": 30,
        "absoluteheightminimum": 21.7,
        "geometry_evidencedate": "2018-07-09",
        "heightconfidencelevel": "Moderate",
        "relativeheightmaximum": 8.3,
        "absoluteheightroofbase": 27.4,
        "description_updatedate": "2018-04-30",
        "oslandcover_updatedate": "2018-04-30",
        "oslanduse_evidencedate": "2018-04-30",
        "relativeheightroofbase": 5.7,
        "versionavailabletodate": null,
        "firstdigitalcapturedate": "2018-04-30",
        "description_evidencedate": "2018-04-30",
        "oslandcover_evidencedate": "2018-04-30",
        "versionavailablefromdate": "2025-02-06T00:00:00Z"
      }
    },
    {
      "id": "6fba3b05-cc38-4e07-8b0e-359a5b3a4426",
      "type": "Feature",
      "geometry": {
        "type": "Polygon",
        "coordinates": [
          [
            [
              -1.4647655,
              50.9392992
            ],
            [
              -1.4648077,
              50.9393138
            ],
            [
              -1.4648509,
              50.939264
            ],
            [
              -1.4648087,
              50.9392494
            ],
            [
              -1.4647655,
              50.9392992
            ]
          ]
        ]
      },
      "properties": {
        "osid": "6fba3b05-cc38-4e07-8b0e-359a5b3a4426",
        "toid": "osgb5000005236335756",
        "theme": "Buildings",
        "changetype": "Modified Attributes",
        "isobscured": false,
        "description": "Building",
        "versiondate": "2025-02-05",
        "geometry_area": 21.349884,
        "height_source": "Ordnance Survey",
        "physicallevel": "Surface Level",
        "oslandusetiera": "Residential Accommodation",
        "oslandusetierb": [
          "Private Residence"
        ],
        "geometry_source": "Ordnance Survey",
        "oslandcovertiera": "Constructed",
        "oslandcovertierb": [
          "Building"
        ],
        "oslanduse_source": "Ordnance Survey",
        "height_updatedate": "2025-01-17",
        "description_source": "Ordnance Survey",
        "oslandcover_source": "Ordnance Survey",
        "associatedstructure": null,
        "geometry_updatedate": "2018-09-14",
        "height_evidencedate": "2024-06-20",
        "capturespecification": "Urban",
        "oslanduse_updatedate": "2018-09-14",
        "absoluteheightmaximum": 26.5,
        "absoluteheightminimum": 23,
        "geometry_evidencedate": "2018-09-14",
        "heightconfidencelevel": "Moderate",
        "relativeheightmaximum": 3.5,
        "absoluteheightroofbase": 25,
        "description_updatedate": "2018-09-14",
        "oslandcover_updatedate": "2018-09-14",
        "oslanduse_evidencedate": "2018-09-14",
        "relativeheightroofbase": 2,
        "versionavailabletodate": null,
        "firstdigitalcapturedate": "2018-09-17",
        "description_evidencedate": "2018-09-14",
        "oslandcover_evidencedate": "2018-09-14",
        "versionavailablefromdate": "2025-02-06T00:00:00Z"
      }
    },
    {
      "id": "7011848e-dd0c-4db9-99e9-30554b6a4f63",
      "type": "Feature",
      "geometry": {
        "type": "Polygon",
        "coordinates": [
          [
            [
              -1.4689316,
              50.937136
            ],
            [
              -1.4689319,
              50.9371361
            ],
            [
              -1.4689708,
              50.9371493
            ],
            [
              -1.4689754,
              50.9371438
            ],
            [
              -1.469001,
              50.9371143
            ],
            [
              -1.4690113,
              50.9371024
            ],
            [
              -1.4689717,
              50.9370889
            ],
            [
              -1.4689316,
              50.937136
            ]
          ]
        ]
      },
      "properties": {
        "osid": "7011848e-dd0c-4db9-99e9-30554b6a4f63",
        "toid": "osgb5000005203977204",
        "theme": "Buildings",
        "changetype": "Modified Attributes",
        "isobscured": false,
        "description": "Building",
        "versiondate": "2025-02-05",
        "geometry_area": 18.630534,
        "height_source": "Ordnance Survey",
        "physicallevel": "Surface Level",
        "oslandusetiera": "Residential Accommodation",
        "oslandusetierb": [
          "Private Residence"
        ],
        "geometry_source": "Ordnance Survey",
        "oslandcovertiera": "Constructed",
        "oslandcovertierb": [
          "Building"
        ],
        "oslanduse_source": "Ordnance Survey",
        "height_updatedate": "2025-01-17",
        "description_source": "Ordnance Survey",
        "oslandcover_source": "Ordnance Survey",
        "associatedstructure": null,
        "geometry_updatedate": "2017-04-20",
        "height_evidencedate": "2024-06-20",
        "capturespecification": "Urban",
        "oslanduse_updatedate": "2017-04-20",
        "absoluteheightmaximum": null,
        "absoluteheightminimum": 12.5,
        "geometry_evidencedate": "2016-08-12",
        "heightconfidencelevel": "Incomplete",
        "relativeheightmaximum": null,
        "absoluteheightroofbase": null,
        "description_updatedate": "2017-04-20",
        "oslandcover_updatedate": "2017-04-20",
        "oslanduse_evidencedate": "2016-08-12",
        "relativeheightroofbase": null,
        "versionavailabletodate": null,
        "firstdigitalcapturedate": "2017-05-04",
        "description_evidencedate": "2016-08-12",
        "oslandcover_evidencedate": "2016-08-12",
        "versionavailablefromdate": "2025-02-06T00:00:00Z"
      }
    },
    {
      "id": "701f9e54-fb5b-4041-b7db-015a630fd197",
      "type": "Feature",
      "geometry": {
        "type": "Polygon",
        "coordinates": [
          [
            [
              -1.46669,
              50.9367463
            ],
            [
              -1.4666897,
              50.9367697
            ],
            [
              -1.466657,
              50.9367695
            ],
            [
              -1.4666576,
              50.9367776
            ],
            [
              -1.4666576,
              50.9368415
            ],
            [
              -1.4667608,
              50.9368424
            ],
            [
              -1.4667612,
              50.9367462
            ],
            [
              -1.46669,
              50.9367463
            ]
          ]
        ]
      },
      "properties": {
        "osid": "701f9e54-fb5b-4041-b7db-015a630fd197",
        "toid": "osgb1000016342793",
        "theme": "Buildings",
        "changetype": "Modified Attributes",
        "isobscured": false,
        "description": "Building",
        "versiondate": "2025-02-05",
        "geometry_area": 71.41625,
        "height_source": "Ordnance Survey",
        "physicallevel": "Surface Level",
        "oslandusetiera": "Residential Accommodation",
        "oslandusetierb": [
          "Private Residence"
        ],
        "geometry_source": "Ordnance Survey",
        "oslandcovertiera": "Constructed",
        "oslandcovertierb": [
          "Building"
        ],
        "oslanduse_source": "Ordnance Survey",
        "height_updatedate": "2025-01-17",
        "description_source": "Ordnance Survey",
        "oslandcover_source": "Ordnance Survey",
        "associatedstructure": null,
        "geometry_updatedate": "2006-07-01",
        "height_evidencedate": "2024-06-20",
        "capturespecification": "Urban",
        "oslanduse_updatedate": "2006-07-01",
        "absoluteheightmaximum": 20.8,
        "absoluteheightminimum": 13.7,
        "geometry_evidencedate": "2006-07-01",
        "heightconfidencelevel": "Moderate",
        "relativeheightmaximum": 7.1,
        "absoluteheightroofbase": 19.1,
        "description_updatedate": "2006-07-01",
        "oslandcover_updatedate": "2006-07-01",
        "oslanduse_evidencedate": "2006-07-01",
        "relativeheightroofbase": 5.4,
        "versionavailabletodate": null,
        "firstdigitalcapturedate": "1988-05-16",
        "description_evidencedate": "2006-07-01",
        "oslandcover_evidencedate": "2006-07-01",
        "versionavailablefromdate": "2025-02-06T00:00:00Z"
      }
    },
    {
      "id": "703457a6-76ec-4aca-a70d-8bbd8b1c0578",
      "type": "Feature",
      "geometry": {
        "type": "Polygon",
        "coordinates": [
          [
            [
              -1.4687884,
              50.9371007
            ],
            [
              -1.468693,
              50.9370666
            ],
            [
              -1.4686757,
              50.9370867
            ],
            [
              -1.4686516,
              50.9370776
            ],
            [
              -1.4686372,
              50.9370973
            ],
            [
              -1.4687945,
              50.9371502
            ],
            [
              -1.4688263,
              50.9371132
            ],
            [
              -1.4687884,
              50.9371007
            ]
          ]
        ]
      },
      "properties": {
        "osid": "703457a6-76ec-4aca-a70d-8bbd8b1c0578",
        "toid": "osgb1000016343196",
        "theme": "Buildings",
        "changetype": "Modified Attributes",
        "isobscured": false,
        "description": "Building",
        "versiondate": "2025-02-05",
        "geometry_area": 55.1568,
        "height_source": "Ordnance Survey",
        "physicallevel": "Surface Level",
        "oslandusetiera": "Residential Accommodation",
        "oslandusetierb": [
          "Private Residence"
        ],
        "geometry_source": "Ordnance Survey",
        "oslandcovertiera": "Constructed",
        "oslandcovertierb": [
          "Building"
        ],
        "oslanduse_source": "Ordnance Survey",
        "height_updatedate": "2025-01-17",
        "description_source": "Ordnance Survey",
        "oslandcover_source": "Ordnance Survey",
        "associatedstructure": null,
        "geometry_updatedate": "2004-02-10",
        "height_evidencedate": "2024-06-20",
        "capturespecification": "Urban",
        "oslanduse_updatedate": "2004-02-10",
        "absoluteheightmaximum": 20,
        "absoluteheightminimum": 12.3,
        "geometry_evidencedate": "2004-02-10",
        "heightconfidencelevel": "Moderate",
        "relativeheightmaximum": 7.7,
        "absoluteheightroofbase": 14.3,
        "description_updatedate": "2004-02-10",
        "oslandcover_updatedate": "2004-02-10",
        "oslanduse_evidencedate": "2004-02-10",
        "relativeheightroofbase": 2,
        "versionavailabletodate": null,
        "firstdigitalcapturedate": "1988-07-28",
        "description_evidencedate": "2004-02-10",
        "oslandcover_evidencedate": "2004-02-10",
        "versionavailablefromdate": "2025-02-06T00:00:00Z"
      }
    },
    {
      "id": "7046e4b9-71dd-47ca-a1b5-ca59b92a3e6e",
      "type": "Feature",
      "geometry": {
        "type": "Polygon",
        "coordinates": [
          [
            [
              -1.4640712,
              50.9404036
            ],
            [
              -1.4641255,
              50.9404282
            ],
            [
              -1.464198,
              50.9403644
            ],
            [
              -1.4641437,
              50.9403398
            ],
            [
              -1.4640712,
              50.9404036
            ]
          ]
        ]
      },
      "properties": {
        "osid": "7046e4b9-71dd-47ca-a1b5-ca59b92a3e6e",
        "toid": "osgb5000005198749591",
        "theme": "Buildings",
        "changetype": "Modified Attributes",
        "isobscured": false,
        "description": "Building",
        "versiondate": "2025-02-05",
        "geometry_area": 41.035223,
        "height_source": "Ordnance Survey",
        "physicallevel": "Surface Level",
        "oslandusetiera": "Residential Accommodation",
        "oslandusetierb": [
          "Private Residence"
        ],
        "geometry_source": "Ordnance Survey",
        "oslandcovertiera": "Constructed",
        "oslandcovertierb": [
          "Building"
        ],
        "oslanduse_source": "Ordnance Survey",
        "height_updatedate": "2025-01-17",
        "description_source": "Ordnance Survey",
        "oslandcover_source": "Ordnance Survey",
        "associatedstructure": null,
        "geometry_updatedate": "2017-02-07",
        "height_evidencedate": "2024-06-20",
        "capturespecification": "Urban",
        "oslanduse_updatedate": "2017-02-07",
        "absoluteheightmaximum": 32.4,
        "absoluteheightminimum": 24.3,
        "geometry_evidencedate": "2017-02-07",
        "heightconfidencelevel": "Moderate",
        "relativeheightmaximum": 8.1,
        "absoluteheightroofbase": 30.7,
        "description_updatedate": "2017-02-07",
        "oslandcover_updatedate": "2017-02-07",
        "oslanduse_evidencedate": "2017-02-07",
        "relativeheightroofbase": 6.4,
        "versionavailabletodate": null,
        "firstdigitalcapturedate": "2017-02-07",
        "description_evidencedate": "2017-02-07",
        "oslandcover_evidencedate": "2017-02-07",
        "versionavailablefromdate": "2025-02-06T00:00:00Z"
      }
    },
    {
      "id": "709c60f7-209c-4817-bf59-7dc7a7a5c495",
      "type": "Feature",
      "geometry": {
        "type": "Polygon",
        "coordinates": [
          [
            [
              -1.4668279,
              50.937453
            ],
            [
              -1.4668515,
              50.9374755
            ],
            [
              -1.4668836,
              50.9374621
            ],
            [
              -1.46686,
              50.9374396
            ],
            [
              -1.4668279,
              50.937453
            ]
          ]
        ]
      },
      "properties": {
        "osid": "709c60f7-209c-4817-bf59-7dc7a7a5c495",
        "toid": "osgb5000005203977149",
        "theme": "Buildings",
        "changetype": "Modified Attributes",
        "isobscured": false,
        "description": "Building",
        "versiondate": "2025-02-05",
        "geometry_area": 8.128683,
        "height_source": "Ordnance Survey",
        "physicallevel": "Surface Level",
        "oslandusetiera": "Residential Accommodation",
        "oslandusetierb": [
          "Private Residence"
        ],
        "geometry_source": "Ordnance Survey",
        "oslandcovertiera": "Constructed",
        "oslandcovertierb": [
          "Building"
        ],
        "oslanduse_source": "Ordnance Survey",
        "height_updatedate": "2025-01-17",
        "description_source": "Ordnance Survey",
        "oslandcover_source": "Ordnance Survey",
        "associatedstructure": null,
        "geometry_updatedate": "2017-04-19",
        "height_evidencedate": "2024-06-20",
        "capturespecification": "Urban",
        "oslanduse_updatedate": "2017-04-19",
        "absoluteheightmaximum": null,
        "absoluteheightminimum": 15.4,
        "geometry_evidencedate": "2016-08-12",
        "heightconfidencelevel": "Incomplete",
        "relativeheightmaximum": null,
        "absoluteheightroofbase": null,
        "description_updatedate": "2017-04-19",
        "oslandcover_updatedate": "2017-04-19",
        "oslanduse_evidencedate": "2016-08-12",
        "relativeheightroofbase": null,
        "versionavailabletodate": null,
        "firstdigitalcapturedate": "2017-05-04",
        "description_evidencedate": "2016-08-12",
        "oslandcover_evidencedate": "2016-08-12",
        "versionavailablefromdate": "2025-02-06T00:00:00Z"
      }
    },
    {
      "id": "70b2f6e0-3a3f-4699-9dce-e6aaa0c82f03",
      "type": "Feature",
      "geometry": {
        "type": "Polygon",
        "coordinates": [
          [
            [
              -1.4658768,
              50.9382597
            ],
            [
              -1.4659382,
              50.9382751
            ],
            [
              -1.4659841,
              50.9382015
            ],
            [
              -1.4659227,
              50.9381862
            ],
            [
              -1.4658999,
              50.9382227
            ],
            [
              -1.4658768,
              50.9382597
            ]
          ]
        ]
      },
      "properties": {
        "osid": "70b2f6e0-3a3f-4699-9dce-e6aaa0c82f03",
        "toid": "osgb5000005250530105",
        "theme": "Buildings",
        "changetype": "Modified Attributes",
        "isobscured": false,
        "description": "Building",
        "versiondate": "2025-02-05",
        "geometry_area": 40.786013,
        "height_source": "Ordnance Survey",
        "physicallevel": "Surface Level",
        "oslandusetiera": "Residential Accommodation",
        "oslandusetierb": [
          "Private Residence"
        ],
        "geometry_source": "Ordnance Survey",
        "oslandcovertiera": "Constructed",
        "oslandcovertierb": [
          "Building"
        ],
        "oslanduse_source": "Ordnance Survey",
        "height_updatedate": "2025-01-17",
        "description_source": "Ordnance Survey",
        "oslandcover_source": "Ordnance Survey",
        "associatedstructure": null,
        "geometry_updatedate": "2022-05-06",
        "height_evidencedate": "2024-06-20",
        "capturespecification": "Urban",
        "oslanduse_updatedate": "2019-08-06",
        "absoluteheightmaximum": 28.2,
        "absoluteheightminimum": 20.1,
        "geometry_evidencedate": "2021-04-17",
        "heightconfidencelevel": "Moderate",
        "relativeheightmaximum": 8.1,
        "absoluteheightroofbase": 26.8,
        "description_updatedate": "2019-08-06",
        "oslandcover_updatedate": "2019-08-06",
        "oslanduse_evidencedate": "2019-08-06",
        "relativeheightroofbase": 6.7,
        "versionavailabletodate": null,
        "firstdigitalcapturedate": "2019-08-06",
        "description_evidencedate": "2019-08-06",
        "oslandcover_evidencedate": "2019-08-06",
        "versionavailablefromdate": "2025-02-06T00:00:00Z"
      }
    },
    {
      "id": "70bfdcf6-e16a-4c5e-839a-ee09ca5512d2",
      "type": "Feature",
      "geometry": {
        "type": "Polygon",
        "coordinates": [
          [
            [
              -1.4651919,
              50.9395604
            ],
            [
              -1.4653063,
              50.9396084
            ],
            [
              -1.4653479,
              50.9395687
            ],
            [
              -1.4652335,
              50.9395208
            ],
            [
              -1.4651919,
              50.9395604
            ]
          ]
        ]
      },
      "properties": {
        "osid": "70bfdcf6-e16a-4c5e-839a-ee09ca5512d2",
        "toid": "osgb5000005236335838",
        "theme": "Buildings",
        "changetype": "Modified Attributes",
        "isobscured": false,
        "description": "Building",
        "versiondate": "2025-02-05",
        "geometry_area": 51.003292,
        "height_source": "Ordnance Survey",
        "physicallevel": "Surface Level",
        "oslandusetiera": "Residential Accommodation",
        "oslandusetierb": [
          "Private Residence"
        ],
        "geometry_source": "Ordnance Survey",
        "oslandcovertiera": "Constructed",
        "oslandcovertierb": [
          "Building"
        ],
        "oslanduse_source": "Ordnance Survey",
        "height_updatedate": "2025-01-17",
        "description_source": "Ordnance Survey",
        "oslandcover_source": "Ordnance Survey",
        "associatedstructure": null,
        "geometry_updatedate": "2018-09-17",
        "height_evidencedate": "2024-06-20",
        "capturespecification": "Urban",
        "oslanduse_updatedate": "2018-09-17",
        "absoluteheightmaximum": 31.5,
        "absoluteheightminimum": 23.2,
        "geometry_evidencedate": "2018-09-17",
        "heightconfidencelevel": "Moderate",
        "relativeheightmaximum": 8.3,
        "absoluteheightroofbase": 28.7,
        "description_updatedate": "2018-09-17",
        "oslandcover_updatedate": "2018-09-17",
        "oslanduse_evidencedate": "2018-09-17",
        "relativeheightroofbase": 5.5,
        "versionavailabletodate": null,
        "firstdigitalcapturedate": "2018-09-17",
        "description_evidencedate": "2018-09-17",
        "oslandcover_evidencedate": "2018-09-17",
        "versionavailablefromdate": "2025-02-06T00:00:00Z"
      }
    },
    {
      "id": "70e20100-58f5-435a-88e7-745a82461c87",
      "type": "Feature",
      "geometry": {
        "type": "Polygon",
        "coordinates": [
          [
            [
              -1.4668311,
              50.9363751
            ],
            [
              -1.4668316,
              50.9363944
            ],
            [
              -1.4668322,
              50.9364158
            ],
            [
              -1.4668708,
              50.9364153
            ],
            [
              -1.4668702,
              50.9363945
            ],
            [
              -1.4668697,
              50.9363747
            ],
            [
              -1.4668311,
              50.9363751
            ]
          ]
        ]
      },
      "properties": {
        "osid": "70e20100-58f5-435a-88e7-745a82461c87",
        "toid": "osgb5000005257941627",
        "theme": "Buildings",
        "changetype": "Modified Attributes",
        "isobscured": false,
        "description": "Building",
        "versiondate": "2025-02-05",
        "geometry_area": 12.256052,
        "height_source": "Ordnance Survey",
        "physicallevel": "Surface Level",
        "oslandusetiera": "Residential Accommodation",
        "oslandusetierb": [
          "Private Residence"
        ],
        "geometry_source": "Ordnance Survey",
        "oslandcovertiera": "Constructed",
        "oslandcovertierb": [
          "Building"
        ],
        "oslanduse_source": "Ordnance Survey",
        "height_updatedate": "2025-01-17",
        "description_source": "Ordnance Survey",
        "oslandcover_source": "Ordnance Survey",
        "associatedstructure": null,
        "geometry_updatedate": "2019-12-29",
        "height_evidencedate": "2024-06-20",
        "capturespecification": "Urban",
        "oslanduse_updatedate": "2019-12-29",
        "absoluteheightmaximum": null,
        "absoluteheightminimum": 12.7,
        "geometry_evidencedate": "2019-06-28",
        "heightconfidencelevel": "Incomplete",
        "relativeheightmaximum": null,
        "absoluteheightroofbase": null,
        "description_updatedate": "2019-12-29",
        "oslandcover_updatedate": "2019-12-29",
        "oslanduse_evidencedate": "2019-06-28",
        "relativeheightroofbase": null,
        "versionavailabletodate": null,
        "firstdigitalcapturedate": "2019-12-30",
        "description_evidencedate": "2019-06-28",
        "oslandcover_evidencedate": "2019-06-28",
        "versionavailablefromdate": "2025-02-06T00:00:00Z"
      }
    },
    {
      "id": "70eb0488-f74a-4de8-8168-16e944075b7e",
      "type": "Feature",
      "geometry": {
        "type": "Polygon",
        "coordinates": [
          [
            [
              -1.4683348,
              50.9376623
            ],
            [
              -1.4683038,
              50.9377105
            ],
            [
              -1.4683412,
              50.9377201
            ],
            [
              -1.4683716,
              50.9376716
            ],
            [
              -1.4683676,
              50.9376706
            ],
            [
              -1.4683348,
              50.9376623
            ]
          ]
        ]
      },
      "properties": {
        "osid": "70eb0488-f74a-4de8-8168-16e944075b7e",
        "toid": "osgb1000016343234",
        "theme": "Buildings",
        "changetype": "Modified Attributes",
        "isobscured": false,
        "description": "Building",
        "versiondate": "2025-02-05",
        "geometry_area": 16.25115,
        "height_source": "Ordnance Survey",
        "physicallevel": "Surface Level",
        "oslandusetiera": "Unknown Or Unused Artificial",
        "oslandusetierb": [],
        "geometry_source": "Ordnance Survey",
        "oslandcovertiera": "Constructed",
        "oslandcovertierb": [
          "Building"
        ],
        "oslanduse_source": "Ordnance Survey",
        "height_updatedate": "2025-01-17",
        "description_source": "Ordnance Survey",
        "oslandcover_source": "Ordnance Survey",
        "associatedstructure": null,
        "geometry_updatedate": "2006-12-14",
        "height_evidencedate": "2024-06-20",
        "capturespecification": "Urban",
        "oslanduse_updatedate": "2006-12-14",
        "absoluteheightmaximum": null,
        "absoluteheightminimum": 12.3,
        "geometry_evidencedate": "2006-12-14",
        "heightconfidencelevel": "Incomplete",
        "relativeheightmaximum": null,
        "absoluteheightroofbase": null,
        "description_updatedate": "2006-12-14",
        "oslandcover_updatedate": "2006-12-14",
        "oslanduse_evidencedate": "2006-12-14",
        "relativeheightroofbase": null,
        "versionavailabletodate": null,
        "firstdigitalcapturedate": "1988-07-28",
        "description_evidencedate": "2006-12-14",
        "oslandcover_evidencedate": "2006-12-14",
        "versionavailablefromdate": "2025-02-06T00:00:00Z"
      }
    },
    {
      "id": "7116747a-fe06-421d-807f-b07fdf35b6cf",
      "type": "Feature",
      "geometry": {
        "type": "Polygon",
        "coordinates": [
          [
            [
              -1.4678496,
              50.9371683
            ],
            [
              -1.4678876,
              50.9371802
            ],
            [
              -1.4679237,
              50.9371345
            ],
            [
              -1.4678857,
              50.9371226
            ],
            [
              -1.4678496,
              50.9371683
            ]
          ]
        ]
      },
      "properties": {
        "osid": "7116747a-fe06-421d-807f-b07fdf35b6cf",
        "toid": "osgb5000005203977452",
        "theme": "Buildings",
        "changetype": "Modified Attributes",
        "isobscured": false,
        "description": "Building",
        "versiondate": "2025-02-05",
        "geometry_area": 16.942811,
        "height_source": "Ordnance Survey",
        "physicallevel": "Surface Level",
        "oslandusetiera": "Residential Accommodation",
        "oslandusetierb": [
          "Private Residence"
        ],
        "geometry_source": "Ordnance Survey",
        "oslandcovertiera": "Constructed",
        "oslandcovertierb": [
          "Building"
        ],
        "oslanduse_source": "Ordnance Survey",
        "height_updatedate": "2025-01-17",
        "description_source": "Ordnance Survey",
        "oslandcover_source": "Ordnance Survey",
        "associatedstructure": null,
        "geometry_updatedate": "2017-04-19",
        "height_evidencedate": "2024-06-20",
        "capturespecification": "Urban",
        "oslanduse_updatedate": "2017-04-19",
        "absoluteheightmaximum": null,
        "absoluteheightminimum": 13,
        "geometry_evidencedate": "2016-08-12",
        "heightconfidencelevel": "Incomplete",
        "relativeheightmaximum": null,
        "absoluteheightroofbase": null,
        "description_updatedate": "2017-04-19",
        "oslandcover_updatedate": "2017-04-19",
        "oslanduse_evidencedate": "2016-08-12",
        "relativeheightroofbase": null,
        "versionavailabletodate": null,
        "firstdigitalcapturedate": "2017-05-04",
        "description_evidencedate": "2016-08-12",
        "oslandcover_evidencedate": "2016-08-12",
        "versionavailablefromdate": "2025-02-06T00:00:00Z"
      }
    },
    {
      "id": "71ee9fd0-1750-46ff-a4bd-cb2701894ce1",
      "type": "Feature",
      "geometry": {
        "type": "Polygon",
        "coordinates": [
          [
            [
              -1.4634358,
              50.9339158
            ],
            [
              -1.4634786,
              50.9338409
            ],
            [
              -1.4633708,
              50.9338157
            ],
            [
              -1.4633272,
              50.9338897
            ],
            [
              -1.4633214,
              50.9338996
            ],
            [
              -1.4633604,
              50.9339087
            ],
            [
              -1.4633648,
              50.9339002
            ],
            [
              -1.4634358,
              50.9339158
            ]
          ]
        ]
      },
      "properties": {
        "osid": "71ee9fd0-1750-46ff-a4bd-cb2701894ce1",
        "toid": "osgb1000016342880",
        "theme": "Buildings",
        "changetype": "Modified Attributes",
        "isobscured": false,
        "description": "Building",
        "versiondate": "2025-02-05",
        "geometry_area": 75.38375,
        "height_source": "Ordnance Survey",
        "physicallevel": "Surface Level",
        "oslandusetiera": "Residential Accommodation",
        "oslandusetierb": [
          "Private Residence"
        ],
        "geometry_source": "Ordnance Survey",
        "oslandcovertiera": "Constructed",
        "oslandcovertierb": [
          "Building"
        ],
        "oslanduse_source": "Ordnance Survey",
        "height_updatedate": "2025-01-17",
        "description_source": "Ordnance Survey",
        "oslandcover_source": "Ordnance Survey",
        "associatedstructure": null,
        "geometry_updatedate": "2006-07-01",
        "height_evidencedate": "2024-06-20",
        "capturespecification": "Urban",
        "oslanduse_updatedate": "2006-07-01",
        "absoluteheightmaximum": 24.3,
        "absoluteheightminimum": 11.3,
        "geometry_evidencedate": "2006-07-01",
        "heightconfidencelevel": "Moderate",
        "relativeheightmaximum": 13,
        "absoluteheightroofbase": 21.3,
        "description_updatedate": "2006-07-01",
        "oslandcover_updatedate": "2006-07-01",
        "oslanduse_evidencedate": "2006-07-01",
        "relativeheightroofbase": 10,
        "versionavailabletodate": null,
        "firstdigitalcapturedate": "1988-05-16",
        "description_evidencedate": "2006-07-01",
        "oslandcover_evidencedate": "2006-07-01",
        "versionavailablefromdate": "2025-02-06T00:00:00Z"
      }
    },
    {
      "id": "724a511c-f4c8-481a-be0b-07e095740805",
      "type": "Feature",
      "geometry": {
        "type": "Polygon",
        "coordinates": [
          [
            [
              -1.4669038,
              50.9356557
            ],
            [
              -1.4669315,
              50.9356645
            ],
            [
              -1.4669409,
              50.9356524
            ],
            [
              -1.4669132,
              50.9356436
            ],
            [
              -1.4669038,
              50.9356557
            ]
          ]
        ]
      },
      "properties": {
        "osid": "724a511c-f4c8-481a-be0b-07e095740805",
        "toid": "osgb5000005228157878",
        "theme": "Buildings",
        "changetype": "Modified Attributes",
        "isobscured": false,
        "description": "Building",
        "versiondate": "2022-09-18",
        "geometry_area": 3.258425,
        "height_source": null,
        "physicallevel": "Surface Level",
        "oslandusetiera": "Residential Accommodation",
        "oslandusetierb": [
          "Private Residence"
        ],
        "geometry_source": "Ordnance Survey",
        "oslandcovertiera": "Constructed",
        "oslandcovertierb": [
          "Building"
        ],
        "oslanduse_source": "Ordnance Survey",
        "height_updatedate": null,
        "description_source": "Ordnance Survey",
        "oslandcover_source": "Ordnance Survey",
        "associatedstructure": null,
        "geometry_updatedate": "2018-05-09",
        "height_evidencedate": null,
        "capturespecification": "Urban",
        "oslanduse_updatedate": "2018-05-09",
        "absoluteheightmaximum": null,
        "absoluteheightminimum": null,
        "geometry_evidencedate": "2018-05-09",
        "heightconfidencelevel": null,
        "relativeheightmaximum": null,
        "absoluteheightroofbase": null,
        "description_updatedate": "2018-05-09",
        "oslandcover_updatedate": "2018-05-09",
        "oslanduse_evidencedate": "2018-05-09",
        "relativeheightroofbase": null,
        "versionavailabletodate": null,
        "firstdigitalcapturedate": "2018-05-09",
        "description_evidencedate": "2018-05-09",
        "oslandcover_evidencedate": "2018-05-09",
        "versionavailablefromdate": "2022-09-19T00:00:00Z"
      }
    },
    {
      "id": "72b370b5-7b1c-4b6c-a027-a04e2069bd36",
      "type": "Feature",
      "geometry": {
        "type": "Polygon",
        "coordinates": [
          [
            [
              -1.467074,
              50.9363946
            ],
            [
              -1.4670747,
              50.9363398
            ],
            [
              -1.4669622,
              50.9363397
            ],
            [
              -1.4669616,
              50.9363946
            ],
            [
              -1.467074,
              50.9363946
            ]
          ]
        ]
      },
      "properties": {
        "osid": "72b370b5-7b1c-4b6c-a027-a04e2069bd36",
        "toid": "osgb1000016342798",
        "theme": "Buildings",
        "changetype": "Modified Attributes",
        "isobscured": false,
        "description": "Building",
        "versiondate": "2025-02-05",
        "geometry_area": 48.19,
        "height_source": "Ordnance Survey",
        "physicallevel": "Surface Level",
        "oslandusetiera": "Residential Accommodation",
        "oslandusetierb": [
          "Private Residence"
        ],
        "geometry_source": "Ordnance Survey",
        "oslandcovertiera": "Constructed",
        "oslandcovertierb": [
          "Building"
        ],
        "oslanduse_source": "Ordnance Survey",
        "height_updatedate": "2025-01-17",
        "description_source": "Ordnance Survey",
        "oslandcover_source": "Ordnance Survey",
        "associatedstructure": null,
        "geometry_updatedate": "2004-04-13",
        "height_evidencedate": "2024-06-20",
        "capturespecification": "Urban",
        "oslanduse_updatedate": "2004-04-13",
        "absoluteheightmaximum": 20.1,
        "absoluteheightminimum": 12.6,
        "geometry_evidencedate": "2004-04-13",
        "heightconfidencelevel": "Moderate",
        "relativeheightmaximum": 7.5,
        "absoluteheightroofbase": 18.4,
        "description_updatedate": "2004-04-13",
        "oslandcover_updatedate": "2004-04-13",
        "oslanduse_evidencedate": "2004-04-13",
        "relativeheightroofbase": 5.8,
        "versionavailabletodate": null,
        "firstdigitalcapturedate": "1988-05-16",
        "description_evidencedate": "2004-04-13",
        "oslandcover_evidencedate": "2004-04-13",
        "versionavailablefromdate": "2025-02-06T00:00:00Z"
      }
    },
    {
      "id": "72ca442e-bd3b-4b94-ac0b-7bd88cc59e1f",
      "type": "Feature",
      "geometry": {
        "type": "Polygon",
        "coordinates": [
          [
            [
              -1.4646024,
              50.9393669
            ],
            [
              -1.4647166,
              50.9393984
            ],
            [
              -1.4647435,
              50.9393595
            ],
            [
              -1.4646293,
              50.939328
            ],
            [
              -1.4646024,
              50.9393669
            ]
          ]
        ]
      },
      "properties": {
        "osid": "72ca442e-bd3b-4b94-ac0b-7bd88cc59e1f",
        "toid": "osgb5000005232124680",
        "theme": "Buildings",
        "changetype": "Modified Attributes",
        "isobscured": false,
        "description": "Building",
        "versiondate": "2025-02-05",
        "geometry_area": 41.356332,
        "height_source": "Ordnance Survey",
        "physicallevel": "Surface Level",
        "oslandusetiera": "Residential Accommodation",
        "oslandusetierb": [
          "Private Residence"
        ],
        "geometry_source": "Ordnance Survey",
        "oslandcovertiera": "Constructed",
        "oslandcovertierb": [
          "Building"
        ],
        "oslanduse_source": "Ordnance Survey",
        "height_updatedate": "2025-01-17",
        "description_source": "Ordnance Survey",
        "oslandcover_source": "Ordnance Survey",
        "associatedstructure": null,
        "geometry_updatedate": "2018-07-09",
        "height_evidencedate": "2024-06-20",
        "capturespecification": "Urban",
        "oslanduse_updatedate": "2018-07-09",
        "absoluteheightmaximum": 30.9,
        "absoluteheightminimum": 23.2,
        "geometry_evidencedate": "2018-07-09",
        "heightconfidencelevel": "Moderate",
        "relativeheightmaximum": 7.7,
        "absoluteheightroofbase": 28.2,
        "description_updatedate": "2018-07-09",
        "oslandcover_updatedate": "2018-07-09",
        "oslanduse_evidencedate": "2018-07-09",
        "relativeheightroofbase": 5,
        "versionavailabletodate": null,
        "firstdigitalcapturedate": "2018-07-10",
        "description_evidencedate": "2018-07-09",
        "oslandcover_evidencedate": "2018-07-09",
        "versionavailablefromdate": "2025-02-06T00:00:00Z"
      }
    }
  ]
}