{
  "type": "FeatureCollection",
  "links": [
    {
      "href": "https://api.os.uk/features/ngd/ofa/v1/collections/bld-fts-buildingpart-1/items?offset=300&limit=100&bbox=-1.47483339,50.93365735,-1.46336657,50.94090276&key=ALZCQtABtiUvfdlGkrF7cHxaFBHhoh9j",
      "rel": "self",
      "type": "application/geo+json",
      "title": "All features from the 'Building Part v1' collection within bounding box: -1.47483339,50.93365735,-1.46336657,50.94090276"
    },
    {
      "href": "https://api.os.uk/features/ngd/ofa/v1/collections/bld-fts-buildingpart-1/items?offset=200&limit=100&bbox=-1.47483339,50.93365735,-1.46336657,50.94090276&key=ALZCQtABtiUvfdlGkrF7cHxaFBHhoh9j",
      "rel": "prev",
      "type": "application/geo+json",
      "title": "Previous page"
    },
    {
      "href": "https://api.os.uk/features/ngd/ofa/v1/collections/bld-fts-buildingpart-1/items?offset=400&limit=100&bbox=-1.47483339,50.93365735,-1.46336657,50.94090276&key=ALZCQtABtiUvfdlGkrF7cHxaFBHhoh9j",
      "rel": "next",
      "type": "application/geo+json",
      "title": "Next page"
    }
  ],
  "timeStamp": "2025-10-13T23:39:06.557962173Z",
  "numberReturned": 100,
  "features": [
    {
      "id": "730d9927-d92c-40bb-94c7-af0399525017",
      "type": "Feature",
      "geometry": {
        "type": "Polygon",
        "coordinates": [
          [
            [
              -1.4655916,
              50.9406347
            ],
            [
              -1.4656308,
              50.9406506
            ],
            [
              -1.4656785,
              50.9406035
            ],
            [
              -1.4656393,
              50.9405877
            ],
            [
              -1.4655916,
              50.9406347
            ]
          ]
        ]
      },
      "properties": {
        "osid": "730d9927-d92c-40bb-94c7-af0399525017",
        "toid": "osgb5000005208860447",
        "theme": "Buildings",
        "changetype": "Modified Attributes",
        "isobscured": false,
        "description": "Building",
        "versiondate": "2025-02-05",
        "geometry_area": 20.289083,
        "height_source": "Ordnance Survey",
        "physicallevel": "Surface Level",
        "oslandusetiera": "Residential Accommodation",
        "oslandusetierb": [
          "Private Residence"
        ],
        "geometry_source": "Ordnance Survey",
        "oslandcovertiera": "Constructed",
        "oslandcovertierb": [
          "Building"
        ],
        "oslanduse_source": "Ordnance Survey",
        "height_updatedate": "2025-01-17",
        "description_source": "Ordnance Survey",
        "oslandcover_source": "Ordnance Survey",
        "associatedstructure": null,
        "geometry_updatedate": "2017-08-04",
        "height_evidencedate": "2024-06-20",
        "capturespecification": "Urban",
        "oslanduse_updatedate": "2017-08-04",
        "absoluteheightmaximum": 25.6,
        "absoluteheightminimum": 21.5,
        "geometry_evidencedate": "2017-08-04",
        "heightconfidencelevel": "Moderate",
        "relativeheightmaximum": 4.1,
        "absoluteheightroofbase": 24.3,
        "description_updatedate": "2017-08-04",
        "oslandcover_updatedate": "2017-08-04",
        "oslanduse_evidencedate": "2017-08-04",
        "relativeheightroofbase": 2.8,
        "versionavailabletodate": null,
        "firstdigitalcapturedate": "2017-08-04",
        "description_evidencedate": "2017-08-04",
        "oslandcover_evidencedate": "2017-08-04",
        "versionavailablefromdate": "2025-02-06T00:00:00Z"
      }
    },
    {
      "id": "736ffd18-59c3-4940-85c3-2e1a6e5a4db9",
      "type": "Feature",
      "geometry": {
        "type": "Polygon",
        "coordinates": [
          [
            [
              -1.468305,
              50.9366159
            ],
            [
              -1.4684089,
              50.9366467
            ],
            [
              -1.4684422,
              50.9366018
            ],
            [
              -1.4683383,
              50.9365709
            ],
            [
              -1.468305,
              50.9366159
            ]
          ]
        ]
      },
      "properties": {
        "osid": "736ffd18-59c3-4940-85c3-2e1a6e5a4db9",
        "toid": "osgb1000016343188",
        "theme": "Buildings",
        "changetype": "Modified Attributes",
        "isobscured": false,
        "description": "Building",
        "versiondate": "2025-02-05",
        "geometry_area": 44.48915,
        "height_source": "Ordnance Survey",
        "physicallevel": "Surface Level",
        "oslandusetiera": "Residential Accommodation",
        "oslandusetierb": [
          "Private Residence"
        ],
        "geometry_source": "Ordnance Survey",
        "oslandcovertiera": "Constructed",
        "oslandcovertierb": [
          "Building"
        ],
        "oslanduse_source": "Ordnance Survey",
        "height_updatedate": "2025-01-17",
        "description_source": "Ordnance Survey",
        "oslandcover_source": "Ordnance Survey",
        "associatedstructure": null,
        "geometry_updatedate": "2004-02-10",
        "height_evidencedate": "2024-06-20",
        "capturespecification": "Urban",
        "oslanduse_updatedate": "2004-02-10",
        "absoluteheightmaximum": 18.9,
        "absoluteheightminimum": 11.6,
        "geometry_evidencedate": "2004-02-10",
        "heightconfidencelevel": "Moderate",
        "relativeheightmaximum": 7.3,
        "absoluteheightroofbase": 15.8,
        "description_updatedate": "2004-02-10",
        "oslandcover_updatedate": "2004-02-10",
        "oslanduse_evidencedate": "2004-02-10",
        "relativeheightroofbase": 4.2,
        "versionavailabletodate": null,
        "firstdigitalcapturedate": "1991-09-01",
        "description_evidencedate": "2004-02-10",
        "oslandcover_evidencedate": "2004-02-10",
        "versionavailablefromdate": "2025-02-06T00:00:00Z"
      }
    },
    {
      "id": "73750ab7-b4ef-469d-9010-d4831cc136c0",
      "type": "Feature",
      "geometry": {
        "type": "Polygon",
        "coordinates": [
          [
            [
              -1.4674593,
              50.9355538
            ],
            [
              -1.4674146,
              50.935541
            ],
            [
              -1.4673772,
              50.9355928
            ],
            [
              -1.4674219,
              50.9356056
            ],
            [
              -1.4674593,
              50.9355538
            ]
          ]
        ]
      },
      "properties": {
        "osid": "73750ab7-b4ef-469d-9010-d4831cc136c0",
        "toid": "osgb5000005208814631",
        "theme": "Buildings",
        "changetype": "Modified Attributes",
        "isobscured": false,
        "description": "Building",
        "versiondate": "2025-02-05",
        "geometry_area": 21.840714,
        "height_source": "Ordnance Survey",
        "physicallevel": "Surface Level",
        "oslandusetiera": "Residential Accommodation",
        "oslandusetierb": [
          "Private Residence"
        ],
        "geometry_source": "Ordnance Survey",
        "oslandcovertiera": "Constructed",
        "oslandcovertierb": [
          "Building"
        ],
        "oslanduse_source": "Ordnance Survey",
        "height_updatedate": "2025-01-17",
        "description_source": "Ordnance Survey",
        "oslandcover_source": "Ordnance Survey",
        "associatedstructure": null,
        "geometry_updatedate": "2017-08-03",
        "height_evidencedate": "2024-06-20",
        "capturespecification": "Urban",
        "oslanduse_updatedate": "2017-08-03",
        "absoluteheightmaximum": 16.2,
        "absoluteheightminimum": 12,
        "geometry_evidencedate": "2017-08-03",
        "heightconfidencelevel": "Moderate",
        "relativeheightmaximum": 4.2,
        "absoluteheightroofbase": 14.9,
        "description_updatedate": "2017-08-03",
        "oslandcover_updatedate": "2017-08-03",
        "oslanduse_evidencedate": "2017-08-03",
        "relativeheightroofbase": 2.9,
        "versionavailabletodate": null,
        "firstdigitalcapturedate": "2017-08-03",
        "description_evidencedate": "2017-08-03",
        "oslandcover_evidencedate": "2017-08-03",
        "versionavailablefromdate": "2025-02-06T00:00:00Z"
      }
    },
    {
      "id": "73c5f02f-8f27-48d8-8521-e392e1e477fb",
      "type": "Feature",
      "geometry": {
        "type": "Polygon",
        "coordinates": [
          [
            [
              -1.4641834,
              50.9408935
            ],
            [
              -1.4642026,
              50.9409481
            ],
            [
              -1.4642482,
              50.9409417
            ],
            [
              -1.4642291,
              50.9408871
            ],
            [
              -1.4641834,
              50.9408935
            ]
          ]
        ]
      },
      "properties": {
        "osid": "73c5f02f-8f27-48d8-8521-e392e1e477fb",
        "toid": "osgb5000005204350815",
        "theme": "Buildings",
        "changetype": "Modified Attributes",
        "isobscured": false,
        "description": "Building",
        "versiondate": "2025-02-05",
        "geometry_area": 20.413134,
        "height_source": "Ordnance Survey",
        "physicallevel": "Surface Level",
        "oslandusetiera": "Residential Accommodation",
        "oslandusetierb": [
          "Private Residence"
        ],
        "geometry_source": "Ordnance Survey",
        "oslandcovertiera": "Constructed",
        "oslandcovertierb": [
          "Building"
        ],
        "oslanduse_source": "Ordnance Survey",
        "height_updatedate": "2025-01-17",
        "description_source": "Ordnance Survey",
        "oslandcover_source": "Ordnance Survey",
        "associatedstructure": null,
        "geometry_updatedate": "2017-05-11",
        "height_evidencedate": "2024-06-20",
        "capturespecification": "Urban",
        "oslanduse_updatedate": "2017-05-11",
        "absoluteheightmaximum": 27.2,
        "absoluteheightminimum": 23.6,
        "geometry_evidencedate": "2017-05-11",
        "heightconfidencelevel": "Moderate",
        "relativeheightmaximum": 3.6,
        "absoluteheightroofbase": 26,
        "description_updatedate": "2017-05-11",
        "oslandcover_updatedate": "2017-05-11",
        "oslanduse_evidencedate": "2017-05-11",
        "relativeheightroofbase": 2.4,
        "versionavailabletodate": null,
        "firstdigitalcapturedate": "2017-05-12",
        "description_evidencedate": "2017-05-11",
        "oslandcover_evidencedate": "2017-05-11",
        "versionavailablefromdate": "2025-02-06T00:00:00Z"
      }
    },
    {
      "id": "73de88c9-1cda-4eeb-8fac-7d1653721d1e",
      "type": "Feature",
      "geometry": {
        "type": "Polygon",
        "coordinates": [
          [
            [
              -1.4742938,
              50.9361766
            ],
            [
              -1.4743036,
              50.9362678
            ],
            [
              -1.4745367,
              50.9362583
            ],
            [
              -1.4745338,
              50.9362339
            ],
            [
              -1.474338,
              50.9362423
            ],
            [
              -1.4743099,
              50.9359643
            ],
            [
              -1.4742501,
              50.93546
            ],
            [
              -1.4747292,
              50.9354375
            ],
            [
              -1.4747247,
              50.935397
            ],
            [
              -1.4746962,
              50.9353982
            ],
            [
              -1.4744599,
              50.9354097
            ],
            [
              -1.4744442,
              50.9354105
            ],
            [
              -1.4743518,
              50.9354321
            ],
            [
              -1.4743515,
              50.9354322
            ],
            [
              -1.4742141,
              50.9354378
            ],
            [
              -1.4742714,
              50.9359665
            ],
            [
              -1.4742715,
              50.9359675
            ],
            [
              -1.4742938,
              50.9361766
            ]
          ]
        ]
      },
      "properties": {
        "osid": "73de88c9-1cda-4eeb-8fac-7d1653721d1e",
        "toid": "osgb1000016320375",
        "theme": "Buildings",
        "changetype": "Modified Attributes",
        "isobscured": false,
        "description": "Building",
        "versiondate": "2025-02-05",
        "geometry_area": 406.80335,
        "height_source": "Ordnance Survey",
        "physicallevel": "Surface Level",
        "oslandusetiera": "Commercial Activity: Industrial Or Manufacturing",
        "oslandusetierb": [],
        "geometry_source": "Ordnance Survey",
        "oslandcovertiera": "Constructed",
        "oslandcovertierb": [
          "Building"
        ],
        "oslanduse_source": "Ordnance Survey",
        "height_updatedate": "2025-01-17",
        "description_source": "Ordnance Survey",
        "oslandcover_source": "Ordnance Survey",
        "associatedstructure": null,
        "geometry_updatedate": "2017-03-02",
        "height_evidencedate": "2024-06-20",
        "capturespecification": "Rural",
        "oslanduse_updatedate": "2004-02-10",
        "absoluteheightmaximum": 18.8,
        "absoluteheightminimum": 8.4,
        "geometry_evidencedate": "2016-08-12",
        "heightconfidencelevel": "Moderate",
        "relativeheightmaximum": 10.4,
        "absoluteheightroofbase": 15.1,
        "description_updatedate": "2004-02-10",
        "oslandcover_updatedate": "2004-02-10",
        "oslanduse_evidencedate": "2004-02-10",
        "relativeheightroofbase": 6.7,
        "versionavailabletodate": null,
        "firstdigitalcapturedate": "1986-09-18",
        "description_evidencedate": "2004-02-10",
        "oslandcover_evidencedate": "2004-02-10",
        "versionavailablefromdate": "2025-02-06T00:00:00Z"
      }
    },
    {
      "id": "73fdadcb-c80b-4d01-aaf3-069353a28e4b",
      "type": "Feature",
      "geometry": {
        "type": "Polygon",
        "coordinates": [
          [
            [
              -1.46595,
              50.938544
            ],
            [
              -1.4659643,
              50.9385204
            ],
            [
              -1.4659757,
              50.9385232
            ],
            [
              -1.4659953,
              50.9384908
            ],
            [
              -1.4658857,
              50.9384643
            ],
            [
              -1.4658501,
              50.9385199
            ],
            [
              -1.46595,
              50.938544
            ]
          ]
        ]
      },
      "properties": {
        "osid": "73fdadcb-c80b-4d01-aaf3-069353a28e4b",
        "toid": "osgb5000005247278656",
        "theme": "Buildings",
        "changetype": "Modified Attributes",
        "isobscured": false,
        "description": "Building",
        "versiondate": "2025-02-05",
        "geometry_area": 52.957231,
        "height_source": "Ordnance Survey",
        "physicallevel": "Surface Level",
        "oslandusetiera": "Residential Accommodation",
        "oslandusetierb": [
          "Private Residence"
        ],
        "geometry_source": "Ordnance Survey",
        "oslandcovertiera": "Constructed",
        "oslandcovertierb": [
          "Building"
        ],
        "oslanduse_source": "Ordnance Survey",
        "height_updatedate": "2025-01-17",
        "description_source": "Ordnance Survey",
        "oslandcover_source": "Ordnance Survey",
        "associatedstructure": null,
        "geometry_updatedate": "2019-06-05",
        "height_evidencedate": "2024-06-20",
        "capturespecification": "Urban",
        "oslanduse_updatedate": "2019-06-05",
        "absoluteheightmaximum": 28.3,
        "absoluteheightminimum": 20.3,
        "geometry_evidencedate": "2019-06-05",
        "heightconfidencelevel": "Moderate",
        "relativeheightmaximum": 8,
        "absoluteheightroofbase": 25.9,
        "description_updatedate": "2019-06-05",
        "oslandcover_updatedate": "2019-06-05",
        "oslanduse_evidencedate": "2019-06-05",
        "relativeheightroofbase": 5.6,
        "versionavailabletodate": null,
        "firstdigitalcapturedate": "2019-06-05",
        "description_evidencedate": "2019-06-05",
        "oslandcover_evidencedate": "2019-06-05",
        "versionavailablefromdate": "2025-02-06T00:00:00Z"
      }
    },
    {
      "id": "7454c3f4-066e-432f-ac95-f5f9eb82f2cd",
      "type": "Feature",
      "geometry": {
        "type": "Polygon",
        "coordinates": [
          [
            [
              -1.4668294,
              50.9363034
            ],
            [
              -1.4668295,
              50.9363139
            ],
            [
              -1.4668306,
              50.9363396
            ],
            [
              -1.4668764,
              50.9363396
            ],
            [
              -1.4668752,
              50.9363028
            ],
            [
              -1.4668294,
              50.9363034
            ]
          ]
        ]
      },
      "properties": {
        "osid": "7454c3f4-066e-432f-ac95-f5f9eb82f2cd",
        "toid": "osgb5000005203977467",
        "theme": "Buildings",
        "changetype": "Modified Attributes",
        "isobscured": false,
        "description": "Building",
        "versiondate": "2025-02-05",
        "geometry_area": 13.10113,
        "height_source": "Ordnance Survey",
        "physicallevel": "Surface Level",
        "oslandusetiera": "Residential Accommodation",
        "oslandusetierb": [
          "Private Residence"
        ],
        "geometry_source": "Ordnance Survey",
        "oslandcovertiera": "Constructed",
        "oslandcovertierb": [
          "Building"
        ],
        "oslanduse_source": "Ordnance Survey",
        "height_updatedate": "2025-01-17",
        "description_source": "Ordnance Survey",
        "oslandcover_source": "Ordnance Survey",
        "associatedstructure": null,
        "geometry_updatedate": "2017-04-21",
        "height_evidencedate": "2024-06-20",
        "capturespecification": "Urban",
        "oslanduse_updatedate": "2017-04-21",
        "absoluteheightmaximum": 15,
        "absoluteheightminimum": 12.5,
        "geometry_evidencedate": "2016-08-12",
        "heightconfidencelevel": "Moderate",
        "relativeheightmaximum": 2.5,
        "absoluteheightroofbase": 14.7,
        "description_updatedate": "2017-04-21",
        "oslandcover_updatedate": "2017-04-21",
        "oslanduse_evidencedate": "2016-08-12",
        "relativeheightroofbase": 2.2,
        "versionavailabletodate": null,
        "firstdigitalcapturedate": "2017-05-04",
        "description_evidencedate": "2016-08-12",
        "oslandcover_evidencedate": "2016-08-12",
        "versionavailablefromdate": "2025-02-06T00:00:00Z"
      }
    },
    {
      "id": "750e80c3-5e58-40c7-93f1-77aec6278872",
      "type": "Feature",
      "geometry": {
        "type": "Polygon",
        "coordinates": [
          [
            [
              -1.4656628,
              50.9371587
            ],
            [
              -1.4656184,
              50.9371779
            ],
            [
              -1.4656408,
              50.9371985
            ],
            [
              -1.4656936,
              50.9372474
            ],
            [
              -1.465766,
              50.9372161
            ],
            [
              -1.4657132,
              50.9371673
            ],
            [
              -1.4656852,
              50.9371793
            ],
            [
              -1.4656628,
              50.9371587
            ]
          ]
        ]
      },
      "properties": {
        "osid": "750e80c3-5e58-40c7-93f1-77aec6278872",
        "toid": "osgb5000005203977318",
        "theme": "Buildings",
        "changetype": "Modified Attributes",
        "isobscured": false,
        "description": "Building",
        "versiondate": "2025-02-05",
        "geometry_area": 51.103431,
        "height_source": "Ordnance Survey",
        "physicallevel": "Surface Level",
        "oslandusetiera": "Residential Accommodation",
        "oslandusetierb": [
          "Private Residence"
        ],
        "geometry_source": "Ordnance Survey",
        "oslandcovertiera": "Constructed",
        "oslandcovertierb": [
          "Building"
        ],
        "oslanduse_source": "Ordnance Survey",
        "height_updatedate": "2025-01-17",
        "description_source": "Ordnance Survey",
        "oslandcover_source": "Ordnance Survey",
        "associatedstructure": null,
        "geometry_updatedate": "2022-05-06",
        "height_evidencedate": "2024-06-20",
        "capturespecification": "Urban",
        "oslanduse_updatedate": "2017-04-21",
        "absoluteheightmaximum": 20.5,
        "absoluteheightminimum": 17,
        "geometry_evidencedate": "2021-04-17",
        "heightconfidencelevel": "Moderate",
        "relativeheightmaximum": 3.5,
        "absoluteheightroofbase": 19.2,
        "description_updatedate": "2017-04-21",
        "oslandcover_updatedate": "2017-04-21",
        "oslanduse_evidencedate": "2016-08-12",
        "relativeheightroofbase": 2.2,
        "versionavailabletodate": null,
        "firstdigitalcapturedate": "2017-05-04",
        "description_evidencedate": "2016-08-12",
        "oslandcover_evidencedate": "2016-08-12",
        "versionavailablefromdate": "2025-02-06T00:00:00Z"
      }
    },
    {
      "id": "7578dc3b-a788-42c7-bb3f-563a8eda6e81",
      "type": "Feature",
      "geometry": {
        "type": "Polygon",
        "coordinates": [
          [
            [
              -1.4654212,
              50.9387872
            ],
            [
              -1.4655056,
              50.9388029
            ],
            [
              -1.4655187,
              50.9387747
            ],
            [
              -1.4654344,
              50.938759
            ],
            [
              -1.4654212,
              50.9387872
            ]
          ]
        ]
      },
      "properties": {
        "osid": "7578dc3b-a788-42c7-bb3f-563a8eda6e81",
        "toid": "osgb5000005259512490",
        "theme": "Buildings",
        "changetype": "Modified Attributes",
        "isobscured": false,
        "description": "Building",
        "versiondate": "2025-02-05",
        "geometry_area": 20.204277,
        "height_source": "Ordnance Survey",
        "physicallevel": "Surface Level",
        "oslandusetiera": "Residential Accommodation",
        "oslandusetierb": [
          "Private Residence"
        ],
        "geometry_source": "Ordnance Survey",
        "oslandcovertiera": "Constructed",
        "oslandcovertierb": [
          "Building"
        ],
        "oslanduse_source": "Ordnance Survey",
        "height_updatedate": "2025-01-17",
        "description_source": "Ordnance Survey",
        "oslandcover_source": "Ordnance Survey",
        "associatedstructure": null,
        "geometry_updatedate": "2020-01-31",
        "height_evidencedate": "2024-06-20",
        "capturespecification": "Urban",
        "oslanduse_updatedate": "2020-01-31",
        "absoluteheightmaximum": 26.3,
        "absoluteheightminimum": 21.6,
        "geometry_evidencedate": "2020-01-31",
        "heightconfidencelevel": "Moderate",
        "relativeheightmaximum": 4.7,
        "absoluteheightroofbase": 24.7,
        "description_updatedate": "2020-01-31",
        "oslandcover_updatedate": "2020-01-31",
        "oslanduse_evidencedate": "2020-01-31",
        "relativeheightroofbase": 3.1,
        "versionavailabletodate": null,
        "firstdigitalcapturedate": "2020-01-31",
        "description_evidencedate": "2020-01-31",
        "oslandcover_evidencedate": "2020-01-31",
        "versionavailablefromdate": "2025-02-06T00:00:00Z"
      }
    },
    {
      "id": "76305b8e-84a2-4f01-948f-d377f2cf63aa",
      "type": "Feature",
      "geometry": {
        "type": "Polygon",
        "coordinates": [
          [
            [
              -1.465925,
              50.9368093
            ],
            [
              -1.465847,
              50.9367865
            ],
            [
              -1.4658311,
              50.9368085
            ],
            [
              -1.4659084,
              50.9368317
            ],
            [
              -1.4659092,
              50.9368299
            ],
            [
              -1.465925,
              50.9368093
            ]
          ]
        ]
      },
      "properties": {
        "osid": "76305b8e-84a2-4f01-948f-d377f2cf63aa",
        "toid": "osgb1000016342839",
        "theme": "Buildings",
        "changetype": "Modified Attributes",
        "isobscured": false,
        "description": "Building",
        "versiondate": "2025-02-05",
        "geometry_area": 16.33875,
        "height_source": "Ordnance Survey",
        "physicallevel": "Surface Level",
        "oslandusetiera": "Unknown Or Unused Artificial",
        "oslandusetierb": [],
        "geometry_source": "Ordnance Survey",
        "oslandcovertiera": "Constructed",
        "oslandcovertierb": [
          "Building"
        ],
        "oslanduse_source": "Ordnance Survey",
        "height_updatedate": "2025-01-17",
        "description_source": "Ordnance Survey",
        "oslandcover_source": "Ordnance Survey",
        "associatedstructure": null,
        "geometry_updatedate": "2004-04-13",
        "height_evidencedate": "2024-06-20",
        "capturespecification": "Urban",
        "oslanduse_updatedate": "2004-04-13",
        "absoluteheightmaximum": null,
        "absoluteheightminimum": 14.7,
        "geometry_evidencedate": "2004-04-13",
        "heightconfidencelevel": "Incomplete",
        "relativeheightmaximum": null,
        "absoluteheightroofbase": null,
        "description_updatedate": "2004-04-13",
        "oslandcover_updatedate": "2004-04-13",
        "oslanduse_evidencedate": "2004-04-13",
        "relativeheightroofbase": null,
        "versionavailabletodate": null,
        "firstdigitalcapturedate": "1988-05-16",
        "description_evidencedate": "2004-04-13",
        "oslandcover_evidencedate": "2004-04-13",
        "versionavailablefromdate": "2025-02-06T00:00:00Z"
      }
    },
    {
      "id": "76659d09-99b7-415c-a26b-6774c4c13937",
      "type": "Feature",
      "geometry": {
        "type": "Polygon",
        "coordinates": [
          [
            [
              -1.4652604,
              50.9398599
            ],
            [
              -1.4653204,
              50.9398872
            ],
            [
              -1.465358,
              50.9398541
            ],
            [
              -1.4654,
              50.9398173
            ],
            [
              -1.4653743,
              50.9398056
            ],
            [
              -1.4653401,
              50.93979
            ],
            [
              -1.4652604,
              50.9398599
            ]
          ]
        ]
      },
      "properties": {
        "osid": "76659d09-99b7-415c-a26b-6774c4c13937",
        "toid": "osgb5000005227734262",
        "theme": "Buildings",
        "changetype": "Modified Attributes",
        "isobscured": false,
        "description": "Building",
        "versiondate": "2025-02-05",
        "geometry_area": 49.724056,
        "height_source": "Ordnance Survey",
        "physicallevel": "Surface Level",
        "oslandusetiera": "Residential Accommodation",
        "oslandusetierb": [
          "Private Residence"
        ],
        "geometry_source": "Ordnance Survey",
        "oslandcovertiera": "Constructed",
        "oslandcovertierb": [
          "Building"
        ],
        "oslanduse_source": "Ordnance Survey",
        "height_updatedate": "2025-01-17",
        "description_source": "Ordnance Survey",
        "oslandcover_source": "Ordnance Survey",
        "associatedstructure": null,
        "geometry_updatedate": "2024-12-05",
        "height_evidencedate": "2024-06-20",
        "capturespecification": "Urban",
        "oslanduse_updatedate": "2018-04-30",
        "absoluteheightmaximum": 31.6,
        "absoluteheightminimum": 23.3,
        "geometry_evidencedate": "2024-06-20",
        "heightconfidencelevel": "Moderate",
        "relativeheightmaximum": 8.3,
        "absoluteheightroofbase": 27.8,
        "description_updatedate": "2018-04-30",
        "oslandcover_updatedate": "2018-04-30",
        "oslanduse_evidencedate": "2018-04-30",
        "relativeheightroofbase": 4.5,
        "versionavailabletodate": null,
        "firstdigitalcapturedate": "2018-04-30",
        "description_evidencedate": "2018-04-30",
        "oslandcover_evidencedate": "2018-04-30",
        "versionavailablefromdate": "2025-02-06T00:00:00Z"
      }
    },
    {
      "id": "76ae3a1b-5b30-45bb-9752-f4d6bd1a2c0d",
      "type": "Feature",
      "geometry": {
        "type": "Polygon",
        "coordinates": [
          [
            [
              -1.4680418,
              50.9365382
            ],
            [
              -1.4680745,
              50.9364929
            ],
            [
              -1.4679798,
              50.9364658
            ],
            [
              -1.4679465,
              50.9365106
            ],
            [
              -1.4680418,
              50.9365382
            ]
          ]
        ]
      },
      "properties": {
        "osid": "76ae3a1b-5b30-45bb-9752-f4d6bd1a2c0d",
        "toid": "osgb1000016343185",
        "theme": "Buildings",
        "changetype": "Modified Attributes",
        "isobscured": false,
        "description": "Building",
        "versiondate": "2025-02-05",
        "geometry_area": 40.541,
        "height_source": "Ordnance Survey",
        "physicallevel": "Surface Level",
        "oslandusetiera": "Residential Accommodation",
        "oslandusetierb": [
          "Private Residence"
        ],
        "geometry_source": "Ordnance Survey",
        "oslandcovertiera": "Constructed",
        "oslandcovertierb": [
          "Building"
        ],
        "oslanduse_source": "Ordnance Survey",
        "height_updatedate": "2025-01-17",
        "description_source": "Ordnance Survey",
        "oslandcover_source": "Ordnance Survey",
        "associatedstructure": null,
        "geometry_updatedate": "2004-02-10",
        "height_evidencedate": "2024-06-20",
        "capturespecification": "Urban",
        "oslanduse_updatedate": "2004-02-10",
        "absoluteheightmaximum": 19.4,
        "absoluteheightminimum": 11.9,
        "geometry_evidencedate": "2004-02-10",
        "heightconfidencelevel": "Moderate",
        "relativeheightmaximum": 7.5,
        "absoluteheightroofbase": 15.1,
        "description_updatedate": "2004-02-10",
        "oslandcover_updatedate": "2004-02-10",
        "oslanduse_evidencedate": "2004-02-10",
        "relativeheightroofbase": 3.2,
        "versionavailabletodate": null,
        "firstdigitalcapturedate": "1988-07-28",
        "description_evidencedate": "2004-02-10",
        "oslandcover_evidencedate": "2004-02-10",
        "versionavailablefromdate": "2025-02-06T00:00:00Z"
      }
    },
    {
      "id": "76d882ab-d655-48a4-bf52-e20b6f975624",
      "type": "Feature",
      "geometry": {
        "type": "Polygon",
        "coordinates": [
          [
            [
              -1.465335,
              50.9389555
            ],
            [
              -1.4654166,
              50.938968
            ],
            [
              -1.4654276,
              50.9389394
            ],
            [
              -1.4653459,
              50.9389269
            ],
            [
              -1.465335,
              50.9389555
            ]
          ]
        ]
      },
      "properties": {
        "osid": "76d882ab-d655-48a4-bf52-e20b6f975624",
        "toid": "osgb5000005259512520",
        "theme": "Buildings",
        "changetype": "Modified Attributes",
        "isobscured": false,
        "description": "Building",
        "versiondate": "2025-02-05",
        "geometry_area": 19.296544,
        "height_source": "Ordnance Survey",
        "physicallevel": "Surface Level",
        "oslandusetiera": "Residential Accommodation",
        "oslandusetierb": [
          "Private Residence"
        ],
        "geometry_source": "Ordnance Survey",
        "oslandcovertiera": "Constructed",
        "oslandcovertierb": [
          "Building"
        ],
        "oslanduse_source": "Ordnance Survey",
        "height_updatedate": "2025-01-17",
        "description_source": "Ordnance Survey",
        "oslandcover_source": "Ordnance Survey",
        "associatedstructure": null,
        "geometry_updatedate": "2020-01-31",
        "height_evidencedate": "2024-06-20",
        "capturespecification": "Urban",
        "oslanduse_updatedate": "2020-01-31",
        "absoluteheightmaximum": 26.7,
        "absoluteheightminimum": 22.1,
        "geometry_evidencedate": "2020-01-31",
        "heightconfidencelevel": "Moderate",
        "relativeheightmaximum": 4.6,
        "absoluteheightroofbase": 25.3,
        "description_updatedate": "2020-01-31",
        "oslandcover_updatedate": "2020-01-31",
        "oslanduse_evidencedate": "2020-01-31",
        "relativeheightroofbase": 3.2,
        "versionavailabletodate": null,
        "firstdigitalcapturedate": "2020-01-31",
        "description_evidencedate": "2020-01-31",
        "oslandcover_evidencedate": "2020-01-31",
        "versionavailablefromdate": "2025-02-06T00:00:00Z"
      }
    },
    {
      "id": "77240305-3902-402b-bf39-be237a62a0a2",
      "type": "Feature",
      "geometry": {
        "type": "Polygon",
        "coordinates": [
          [
            [
              -1.4743386,
              50.940228
            ],
            [
              -1.4743459,
              50.9403411
            ],
            [
              -1.4743597,
              50.9405545
            ],
            [
              -1.474435,
              50.9405531
            ],
            [
              -1.4744158,
              50.9401968
            ],
            [
              -1.4743366,
              50.9401992
            ],
            [
              -1.4743386,
              50.940228
            ]
          ]
        ]
      },
      "properties": {
        "osid": "77240305-3902-402b-bf39-be237a62a0a2",
        "toid": "osgb1000016342694",
        "theme": "Buildings",
        "changetype": "Modified Attributes",
        "isobscured": false,
        "description": "Building",
        "versiondate": "2025-02-05",
        "geometry_area": 214.92657,
        "height_source": "Ordnance Survey",
        "physicallevel": "Surface Level",
        "oslandusetiera": "Commercial Activity: Industrial Or Manufacturing",
        "oslandusetierb": [],
        "geometry_source": "Ordnance Survey",
        "oslandcovertiera": "Constructed",
        "oslandcovertierb": [
          "Building"
        ],
        "oslanduse_source": "Ordnance Survey",
        "height_updatedate": "2025-01-17",
        "description_source": "Ordnance Survey",
        "oslandcover_source": "Ordnance Survey",
        "associatedstructure": null,
        "geometry_updatedate": "2017-02-28",
        "height_evidencedate": "2024-06-20",
        "capturespecification": "Rural",
        "oslanduse_updatedate": "2004-04-13",
        "absoluteheightmaximum": 19.4,
        "absoluteheightminimum": 11.1,
        "geometry_evidencedate": "2016-08-12",
        "heightconfidencelevel": "Moderate",
        "relativeheightmaximum": 8.3,
        "absoluteheightroofbase": 17.3,
        "description_updatedate": "2004-04-13",
        "oslandcover_updatedate": "2004-04-13",
        "oslanduse_evidencedate": "2004-04-13",
        "relativeheightroofbase": 6.2,
        "versionavailabletodate": null,
        "firstdigitalcapturedate": "1988-07-01",
        "description_evidencedate": "2004-04-13",
        "oslandcover_evidencedate": "2004-04-13",
        "versionavailablefromdate": "2025-02-06T00:00:00Z"
      }
    },
    {
      "id": "780877cf-5d5c-4534-a1b5-0470debc4e7f",
      "type": "Feature",
      "geometry": {
        "type": "Polygon",
        "coordinates": [
          [
            [
              -1.4670549,
              50.938934
            ],
            [
              -1.4670922,
              50.9389685
            ],
            [
              -1.4671941,
              50.9389245
            ],
            [
              -1.4671568,
              50.93889
            ],
            [
              -1.4670549,
              50.938934
            ]
          ]
        ]
      },
      "properties": {
        "osid": "780877cf-5d5c-4534-a1b5-0470debc4e7f",
        "toid": "osgb5000005244788306",
        "theme": "Buildings",
        "changetype": "Modified Attributes",
        "isobscured": false,
        "description": "Building",
        "versiondate": "2025-02-05",
        "geometry_area": 40.256424,
        "height_source": "Ordnance Survey",
        "physicallevel": "Surface Level",
        "oslandusetiera": "Residential Accommodation",
        "oslandusetierb": [
          "Private Residence"
        ],
        "geometry_source": "Ordnance Survey",
        "oslandcovertiera": "Constructed",
        "oslandcovertierb": [
          "Building"
        ],
        "oslanduse_source": "Ordnance Survey",
        "height_updatedate": "2025-01-17",
        "description_source": "Ordnance Survey",
        "oslandcover_source": "Ordnance Survey",
        "associatedstructure": null,
        "geometry_updatedate": "2019-04-08",
        "height_evidencedate": "2024-06-20",
        "capturespecification": "Urban",
        "oslanduse_updatedate": "2019-04-09",
        "absoluteheightmaximum": 26.2,
        "absoluteheightminimum": 17.4,
        "geometry_evidencedate": "2019-04-08",
        "heightconfidencelevel": "Moderate",
        "relativeheightmaximum": 8.8,
        "absoluteheightroofbase": 23.7,
        "description_updatedate": "2019-04-09",
        "oslandcover_updatedate": "2019-04-09",
        "oslanduse_evidencedate": "2019-04-09",
        "relativeheightroofbase": 6.3,
        "versionavailabletodate": null,
        "firstdigitalcapturedate": "2019-04-09",
        "description_evidencedate": "2019-04-09",
        "oslandcover_evidencedate": "2019-04-09",
        "versionavailablefromdate": "2025-02-06T00:00:00Z"
      }
    },
    {
      "id": "7902e7f1-e320-48c2-a3a8-5ceb0078f786",
      "type": "Feature",
      "geometry": {
        "type": "Polygon",
        "coordinates": [
          [
            [
              -1.4649002,
              50.9402441
            ],
            [
              -1.4649383,
              50.9402614
            ],
            [
              -1.4649901,
              50.9402159
            ],
            [
              -1.464952,
              50.9401986
            ],
            [
              -1.4649002,
              50.9402441
            ]
          ]
        ]
      },
      "properties": {
        "osid": "7902e7f1-e320-48c2-a3a8-5ceb0078f786",
        "toid": "osgb5000005208860376",
        "theme": "Buildings",
        "changetype": "Modified Attributes",
        "isobscured": false,
        "description": "Building",
        "versiondate": "2025-02-05",
        "geometry_area": 20.544305,
        "height_source": "Ordnance Survey",
        "physicallevel": "Surface Level",
        "oslandusetiera": "Residential Accommodation",
        "oslandusetierb": [
          "Private Residence"
        ],
        "geometry_source": "Ordnance Survey",
        "oslandcovertiera": "Constructed",
        "oslandcovertierb": [
          "Building"
        ],
        "oslanduse_source": "Ordnance Survey",
        "height_updatedate": "2025-01-17",
        "description_source": "Ordnance Survey",
        "oslandcover_source": "Ordnance Survey",
        "associatedstructure": null,
        "geometry_updatedate": "2017-08-04",
        "height_evidencedate": "2024-06-20",
        "capturespecification": "Urban",
        "oslanduse_updatedate": "2017-08-04",
        "absoluteheightmaximum": 28,
        "absoluteheightminimum": 23.6,
        "geometry_evidencedate": "2017-08-04",
        "heightconfidencelevel": "Moderate",
        "relativeheightmaximum": 4.4,
        "absoluteheightroofbase": 26.4,
        "description_updatedate": "2017-08-04",
        "oslandcover_updatedate": "2017-08-04",
        "oslanduse_evidencedate": "2017-08-04",
        "relativeheightroofbase": 2.8,
        "versionavailabletodate": null,
        "firstdigitalcapturedate": "2017-08-04",
        "description_evidencedate": "2017-08-04",
        "oslandcover_evidencedate": "2017-08-04",
        "versionavailablefromdate": "2025-02-06T00:00:00Z"
      }
    },
    {
      "id": "7a1357d9-eaf7-4169-8df3-954a9099fb2c",
      "type": "Feature",
      "geometry": {
        "type": "Polygon",
        "coordinates": [
          [
            [
              -1.4667441,
              50.937488
            ],
            [
              -1.4666766,
              50.9374238
            ],
            [
              -1.4666144,
              50.9374501
            ],
            [
              -1.4666812,
              50.9375142
            ],
            [
              -1.4667441,
              50.937488
            ]
          ]
        ]
      },
      "properties": {
        "osid": "7a1357d9-eaf7-4169-8df3-954a9099fb2c",
        "toid": "osgb1000016342763",
        "theme": "Buildings",
        "changetype": "Modified Attributes",
        "isobscured": false,
        "description": "Building",
        "versiondate": "2025-02-05",
        "geometry_area": 45.14875,
        "height_source": "Ordnance Survey",
        "physicallevel": "Surface Level",
        "oslandusetiera": "Residential Accommodation",
        "oslandusetierb": [
          "Private Residence"
        ],
        "geometry_source": "Ordnance Survey",
        "oslandcovertiera": "Constructed",
        "oslandcovertierb": [
          "Building"
        ],
        "oslanduse_source": "Ordnance Survey",
        "height_updatedate": "2025-01-17",
        "description_source": "Ordnance Survey",
        "oslandcover_source": "Ordnance Survey",
        "associatedstructure": null,
        "geometry_updatedate": "2004-04-13",
        "height_evidencedate": "2024-06-20",
        "capturespecification": "Urban",
        "oslanduse_updatedate": "2004-04-13",
        "absoluteheightmaximum": 22.7,
        "absoluteheightminimum": 16,
        "geometry_evidencedate": "2004-04-13",
        "heightconfidencelevel": "Moderate",
        "relativeheightmaximum": 6.7,
        "absoluteheightroofbase": 21,
        "description_updatedate": "2004-04-13",
        "oslandcover_updatedate": "2004-04-13",
        "oslanduse_evidencedate": "2004-04-13",
        "relativeheightroofbase": 5,
        "versionavailabletodate": null,
        "firstdigitalcapturedate": "1988-05-16",
        "description_evidencedate": "2004-04-13",
        "oslandcover_evidencedate": "2004-04-13",
        "versionavailablefromdate": "2025-02-06T00:00:00Z"
      }
    },
    {
      "id": "7a90b96d-4c97-483c-aa0b-fc3f32d3ff7c",
      "type": "Feature",
      "geometry": {
        "type": "Polygon",
        "coordinates": [
          [
            [
              -1.4755609,
              50.9359542
            ],
            [
              -1.4755239,
              50.9355737
            ],
            [
              -1.4755031,
              50.9354027
            ],
            [
              -1.4750232,
              50.9354257
            ],
            [
              -1.4750194,
              50.9353853
            ],
            [
              -1.4748144,
              50.9353933
            ],
            [
              -1.4747247,
              50.935397
            ],
            [
              -1.4747292,
              50.9354375
            ],
            [
              -1.4742501,
              50.93546
            ],
            [
              -1.4743099,
              50.9359643
            ],
            [
              -1.474338,
              50.9362423
            ],
            [
              -1.4745338,
              50.9362339
            ],
            [
              -1.474805,
              50.9362224
            ],
            [
              -1.4755882,
              50.9361881
            ],
            [
              -1.4755609,
              50.9359542
            ]
          ]
        ]
      },
      "properties": {
        "osid": "7a90b96d-4c97-483c-aa0b-fc3f32d3ff7c",
        "toid": "osgb1000016320374",
        "theme": "Buildings",
        "changetype": "Modified Attributes",
        "isobscured": false,
        "description": "Building",
        "versiondate": "2025-02-05",
        "geometry_area": 7788.828,
        "height_source": "Ordnance Survey",
        "physicallevel": "Surface Level",
        "oslandusetiera": "Commercial Activity: Retail",
        "oslandusetierb": [],
        "geometry_source": "Ordnance Survey",
        "oslandcovertiera": "Constructed",
        "oslandcovertierb": [
          "Building"
        ],
        "oslanduse_source": "Ordnance Survey",
        "height_updatedate": "2025-01-17",
        "description_source": "Ordnance Survey",
        "oslandcover_source": "Ordnance Survey",
        "associatedstructure": null,
        "geometry_updatedate": "2010-08-22",
        "height_evidencedate": "2024-06-20",
        "capturespecification": "Rural",
        "oslanduse_updatedate": "2010-08-22",
        "absoluteheightmaximum": 20.3,
        "absoluteheightminimum": 8.3,
        "geometry_evidencedate": "2010-08-22",
        "heightconfidencelevel": "Moderate",
        "relativeheightmaximum": 12,
        "absoluteheightroofbase": 16.1,
        "description_updatedate": "2010-08-22",
        "oslandcover_updatedate": "2010-08-22",
        "oslanduse_evidencedate": "2010-08-22",
        "relativeheightroofbase": 7.8,
        "versionavailabletodate": null,
        "firstdigitalcapturedate": "1986-09-18",
        "description_evidencedate": "2010-08-22",
        "oslandcover_evidencedate": "2010-08-22",
        "versionavailablefromdate": "2025-02-06T00:00:00Z"
      }
    },
    {
      "id": "7ab2958c-157c-44bc-b54b-00d0cd97f8aa",
      "type": "Feature",
      "geometry": {
        "type": "Polygon",
        "coordinates": [
          [
            [
              -1.4677791,
              50.9372486
            ],
            [
              -1.4678415,
              50.9372686
            ],
            [
              -1.4678604,
              50.9372451
            ],
            [
              -1.4678728,
              50.9372295
            ],
            [
              -1.4678812,
              50.937219
            ],
            [
              -1.4678189,
              50.9371991
            ],
            [
              -1.4677851,
              50.9372411
            ],
            [
              -1.4677848,
              50.9372415
            ],
            [
              -1.4677791,
              50.9372486
            ]
          ]
        ]
      },
      "properties": {
        "osid": "7ab2958c-157c-44bc-b54b-00d0cd97f8aa",
        "toid": "osgb5000005203977446",
        "theme": "Buildings",
        "changetype": "Modified Attributes",
        "isobscured": false,
        "description": "Building",
        "versiondate": "2025-02-05",
        "geometry_area": 30.342183,
        "height_source": "Ordnance Survey",
        "physicallevel": "Surface Level",
        "oslandusetiera": "Residential Accommodation",
        "oslandusetierb": [
          "Private Residence"
        ],
        "geometry_source": "Ordnance Survey",
        "oslandcovertiera": "Constructed",
        "oslandcovertierb": [
          "Building"
        ],
        "oslanduse_source": "Ordnance Survey",
        "height_updatedate": "2025-01-17",
        "description_source": "Ordnance Survey",
        "oslandcover_source": "Ordnance Survey",
        "associatedstructure": null,
        "geometry_updatedate": "2021-02-18",
        "height_evidencedate": "2024-06-20",
        "capturespecification": "Urban",
        "oslanduse_updatedate": "2017-04-21",
        "absoluteheightmaximum": null,
        "absoluteheightminimum": 13.1,
        "geometry_evidencedate": "2020-09-20",
        "heightconfidencelevel": "Incomplete",
        "relativeheightmaximum": null,
        "absoluteheightroofbase": null,
        "description_updatedate": "2017-04-21",
        "oslandcover_updatedate": "2017-04-21",
        "oslanduse_evidencedate": "2016-08-12",
        "relativeheightroofbase": null,
        "versionavailabletodate": null,
        "firstdigitalcapturedate": "2017-05-04",
        "description_evidencedate": "2016-08-12",
        "oslandcover_evidencedate": "2016-08-12",
        "versionavailablefromdate": "2025-02-06T00:00:00Z"
      }
    },
    {
      "id": "7ad003cb-d5bd-4015-983b-25950f8daedf",
      "type": "Feature",
      "geometry": {
        "type": "Polygon",
        "coordinates": [
          [
            [
              -1.4651484,
              50.9351042
            ],
            [
              -1.4651113,
              50.9351144
            ],
            [
              -1.4650998,
              50.9350978
            ],
            [
              -1.4649802,
              50.9351307
            ],
            [
              -1.4649917,
              50.9351474
            ],
            [
              -1.4648622,
              50.935183
            ],
            [
              -1.4648507,
              50.9351663
            ],
            [
              -1.4647398,
              50.9351968
            ],
            [
              -1.4647513,
              50.9352135
            ],
            [
              -1.4646183,
              50.9352501
            ],
            [
              -1.4646513,
              50.935298
            ],
            [
              -1.4646137,
              50.9353084
            ],
            [
              -1.4646594,
              50.9353746
            ],
            [
              -1.4648274,
              50.935328
            ],
            [
              -1.4648362,
              50.9353407
            ],
            [
              -1.4649516,
              50.9353087
            ],
            [
              -1.4649428,
              50.935296
            ],
            [
              -1.4649452,
              50.9352954
            ],
            [
              -1.4649625,
              50.9352905
            ],
            [
              -1.4650713,
              50.9352604
            ],
            [
              -1.4651164,
              50.9353895
            ],
            [
              -1.4650894,
              50.9354031
            ],
            [
              -1.4650605,
              50.9354176
            ],
            [
              -1.4650469,
              50.9354067
            ],
            [
              -1.4649464,
              50.9354572
            ],
            [
              -1.46496,
              50.9354681
            ],
            [
              -1.464817,
              50.93554
            ],
            [
              -1.4648883,
              50.9355964
            ],
            [
              -1.4649203,
              50.9355802
            ],
            [
              -1.464972,
              50.935621
            ],
            [
              -1.4650853,
              50.9355638
            ],
            [
              -1.4651033,
              50.935578
            ],
            [
              -1.4651978,
              50.9355302
            ],
            [
              -1.4651798,
              50.935516
            ],
            [
              -1.4652901,
              50.9354603
            ],
            [
              -1.465308,
              50.9354745
            ],
            [
              -1.4654099,
              50.935423
            ],
            [
              -1.4653919,
              50.9354088
            ],
            [
              -1.4655282,
              50.9353399
            ],
            [
              -1.4655192,
              50.9353328
            ],
            [
              -1.4654064,
              50.9352437
            ],
            [
              -1.4653519,
              50.9352711
            ],
            [
              -1.4653325,
              50.9352513
            ],
            [
              -1.4652838,
              50.9352015
            ],
            [
              -1.4653491,
              50.9351834
            ],
            [
              -1.4653229,
              50.9351453
            ],
            [
              -1.4653578,
              50.9351357
            ],
            [
              -1.4653287,
              50.9350935
            ],
            [
              -1.4652938,
              50.9351031
            ],
            [
              -1.4652713,
              50.9350704
            ],
            [
              -1.4651859,
              50.9350939
            ],
            [
              -1.4651484,
              50.9351042
            ]
          ]
        ]
      },
      "properties": {
        "osid": "7ad003cb-d5bd-4015-983b-25950f8daedf",
        "toid": "osgb5000005335898428",
        "theme": "Buildings",
        "changetype": "Modified Attributes",
        "isobscured": false,
        "description": "Building",
        "versiondate": "2025-02-05",
        "geometry_area": 1750.234737,
        "height_source": "Ordnance Survey",
        "physicallevel": "Surface Level",
        "oslandusetiera": "Medical Or Health Care",
        "oslandusetierb": [],
        "geometry_source": "Ordnance Survey",
        "oslandcovertiera": "Constructed",
        "oslandcovertierb": [
          "Building"
        ],
        "oslanduse_source": "Ordnance Survey",
        "height_updatedate": "2025-01-17",
        "description_source": "Ordnance Survey",
        "oslandcover_source": "Ordnance Survey",
        "associatedstructure": null,
        "geometry_updatedate": "2024-09-26",
        "height_evidencedate": "2024-06-20",
        "capturespecification": "Urban",
        "oslanduse_updatedate": "2024-06-18",
        "absoluteheightmaximum": 25.6,
        "absoluteheightminimum": 11.7,
        "geometry_evidencedate": "2024-09-26",
        "heightconfidencelevel": "Low",
        "relativeheightmaximum": 13.9,
        "absoluteheightroofbase": 19,
        "description_updatedate": "2024-06-18",
        "oslandcover_updatedate": "2024-06-18",
        "oslanduse_evidencedate": "2024-05-30",
        "relativeheightroofbase": 7.3,
        "versionavailabletodate": null,
        "firstdigitalcapturedate": "2024-06-20",
        "description_evidencedate": "2024-05-30",
        "oslandcover_evidencedate": "2024-05-30",
        "versionavailablefromdate": "2025-02-06T00:00:00Z"
      }
    },
    {
      "id": "7b7365ed-eec7-45fe-b602-89c272c6cbea",
      "type": "Feature",
      "geometry": {
        "type": "Polygon",
        "coordinates": [
          [
            [
              -1.4657781,
              50.9402307
            ],
            [
              -1.4658411,
              50.9402695
            ],
            [
              -1.4658728,
              50.9402491
            ],
            [
              -1.4658099,
              50.9402102
            ],
            [
              -1.4657781,
              50.9402307
            ]
          ]
        ]
      },
      "properties": {
        "osid": "7b7365ed-eec7-45fe-b602-89c272c6cbea",
        "toid": "osgb5000005227734220",
        "theme": "Buildings",
        "changetype": "Modified Attributes",
        "isobscured": false,
        "description": "Building",
        "versiondate": "2025-02-05",
        "geometry_area": 19.709086,
        "height_source": "Ordnance Survey",
        "physicallevel": "Surface Level",
        "oslandusetiera": "Residential Accommodation",
        "oslandusetierb": [
          "Private Residence"
        ],
        "geometry_source": "Ordnance Survey",
        "oslandcovertiera": "Constructed",
        "oslandcovertierb": [
          "Building"
        ],
        "oslanduse_source": "Ordnance Survey",
        "height_updatedate": "2025-01-17",
        "description_source": "Ordnance Survey",
        "oslandcover_source": "Ordnance Survey",
        "associatedstructure": null,
        "geometry_updatedate": "2018-04-30",
        "height_evidencedate": "2024-06-20",
        "capturespecification": "Urban",
        "oslanduse_updatedate": "2018-04-30",
        "absoluteheightmaximum": 26.6,
        "absoluteheightminimum": 22.1,
        "geometry_evidencedate": "2018-04-30",
        "heightconfidencelevel": "Moderate",
        "relativeheightmaximum": 4.5,
        "absoluteheightroofbase": 25.9,
        "description_updatedate": "2018-04-30",
        "oslandcover_updatedate": "2018-04-30",
        "oslanduse_evidencedate": "2018-04-30",
        "relativeheightroofbase": 3.8,
        "versionavailabletodate": null,
        "firstdigitalcapturedate": "2018-04-30",
        "description_evidencedate": "2018-04-30",
        "oslandcover_evidencedate": "2018-04-30",
        "versionavailablefromdate": "2025-02-06T00:00:00Z"
      }
    },
    {
      "id": "7b749750-7bcc-45ae-8468-8b62954bfa36",
      "type": "Feature",
      "geometry": {
        "type": "Polygon",
        "coordinates": [
          [
            [
              -1.4657836,
              50.9386153
            ],
            [
              -1.4658996,
              50.9386443
            ],
            [
              -1.465927,
              50.9386006
            ],
            [
              -1.465811,
              50.9385716
            ],
            [
              -1.4657836,
              50.9386153
            ]
          ]
        ]
      },
      "properties": {
        "osid": "7b749750-7bcc-45ae-8468-8b62954bfa36",
        "toid": "osgb5000005247278646",
        "theme": "Buildings",
        "changetype": "Modified Attributes",
        "isobscured": false,
        "description": "Building",
        "versiondate": "2025-02-05",
        "geometry_area": 45.853852,
        "height_source": "Ordnance Survey",
        "physicallevel": "Surface Level",
        "oslandusetiera": "Residential Accommodation",
        "oslandusetierb": [
          "Private Residence"
        ],
        "geometry_source": "Ordnance Survey",
        "oslandcovertiera": "Constructed",
        "oslandcovertierb": [
          "Building"
        ],
        "oslanduse_source": "Ordnance Survey",
        "height_updatedate": "2025-01-17",
        "description_source": "Ordnance Survey",
        "oslandcover_source": "Ordnance Survey",
        "associatedstructure": null,
        "geometry_updatedate": "2019-06-05",
        "height_evidencedate": "2024-06-20",
        "capturespecification": "Urban",
        "oslanduse_updatedate": "2019-06-05",
        "absoluteheightmaximum": 28.6,
        "absoluteheightminimum": 20.6,
        "geometry_evidencedate": "2019-06-05",
        "heightconfidencelevel": "Moderate",
        "relativeheightmaximum": 8,
        "absoluteheightroofbase": 26.4,
        "description_updatedate": "2019-06-05",
        "oslandcover_updatedate": "2019-06-05",
        "oslanduse_evidencedate": "2019-06-05",
        "relativeheightroofbase": 5.8,
        "versionavailabletodate": null,
        "firstdigitalcapturedate": "2019-06-05",
        "description_evidencedate": "2019-06-05",
        "oslandcover_evidencedate": "2019-06-05",
        "versionavailablefromdate": "2025-02-06T00:00:00Z"
      }
    },
    {
      "id": "7b90ac8f-ad86-4d04-b16c-a3ddfaa42c90",
      "type": "Feature",
      "geometry": {
        "type": "Polygon",
        "coordinates": [
          [
            [
              -1.4678396,
              50.9375126
            ],
            [
              -1.4677899,
              50.9375208
            ],
            [
              -1.4677672,
              50.9375241
            ],
            [
              -1.4677674,
              50.9375245
            ],
            [
              -1.4677767,
              50.9375502
            ],
            [
              -1.4678013,
              50.9376211
            ],
            [
              -1.4678722,
              50.9376056
            ],
            [
              -1.4679026,
              50.9376014
            ],
            [
              -1.4679053,
              50.9375988
            ],
            [
              -1.467916,
              50.937589
            ],
            [
              -1.4679112,
              50.9375752
            ],
            [
              -1.4678908,
              50.9375675
            ],
            [
              -1.4678605,
              50.9375717
            ],
            [
              -1.4678494,
              50.9375398
            ],
            [
              -1.4678396,
              50.9375126
            ]
          ]
        ]
      },
      "properties": {
        "osid": "7b90ac8f-ad86-4d04-b16c-a3ddfaa42c90",
        "toid": "osgb1000016343207",
        "theme": "Buildings",
        "changetype": "Modified Attributes",
        "isobscured": false,
        "description": "Building",
        "versiondate": "2025-02-05",
        "geometry_area": 68.333382,
        "height_source": "Ordnance Survey",
        "physicallevel": "Surface Level",
        "oslandusetiera": "Residential Accommodation",
        "oslandusetierb": [
          "Private Residence"
        ],
        "geometry_source": "Ordnance Survey",
        "oslandcovertiera": "Constructed",
        "oslandcovertierb": [
          "Building"
        ],
        "oslanduse_source": "Ordnance Survey",
        "height_updatedate": "2025-01-17",
        "description_source": "Ordnance Survey",
        "oslandcover_source": "Ordnance Survey",
        "associatedstructure": null,
        "geometry_updatedate": "2017-04-19",
        "height_evidencedate": "2024-06-20",
        "capturespecification": "Urban",
        "oslanduse_updatedate": "2006-12-14",
        "absoluteheightmaximum": 19.6,
        "absoluteheightminimum": 13.1,
        "geometry_evidencedate": "2016-08-12",
        "heightconfidencelevel": "Moderate",
        "relativeheightmaximum": 6.5,
        "absoluteheightroofbase": 17.9,
        "description_updatedate": "2006-12-14",
        "oslandcover_updatedate": "2006-12-14",
        "oslanduse_evidencedate": "2006-12-14",
        "relativeheightroofbase": 4.8,
        "versionavailabletodate": null,
        "firstdigitalcapturedate": "1991-09-01",
        "description_evidencedate": "2006-12-14",
        "oslandcover_evidencedate": "2006-12-14",
        "versionavailablefromdate": "2025-02-06T00:00:00Z"
      }
    },
    {
      "id": "7bc8894d-6523-43d3-9f9f-c59b7e82435a",
      "type": "Feature",
      "geometry": {
        "type": "Polygon",
        "coordinates": [
          [
            [
              -1.4679062,
              50.9372999
            ],
            [
              -1.4679165,
              50.9373035
            ],
            [
              -1.4679505,
              50.9373153
            ],
            [
              -1.4679717,
              50.9372909
            ],
            [
              -1.4679267,
              50.9372754
            ],
            [
              -1.4679062,
              50.9372999
            ]
          ]
        ]
      },
      "properties": {
        "osid": "7bc8894d-6523-43d3-9f9f-c59b7e82435a",
        "toid": "osgb5000005257941648",
        "theme": "Buildings",
        "changetype": "Modified Attributes",
        "isobscured": false,
        "description": "Building",
        "versiondate": "2025-02-05",
        "geometry_area": 11.05225,
        "height_source": "Ordnance Survey",
        "physicallevel": "Surface Level",
        "oslandusetiera": "Residential Accommodation",
        "oslandusetierb": [
          "Private Residence"
        ],
        "geometry_source": "Ordnance Survey",
        "oslandcovertiera": "Constructed",
        "oslandcovertierb": [
          "Building"
        ],
        "oslanduse_source": "Ordnance Survey",
        "height_updatedate": "2025-01-17",
        "description_source": "Ordnance Survey",
        "oslandcover_source": "Ordnance Survey",
        "associatedstructure": null,
        "geometry_updatedate": "2019-12-29",
        "height_evidencedate": "2024-06-20",
        "capturespecification": "Urban",
        "oslanduse_updatedate": "2019-12-29",
        "absoluteheightmaximum": 15.9,
        "absoluteheightminimum": 13,
        "geometry_evidencedate": "2019-06-28",
        "heightconfidencelevel": "Moderate",
        "relativeheightmaximum": 2.9,
        "absoluteheightroofbase": 15.3,
        "description_updatedate": "2019-12-29",
        "oslandcover_updatedate": "2019-12-29",
        "oslanduse_evidencedate": "2019-06-28",
        "relativeheightroofbase": 2.3,
        "versionavailabletodate": null,
        "firstdigitalcapturedate": "2019-12-30",
        "description_evidencedate": "2019-06-28",
        "oslandcover_evidencedate": "2019-06-28",
        "versionavailablefromdate": "2025-02-06T00:00:00Z"
      }
    },
    {
      "id": "7bce95c3-bb97-47f5-94df-43dfe00b0bf2",
      "type": "Feature",
      "geometry": {
        "type": "Polygon",
        "coordinates": [
          [
            [
              -1.4671964,
              50.9384577
            ],
            [
              -1.4672309,
              50.9384664
            ],
            [
              -1.4672616,
              50.938418
            ],
            [
              -1.4672651,
              50.9384126
            ],
            [
              -1.4672306,
              50.9384039
            ],
            [
              -1.4671964,
              50.9384577
            ]
          ]
        ]
      },
      "properties": {
        "osid": "7bce95c3-bb97-47f5-94df-43dfe00b0bf2",
        "toid": "osgb5000005254282036",
        "theme": "Buildings",
        "changetype": "Modified Attributes",
        "isobscured": false,
        "description": "Building",
        "versiondate": "2025-02-05",
        "geometry_area": 16.834949,
        "height_source": "Ordnance Survey",
        "physicallevel": "Surface Level",
        "oslandusetiera": "Residential Accommodation",
        "oslandusetierb": [
          "Private Residence"
        ],
        "geometry_source": "Ordnance Survey",
        "oslandcovertiera": "Constructed",
        "oslandcovertierb": [
          "Building"
        ],
        "oslanduse_source": "Ordnance Survey",
        "height_updatedate": "2025-01-17",
        "description_source": "Ordnance Survey",
        "oslandcover_source": "Ordnance Survey",
        "associatedstructure": null,
        "geometry_updatedate": "2019-10-29",
        "height_evidencedate": "2024-06-20",
        "capturespecification": "Urban",
        "oslanduse_updatedate": "2019-10-29",
        "absoluteheightmaximum": null,
        "absoluteheightminimum": 16.4,
        "geometry_evidencedate": "2019-10-29",
        "heightconfidencelevel": "Incomplete",
        "relativeheightmaximum": null,
        "absoluteheightroofbase": null,
        "description_updatedate": "2019-10-29",
        "oslandcover_updatedate": "2019-10-29",
        "oslanduse_evidencedate": "2019-10-29",
        "relativeheightroofbase": null,
        "versionavailabletodate": null,
        "firstdigitalcapturedate": "2019-10-29",
        "description_evidencedate": "2019-10-29",
        "oslandcover_evidencedate": "2019-10-29",
        "versionavailablefromdate": "2025-02-06T00:00:00Z"
      }
    },
    {
      "id": "7cc3abbe-09a4-45e8-83a3-fa3c8b925628",
      "type": "Feature",
      "geometry": {
        "type": "Polygon",
        "coordinates": [
          [
            [
              -1.4653459,
              50.9389269
            ],
            [
              -1.4654276,
              50.9389394
            ],
            [
              -1.4654385,
              50.9389108
            ],
            [
              -1.4653569,
              50.9388983
            ],
            [
              -1.4653459,
              50.9389269
            ]
          ]
        ]
      },
      "properties": {
        "osid": "7cc3abbe-09a4-45e8-83a3-fa3c8b925628",
        "toid": "osgb5000005259512542",
        "theme": "Buildings",
        "changetype": "Modified Attributes",
        "isobscured": false,
        "description": "Building",
        "versiondate": "2025-02-05",
        "geometry_area": 19.296544,
        "height_source": "Ordnance Survey",
        "physicallevel": "Surface Level",
        "oslandusetiera": "Residential Accommodation",
        "oslandusetierb": [
          "Private Residence"
        ],
        "geometry_source": "Ordnance Survey",
        "oslandcovertiera": "Constructed",
        "oslandcovertierb": [
          "Building"
        ],
        "oslanduse_source": "Ordnance Survey",
        "height_updatedate": "2025-01-17",
        "description_source": "Ordnance Survey",
        "oslandcover_source": "Ordnance Survey",
        "associatedstructure": null,
        "geometry_updatedate": "2020-01-31",
        "height_evidencedate": "2024-06-20",
        "capturespecification": "Urban",
        "oslanduse_updatedate": "2020-01-31",
        "absoluteheightmaximum": 26.7,
        "absoluteheightminimum": 22.1,
        "geometry_evidencedate": "2020-01-31",
        "heightconfidencelevel": "Moderate",
        "relativeheightmaximum": 4.6,
        "absoluteheightroofbase": 25.8,
        "description_updatedate": "2020-01-31",
        "oslandcover_updatedate": "2020-01-31",
        "oslanduse_evidencedate": "2020-01-31",
        "relativeheightroofbase": 3.7,
        "versionavailabletodate": null,
        "firstdigitalcapturedate": "2020-01-31",
        "description_evidencedate": "2020-01-31",
        "oslandcover_evidencedate": "2020-01-31",
        "versionavailablefromdate": "2025-02-06T00:00:00Z"
      }
    },
    {
      "id": "7e67e763-7f8c-406d-b435-7326c95ffee4",
      "type": "Feature",
      "geometry": {
        "type": "Polygon",
        "coordinates": [
          [
            [
              -1.4648384,
              50.9408947
            ],
            [
              -1.4649542,
              50.9409417
            ],
            [
              -1.4649945,
              50.940902
            ],
            [
              -1.4648787,
              50.940855
            ],
            [
              -1.4648384,
              50.9408947
            ]
          ]
        ]
      },
      "properties": {
        "osid": "7e67e763-7f8c-406d-b435-7326c95ffee4",
        "toid": "osgb5000005208860426",
        "theme": "Buildings",
        "changetype": "Modified Attributes",
        "isobscured": false,
        "description": "Building",
        "versiondate": "2025-02-05",
        "geometry_area": 50.718595,
        "height_source": "Ordnance Survey",
        "physicallevel": "Surface Level",
        "oslandusetiera": "Residential Accommodation",
        "oslandusetierb": [
          "Private Residence"
        ],
        "geometry_source": "Ordnance Survey",
        "oslandcovertiera": "Constructed",
        "oslandcovertierb": [
          "Building"
        ],
        "oslanduse_source": "Ordnance Survey",
        "height_updatedate": "2025-01-17",
        "description_source": "Ordnance Survey",
        "oslandcover_source": "Ordnance Survey",
        "associatedstructure": null,
        "geometry_updatedate": "2017-08-04",
        "height_evidencedate": "2024-06-20",
        "capturespecification": "Urban",
        "oslanduse_updatedate": "2017-08-04",
        "absoluteheightmaximum": 31.7,
        "absoluteheightminimum": 22.5,
        "geometry_evidencedate": "2017-08-04",
        "heightconfidencelevel": "Moderate",
        "relativeheightmaximum": 9.2,
        "absoluteheightroofbase": 27.8,
        "description_updatedate": "2017-08-04",
        "oslandcover_updatedate": "2017-08-04",
        "oslanduse_evidencedate": "2017-08-04",
        "relativeheightroofbase": 5.3,
        "versionavailabletodate": null,
        "firstdigitalcapturedate": "2017-08-04",
        "description_evidencedate": "2017-08-04",
        "oslandcover_evidencedate": "2017-08-04",
        "versionavailablefromdate": "2025-02-06T00:00:00Z"
      }
    },
    {
      "id": "7e8fdff1-a47c-48e5-aa1a-df0837603c56",
      "type": "Feature",
      "geometry": {
        "type": "Polygon",
        "coordinates": [
          [
            [
              -1.4671902,
              50.9356448
            ],
            [
              -1.4672233,
              50.9356675
            ],
            [
              -1.4672451,
              50.9356549
            ],
            [
              -1.467212,
              50.9356321
            ],
            [
              -1.4671902,
              50.9356448
            ]
          ]
        ]
      },
      "properties": {
        "osid": "7e8fdff1-a47c-48e5-aa1a-df0837603c56",
        "toid": "osgb5000005215514492",
        "theme": "Buildings",
        "changetype": "Modified Attributes",
        "isobscured": false,
        "description": "Building",
        "versiondate": "2022-09-18",
        "geometry_area": 7.154458,
        "height_source": null,
        "physicallevel": "Surface Level",
        "oslandusetiera": "Residential Accommodation",
        "oslandusetierb": [
          "Private Residence"
        ],
        "geometry_source": "Ordnance Survey",
        "oslandcovertiera": "Constructed",
        "oslandcovertierb": [
          "Building"
        ],
        "oslanduse_source": "Ordnance Survey",
        "height_updatedate": null,
        "description_source": "Ordnance Survey",
        "oslandcover_source": "Ordnance Survey",
        "associatedstructure": null,
        "geometry_updatedate": "2017-11-09",
        "height_evidencedate": null,
        "capturespecification": "Urban",
        "oslanduse_updatedate": "2017-11-09",
        "absoluteheightmaximum": null,
        "absoluteheightminimum": null,
        "geometry_evidencedate": "2017-11-09",
        "heightconfidencelevel": null,
        "relativeheightmaximum": null,
        "absoluteheightroofbase": null,
        "description_updatedate": "2017-11-09",
        "oslandcover_updatedate": "2017-11-09",
        "oslanduse_evidencedate": "2017-11-09",
        "relativeheightroofbase": null,
        "versionavailabletodate": null,
        "firstdigitalcapturedate": "2017-11-10",
        "description_evidencedate": "2017-11-09",
        "oslandcover_evidencedate": "2017-11-09",
        "versionavailablefromdate": "2022-09-19T00:00:00Z"
      }
    },
    {
      "id": "7f3a1bd8-aa59-4bb9-a4e3-3ccd8557af50",
      "type": "Feature",
      "geometry": {
        "type": "Polygon",
        "coordinates": [
          [
            [
              -1.4666605,
              50.9362251
            ],
            [
              -1.4667052,
              50.9362255
            ],
            [
              -1.4667055,
              50.9362129
            ],
            [
              -1.4666608,
              50.9362125
            ],
            [
              -1.4666605,
              50.9362251
            ]
          ]
        ]
      },
      "properties": {
        "osid": "7f3a1bd8-aa59-4bb9-a4e3-3ccd8557af50",
        "toid": "osgb5000005203977178",
        "theme": "Buildings",
        "changetype": "New",
        "isobscured": false,
        "description": "Shelter",
        "versiondate": "2022-08-26",
        "geometry_area": 4.381267,
        "height_source": null,
        "physicallevel": "Surface Level",
        "oslandusetiera": "Unknown Or Unused Artificial",
        "oslandusetierb": [],
        "geometry_source": "Ordnance Survey",
        "oslandcovertiera": "Constructed",
        "oslandcovertierb": [
          "Building"
        ],
        "oslanduse_source": "Ordnance Survey",
        "height_updatedate": null,
        "description_source": "Ordnance Survey",
        "oslandcover_source": "Ordnance Survey",
        "associatedstructure": null,
        "geometry_updatedate": "2017-04-21",
        "height_evidencedate": null,
        "capturespecification": "Urban",
        "oslanduse_updatedate": "2017-04-21",
        "absoluteheightmaximum": null,
        "absoluteheightminimum": null,
        "geometry_evidencedate": "2016-08-12",
        "heightconfidencelevel": null,
        "relativeheightmaximum": null,
        "absoluteheightroofbase": null,
        "description_updatedate": "2017-04-21",
        "oslandcover_updatedate": "2017-04-21",
        "oslanduse_evidencedate": "2016-08-12",
        "relativeheightroofbase": null,
        "versionavailabletodate": null,
        "firstdigitalcapturedate": "2017-05-04",
        "description_evidencedate": "2016-08-12",
        "oslandcover_evidencedate": "2016-08-12",
        "versionavailablefromdate": "2022-08-27T00:00:00Z"
      }
    },
    {
      "id": "7f989c93-8383-4c5b-97cb-3b0698484284",
      "type": "Feature",
      "geometry": {
        "type": "Polygon",
        "coordinates": [
          [
            [
              -1.4659776,
              50.9389754
            ],
            [
              -1.4660898,
              50.9390096
            ],
            [
              -1.4661186,
              50.9389719
            ],
            [
              -1.4660064,
              50.9389377
            ],
            [
              -1.4659776,
              50.9389754
            ]
          ]
        ]
      },
      "properties": {
        "osid": "7f989c93-8383-4c5b-97cb-3b0698484284",
        "toid": "osgb5000005242102809",
        "theme": "Buildings",
        "changetype": "Modified Attributes",
        "isobscured": false,
        "description": "Building",
        "versiondate": "2025-02-05",
        "geometry_area": 40.689238,
        "height_source": "Ordnance Survey",
        "physicallevel": "Surface Level",
        "oslandusetiera": "Residential Accommodation",
        "oslandusetierb": [
          "Private Residence"
        ],
        "geometry_source": "Ordnance Survey",
        "oslandcovertiera": "Constructed",
        "oslandcovertierb": [
          "Building"
        ],
        "oslanduse_source": "Ordnance Survey",
        "height_updatedate": "2025-01-17",
        "description_source": "Ordnance Survey",
        "oslandcover_source": "Ordnance Survey",
        "associatedstructure": null,
        "geometry_updatedate": "2019-02-05",
        "height_evidencedate": "2024-06-20",
        "capturespecification": "Urban",
        "oslanduse_updatedate": "2019-02-05",
        "absoluteheightmaximum": 29.6,
        "absoluteheightminimum": 21.2,
        "geometry_evidencedate": "2019-02-05",
        "heightconfidencelevel": "Moderate",
        "relativeheightmaximum": 8.4,
        "absoluteheightroofbase": 26.1,
        "description_updatedate": "2019-02-05",
        "oslandcover_updatedate": "2019-02-05",
        "oslanduse_evidencedate": "2019-02-05",
        "relativeheightroofbase": 4.9,
        "versionavailabletodate": null,
        "firstdigitalcapturedate": "2019-02-05",
        "description_evidencedate": "2019-02-05",
        "oslandcover_evidencedate": "2019-02-05",
        "versionavailablefromdate": "2025-02-06T00:00:00Z"
      }
    },
    {
      "id": "7ff6475a-c936-4010-b76f-12c18069edb8",
      "type": "Feature",
      "geometry": {
        "type": "Polygon",
        "coordinates": [
          [
            [
              -1.4691932,
              50.9367348
            ],
            [
              -1.469222,
              50.9367383
            ],
            [
              -1.469374,
              50.9367563
            ],
            [
              -1.4693917,
              50.9366961
            ],
            [
              -1.4692567,
              50.9366811
            ],
            [
              -1.4692537,
              50.9366946
            ],
            [
              -1.4692058,
              50.9366887
            ],
            [
              -1.4691932,
              50.9367348
            ]
          ]
        ]
      },
      "properties": {
        "osid": "7ff6475a-c936-4010-b76f-12c18069edb8",
        "toid": "osgb1000016343192",
        "theme": "Buildings",
        "changetype": "Modified Attributes",
        "isobscured": false,
        "description": "Building",
        "versiondate": "2025-02-05",
        "geometry_area": 82.284635,
        "height_source": "Ordnance Survey",
        "physicallevel": "Surface Level",
        "oslandusetiera": "Residential Accommodation",
        "oslandusetierb": [
          "Private Residence"
        ],
        "geometry_source": "Ordnance Survey",
        "oslandcovertiera": "Constructed",
        "oslandcovertierb": [
          "Building"
        ],
        "oslanduse_source": "Ordnance Survey",
        "height_updatedate": "2025-01-17",
        "description_source": "Ordnance Survey",
        "oslandcover_source": "Ordnance Survey",
        "associatedstructure": null,
        "geometry_updatedate": "2019-12-29",
        "height_evidencedate": "2024-06-20",
        "capturespecification": "Urban",
        "oslanduse_updatedate": "2006-12-14",
        "absoluteheightmaximum": 18.7,
        "absoluteheightminimum": 11.1,
        "geometry_evidencedate": "2019-06-28",
        "heightconfidencelevel": "Moderate",
        "relativeheightmaximum": 7.6,
        "absoluteheightroofbase": 13.7,
        "description_updatedate": "2006-12-14",
        "oslandcover_updatedate": "2006-12-14",
        "oslanduse_evidencedate": "2006-12-14",
        "relativeheightroofbase": 2.6,
        "versionavailabletodate": null,
        "firstdigitalcapturedate": "1991-09-01",
        "description_evidencedate": "2006-12-14",
        "oslandcover_evidencedate": "2006-12-14",
        "versionavailablefromdate": "2025-02-06T00:00:00Z"
      }
    },
    {
      "id": "80cc6cb4-d59a-4d4f-b37a-0df732f41b4b",
      "type": "Feature",
      "geometry": {
        "type": "Polygon",
        "coordinates": [
          [
            [
              -1.4654779,
              50.9362088
            ],
            [
              -1.4654811,
              50.9361841
            ],
            [
              -1.4654021,
              50.9361802
            ],
            [
              -1.465399,
              50.9362049
            ],
            [
              -1.4654779,
              50.9362088
            ]
          ]
        ]
      },
      "properties": {
        "osid": "80cc6cb4-d59a-4d4f-b37a-0df732f41b4b",
        "toid": "osgb1000016342817",
        "theme": "Buildings",
        "changetype": "Modified Attributes",
        "isobscured": false,
        "description": "Building",
        "versiondate": "2025-02-05",
        "geometry_area": 15.3425,
        "height_source": "Ordnance Survey",
        "physicallevel": "Surface Level",
        "oslandusetiera": "Residential Accommodation",
        "oslandusetierb": [
          "Private Residence"
        ],
        "geometry_source": "Ordnance Survey",
        "oslandcovertiera": "Constructed",
        "oslandcovertierb": [
          "Building"
        ],
        "oslanduse_source": "Ordnance Survey",
        "height_updatedate": "2025-01-17",
        "description_source": "Ordnance Survey",
        "oslandcover_source": "Ordnance Survey",
        "associatedstructure": null,
        "geometry_updatedate": "2004-04-13",
        "height_evidencedate": "2024-06-20",
        "capturespecification": "Urban",
        "oslanduse_updatedate": "2004-04-13",
        "absoluteheightmaximum": null,
        "absoluteheightminimum": 13.4,
        "geometry_evidencedate": "2004-04-13",
        "heightconfidencelevel": "Incomplete",
        "relativeheightmaximum": null,
        "absoluteheightroofbase": null,
        "description_updatedate": "2004-04-13",
        "oslandcover_updatedate": "2004-04-13",
        "oslanduse_evidencedate": "2004-04-13",
        "relativeheightroofbase": null,
        "versionavailabletodate": null,
        "firstdigitalcapturedate": "1988-05-16",
        "description_evidencedate": "2004-04-13",
        "oslandcover_evidencedate": "2004-04-13",
        "versionavailablefromdate": "2025-02-06T00:00:00Z"
      }
    },
    {
      "id": "818ba537-369b-45a4-b22a-88daf812f7a6",
      "type": "Feature",
      "geometry": {
        "type": "Polygon",
        "coordinates": [
          [
            [
              -1.4689388,
              50.9366951
            ],
            [
              -1.4689691,
              50.9366978
            ],
            [
              -1.4689832,
              50.9366463
            ],
            [
              -1.468954,
              50.9366428
            ],
            [
              -1.4689388,
              50.9366951
            ]
          ]
        ]
      },
      "properties": {
        "osid": "818ba537-369b-45a4-b22a-88daf812f7a6",
        "toid": "osgb5000005203977303",
        "theme": "Buildings",
        "changetype": "Modified Attributes",
        "isobscured": false,
        "description": "Building",
        "versiondate": "2025-02-05",
        "geometry_area": 12.40285,
        "height_source": "Ordnance Survey",
        "physicallevel": "Surface Level",
        "oslandusetiera": "Residential Accommodation",
        "oslandusetierb": [
          "Private Residence"
        ],
        "geometry_source": "Ordnance Survey",
        "oslandcovertiera": "Constructed",
        "oslandcovertierb": [
          "Building"
        ],
        "oslanduse_source": "Ordnance Survey",
        "height_updatedate": "2025-01-17",
        "description_source": "Ordnance Survey",
        "oslandcover_source": "Ordnance Survey",
        "associatedstructure": null,
        "geometry_updatedate": "2017-04-19",
        "height_evidencedate": "2024-06-20",
        "capturespecification": "Urban",
        "oslanduse_updatedate": "2017-04-19",
        "absoluteheightmaximum": 14.9,
        "absoluteheightminimum": 11.2,
        "geometry_evidencedate": "2016-08-12",
        "heightconfidencelevel": "Moderate",
        "relativeheightmaximum": 3.7,
        "absoluteheightroofbase": 13.4,
        "description_updatedate": "2017-04-19",
        "oslandcover_updatedate": "2017-04-19",
        "oslanduse_evidencedate": "2016-08-12",
        "relativeheightroofbase": 2.2,
        "versionavailabletodate": null,
        "firstdigitalcapturedate": "2017-05-04",
        "description_evidencedate": "2016-08-12",
        "oslandcover_evidencedate": "2016-08-12",
        "versionavailablefromdate": "2025-02-06T00:00:00Z"
      }
    },
    {
      "id": "8343daf9-9fde-41b9-8d09-e4a29a5bdf6f",
      "type": "Feature",
      "geometry": {
        "type": "Polygon",
        "coordinates": [
          [
            [
              -1.4653856,
              50.9363145
            ],
            [
              -1.4654653,
              50.936318
            ],
            [
              -1.4654684,
              50.9362965
            ],
            [
              -1.4653887,
              50.9362925
            ],
            [
              -1.4653856,
              50.9363145
            ]
          ]
        ]
      },
      "properties": {
        "osid": "8343daf9-9fde-41b9-8d09-e4a29a5bdf6f",
        "toid": "osgb1000016342820",
        "theme": "Buildings",
        "changetype": "Modified Attributes",
        "isobscured": false,
        "description": "Building",
        "versiondate": "2025-02-05",
        "geometry_area": 13.655,
        "height_source": "Ordnance Survey",
        "physicallevel": "Surface Level",
        "oslandusetiera": "Unknown Or Unused Artificial",
        "oslandusetierb": [],
        "geometry_source": "Ordnance Survey",
        "oslandcovertiera": "Constructed",
        "oslandcovertierb": [
          "Building"
        ],
        "oslanduse_source": "Ordnance Survey",
        "height_updatedate": "2025-01-17",
        "description_source": "Ordnance Survey",
        "oslandcover_source": "Ordnance Survey",
        "associatedstructure": null,
        "geometry_updatedate": "2004-04-13",
        "height_evidencedate": "2024-06-20",
        "capturespecification": "Urban",
        "oslanduse_updatedate": "2004-04-13",
        "absoluteheightmaximum": null,
        "absoluteheightminimum": 13.7,
        "geometry_evidencedate": "2004-04-13",
        "heightconfidencelevel": "Incomplete",
        "relativeheightmaximum": null,
        "absoluteheightroofbase": null,
        "description_updatedate": "2004-04-13",
        "oslandcover_updatedate": "2004-04-13",
        "oslanduse_evidencedate": "2004-04-13",
        "relativeheightroofbase": null,
        "versionavailabletodate": null,
        "firstdigitalcapturedate": "1988-05-16",
        "description_evidencedate": "2004-04-13",
        "oslandcover_evidencedate": "2004-04-13",
        "versionavailablefromdate": "2025-02-06T00:00:00Z"
      }
    },
    {
      "id": "8379ece3-f229-4e82-b272-65c1565d57ed",
      "type": "Feature",
      "geometry": {
        "type": "Polygon",
        "coordinates": [
          [
            [
              -1.4666327,
              50.936777
            ],
            [
              -1.4666335,
              50.9367119
            ],
            [
              -1.4665253,
              50.9367114
            ],
            [
              -1.4665232,
              50.9367752
            ],
            [
              -1.4666327,
              50.936777
            ]
          ]
        ]
      },
      "properties": {
        "osid": "8379ece3-f229-4e82-b272-65c1565d57ed",
        "toid": "osgb1000016342791",
        "theme": "Buildings",
        "changetype": "Modified Attributes",
        "isobscured": false,
        "description": "Building",
        "versiondate": "2025-02-05",
        "geometry_area": 54.8925,
        "height_source": "Ordnance Survey",
        "physicallevel": "Surface Level",
        "oslandusetiera": "Residential Accommodation",
        "oslandusetierb": [
          "Private Residence"
        ],
        "geometry_source": "Ordnance Survey",
        "oslandcovertiera": "Constructed",
        "oslandcovertierb": [
          "Building"
        ],
        "oslanduse_source": "Ordnance Survey",
        "height_updatedate": "2025-01-17",
        "description_source": "Ordnance Survey",
        "oslandcover_source": "Ordnance Survey",
        "associatedstructure": null,
        "geometry_updatedate": "2004-04-13",
        "height_evidencedate": "2024-06-20",
        "capturespecification": "Urban",
        "oslanduse_updatedate": "2004-04-13",
        "absoluteheightmaximum": 21,
        "absoluteheightminimum": 13.6,
        "geometry_evidencedate": "2004-04-13",
        "heightconfidencelevel": "Moderate",
        "relativeheightmaximum": 7.4,
        "absoluteheightroofbase": 19,
        "description_updatedate": "2004-04-13",
        "oslandcover_updatedate": "2004-04-13",
        "oslanduse_evidencedate": "2004-04-13",
        "relativeheightroofbase": 5.4,
        "versionavailabletodate": null,
        "firstdigitalcapturedate": "1988-05-16",
        "description_evidencedate": "2004-04-13",
        "oslandcover_evidencedate": "2004-04-13",
        "versionavailablefromdate": "2025-02-06T00:00:00Z"
      }
    },
    {
      "id": "837ab142-7318-4fb5-a5a8-0960d4820d7b",
      "type": "Feature",
      "geometry": {
        "type": "Polygon",
        "coordinates": [
          [
            [
              -1.4673,
              50.9379608
            ],
            [
              -1.4673796,
              50.937951
            ],
            [
              -1.4673599,
              50.9378771
            ],
            [
              -1.4672802,
              50.9378869
            ],
            [
              -1.4673,
              50.9379608
            ]
          ]
        ]
      },
      "properties": {
        "osid": "837ab142-7318-4fb5-a5a8-0960d4820d7b",
        "toid": "osgb1000016342663",
        "theme": "Buildings",
        "changetype": "Modified Attributes",
        "isobscured": false,
        "description": "Building",
        "versiondate": "2025-02-05",
        "geometry_area": 47.4857,
        "height_source": "Ordnance Survey",
        "physicallevel": "Surface Level",
        "oslandusetiera": "Residential Accommodation",
        "oslandusetierb": [
          "Private Residence"
        ],
        "geometry_source": "Ordnance Survey",
        "oslandcovertiera": "Constructed",
        "oslandcovertierb": [
          "Building"
        ],
        "oslanduse_source": "Ordnance Survey",
        "height_updatedate": "2025-01-17",
        "description_source": "Ordnance Survey",
        "oslandcover_source": "Ordnance Survey",
        "associatedstructure": null,
        "geometry_updatedate": "2004-02-10",
        "height_evidencedate": "2024-06-20",
        "capturespecification": "Urban",
        "oslanduse_updatedate": "2004-02-10",
        "absoluteheightmaximum": 21.3,
        "absoluteheightminimum": 14.6,
        "geometry_evidencedate": "2004-02-10",
        "heightconfidencelevel": "Moderate",
        "relativeheightmaximum": 6.7,
        "absoluteheightroofbase": 19.7,
        "description_updatedate": "2004-02-10",
        "oslandcover_updatedate": "2004-02-10",
        "oslanduse_evidencedate": "2004-02-10",
        "relativeheightroofbase": 5.1,
        "versionavailabletodate": null,
        "firstdigitalcapturedate": "1988-07-28",
        "description_evidencedate": "2004-02-10",
        "oslandcover_evidencedate": "2004-02-10",
        "versionavailablefromdate": "2025-02-06T00:00:00Z"
      }
    },
    {
      "id": "83cccb31-6bdf-4846-aa1a-1d7029067115",
      "type": "Feature",
      "geometry": {
        "type": "Polygon",
        "coordinates": [
          [
            [
              -1.4658145,
              50.9368309
            ],
            [
              -1.4658918,
              50.9368541
            ],
            [
              -1.4659084,
              50.9368317
            ],
            [
              -1.4658311,
              50.9368085
            ],
            [
              -1.4658145,
              50.9368309
            ]
          ]
        ]
      },
      "properties": {
        "osid": "83cccb31-6bdf-4846-aa1a-1d7029067115",
        "toid": "osgb1000016342840",
        "theme": "Buildings",
        "changetype": "Modified Attributes",
        "isobscured": false,
        "description": "Building",
        "versiondate": "2025-02-05",
        "geometry_area": 16.5575,
        "height_source": "Ordnance Survey",
        "physicallevel": "Surface Level",
        "oslandusetiera": "Unknown Or Unused Artificial",
        "oslandusetierb": [],
        "geometry_source": "Ordnance Survey",
        "oslandcovertiera": "Constructed",
        "oslandcovertierb": [
          "Building"
        ],
        "oslanduse_source": "Ordnance Survey",
        "height_updatedate": "2025-01-17",
        "description_source": "Ordnance Survey",
        "oslandcover_source": "Ordnance Survey",
        "associatedstructure": null,
        "geometry_updatedate": "2004-04-13",
        "height_evidencedate": "2024-06-20",
        "capturespecification": "Urban",
        "oslanduse_updatedate": "2004-04-13",
        "absoluteheightmaximum": 17.3,
        "absoluteheightminimum": 14.8,
        "geometry_evidencedate": "2004-04-13",
        "heightconfidencelevel": "Moderate",
        "relativeheightmaximum": 2.5,
        "absoluteheightroofbase": 16.9,
        "description_updatedate": "2004-04-13",
        "oslandcover_updatedate": "2004-04-13",
        "oslanduse_evidencedate": "2004-04-13",
        "relativeheightroofbase": 2.1,
        "versionavailabletodate": null,
        "firstdigitalcapturedate": "1988-05-16",
        "description_evidencedate": "2004-04-13",
        "oslandcover_evidencedate": "2004-04-13",
        "versionavailablefromdate": "2025-02-06T00:00:00Z"
      }
    },
    {
      "id": "84902719-d7a5-474f-906e-7934237fa0f2",
      "type": "Feature",
      "geometry": {
        "type": "Polygon",
        "coordinates": [
          [
            [
              -1.4683813,
              50.9399101
            ],
            [
              -1.4683802,
              50.9400568
            ],
            [
              -1.4688065,
              50.9400582
            ],
            [
              -1.4688076,
              50.9399115
            ],
            [
              -1.4683813,
              50.9399101
            ]
          ]
        ]
      },
      "properties": {
        "osid": "84902719-d7a5-474f-906e-7934237fa0f2",
        "toid": "osgb5000005278503021",
        "theme": "Buildings",
        "changetype": "Modified Attributes",
        "isobscured": false,
        "description": "Building",
        "versiondate": "2025-02-05",
        "geometry_area": 488.745477,
        "height_source": "Ordnance Survey",
        "physicallevel": "Surface Level",
        "oslandusetiera": "Commercial Activity: Industrial Or Manufacturing",
        "oslandusetierb": [],
        "geometry_source": "Ordnance Survey",
        "oslandcovertiera": "Constructed",
        "oslandcovertierb": [
          "Building"
        ],
        "oslanduse_source": "Ordnance Survey",
        "height_updatedate": "2025-01-17",
        "description_source": "Ordnance Survey",
        "oslandcover_source": "Ordnance Survey",
        "associatedstructure": null,
        "geometry_updatedate": "2021-03-10",
        "height_evidencedate": "2024-06-20",
        "capturespecification": "Urban",
        "oslanduse_updatedate": "2021-03-10",
        "absoluteheightmaximum": 26.4,
        "absoluteheightminimum": 16.4,
        "geometry_evidencedate": "2021-03-10",
        "heightconfidencelevel": "Moderate",
        "relativeheightmaximum": 10,
        "absoluteheightroofbase": 24.8,
        "description_updatedate": "2021-03-10",
        "oslandcover_updatedate": "2021-03-10",
        "oslanduse_evidencedate": "2021-03-10",
        "relativeheightroofbase": 8.4,
        "versionavailabletodate": null,
        "firstdigitalcapturedate": "2021-03-10",
        "description_evidencedate": "2021-03-10",
        "oslandcover_evidencedate": "2021-03-10",
        "versionavailablefromdate": "2025-02-06T00:00:00Z"
      }
    },
    {
      "id": "84a1dba2-8798-4fa3-834f-b167fd4a8f8d",
      "type": "Feature",
      "geometry": {
        "type": "Polygon",
        "coordinates": [
          [
            [
              -1.465078,
              50.9400916
            ],
            [
              -1.465138,
              50.9401352
            ],
            [
              -1.465173,
              50.940116
            ],
            [
              -1.465113,
              50.9400724
            ],
            [
              -1.465078,
              50.9400916
            ]
          ]
        ]
      },
      "properties": {
        "osid": "84a1dba2-8798-4fa3-834f-b167fd4a8f8d",
        "toid": "osgb5000005227734180",
        "theme": "Buildings",
        "changetype": "Modified Attributes",
        "isobscured": false,
        "description": "Building",
        "versiondate": "2025-02-05",
        "geometry_area": 20.96245,
        "height_source": "Ordnance Survey",
        "physicallevel": "Surface Level",
        "oslandusetiera": "Residential Accommodation",
        "oslandusetierb": [
          "Private Residence"
        ],
        "geometry_source": "Ordnance Survey",
        "oslandcovertiera": "Constructed",
        "oslandcovertierb": [
          "Building"
        ],
        "oslanduse_source": "Ordnance Survey",
        "height_updatedate": "2025-01-17",
        "description_source": "Ordnance Survey",
        "oslandcover_source": "Ordnance Survey",
        "associatedstructure": null,
        "geometry_updatedate": "2018-04-26",
        "height_evidencedate": "2024-06-20",
        "capturespecification": "Urban",
        "oslanduse_updatedate": "2018-04-30",
        "absoluteheightmaximum": 27.9,
        "absoluteheightminimum": 23.5,
        "geometry_evidencedate": "2018-04-26",
        "heightconfidencelevel": "Moderate",
        "relativeheightmaximum": 4.4,
        "absoluteheightroofbase": 27.3,
        "description_updatedate": "2018-04-30",
        "oslandcover_updatedate": "2018-04-30",
        "oslanduse_evidencedate": "2018-04-30",
        "relativeheightroofbase": 3.8,
        "versionavailabletodate": null,
        "firstdigitalcapturedate": "2018-04-30",
        "description_evidencedate": "2018-04-30",
        "oslandcover_evidencedate": "2018-04-30",
        "versionavailablefromdate": "2025-02-06T00:00:00Z"
      }
    },
    {
      "id": "8500607d-0092-4fa2-859f-71f2ceb142c3",
      "type": "Feature",
      "geometry": {
        "type": "Polygon",
        "coordinates": [
          [
            [
              -1.4653749,
              50.9366265
            ],
            [
              -1.4654874,
              50.936627
            ],
            [
              -1.4654895,
              50.9365618
            ],
            [
              -1.4653771,
              50.9365609
            ],
            [
              -1.4653749,
              50.9366265
            ]
          ]
        ]
      },
      "properties": {
        "osid": "8500607d-0092-4fa2-859f-71f2ceb142c3",
        "toid": "osgb1000016342844",
        "theme": "Buildings",
        "changetype": "Modified Attributes",
        "isobscured": false,
        "description": "Building",
        "versiondate": "2025-02-05",
        "geometry_area": 57.475,
        "height_source": "Ordnance Survey",
        "physicallevel": "Surface Level",
        "oslandusetiera": "Residential Accommodation",
        "oslandusetierb": [
          "Private Residence"
        ],
        "geometry_source": "Ordnance Survey",
        "oslandcovertiera": "Constructed",
        "oslandcovertierb": [
          "Building"
        ],
        "oslanduse_source": "Ordnance Survey",
        "height_updatedate": "2025-01-17",
        "description_source": "Ordnance Survey",
        "oslandcover_source": "Ordnance Survey",
        "associatedstructure": null,
        "geometry_updatedate": "2004-04-13",
        "height_evidencedate": "2024-06-20",
        "capturespecification": "Urban",
        "oslanduse_updatedate": "2004-04-13",
        "absoluteheightmaximum": 22.2,
        "absoluteheightminimum": 14.5,
        "geometry_evidencedate": "2004-04-13",
        "heightconfidencelevel": "Moderate",
        "relativeheightmaximum": 7.7,
        "absoluteheightroofbase": 21,
        "description_updatedate": "2004-04-13",
        "oslandcover_updatedate": "2004-04-13",
        "oslanduse_evidencedate": "2004-04-13",
        "relativeheightroofbase": 6.5,
        "versionavailabletodate": null,
        "firstdigitalcapturedate": "1988-05-16",
        "description_evidencedate": "2004-04-13",
        "oslandcover_evidencedate": "2004-04-13",
        "versionavailablefromdate": "2025-02-06T00:00:00Z"
      }
    },
    {
      "id": "858946b2-d8c0-4f77-80c5-53945ec950c9",
      "type": "Feature",
      "geometry": {
        "type": "Polygon",
        "coordinates": [
          [
            [
              -1.471806,
              50.935925
            ],
            [
              -1.4718338,
              50.9359844
            ],
            [
              -1.4720164,
              50.9359484
            ],
            [
              -1.4719872,
              50.9358916
            ],
            [
              -1.471806,
              50.935925
            ]
          ]
        ]
      },
      "properties": {
        "osid": "858946b2-d8c0-4f77-80c5-53945ec950c9",
        "toid": "osgb1000016343245",
        "theme": "Buildings",
        "changetype": "Modified Attributes",
        "isobscured": false,
        "description": "Building",
        "versiondate": "2025-02-05",
        "geometry_area": 90.335,
        "height_source": "Ordnance Survey",
        "physicallevel": "Surface Level",
        "oslandusetiera": "Unknown Or Unused Artificial",
        "oslandusetierb": [],
        "geometry_source": "Ordnance Survey",
        "oslandcovertiera": "Constructed",
        "oslandcovertierb": [
          "Building"
        ],
        "oslanduse_source": "Ordnance Survey",
        "height_updatedate": "2025-01-17",
        "description_source": "Ordnance Survey",
        "oslandcover_source": "Ordnance Survey",
        "associatedstructure": null,
        "geometry_updatedate": "2004-02-10",
        "height_evidencedate": "2024-06-20",
        "capturespecification": "Urban",
        "oslanduse_updatedate": "2004-02-10",
        "absoluteheightmaximum": null,
        "absoluteheightminimum": 10.5,
        "geometry_evidencedate": "2004-02-10",
        "heightconfidencelevel": "Incomplete",
        "relativeheightmaximum": null,
        "absoluteheightroofbase": null,
        "description_updatedate": "2004-02-10",
        "oslandcover_updatedate": "2004-02-10",
        "oslanduse_evidencedate": "2004-02-10",
        "relativeheightroofbase": null,
        "versionavailabletodate": null,
        "firstdigitalcapturedate": "1988-07-28",
        "description_evidencedate": "2004-02-10",
        "oslandcover_evidencedate": "2004-02-10",
        "versionavailablefromdate": "2025-02-06T00:00:00Z"
      }
    },
    {
      "id": "858fd4e3-f9b2-42cc-8050-b34201d05d4f",
      "type": "Feature",
      "geometry": {
        "type": "Polygon",
        "coordinates": [
          [
            [
              -1.4663991,
              50.937606
            ],
            [
              -1.4663267,
              50.9376493
            ],
            [
              -1.4663874,
              50.93769
            ],
            [
              -1.4664053,
              50.9376797
            ],
            [
              -1.4664177,
              50.9376882
            ],
            [
              -1.4664369,
              50.9376771
            ],
            [
              -1.4664245,
              50.9376685
            ],
            [
              -1.4664605,
              50.9376476
            ],
            [
              -1.4663991,
              50.937606
            ]
          ]
        ]
      },
      "properties": {
        "osid": "858fd4e3-f9b2-42cc-8050-b34201d05d4f",
        "toid": "osgb1000016342765",
        "theme": "Buildings",
        "changetype": "Modified Attributes",
        "isobscured": false,
        "description": "Building",
        "versiondate": "2025-02-05",
        "geometry_area": 46.214666,
        "height_source": "Ordnance Survey",
        "physicallevel": "Surface Level",
        "oslandusetiera": "Residential Accommodation",
        "oslandusetierb": [
          "Private Residence"
        ],
        "geometry_source": "Ordnance Survey",
        "oslandcovertiera": "Constructed",
        "oslandcovertierb": [
          "Building"
        ],
        "oslanduse_source": "Ordnance Survey",
        "height_updatedate": "2025-01-17",
        "description_source": "Ordnance Survey",
        "oslandcover_source": "Ordnance Survey",
        "associatedstructure": null,
        "geometry_updatedate": "2017-04-19",
        "height_evidencedate": "2024-06-20",
        "capturespecification": "Urban",
        "oslanduse_updatedate": "2004-04-13",
        "absoluteheightmaximum": 24.7,
        "absoluteheightminimum": 17.7,
        "geometry_evidencedate": "2016-08-12",
        "heightconfidencelevel": "Moderate",
        "relativeheightmaximum": 7,
        "absoluteheightroofbase": 23.6,
        "description_updatedate": "2004-04-13",
        "oslandcover_updatedate": "2004-04-13",
        "oslanduse_evidencedate": "2004-04-13",
        "relativeheightroofbase": 5.9,
        "versionavailabletodate": null,
        "firstdigitalcapturedate": "1988-05-16",
        "description_evidencedate": "2004-04-13",
        "oslandcover_evidencedate": "2004-04-13",
        "versionavailablefromdate": "2025-02-06T00:00:00Z"
      }
    },
    {
      "id": "8594558c-d52e-41ec-a06e-8fdbf672dc0b",
      "type": "Feature",
      "geometry": {
        "type": "Polygon",
        "coordinates": [
          [
            [
              -1.4638698,
              50.9337955
            ],
            [
              -1.4638719,
              50.9337969
            ],
            [
              -1.4639191,
              50.9338362
            ],
            [
              -1.4639362,
              50.9338385
            ],
            [
              -1.4639376,
              50.9338399
            ],
            [
              -1.4639665,
              50.933863
            ],
            [
              -1.4640587,
              50.9338229
            ],
            [
              -1.4640397,
              50.9338066
            ],
            [
              -1.4640031,
              50.9337741
            ],
            [
              -1.4640174,
              50.9337661
            ],
            [
              -1.4639963,
              50.9337489
            ],
            [
              -1.4639805,
              50.933756
            ],
            [
              -1.4639481,
              50.933728
            ],
            [
              -1.4639305,
              50.9337131
            ],
            [
              -1.4638396,
              50.9337567
            ],
            [
              -1.4638721,
              50.9337825
            ],
            [
              -1.4638706,
              50.9337847
            ],
            [
              -1.4638698,
              50.9337955
            ]
          ]
        ]
      },
      "properties": {
        "osid": "8594558c-d52e-41ec-a06e-8fdbf672dc0b",
        "toid": "osgb1000016342712",
        "theme": "Buildings",
        "changetype": "Modified Attributes",
        "isobscured": false,
        "description": "Building",
        "versiondate": "2025-02-05",
        "geometry_area": 128.52,
        "height_source": "Ordnance Survey",
        "physicallevel": "Surface Level",
        "oslandusetiera": "Residential Accommodation",
        "oslandusetierb": [
          "Private Residence"
        ],
        "geometry_source": "Ordnance Survey",
        "oslandcovertiera": "Constructed",
        "oslandcovertierb": [
          "Building"
        ],
        "oslanduse_source": "Ordnance Survey",
        "height_updatedate": "2025-01-17",
        "description_source": "Ordnance Survey",
        "oslandcover_source": "Ordnance Survey",
        "associatedstructure": null,
        "geometry_updatedate": "2004-04-13",
        "height_evidencedate": "2024-06-20",
        "capturespecification": "Urban",
        "oslanduse_updatedate": "2004-04-13",
        "absoluteheightmaximum": 18.1,
        "absoluteheightminimum": 11.3,
        "geometry_evidencedate": "2004-04-13",
        "heightconfidencelevel": "Moderate",
        "relativeheightmaximum": 6.8,
        "absoluteheightroofbase": 14.9,
        "description_updatedate": "2004-04-13",
        "oslandcover_updatedate": "2004-04-13",
        "oslanduse_evidencedate": "2004-04-13",
        "relativeheightroofbase": 3.6,
        "versionavailabletodate": null,
        "firstdigitalcapturedate": "1988-05-16",
        "description_evidencedate": "2004-04-13",
        "oslandcover_evidencedate": "2004-04-13",
        "versionavailablefromdate": "2025-02-06T00:00:00Z"
      }
    },
    {
      "id": "85969e73-09d6-4a70-882c-54ca9442fede",
      "type": "Feature",
      "geometry": {
        "type": "Polygon",
        "coordinates": [
          [
            [
              -1.4658099,
              50.9402102
            ],
            [
              -1.4658728,
              50.9402491
            ],
            [
              -1.4659045,
              50.9402286
            ],
            [
              -1.4658416,
              50.9401897
            ],
            [
              -1.4658099,
              50.9402102
            ]
          ]
        ]
      },
      "properties": {
        "osid": "85969e73-09d6-4a70-882c-54ca9442fede",
        "toid": "osgb5000005227734231",
        "theme": "Buildings",
        "changetype": "Modified Attributes",
        "isobscured": false,
        "description": "Building",
        "versiondate": "2025-02-05",
        "geometry_area": 19.713539,
        "height_source": "Ordnance Survey",
        "physicallevel": "Surface Level",
        "oslandusetiera": "Residential Accommodation",
        "oslandusetierb": [
          "Private Residence"
        ],
        "geometry_source": "Ordnance Survey",
        "oslandcovertiera": "Constructed",
        "oslandcovertierb": [
          "Building"
        ],
        "oslanduse_source": "Ordnance Survey",
        "height_updatedate": "2025-01-17",
        "description_source": "Ordnance Survey",
        "oslandcover_source": "Ordnance Survey",
        "associatedstructure": null,
        "geometry_updatedate": "2018-04-30",
        "height_evidencedate": "2024-06-20",
        "capturespecification": "Urban",
        "oslanduse_updatedate": "2018-04-30",
        "absoluteheightmaximum": 26.8,
        "absoluteheightminimum": 22.1,
        "geometry_evidencedate": "2018-04-30",
        "heightconfidencelevel": "Moderate",
        "relativeheightmaximum": 4.7,
        "absoluteheightroofbase": 26.1,
        "description_updatedate": "2018-04-30",
        "oslandcover_updatedate": "2018-04-30",
        "oslanduse_evidencedate": "2018-04-30",
        "relativeheightroofbase": 4,
        "versionavailabletodate": null,
        "firstdigitalcapturedate": "2018-04-30",
        "description_evidencedate": "2018-04-30",
        "oslandcover_evidencedate": "2018-04-30",
        "versionavailablefromdate": "2025-02-06T00:00:00Z"
      }
    },
    {
      "id": "85bd5b68-db33-4c70-ad53-a1450cf87808",
      "type": "Feature",
      "geometry": {
        "type": "Polygon",
        "coordinates": [
          [
            [
              -1.4649858,
              50.939778
            ],
            [
              -1.4650577,
              50.9397995
            ],
            [
              -1.4650711,
              50.9397816
            ],
            [
              -1.4651055,
              50.9397354
            ],
            [
              -1.4651179,
              50.9397189
            ],
            [
              -1.465046,
              50.9396974
            ],
            [
              -1.4649858,
              50.939778
            ]
          ]
        ]
      },
      "properties": {
        "osid": "85bd5b68-db33-4c70-ad53-a1450cf87808",
        "toid": "osgb5000005227734188",
        "theme": "Buildings",
        "changetype": "Modified Attributes",
        "isobscured": false,
        "description": "Building",
        "versiondate": "2025-02-05",
        "geometry_area": 55.403521,
        "height_source": "Ordnance Survey",
        "physicallevel": "Surface Level",
        "oslandusetiera": "Residential Accommodation",
        "oslandusetierb": [
          "Private Residence"
        ],
        "geometry_source": "Ordnance Survey",
        "oslandcovertiera": "Constructed",
        "oslandcovertierb": [
          "Building"
        ],
        "oslanduse_source": "Ordnance Survey",
        "height_updatedate": "2025-01-17",
        "description_source": "Ordnance Survey",
        "oslandcover_source": "Ordnance Survey",
        "associatedstructure": null,
        "geometry_updatedate": "2018-04-30",
        "height_evidencedate": "2024-06-20",
        "capturespecification": "Urban",
        "oslanduse_updatedate": "2018-04-30",
        "absoluteheightmaximum": 31.5,
        "absoluteheightminimum": 23.7,
        "geometry_evidencedate": "2018-04-30",
        "heightconfidencelevel": "Moderate",
        "relativeheightmaximum": 7.8,
        "absoluteheightroofbase": 29.2,
        "description_updatedate": "2018-04-30",
        "oslandcover_updatedate": "2018-04-30",
        "oslanduse_evidencedate": "2018-04-30",
        "relativeheightroofbase": 5.5,
        "versionavailabletodate": null,
        "firstdigitalcapturedate": "2018-04-30",
        "description_evidencedate": "2018-04-30",
        "oslandcover_evidencedate": "2018-04-30",
        "versionavailablefromdate": "2025-02-06T00:00:00Z"
      }
    },
    {
      "id": "85c60608-c729-470e-aea3-d27a61c85f9d",
      "type": "Feature",
      "geometry": {
        "type": "Polygon",
        "coordinates": [
          [
            [
              -1.4662718,
              50.938313
            ],
            [
              -1.466248,
              50.9383515
            ],
            [
              -1.4663571,
              50.9383785
            ],
            [
              -1.4663809,
              50.93834
            ],
            [
              -1.4662718,
              50.938313
            ]
          ]
        ]
      },
      "properties": {
        "osid": "85c60608-c729-470e-aea3-d27a61c85f9d",
        "toid": "osgb5000005244788311",
        "theme": "Buildings",
        "changetype": "Modified Attributes",
        "isobscured": false,
        "description": "Building",
        "versiondate": "2025-02-05",
        "geometry_area": 37.818918,
        "height_source": "Ordnance Survey",
        "physicallevel": "Surface Level",
        "oslandusetiera": "Residential Accommodation",
        "oslandusetierb": [
          "Private Residence"
        ],
        "geometry_source": "Ordnance Survey",
        "oslandcovertiera": "Constructed",
        "oslandcovertierb": [
          "Building"
        ],
        "oslanduse_source": "Ordnance Survey",
        "height_updatedate": "2025-01-17",
        "description_source": "Ordnance Survey",
        "oslandcover_source": "Ordnance Survey",
        "associatedstructure": null,
        "geometry_updatedate": "2019-04-09",
        "height_evidencedate": "2024-06-20",
        "capturespecification": "Urban",
        "oslanduse_updatedate": "2019-04-09",
        "absoluteheightmaximum": 27.4,
        "absoluteheightminimum": 19.5,
        "geometry_evidencedate": "2019-04-09",
        "heightconfidencelevel": "Moderate",
        "relativeheightmaximum": 7.9,
        "absoluteheightroofbase": 25.3,
        "description_updatedate": "2019-04-09",
        "oslandcover_updatedate": "2019-04-09",
        "oslanduse_evidencedate": "2019-04-09",
        "relativeheightroofbase": 5.8,
        "versionavailabletodate": null,
        "firstdigitalcapturedate": "2019-04-09",
        "description_evidencedate": "2019-04-09",
        "oslandcover_evidencedate": "2019-04-09",
        "versionavailablefromdate": "2025-02-06T00:00:00Z"
      }
    },
    {
      "id": "85d7e1f3-1b6c-42f5-91e5-a6b34227aaec",
      "type": "Feature",
      "geometry": {
        "type": "Polygon",
        "coordinates": [
          [
            [
              -1.4655585,
              50.9364417
            ],
            [
              -1.4655655,
              50.9363918
            ],
            [
              -1.465525,
              50.9363898
            ],
            [
              -1.465518,
              50.9364397
            ],
            [
              -1.4655585,
              50.9364417
            ]
          ]
        ]
      },
      "properties": {
        "osid": "85d7e1f3-1b6c-42f5-91e5-a6b34227aaec",
        "toid": "osgb1000016342828",
        "theme": "Buildings",
        "changetype": "Modified Attributes",
        "isobscured": false,
        "description": "Building",
        "versiondate": "2025-02-05",
        "geometry_area": 15.9075,
        "height_source": "Ordnance Survey",
        "physicallevel": "Surface Level",
        "oslandusetiera": "Unknown Or Unused Artificial",
        "oslandusetierb": [],
        "geometry_source": "Ordnance Survey",
        "oslandcovertiera": "Constructed",
        "oslandcovertierb": [
          "Building"
        ],
        "oslanduse_source": "Ordnance Survey",
        "height_updatedate": "2025-01-17",
        "description_source": "Ordnance Survey",
        "oslandcover_source": "Ordnance Survey",
        "associatedstructure": null,
        "geometry_updatedate": "2004-04-13",
        "height_evidencedate": "2024-06-20",
        "capturespecification": "Urban",
        "oslanduse_updatedate": "2004-04-13",
        "absoluteheightmaximum": 16.3,
        "absoluteheightminimum": 13.9,
        "geometry_evidencedate": "2004-04-13",
        "heightconfidencelevel": "Moderate",
        "relativeheightmaximum": 2.4,
        "absoluteheightroofbase": 15.9,
        "description_updatedate": "2004-04-13",
        "oslandcover_updatedate": "2004-04-13",
        "oslanduse_evidencedate": "2004-04-13",
        "relativeheightroofbase": 2,
        "versionavailabletodate": null,
        "firstdigitalcapturedate": "1988-05-16",
        "description_evidencedate": "2004-04-13",
        "oslandcover_evidencedate": "2004-04-13",
        "versionavailablefromdate": "2025-02-06T00:00:00Z"
      }
    },
    {
      "id": "85fac387-f86b-48fc-8ecc-3d2e339eacbb",
      "type": "Feature",
      "geometry": {
        "type": "Polygon",
        "coordinates": [
          [
            [
              -1.466407,
              50.9403529
            ],
            [
              -1.4664891,
              50.9404236
            ],
            [
              -1.466568,
              50.9403871
            ],
            [
              -1.4664858,
              50.9403163
            ],
            [
              -1.466407,
              50.9403529
            ]
          ]
        ]
      },
      "properties": {
        "osid": "85fac387-f86b-48fc-8ecc-3d2e339eacbb",
        "toid": "osgb5000005232124733",
        "theme": "Buildings",
        "changetype": "Modified Attributes",
        "isobscured": false,
        "description": "Building",
        "versiondate": "2025-02-05",
        "geometry_area": 67.05309,
        "height_source": "Ordnance Survey",
        "physicallevel": "Surface Level",
        "oslandusetiera": "Residential Accommodation",
        "oslandusetierb": [
          "Private Residence"
        ],
        "geometry_source": "Ordnance Survey",
        "oslandcovertiera": "Constructed",
        "oslandcovertierb": [
          "Building"
        ],
        "oslanduse_source": "Ordnance Survey",
        "height_updatedate": "2025-01-17",
        "description_source": "Ordnance Survey",
        "oslandcover_source": "Ordnance Survey",
        "associatedstructure": null,
        "geometry_updatedate": "2018-07-09",
        "height_evidencedate": "2024-06-20",
        "capturespecification": "Urban",
        "oslanduse_updatedate": "2018-07-09",
        "absoluteheightmaximum": 30,
        "absoluteheightminimum": 21,
        "geometry_evidencedate": "2018-07-09",
        "heightconfidencelevel": "Moderate",
        "relativeheightmaximum": 9,
        "absoluteheightroofbase": 27,
        "description_updatedate": "2018-07-09",
        "oslandcover_updatedate": "2018-07-09",
        "oslanduse_evidencedate": "2018-07-09",
        "relativeheightroofbase": 6,
        "versionavailabletodate": null,
        "firstdigitalcapturedate": "2018-07-10",
        "description_evidencedate": "2018-07-09",
        "oslandcover_evidencedate": "2018-07-09",
        "versionavailablefromdate": "2025-02-06T00:00:00Z"
      }
    },
    {
      "id": "86989cc9-691f-4ed8-97b8-919a17cf290a",
      "type": "Feature",
      "geometry": {
        "type": "Polygon",
        "coordinates": [
          [
            [
              -1.4665221,
              50.937802
            ],
            [
              -1.4664993,
              50.9377365
            ],
            [
              -1.4664252,
              50.9377469
            ],
            [
              -1.4664487,
              50.9378121
            ],
            [
              -1.4665221,
              50.937802
            ]
          ]
        ]
      },
      "properties": {
        "osid": "86989cc9-691f-4ed8-97b8-919a17cf290a",
        "toid": "osgb1000016342656",
        "theme": "Buildings",
        "changetype": "Modified Attributes",
        "isobscured": false,
        "description": "Building",
        "versiondate": "2025-02-05",
        "geometry_area": 39.49525,
        "height_source": "Ordnance Survey",
        "physicallevel": "Surface Level",
        "oslandusetiera": "Residential Accommodation",
        "oslandusetierb": [
          "Private Residence"
        ],
        "geometry_source": "Ordnance Survey",
        "oslandcovertiera": "Constructed",
        "oslandcovertierb": [
          "Building"
        ],
        "oslanduse_source": "Ordnance Survey",
        "height_updatedate": "2025-01-17",
        "description_source": "Ordnance Survey",
        "oslandcover_source": "Ordnance Survey",
        "associatedstructure": null,
        "geometry_updatedate": "2004-02-10",
        "height_evidencedate": "2024-06-20",
        "capturespecification": "Urban",
        "oslanduse_updatedate": "2004-02-10",
        "absoluteheightmaximum": 24,
        "absoluteheightminimum": 17.6,
        "geometry_evidencedate": "2004-02-10",
        "heightconfidencelevel": "Moderate",
        "relativeheightmaximum": 6.4,
        "absoluteheightroofbase": 22.6,
        "description_updatedate": "2004-02-10",
        "oslandcover_updatedate": "2004-02-10",
        "oslanduse_evidencedate": "2004-02-10",
        "relativeheightroofbase": 5,
        "versionavailabletodate": null,
        "firstdigitalcapturedate": "1991-09-01",
        "description_evidencedate": "2004-02-10",
        "oslandcover_evidencedate": "2004-02-10",
        "versionavailablefromdate": "2025-02-06T00:00:00Z"
      }
    },
    {
      "id": "87f7d8f6-3444-491e-bef3-eee59de111b6",
      "type": "Feature",
      "geometry": {
        "type": "Polygon",
        "coordinates": [
          [
            [
              -1.4686933,
              50.9368594
            ],
            [
              -1.4686564,
              50.9369131
            ],
            [
              -1.46874,
              50.9369368
            ],
            [
              -1.4687779,
              50.9368839
            ],
            [
              -1.4686933,
              50.9368594
            ]
          ]
        ]
      },
      "properties": {
        "osid": "87f7d8f6-3444-491e-bef3-eee59de111b6",
        "toid": "osgb1000016343194",
        "theme": "Buildings",
        "changetype": "Modified Attributes",
        "isobscured": false,
        "description": "Building",
        "versiondate": "2025-02-05",
        "geometry_area": 42.1209,
        "height_source": "Ordnance Survey",
        "physicallevel": "Surface Level",
        "oslandusetiera": "Residential Accommodation",
        "oslandusetierb": [
          "Private Residence"
        ],
        "geometry_source": "Ordnance Survey",
        "oslandcovertiera": "Constructed",
        "oslandcovertierb": [
          "Building"
        ],
        "oslanduse_source": "Ordnance Survey",
        "height_updatedate": "2025-01-17",
        "description_source": "Ordnance Survey",
        "oslandcover_source": "Ordnance Survey",
        "associatedstructure": null,
        "geometry_updatedate": "2004-02-10",
        "height_evidencedate": "2024-06-20",
        "capturespecification": "Urban",
        "oslanduse_updatedate": "2004-02-10",
        "absoluteheightmaximum": 18.9,
        "absoluteheightminimum": 11.7,
        "geometry_evidencedate": "2004-02-10",
        "heightconfidencelevel": "Moderate",
        "relativeheightmaximum": 7.2,
        "absoluteheightroofbase": 17,
        "description_updatedate": "2004-02-10",
        "oslandcover_updatedate": "2004-02-10",
        "oslanduse_evidencedate": "2004-02-10",
        "relativeheightroofbase": 5.3,
        "versionavailabletodate": null,
        "firstdigitalcapturedate": "1988-07-28",
        "description_evidencedate": "2004-02-10",
        "oslandcover_evidencedate": "2004-02-10",
        "versionavailablefromdate": "2025-02-06T00:00:00Z"
      }
    },
    {
      "id": "88530db2-9fa7-48b7-a474-d8036bf63b13",
      "type": "Feature",
      "geometry": {
        "type": "Polygon",
        "coordinates": [
          [
            [
              -1.4663562,
              50.9403781
            ],
            [
              -1.4663282,
              50.9403544
            ],
            [
              -1.4662583,
              50.9403873
            ],
            [
              -1.4662863,
              50.940411
            ],
            [
              -1.4663562,
              50.9403781
            ]
          ]
        ]
      },
      "properties": {
        "osid": "88530db2-9fa7-48b7-a474-d8036bf63b13",
        "toid": "osgb5000005232124707",
        "theme": "Buildings",
        "changetype": "Modified Attributes",
        "isobscured": false,
        "description": "Building",
        "versiondate": "2025-02-05",
        "geometry_area": 20.13935,
        "height_source": "Ordnance Survey",
        "physicallevel": "Surface Level",
        "oslandusetiera": "Residential Accommodation",
        "oslandusetierb": [
          "Private Residence"
        ],
        "geometry_source": "Ordnance Survey",
        "oslandcovertiera": "Constructed",
        "oslandcovertierb": [
          "Building"
        ],
        "oslanduse_source": "Ordnance Survey",
        "height_updatedate": "2025-01-17",
        "description_source": "Ordnance Survey",
        "oslandcover_source": "Ordnance Survey",
        "associatedstructure": null,
        "geometry_updatedate": "2018-07-09",
        "height_evidencedate": "2024-06-20",
        "capturespecification": "Urban",
        "oslanduse_updatedate": "2018-07-09",
        "absoluteheightmaximum": 25.5,
        "absoluteheightminimum": 21.2,
        "geometry_evidencedate": "2018-07-09",
        "heightconfidencelevel": "Moderate",
        "relativeheightmaximum": 4.3,
        "absoluteheightroofbase": 23.9,
        "description_updatedate": "2018-07-09",
        "oslandcover_updatedate": "2018-07-09",
        "oslanduse_evidencedate": "2018-07-09",
        "relativeheightroofbase": 2.7,
        "versionavailabletodate": null,
        "firstdigitalcapturedate": "2018-07-10",
        "description_evidencedate": "2018-07-09",
        "oslandcover_evidencedate": "2018-07-09",
        "versionavailablefromdate": "2025-02-06T00:00:00Z"
      }
    },
    {
      "id": "88f82055-18f1-4284-84cd-1d9a8cef9efc",
      "type": "Feature",
      "geometry": {
        "type": "Polygon",
        "coordinates": [
          [
            [
              -1.4678993,
              50.9367789
            ],
            [
              -1.4679307,
              50.9367778
            ],
            [
              -1.4679269,
              50.936732
            ],
            [
              -1.4678942,
              50.9367325
            ],
            [
              -1.4678993,
              50.9367789
            ]
          ]
        ]
      },
      "properties": {
        "osid": "88f82055-18f1-4284-84cd-1d9a8cef9efc",
        "toid": "osgb1000016343220",
        "theme": "Buildings",
        "changetype": "Modified Attributes",
        "isobscured": false,
        "description": "Building",
        "versiondate": "2025-02-05",
        "geometry_area": 11.568,
        "height_source": "Ordnance Survey",
        "physicallevel": "Surface Level",
        "oslandusetiera": "Unknown Or Unused Artificial",
        "oslandusetierb": [],
        "geometry_source": "Ordnance Survey",
        "oslandcovertiera": "Constructed",
        "oslandcovertierb": [
          "Building"
        ],
        "oslanduse_source": "Ordnance Survey",
        "height_updatedate": "2025-01-17",
        "description_source": "Ordnance Survey",
        "oslandcover_source": "Ordnance Survey",
        "associatedstructure": null,
        "geometry_updatedate": "2004-02-10",
        "height_evidencedate": "2024-06-20",
        "capturespecification": "Urban",
        "oslanduse_updatedate": "2004-02-10",
        "absoluteheightmaximum": null,
        "absoluteheightminimum": 12.6,
        "geometry_evidencedate": "2004-02-10",
        "heightconfidencelevel": "Incomplete",
        "relativeheightmaximum": null,
        "absoluteheightroofbase": null,
        "description_updatedate": "2004-02-10",
        "oslandcover_updatedate": "2004-02-10",
        "oslanduse_evidencedate": "2004-02-10",
        "relativeheightroofbase": null,
        "versionavailabletodate": null,
        "firstdigitalcapturedate": "1988-07-28",
        "description_evidencedate": "2004-02-10",
        "oslandcover_evidencedate": "2004-02-10",
        "versionavailablefromdate": "2025-02-06T00:00:00Z"
      }
    },
    {
      "id": "899ee4f3-f7ef-4120-829e-8d5937241eac",
      "type": "Feature",
      "geometry": {
        "type": "Polygon",
        "coordinates": [
          [
            [
              -1.4669344,
              50.9392623
            ],
            [
              -1.4669592,
              50.939286
            ],
            [
              -1.4670343,
              50.9392546
            ],
            [
              -1.4670262,
              50.9392469
            ],
            [
              -1.4670095,
              50.939231
            ],
            [
              -1.4669344,
              50.9392623
            ]
          ]
        ]
      },
      "properties": {
        "osid": "899ee4f3-f7ef-4120-829e-8d5937241eac",
        "toid": "osgb5000005239289050",
        "theme": "Buildings",
        "changetype": "Modified Attributes",
        "isobscured": false,
        "description": "Building",
        "versiondate": "2025-02-20",
        "geometry_area": 19.94847,
        "height_source": "Ordnance Survey",
        "physicallevel": "Surface Level",
        "oslandusetiera": "Residential Accommodation",
        "oslandusetierb": [
          "Private Residence"
        ],
        "geometry_source": "Ordnance Survey",
        "oslandcovertiera": "Constructed",
        "oslandcovertierb": [
          "Building"
        ],
        "oslanduse_source": "Ordnance Survey",
        "height_updatedate": "2025-01-17",
        "description_source": "Ordnance Survey",
        "oslandcover_source": "Ordnance Survey",
        "associatedstructure": null,
        "geometry_updatedate": "2019-06-04",
        "height_evidencedate": "2024-06-20",
        "capturespecification": "Urban",
        "oslanduse_updatedate": "2018-11-26",
        "absoluteheightmaximum": 23.1,
        "absoluteheightminimum": 19.4,
        "geometry_evidencedate": "2019-06-04",
        "heightconfidencelevel": "Moderate",
        "relativeheightmaximum": 3.7,
        "absoluteheightroofbase": 22.3,
        "description_updatedate": "2018-11-26",
        "oslandcover_updatedate": "2018-11-26",
        "oslanduse_evidencedate": "2018-11-26",
        "relativeheightroofbase": 2.9,
        "versionavailabletodate": null,
        "firstdigitalcapturedate": "2018-11-26",
        "description_evidencedate": "2018-11-26",
        "oslandcover_evidencedate": "2018-11-26",
        "versionavailablefromdate": "2025-02-21T00:00:00Z"
      }
    },
    {
      "id": "8a93f382-e02d-4d28-bca3-b6c932d5e330",
      "type": "Feature",
      "geometry": {
        "type": "Polygon",
        "coordinates": [
          [
            [
              -1.4669987,
              50.9355837
            ],
            [
              -1.4670364,
              50.9355956
            ],
            [
              -1.4670811,
              50.9356096
            ],
            [
              -1.4671183,
              50.9356213
            ],
            [
              -1.4671249,
              50.9356129
            ],
            [
              -1.4671574,
              50.9355716
            ],
            [
              -1.4670378,
              50.9355341
            ],
            [
              -1.4669987,
              50.9355837
            ]
          ]
        ]
      },
      "properties": {
        "osid": "8a93f382-e02d-4d28-bca3-b6c932d5e330",
        "toid": "osgb5000005208814505",
        "theme": "Buildings",
        "changetype": "Modified Attributes",
        "isobscured": false,
        "description": "Building",
        "versiondate": "2025-02-05",
        "geometry_area": 57.920843,
        "height_source": "Ordnance Survey",
        "physicallevel": "Surface Level",
        "oslandusetiera": "Residential Accommodation",
        "oslandusetierb": [
          "Private Residence"
        ],
        "geometry_source": "Ordnance Survey",
        "oslandcovertiera": "Constructed",
        "oslandcovertierb": [
          "Building"
        ],
        "oslanduse_source": "Ordnance Survey",
        "height_updatedate": "2025-01-17",
        "description_source": "Ordnance Survey",
        "oslandcover_source": "Ordnance Survey",
        "associatedstructure": null,
        "geometry_updatedate": "2017-11-09",
        "height_evidencedate": "2024-06-20",
        "capturespecification": "Urban",
        "oslanduse_updatedate": "2017-08-03",
        "absoluteheightmaximum": 20.3,
        "absoluteheightminimum": 12.1,
        "geometry_evidencedate": "2017-11-09",
        "heightconfidencelevel": "Moderate",
        "relativeheightmaximum": 8.2,
        "absoluteheightroofbase": 17.5,
        "description_updatedate": "2017-08-03",
        "oslandcover_updatedate": "2017-08-03",
        "oslanduse_evidencedate": "2017-08-03",
        "relativeheightroofbase": 5.4,
        "versionavailabletodate": null,
        "firstdigitalcapturedate": "2017-08-03",
        "description_evidencedate": "2017-08-03",
        "oslandcover_evidencedate": "2017-08-03",
        "versionavailablefromdate": "2025-02-06T00:00:00Z"
      }
    },
    {
      "id": "8a9d483a-de58-42d0-99f3-432f525f7be4",
      "type": "Feature",
      "geometry": {
        "type": "Polygon",
        "coordinates": [
          [
            [
              -1.4649455,
              50.9403943
            ],
            [
              -1.4649801,
              50.9404099
            ],
            [
              -1.4650021,
              50.9403904
            ],
            [
              -1.4650073,
              50.9403927
            ],
            [
              -1.4650519,
              50.9403531
            ],
            [
              -1.4649426,
              50.940304
            ],
            [
              -1.4648844,
              50.9403557
            ],
            [
              -1.464923,
              50.940373
            ],
            [
              -1.4649538,
              50.9403869
            ],
            [
              -1.4649455,
              50.9403943
            ]
          ]
        ]
      },
      "properties": {
        "osid": "8a9d483a-de58-42d0-99f3-432f525f7be4",
        "toid": "osgb5000005208860375",
        "theme": "Buildings",
        "changetype": "Modified Attributes",
        "isobscured": false,
        "description": "Building",
        "versiondate": "2025-02-05",
        "geometry_area": 68.787655,
        "height_source": "Ordnance Survey",
        "physicallevel": "Surface Level",
        "oslandusetiera": "Residential Accommodation",
        "oslandusetierb": [
          "Private Residence"
        ],
        "geometry_source": "Ordnance Survey",
        "oslandcovertiera": "Constructed",
        "oslandcovertierb": [
          "Building"
        ],
        "oslanduse_source": "Ordnance Survey",
        "height_updatedate": "2025-01-17",
        "description_source": "Ordnance Survey",
        "oslandcover_source": "Ordnance Survey",
        "associatedstructure": null,
        "geometry_updatedate": "2017-08-04",
        "height_evidencedate": "2024-06-20",
        "capturespecification": "Urban",
        "oslanduse_updatedate": "2017-08-04",
        "absoluteheightmaximum": 31.6,
        "absoluteheightminimum": 23.3,
        "geometry_evidencedate": "2017-08-04",
        "heightconfidencelevel": "Moderate",
        "relativeheightmaximum": 8.3,
        "absoluteheightroofbase": 29.7,
        "description_updatedate": "2017-08-04",
        "oslandcover_updatedate": "2017-08-04",
        "oslanduse_evidencedate": "2017-08-04",
        "relativeheightroofbase": 6.4,
        "versionavailabletodate": null,
        "firstdigitalcapturedate": "2017-08-04",
        "description_evidencedate": "2017-08-04",
        "oslandcover_evidencedate": "2017-08-04",
        "versionavailablefromdate": "2025-02-06T00:00:00Z"
      }
    },
    {
      "id": "8ac6e3fa-1cbe-4969-b2e6-37a0565158f0",
      "type": "Feature",
      "geometry": {
        "type": "Polygon",
        "coordinates": [
          [
            [
              -1.4684379,
              50.9372214
            ],
            [
              -1.4684883,
              50.9372981
            ],
            [
              -1.4685511,
              50.9372831
            ],
            [
              -1.4685902,
              50.9372737
            ],
            [
              -1.4685709,
              50.9372454
            ],
            [
              -1.4685356,
              50.9371956
            ],
            [
              -1.4684379,
              50.9372214
            ]
          ]
        ]
      },
      "properties": {
        "osid": "8ac6e3fa-1cbe-4969-b2e6-37a0565158f0",
        "toid": "osgb1000016343198",
        "theme": "Buildings",
        "changetype": "Modified Attributes",
        "isobscured": false,
        "description": "Building",
        "versiondate": "2025-02-05",
        "geometry_area": 70.7811,
        "height_source": "Ordnance Survey",
        "physicallevel": "Surface Level",
        "oslandusetiera": "Residential Accommodation",
        "oslandusetierb": [
          "Private Residence"
        ],
        "geometry_source": "Ordnance Survey",
        "oslandcovertiera": "Constructed",
        "oslandcovertierb": [
          "Building"
        ],
        "oslanduse_source": "Ordnance Survey",
        "height_updatedate": "2025-01-17",
        "description_source": "Ordnance Survey",
        "oslandcover_source": "Ordnance Survey",
        "associatedstructure": null,
        "geometry_updatedate": "2017-04-19",
        "height_evidencedate": "2024-06-20",
        "capturespecification": "Urban",
        "oslanduse_updatedate": "2004-02-10",
        "absoluteheightmaximum": 19.6,
        "absoluteheightminimum": 12.2,
        "geometry_evidencedate": "2016-08-12",
        "heightconfidencelevel": "Moderate",
        "relativeheightmaximum": 7.4,
        "absoluteheightroofbase": 15.9,
        "description_updatedate": "2004-02-10",
        "oslandcover_updatedate": "2004-02-10",
        "oslanduse_evidencedate": "2004-02-10",
        "relativeheightroofbase": 3.7,
        "versionavailabletodate": null,
        "firstdigitalcapturedate": "1988-07-28",
        "description_evidencedate": "2004-02-10",
        "oslandcover_evidencedate": "2004-02-10",
        "versionavailablefromdate": "2025-02-06T00:00:00Z"
      }
    },
    {
      "id": "8add263e-b6d9-44e7-bdb5-89299ec2ac3e",
      "type": "Feature",
      "geometry": {
        "type": "Polygon",
        "coordinates": [
          [
            [
              -1.4663684,
              50.9357859
            ],
            [
              -1.4663515,
              50.9358091
            ],
            [
              -1.4663204,
              50.9358001
            ],
            [
              -1.4663035,
              50.9358233
            ],
            [
              -1.4663346,
              50.9358324
            ],
            [
              -1.4664022,
              50.935852
            ],
            [
              -1.466452,
              50.9358664
            ],
            [
              -1.4664845,
              50.9358218
            ],
            [
              -1.4664858,
              50.93582
            ],
            [
              -1.4663684,
              50.9357859
            ]
          ]
        ]
      },
      "properties": {
        "osid": "8add263e-b6d9-44e7-bdb5-89299ec2ac3e",
        "toid": "osgb5000005208814645",
        "theme": "Buildings",
        "changetype": "Modified Attributes",
        "isobscured": false,
        "description": "Building",
        "versiondate": "2025-02-05",
        "geometry_area": 58.46899,
        "height_source": "Ordnance Survey",
        "physicallevel": "Surface Level",
        "oslandusetiera": "Residential Accommodation",
        "oslandusetierb": [
          "Private Residence"
        ],
        "geometry_source": "Ordnance Survey",
        "oslandcovertiera": "Constructed",
        "oslandcovertierb": [
          "Building"
        ],
        "oslanduse_source": "Ordnance Survey",
        "height_updatedate": "2025-01-17",
        "description_source": "Ordnance Survey",
        "oslandcover_source": "Ordnance Survey",
        "associatedstructure": null,
        "geometry_updatedate": "2024-12-06",
        "height_evidencedate": "2024-06-20",
        "capturespecification": "Urban",
        "oslanduse_updatedate": "2017-08-03",
        "absoluteheightmaximum": 21.3,
        "absoluteheightminimum": 12.2,
        "geometry_evidencedate": "2024-06-20",
        "heightconfidencelevel": "Moderate",
        "relativeheightmaximum": 9.1,
        "absoluteheightroofbase": 17.6,
        "description_updatedate": "2017-08-03",
        "oslandcover_updatedate": "2017-08-03",
        "oslanduse_evidencedate": "2017-08-03",
        "relativeheightroofbase": 5.4,
        "versionavailabletodate": null,
        "firstdigitalcapturedate": "2017-08-03",
        "description_evidencedate": "2017-08-03",
        "oslandcover_evidencedate": "2017-08-03",
        "versionavailablefromdate": "2025-02-06T00:00:00Z"
      }
    },
    {
      "id": "8b254bd6-4f86-461a-8806-1cd0cc77f95f",
      "type": "Feature",
      "geometry": {
        "type": "Polygon",
        "coordinates": [
          [
            [
              -1.4641621,
              50.933809
            ],
            [
              -1.4642029,
              50.9337881
            ],
            [
              -1.4641895,
              50.9337763
            ],
            [
              -1.4641473,
              50.9337972
            ],
            [
              -1.4641621,
              50.933809
            ]
          ]
        ]
      },
      "properties": {
        "osid": "8b254bd6-4f86-461a-8806-1cd0cc77f95f",
        "toid": "osgb1000016342715",
        "theme": "Buildings",
        "changetype": "Modified Attributes",
        "isobscured": false,
        "description": "Building",
        "versiondate": "2022-09-18",
        "geometry_area": 6.12,
        "height_source": null,
        "physicallevel": "Surface Level",
        "oslandusetiera": "Residential Accommodation",
        "oslandusetierb": [
          "Private Residence"
        ],
        "geometry_source": "Ordnance Survey",
        "oslandcovertiera": "Constructed",
        "oslandcovertierb": [
          "Building"
        ],
        "oslanduse_source": "Ordnance Survey",
        "height_updatedate": null,
        "description_source": "Ordnance Survey",
        "oslandcover_source": "Ordnance Survey",
        "associatedstructure": null,
        "geometry_updatedate": "2006-07-11",
        "height_evidencedate": null,
        "capturespecification": "Urban",
        "oslanduse_updatedate": "2006-07-11",
        "absoluteheightmaximum": null,
        "absoluteheightminimum": null,
        "geometry_evidencedate": "2006-07-11",
        "heightconfidencelevel": null,
        "relativeheightmaximum": null,
        "absoluteheightroofbase": null,
        "description_updatedate": "2006-07-11",
        "oslandcover_updatedate": "2006-07-11",
        "oslanduse_evidencedate": "2006-07-11",
        "relativeheightroofbase": null,
        "versionavailabletodate": null,
        "firstdigitalcapturedate": "1988-05-16",
        "description_evidencedate": "2006-07-11",
        "oslandcover_evidencedate": "2006-07-11",
        "versionavailablefromdate": "2022-09-19T00:00:00Z"
      }
    },
    {
      "id": "8b8f2ea4-a8aa-45e8-b59c-3c14f1473139",
      "type": "Feature",
      "geometry": {
        "type": "Polygon",
        "coordinates": [
          [
            [
              -1.4656793,
              50.9371026
            ],
            [
              -1.4657267,
              50.9371406
            ],
            [
              -1.4657487,
              50.9371296
            ],
            [
              -1.4657591,
              50.9371245
            ],
            [
              -1.4657117,
              50.9370865
            ],
            [
              -1.4656793,
              50.9371026
            ]
          ]
        ]
      },
      "properties": {
        "osid": "8b8f2ea4-a8aa-45e8-b59c-3c14f1473139",
        "toid": "osgb5000005203977323",
        "theme": "Buildings",
        "changetype": "Modified Attributes",
        "isobscured": false,
        "description": "Building",
        "versiondate": "2025-02-05",
        "geometry_area": 15.574986,
        "height_source": "Ordnance Survey",
        "physicallevel": "Surface Level",
        "oslandusetiera": "Residential Accommodation",
        "oslandusetierb": [
          "Private Residence"
        ],
        "geometry_source": "Ordnance Survey",
        "oslandcovertiera": "Constructed",
        "oslandcovertierb": [
          "Building"
        ],
        "oslanduse_source": "Ordnance Survey",
        "height_updatedate": "2025-01-17",
        "description_source": "Ordnance Survey",
        "oslandcover_source": "Ordnance Survey",
        "associatedstructure": null,
        "geometry_updatedate": "2024-11-27",
        "height_evidencedate": "2024-06-20",
        "capturespecification": "Urban",
        "oslanduse_updatedate": "2017-04-21",
        "absoluteheightmaximum": 19.4,
        "absoluteheightminimum": 16.5,
        "geometry_evidencedate": "2024-06-20",
        "heightconfidencelevel": "Moderate",
        "relativeheightmaximum": 2.9,
        "absoluteheightroofbase": 19.1,
        "description_updatedate": "2017-04-21",
        "oslandcover_updatedate": "2017-04-21",
        "oslanduse_evidencedate": "2016-08-12",
        "relativeheightroofbase": 2.6,
        "versionavailabletodate": null,
        "firstdigitalcapturedate": "2017-05-04",
        "description_evidencedate": "2016-08-12",
        "oslandcover_evidencedate": "2016-08-12",
        "versionavailablefromdate": "2025-02-06T00:00:00Z"
      }
    },
    {
      "id": "8beccfca-d221-4b44-8a76-67d6d2f5c878",
      "type": "Feature",
      "geometry": {
        "type": "Polygon",
        "coordinates": [
          [
            [
              -1.4676141,
              50.9368138
            ],
            [
              -1.4676617,
              50.936827
            ],
            [
              -1.4677305,
              50.936846
            ],
            [
              -1.4677608,
              50.9368025
            ],
            [
              -1.4676443,
              50.9367702
            ],
            [
              -1.4676141,
              50.9368138
            ]
          ]
        ]
      },
      "properties": {
        "osid": "8beccfca-d221-4b44-8a76-67d6d2f5c878",
        "toid": "osgb5000005203977197",
        "theme": "Buildings",
        "changetype": "Modified Attributes",
        "isobscured": false,
        "description": "Building",
        "versiondate": "2025-02-05",
        "geometry_area": 47.275168,
        "height_source": "Ordnance Survey",
        "physicallevel": "Surface Level",
        "oslandusetiera": "Residential Accommodation",
        "oslandusetierb": [
          "Private Residence"
        ],
        "geometry_source": "Ordnance Survey",
        "oslandcovertiera": "Constructed",
        "oslandcovertierb": [
          "Building"
        ],
        "oslanduse_source": "Ordnance Survey",
        "height_updatedate": "2025-01-17",
        "description_source": "Ordnance Survey",
        "oslandcover_source": "Ordnance Survey",
        "associatedstructure": null,
        "geometry_updatedate": "2019-12-29",
        "height_evidencedate": "2024-06-20",
        "capturespecification": "Urban",
        "oslanduse_updatedate": "2017-04-19",
        "absoluteheightmaximum": null,
        "absoluteheightminimum": 12.8,
        "geometry_evidencedate": "2019-06-28",
        "heightconfidencelevel": "Incomplete",
        "relativeheightmaximum": null,
        "absoluteheightroofbase": null,
        "description_updatedate": "2017-04-19",
        "oslandcover_updatedate": "2017-04-19",
        "oslanduse_evidencedate": "2016-08-12",
        "relativeheightroofbase": null,
        "versionavailabletodate": null,
        "firstdigitalcapturedate": "2017-05-04",
        "description_evidencedate": "2016-08-12",
        "oslandcover_evidencedate": "2016-08-12",
        "versionavailablefromdate": "2025-02-06T00:00:00Z"
      }
    },
    {
      "id": "8d26233a-3cf3-40b6-ab81-94bc8ddf6390",
      "type": "Feature",
      "geometry": {
        "type": "Polygon",
        "coordinates": [
          [
            [
              -1.4649081,
              50.9400577
            ],
            [
              -1.4649654,
              50.9400792
            ],
            [
              -1.4650281,
              50.9400128
            ],
            [
              -1.4649708,
              50.9399912
            ],
            [
              -1.4649081,
              50.9400577
            ]
          ]
        ]
      },
      "properties": {
        "osid": "8d26233a-3cf3-40b6-ab81-94bc8ddf6390",
        "toid": "osgb5000005227734225",
        "theme": "Buildings",
        "changetype": "Modified Attributes",
        "isobscured": false,
        "description": "Building",
        "versiondate": "2025-02-05",
        "geometry_area": 40.297413,
        "height_source": "Ordnance Survey",
        "physicallevel": "Surface Level",
        "oslandusetiera": "Residential Accommodation",
        "oslandusetierb": [
          "Private Residence"
        ],
        "geometry_source": "Ordnance Survey",
        "oslandcovertiera": "Constructed",
        "oslandcovertierb": [
          "Building"
        ],
        "oslanduse_source": "Ordnance Survey",
        "height_updatedate": "2025-01-17",
        "description_source": "Ordnance Survey",
        "oslandcover_source": "Ordnance Survey",
        "associatedstructure": null,
        "geometry_updatedate": "2018-04-30",
        "height_evidencedate": "2024-06-20",
        "capturespecification": "Urban",
        "oslanduse_updatedate": "2018-04-30",
        "absoluteheightmaximum": 31.7,
        "absoluteheightminimum": 23.9,
        "geometry_evidencedate": "2018-04-30",
        "heightconfidencelevel": "Moderate",
        "relativeheightmaximum": 7.8,
        "absoluteheightroofbase": 30.1,
        "description_updatedate": "2018-04-30",
        "oslandcover_updatedate": "2018-04-30",
        "oslanduse_evidencedate": "2018-04-30",
        "relativeheightroofbase": 6.2,
        "versionavailabletodate": null,
        "firstdigitalcapturedate": "2018-04-30",
        "description_evidencedate": "2018-04-30",
        "oslandcover_evidencedate": "2018-04-30",
        "versionavailablefromdate": "2025-02-06T00:00:00Z"
      }
    },
    {
      "id": "8e3fcc44-93cc-447e-aa3d-56ae0828bcee",
      "type": "Feature",
      "geometry": {
        "type": "Polygon",
        "coordinates": [
          [
            [
              -1.466831,
              50.9363656
            ],
            [
              -1.4668306,
              50.9363396
            ],
            [
              -1.4667537,
              50.9363401
            ],
            [
              -1.4667541,
              50.9363666
            ],
            [
              -1.466831,
              50.9363656
            ]
          ]
        ]
      },
      "properties": {
        "osid": "8e3fcc44-93cc-447e-aa3d-56ae0828bcee",
        "toid": "osgb1000016342801",
        "theme": "Buildings",
        "changetype": "Modified Attributes",
        "isobscured": false,
        "description": "Building",
        "versiondate": "2025-02-05",
        "geometry_area": 15.80125,
        "height_source": "Ordnance Survey",
        "physicallevel": "Surface Level",
        "oslandusetiera": "Unknown Or Unused Artificial",
        "oslandusetierb": [],
        "geometry_source": "Ordnance Survey",
        "oslandcovertiera": "Constructed",
        "oslandcovertierb": [
          "Building"
        ],
        "oslanduse_source": "Ordnance Survey",
        "height_updatedate": "2025-01-17",
        "description_source": "Ordnance Survey",
        "oslandcover_source": "Ordnance Survey",
        "associatedstructure": null,
        "geometry_updatedate": "2004-04-13",
        "height_evidencedate": "2024-06-20",
        "capturespecification": "Urban",
        "oslanduse_updatedate": "2004-04-13",
        "absoluteheightmaximum": 15,
        "absoluteheightminimum": 12.6,
        "geometry_evidencedate": "2004-04-13",
        "heightconfidencelevel": "Moderate",
        "relativeheightmaximum": 2.4,
        "absoluteheightroofbase": 14.7,
        "description_updatedate": "2004-04-13",
        "oslandcover_updatedate": "2004-04-13",
        "oslanduse_evidencedate": "2004-04-13",
        "relativeheightroofbase": 2.1,
        "versionavailabletodate": null,
        "firstdigitalcapturedate": "1988-05-16",
        "description_evidencedate": "2004-04-13",
        "oslandcover_evidencedate": "2004-04-13",
        "versionavailablefromdate": "2025-02-06T00:00:00Z"
      }
    },
    {
      "id": "8e653bad-4182-4c68-847f-ed0a22302fd1",
      "type": "Feature",
      "geometry": {
        "type": "Polygon",
        "coordinates": [
          [
            [
              -1.4685822,
              50.9350635
            ],
            [
              -1.4683544,
              50.9350909
            ],
            [
              -1.4683538,
              50.9350889
            ],
            [
              -1.4683367,
              50.935091
            ],
            [
              -1.4683676,
              50.9351935
            ],
            [
              -1.4684125,
              50.9351882
            ],
            [
              -1.4684188,
              50.9352092
            ],
            [
              -1.4684323,
              50.9352076
            ],
            [
              -1.4684765,
              50.9352023
            ],
            [
              -1.4684692,
              50.9351781
            ],
            [
              -1.4686115,
              50.935161
            ],
            [
              -1.4686026,
              50.9351313
            ],
            [
              -1.4685822,
              50.9350635
            ]
          ]
        ]
      },
      "properties": {
        "osid": "8e653bad-4182-4c68-847f-ed0a22302fd1",
        "toid": "osgb5000005329667122",
        "theme": "Buildings",
        "changetype": "Modified Attributes",
        "isobscured": false,
        "description": "Building",
        "versiondate": "2025-02-05",
        "geometry_area": 205.974881,
        "height_source": "Ordnance Survey",
        "physicallevel": "Surface Level",
        "oslandusetiera": "Commercial Activity: Retail",
        "oslandusetierb": [],
        "geometry_source": "Ordnance Survey",
        "oslandcovertiera": "Constructed",
        "oslandcovertierb": [
          "Building"
        ],
        "oslanduse_source": "Ordnance Survey",
        "height_updatedate": "2025-01-17",
        "description_source": "Ordnance Survey",
        "oslandcover_source": "Ordnance Survey",
        "associatedstructure": null,
        "geometry_updatedate": "2023-10-27",
        "height_evidencedate": "2024-06-20",
        "capturespecification": "Urban",
        "oslanduse_updatedate": "2023-10-27",
        "absoluteheightmaximum": 17.2,
        "absoluteheightminimum": 11.3,
        "geometry_evidencedate": "2023-10-27",
        "heightconfidencelevel": "Moderate",
        "relativeheightmaximum": 5.9,
        "absoluteheightroofbase": 15.3,
        "description_updatedate": "2023-10-27",
        "oslandcover_updatedate": "2023-10-27",
        "oslanduse_evidencedate": "2023-10-27",
        "relativeheightroofbase": 4,
        "versionavailabletodate": null,
        "firstdigitalcapturedate": "2023-10-27",
        "description_evidencedate": "2023-10-27",
        "oslandcover_evidencedate": "2023-10-27",
        "versionavailablefromdate": "2025-02-06T00:00:00Z"
      }
    },
    {
      "id": "8ed48f7e-6dfb-43ac-9f8b-36a7c8051c3e",
      "type": "Feature",
      "geometry": {
        "type": "Polygon",
        "coordinates": [
          [
            [
              -1.4657058,
              50.9385145
            ],
            [
              -1.4657888,
              50.9385353
            ],
            [
              -1.4658061,
              50.9385077
            ],
            [
              -1.4657231,
              50.938487
            ],
            [
              -1.4657058,
              50.9385145
            ]
          ]
        ]
      },
      "properties": {
        "osid": "8ed48f7e-6dfb-43ac-9f8b-36a7c8051c3e",
        "toid": "osgb5000005247278680",
        "theme": "Buildings",
        "changetype": "Modified Attributes",
        "isobscured": false,
        "description": "Building",
        "versiondate": "2025-02-05",
        "geometry_area": 20.655005,
        "height_source": "Ordnance Survey",
        "physicallevel": "Surface Level",
        "oslandusetiera": "Residential Accommodation",
        "oslandusetierb": [
          "Private Residence"
        ],
        "geometry_source": "Ordnance Survey",
        "oslandcovertiera": "Constructed",
        "oslandcovertierb": [
          "Building"
        ],
        "oslanduse_source": "Ordnance Survey",
        "height_updatedate": "2025-01-17",
        "description_source": "Ordnance Survey",
        "oslandcover_source": "Ordnance Survey",
        "associatedstructure": null,
        "geometry_updatedate": "2019-06-05",
        "height_evidencedate": "2024-06-20",
        "capturespecification": "Urban",
        "oslanduse_updatedate": "2019-06-05",
        "absoluteheightmaximum": 25,
        "absoluteheightminimum": 20.8,
        "geometry_evidencedate": "2019-06-05",
        "heightconfidencelevel": "Moderate",
        "relativeheightmaximum": 4.2,
        "absoluteheightroofbase": 23.3,
        "description_updatedate": "2019-06-05",
        "oslandcover_updatedate": "2019-06-05",
        "oslanduse_evidencedate": "2019-06-05",
        "relativeheightroofbase": 2.5,
        "versionavailabletodate": null,
        "firstdigitalcapturedate": "2019-06-05",
        "description_evidencedate": "2019-06-05",
        "oslandcover_evidencedate": "2019-06-05",
        "versionavailablefromdate": "2025-02-06T00:00:00Z"
      }
    },
    {
      "id": "8f27d589-8689-4cff-b128-a0ae94c9e2fa",
      "type": "Feature",
      "geometry": {
        "type": "Polygon",
        "coordinates": [
          [
            [
              -1.4680805,
              50.9375488
            ],
            [
              -1.4681327,
              50.9375573
            ],
            [
              -1.468139,
              50.9375421
            ],
            [
              -1.4681478,
              50.9375205
            ],
            [
              -1.4680955,
              50.937512
            ],
            [
              -1.4680805,
              50.9375488
            ]
          ]
        ]
      },
      "properties": {
        "osid": "8f27d589-8689-4cff-b128-a0ae94c9e2fa",
        "toid": "osgb5000005277344203",
        "theme": "Buildings",
        "changetype": "Modified Attributes",
        "isobscured": false,
        "description": "Building",
        "versiondate": "2025-02-05",
        "geometry_area": 16.017226,
        "height_source": "Ordnance Survey",
        "physicallevel": "Surface Level",
        "oslandusetiera": "Residential Accommodation",
        "oslandusetierb": [
          "Private Residence"
        ],
        "geometry_source": "Ordnance Survey",
        "oslandcovertiera": "Constructed",
        "oslandcovertierb": [
          "Building"
        ],
        "oslanduse_source": "Ordnance Survey",
        "height_updatedate": "2025-01-17",
        "description_source": "Ordnance Survey",
        "oslandcover_source": "Ordnance Survey",
        "associatedstructure": null,
        "geometry_updatedate": "2021-02-18",
        "height_evidencedate": "2024-06-20",
        "capturespecification": "Urban",
        "oslanduse_updatedate": "2021-02-18",
        "absoluteheightmaximum": 15,
        "absoluteheightminimum": 12.7,
        "geometry_evidencedate": "2020-09-20",
        "heightconfidencelevel": "Moderate",
        "relativeheightmaximum": 2.3,
        "absoluteheightroofbase": 14.7,
        "description_updatedate": "2021-02-18",
        "oslandcover_updatedate": "2021-02-18",
        "oslanduse_evidencedate": "2020-09-20",
        "relativeheightroofbase": 2,
        "versionavailabletodate": null,
        "firstdigitalcapturedate": "2021-02-22",
        "description_evidencedate": "2020-09-20",
        "oslandcover_evidencedate": "2020-09-20",
        "versionavailablefromdate": "2025-02-06T00:00:00Z"
      }
    },
    {
      "id": "8fc01263-a37f-4cef-b523-19ef366f7bd0",
      "type": "Feature",
      "geometry": {
        "type": "Polygon",
        "coordinates": [
          [
            [
              -1.4634567,
              50.9407064
            ],
            [
              -1.4634059,
              50.9407512
            ],
            [
              -1.4634438,
              50.9407684
            ],
            [
              -1.4634946,
              50.9407235
            ],
            [
              -1.4634567,
              50.9407064
            ]
          ]
        ]
      },
      "properties": {
        "osid": "8fc01263-a37f-4cef-b523-19ef366f7bd0",
        "toid": "osgb5000005198749610",
        "theme": "Buildings",
        "changetype": "Modified Attributes",
        "isobscured": false,
        "description": "Building",
        "versiondate": "2025-02-05",
        "geometry_area": 20.075094,
        "height_source": "Ordnance Survey",
        "physicallevel": "Surface Level",
        "oslandusetiera": "Residential Accommodation",
        "oslandusetierb": [
          "Private Residence"
        ],
        "geometry_source": "Ordnance Survey",
        "oslandcovertiera": "Constructed",
        "oslandcovertierb": [
          "Building"
        ],
        "oslanduse_source": "Ordnance Survey",
        "height_updatedate": "2025-01-17",
        "description_source": "Ordnance Survey",
        "oslandcover_source": "Ordnance Survey",
        "associatedstructure": null,
        "geometry_updatedate": "2017-02-07",
        "height_evidencedate": "2024-06-20",
        "capturespecification": "Urban",
        "oslanduse_updatedate": "2017-02-07",
        "absoluteheightmaximum": null,
        "absoluteheightminimum": 24.2,
        "geometry_evidencedate": "2017-02-07",
        "heightconfidencelevel": "Incomplete",
        "relativeheightmaximum": null,
        "absoluteheightroofbase": null,
        "description_updatedate": "2017-02-07",
        "oslandcover_updatedate": "2017-02-07",
        "oslanduse_evidencedate": "2017-02-07",
        "relativeheightroofbase": null,
        "versionavailabletodate": null,
        "firstdigitalcapturedate": "2017-02-07",
        "description_evidencedate": "2017-02-07",
        "oslandcover_evidencedate": "2017-02-07",
        "versionavailablefromdate": "2025-02-06T00:00:00Z"
      }
    },
    {
      "id": "8fcd3394-7162-49a0-9f8f-bd3e2118335e",
      "type": "Feature",
      "geometry": {
        "type": "Polygon",
        "coordinates": [
          [
            [
              -1.4645755,
              50.9394059
            ],
            [
              -1.4646898,
              50.9394373
            ],
            [
              -1.4647166,
              50.9393984
            ],
            [
              -1.4646024,
              50.9393669
            ],
            [
              -1.4645755,
              50.9394059
            ]
          ]
        ]
      },
      "properties": {
        "osid": "8fcd3394-7162-49a0-9f8f-bd3e2118335e",
        "toid": "osgb5000005232124761",
        "theme": "Buildings",
        "changetype": "Modified Attributes",
        "isobscured": false,
        "description": "Building",
        "versiondate": "2025-02-05",
        "geometry_area": 41.348731,
        "height_source": "Ordnance Survey",
        "physicallevel": "Surface Level",
        "oslandusetiera": "Residential Accommodation",
        "oslandusetierb": [
          "Private Residence"
        ],
        "geometry_source": "Ordnance Survey",
        "oslandcovertiera": "Constructed",
        "oslandcovertierb": [
          "Building"
        ],
        "oslanduse_source": "Ordnance Survey",
        "height_updatedate": "2025-01-17",
        "description_source": "Ordnance Survey",
        "oslandcover_source": "Ordnance Survey",
        "associatedstructure": null,
        "geometry_updatedate": "2018-07-09",
        "height_evidencedate": "2024-06-20",
        "capturespecification": "Urban",
        "oslanduse_updatedate": "2018-07-09",
        "absoluteheightmaximum": 31,
        "absoluteheightminimum": 23.3,
        "geometry_evidencedate": "2018-07-09",
        "heightconfidencelevel": "Moderate",
        "relativeheightmaximum": 7.7,
        "absoluteheightroofbase": 27.4,
        "description_updatedate": "2018-07-09",
        "oslandcover_updatedate": "2018-07-09",
        "oslanduse_evidencedate": "2018-07-09",
        "relativeheightroofbase": 4.1,
        "versionavailabletodate": null,
        "firstdigitalcapturedate": "2018-07-10",
        "description_evidencedate": "2018-07-09",
        "oslandcover_evidencedate": "2018-07-09",
        "versionavailablefromdate": "2025-02-06T00:00:00Z"
      }
    },
    {
      "id": "8fd0f806-0790-43bd-8dd6-93c04246a08c",
      "type": "Feature",
      "geometry": {
        "type": "Polygon",
        "coordinates": [
          [
            [
              -1.46432,
              50.9406405
            ],
            [
              -1.4643602,
              50.9406555
            ],
            [
              -1.4644051,
              50.9406073
            ],
            [
              -1.4643648,
              50.9405923
            ],
            [
              -1.46432,
              50.9406405
            ]
          ]
        ]
      },
      "properties": {
        "osid": "8fd0f806-0790-43bd-8dd6-93c04246a08c",
        "toid": "osgb5000005198749565",
        "theme": "Buildings",
        "changetype": "Modified Attributes",
        "isobscured": false,
        "description": "Building",
        "versiondate": "2025-02-05",
        "geometry_area": 20.387586,
        "height_source": "Ordnance Survey",
        "physicallevel": "Surface Level",
        "oslandusetiera": "Residential Accommodation",
        "oslandusetierb": [
          "Private Residence"
        ],
        "geometry_source": "Ordnance Survey",
        "oslandcovertiera": "Constructed",
        "oslandcovertierb": [
          "Building"
        ],
        "oslanduse_source": "Ordnance Survey",
        "height_updatedate": "2025-01-17",
        "description_source": "Ordnance Survey",
        "oslandcover_source": "Ordnance Survey",
        "associatedstructure": null,
        "geometry_updatedate": "2017-02-07",
        "height_evidencedate": "2024-06-20",
        "capturespecification": "Urban",
        "oslanduse_updatedate": "2017-02-07",
        "absoluteheightmaximum": 28.3,
        "absoluteheightminimum": 23.8,
        "geometry_evidencedate": "2017-02-07",
        "heightconfidencelevel": "Moderate",
        "relativeheightmaximum": 4.5,
        "absoluteheightroofbase": 26.1,
        "description_updatedate": "2017-02-07",
        "oslandcover_updatedate": "2017-02-07",
        "oslanduse_evidencedate": "2017-02-07",
        "relativeheightroofbase": 2.3,
        "versionavailabletodate": null,
        "firstdigitalcapturedate": "2017-02-07",
        "description_evidencedate": "2017-02-07",
        "oslandcover_evidencedate": "2017-02-07",
        "versionavailablefromdate": "2025-02-06T00:00:00Z"
      }
    },
    {
      "id": "8ffd6076-0218-4db1-8769-045d75b3af30",
      "type": "Feature",
      "geometry": {
        "type": "Polygon",
        "coordinates": [
          [
            [
              -1.4663493,
              50.9364817
            ],
            [
              -1.4663478,
              50.9365532
            ],
            [
              -1.4664025,
              50.9365537
            ],
            [
              -1.4664023,
              50.9365628
            ],
            [
              -1.466433,
              50.9365631
            ],
            [
              -1.4664332,
              50.936554
            ],
            [
              -1.466434,
              50.9364825
            ],
            [
              -1.4663973,
              50.9364822
            ],
            [
              -1.4663976,
              50.9364698
            ],
            [
              -1.4663496,
              50.9364693
            ],
            [
              -1.4663493,
              50.9364817
            ]
          ]
        ]
      },
      "properties": {
        "osid": "8ffd6076-0218-4db1-8769-045d75b3af30",
        "toid": "osgb1000016342811",
        "theme": "Buildings",
        "changetype": "Modified Attributes",
        "isobscured": false,
        "description": "Building",
        "versiondate": "2025-02-05",
        "geometry_area": 54.338799,
        "height_source": "Ordnance Survey",
        "physicallevel": "Surface Level",
        "oslandusetiera": "Residential Accommodation",
        "oslandusetierb": [
          "Private Residence"
        ],
        "geometry_source": "Ordnance Survey",
        "oslandcovertiera": "Constructed",
        "oslandcovertierb": [
          "Building"
        ],
        "oslanduse_source": "Ordnance Survey",
        "height_updatedate": "2025-01-17",
        "description_source": "Ordnance Survey",
        "oslandcover_source": "Ordnance Survey",
        "associatedstructure": null,
        "geometry_updatedate": "2017-04-21",
        "height_evidencedate": "2024-06-20",
        "capturespecification": "Urban",
        "oslanduse_updatedate": "2006-07-11",
        "absoluteheightmaximum": 21,
        "absoluteheightminimum": 13.2,
        "geometry_evidencedate": "2016-08-12",
        "heightconfidencelevel": "Moderate",
        "relativeheightmaximum": 7.8,
        "absoluteheightroofbase": 18.4,
        "description_updatedate": "2006-07-11",
        "oslandcover_updatedate": "2006-07-11",
        "oslanduse_evidencedate": "2006-07-11",
        "relativeheightroofbase": 5.2,
        "versionavailabletodate": null,
        "firstdigitalcapturedate": "1988-05-16",
        "description_evidencedate": "2006-07-11",
        "oslandcover_evidencedate": "2006-07-11",
        "versionavailablefromdate": "2025-02-06T00:00:00Z"
      }
    },
    {
      "id": "901e1c56-5ba5-4efa-9f02-45b9425971dd",
      "type": "Feature",
      "geometry": {
        "type": "Polygon",
        "coordinates": [
          [
            [
              -1.4652357,
              50.9373507
            ],
            [
              -1.4652456,
              50.9373511
            ],
            [
              -1.4652418,
              50.9373852
            ],
            [
              -1.4653498,
              50.9373901
            ],
            [
              -1.4653738,
              50.9373912
            ],
            [
              -1.4653801,
              50.9373353
            ],
            [
              -1.4653561,
              50.9373343
            ],
            [
              -1.4653598,
              50.9373025
            ],
            [
              -1.4653598,
              50.9373024
            ],
            [
              -1.4653394,
              50.9373017
            ],
            [
              -1.465242,
              50.9372981
            ],
            [
              -1.4652357,
              50.9373507
            ]
          ]
        ]
      },
      "properties": {
        "osid": "901e1c56-5ba5-4efa-9f02-45b9425971dd",
        "toid": "osgb1000016342771",
        "theme": "Buildings",
        "changetype": "Modified Attributes",
        "isobscured": false,
        "description": "Building",
        "versiondate": "2025-02-05",
        "geometry_area": 88.556749,
        "height_source": "Ordnance Survey",
        "physicallevel": "Surface Level",
        "oslandusetiera": "Residential Accommodation",
        "oslandusetierb": [
          "Private Residence"
        ],
        "geometry_source": "Ordnance Survey",
        "oslandcovertiera": "Constructed",
        "oslandcovertierb": [
          "Building"
        ],
        "oslanduse_source": "Ordnance Survey",
        "height_updatedate": "2025-01-17",
        "description_source": "Ordnance Survey",
        "oslandcover_source": "Ordnance Survey",
        "associatedstructure": null,
        "geometry_updatedate": "2017-04-21",
        "height_evidencedate": "2024-06-20",
        "capturespecification": "Urban",
        "oslanduse_updatedate": "2004-04-13",
        "absoluteheightmaximum": 25.5,
        "absoluteheightminimum": 18,
        "geometry_evidencedate": "2016-08-12",
        "heightconfidencelevel": "Moderate",
        "relativeheightmaximum": 7.5,
        "absoluteheightroofbase": 22.9,
        "description_updatedate": "2004-04-13",
        "oslandcover_updatedate": "2004-04-13",
        "oslanduse_evidencedate": "2004-04-13",
        "relativeheightroofbase": 4.9,
        "versionavailabletodate": null,
        "firstdigitalcapturedate": "1988-05-16",
        "description_evidencedate": "2004-04-13",
        "oslandcover_evidencedate": "2004-04-13",
        "versionavailablefromdate": "2025-02-06T00:00:00Z"
      }
    },
    {
      "id": "904f6a7d-b145-412e-a6d1-f79f1a6c489b",
      "type": "Feature",
      "geometry": {
        "type": "Polygon",
        "coordinates": [
          [
            [
              -1.4659382,
              50.9382751
            ],
            [
              -1.4659996,
              50.9382904
            ],
            [
              -1.4660456,
              50.9382169
            ],
            [
              -1.4659841,
              50.9382015
            ],
            [
              -1.4659382,
              50.9382751
            ]
          ]
        ]
      },
      "properties": {
        "osid": "904f6a7d-b145-412e-a6d1-f79f1a6c489b",
        "toid": "osgb5000005250530106",
        "theme": "Buildings",
        "changetype": "Modified Attributes",
        "isobscured": false,
        "description": "Building",
        "versiondate": "2025-02-05",
        "geometry_area": 40.777329,
        "height_source": "Ordnance Survey",
        "physicallevel": "Surface Level",
        "oslandusetiera": "Residential Accommodation",
        "oslandusetierb": [
          "Private Residence"
        ],
        "geometry_source": "Ordnance Survey",
        "oslandcovertiera": "Constructed",
        "oslandcovertierb": [
          "Building"
        ],
        "oslanduse_source": "Ordnance Survey",
        "height_updatedate": "2025-01-17",
        "description_source": "Ordnance Survey",
        "oslandcover_source": "Ordnance Survey",
        "associatedstructure": null,
        "geometry_updatedate": "2019-08-06",
        "height_evidencedate": "2024-06-20",
        "capturespecification": "Urban",
        "oslanduse_updatedate": "2019-08-06",
        "absoluteheightmaximum": 28.2,
        "absoluteheightminimum": 19.9,
        "geometry_evidencedate": "2019-08-06",
        "heightconfidencelevel": "Moderate",
        "relativeheightmaximum": 8.3,
        "absoluteheightroofbase": 26.4,
        "description_updatedate": "2019-08-06",
        "oslandcover_updatedate": "2019-08-06",
        "oslanduse_evidencedate": "2019-08-06",
        "relativeheightroofbase": 6.5,
        "versionavailabletodate": null,
        "firstdigitalcapturedate": "2019-08-06",
        "description_evidencedate": "2019-08-06",
        "oslandcover_evidencedate": "2019-08-06",
        "versionavailablefromdate": "2025-02-06T00:00:00Z"
      }
    },
    {
      "id": "91108aec-e349-4fd9-b641-8d9b1fd2d098",
      "type": "Feature",
      "geometry": {
        "type": "Polygon",
        "coordinates": [
          [
            [
              -1.4663991,
              50.937606
            ],
            [
              -1.4663334,
              50.9375616
            ],
            [
              -1.4662618,
              50.9376049
            ],
            [
              -1.4663267,
              50.9376493
            ],
            [
              -1.4663991,
              50.937606
            ]
          ]
        ]
      },
      "properties": {
        "osid": "91108aec-e349-4fd9-b641-8d9b1fd2d098",
        "toid": "osgb1000016342766",
        "theme": "Buildings",
        "changetype": "Modified Attributes",
        "isobscured": false,
        "description": "Building",
        "versiondate": "2025-02-05",
        "geometry_area": 47.05375,
        "height_source": "Ordnance Survey",
        "physicallevel": "Surface Level",
        "oslandusetiera": "Residential Accommodation",
        "oslandusetierb": [
          "Private Residence"
        ],
        "geometry_source": "Ordnance Survey",
        "oslandcovertiera": "Constructed",
        "oslandcovertierb": [
          "Building"
        ],
        "oslanduse_source": "Ordnance Survey",
        "height_updatedate": "2025-01-17",
        "description_source": "Ordnance Survey",
        "oslandcover_source": "Ordnance Survey",
        "associatedstructure": null,
        "geometry_updatedate": "2004-04-13",
        "height_evidencedate": "2024-06-20",
        "capturespecification": "Urban",
        "oslanduse_updatedate": "2004-04-13",
        "absoluteheightmaximum": 24.7,
        "absoluteheightminimum": 17.7,
        "geometry_evidencedate": "2004-04-13",
        "heightconfidencelevel": "Moderate",
        "relativeheightmaximum": 7,
        "absoluteheightroofbase": 22.6,
        "description_updatedate": "2004-04-13",
        "oslandcover_updatedate": "2004-04-13",
        "oslanduse_evidencedate": "2004-04-13",
        "relativeheightroofbase": 4.9,
        "versionavailabletodate": null,
        "firstdigitalcapturedate": "1988-05-16",
        "description_evidencedate": "2004-04-13",
        "oslandcover_evidencedate": "2004-04-13",
        "versionavailablefromdate": "2025-02-06T00:00:00Z"
      }
    },
    {
      "id": "913dc2b9-9085-457f-9bee-2456c8e76bf1",
      "type": "Feature",
      "geometry": {
        "type": "Polygon",
        "coordinates": [
          [
            [
              -1.4663195,
              50.938236
            ],
            [
              -1.4664286,
              50.938263
            ],
            [
              -1.4664564,
              50.9382182
            ],
            [
              -1.4663357,
              50.9381879
            ],
            [
              -1.4663077,
              50.9382331
            ],
            [
              -1.4663195,
              50.938236
            ]
          ]
        ]
      },
      "properties": {
        "osid": "913dc2b9-9085-457f-9bee-2456c8e76bf1",
        "toid": "osgb5000005244788267",
        "theme": "Buildings",
        "changetype": "Modified Attributes",
        "isobscured": false,
        "description": "Building",
        "versiondate": "2025-02-05",
        "geometry_area": 49.014745,
        "height_source": "Ordnance Survey",
        "physicallevel": "Surface Level",
        "oslandusetiera": "Residential Accommodation",
        "oslandusetierb": [
          "Private Residence"
        ],
        "geometry_source": "Ordnance Survey",
        "oslandcovertiera": "Constructed",
        "oslandcovertierb": [
          "Building"
        ],
        "oslanduse_source": "Ordnance Survey",
        "height_updatedate": "2025-01-17",
        "description_source": "Ordnance Survey",
        "oslandcover_source": "Ordnance Survey",
        "associatedstructure": null,
        "geometry_updatedate": "2019-04-09",
        "height_evidencedate": "2024-06-20",
        "capturespecification": "Urban",
        "oslanduse_updatedate": "2019-04-09",
        "absoluteheightmaximum": 27.6,
        "absoluteheightminimum": 18.8,
        "geometry_evidencedate": "2019-04-09",
        "heightconfidencelevel": "Moderate",
        "relativeheightmaximum": 8.8,
        "absoluteheightroofbase": 24.7,
        "description_updatedate": "2019-04-09",
        "oslandcover_updatedate": "2019-04-09",
        "oslanduse_evidencedate": "2019-04-09",
        "relativeheightroofbase": 5.9,
        "versionavailabletodate": null,
        "firstdigitalcapturedate": "2019-04-09",
        "description_evidencedate": "2019-04-09",
        "oslandcover_evidencedate": "2019-04-09",
        "versionavailablefromdate": "2025-02-06T00:00:00Z"
      }
    },
    {
      "id": "91aa7cd9-d90c-4d42-b91b-534ff130fd56",
      "type": "Feature",
      "geometry": {
        "type": "Polygon",
        "coordinates": [
          [
            [
              -1.4640461,
              50.9337437
            ],
            [
              -1.4640553,
              50.933751
            ],
            [
              -1.4640925,
              50.9337331
            ],
            [
              -1.4640947,
              50.93373
            ],
            [
              -1.4640955,
              50.9337215
            ],
            [
              -1.4640962,
              50.9337192
            ],
            [
              -1.4640461,
              50.9337437
            ]
          ]
        ]
      },
      "properties": {
        "osid": "91aa7cd9-d90c-4d42-b91b-534ff130fd56",
        "toid": "osgb1000016342717",
        "theme": "Buildings",
        "changetype": "Modified Attributes",
        "isobscured": false,
        "description": "Building",
        "versiondate": "2022-09-18",
        "geometry_area": 4.11375,
        "height_source": null,
        "physicallevel": "Surface Level",
        "oslandusetiera": "Residential Accommodation",
        "oslandusetierb": [
          "Private Residence"
        ],
        "geometry_source": "Ordnance Survey",
        "oslandcovertiera": "Constructed",
        "oslandcovertierb": [
          "Building"
        ],
        "oslanduse_source": "Ordnance Survey",
        "height_updatedate": null,
        "description_source": "Ordnance Survey",
        "oslandcover_source": "Ordnance Survey",
        "associatedstructure": null,
        "geometry_updatedate": "2006-07-11",
        "height_evidencedate": null,
        "capturespecification": "Urban",
        "oslanduse_updatedate": "2006-07-11",
        "absoluteheightmaximum": null,
        "absoluteheightminimum": null,
        "geometry_evidencedate": "2006-07-11",
        "heightconfidencelevel": null,
        "relativeheightmaximum": null,
        "absoluteheightroofbase": null,
        "description_updatedate": "2006-07-11",
        "oslandcover_updatedate": "2006-07-11",
        "oslanduse_evidencedate": "2006-07-11",
        "relativeheightroofbase": null,
        "versionavailabletodate": null,
        "firstdigitalcapturedate": "1988-05-16",
        "description_evidencedate": "2006-07-11",
        "oslandcover_evidencedate": "2006-07-11",
        "versionavailablefromdate": "2022-09-19T00:00:00Z"
      }
    },
    {
      "id": "91b4d0f3-767e-46d2-b399-811187571ef5",
      "type": "Feature",
      "geometry": {
        "type": "Polygon",
        "coordinates": [
          [
            [
              -1.4668783,
              50.9380147
            ],
            [
              -1.4669479,
              50.9380057
            ],
            [
              -1.4669276,
              50.9379382
            ],
            [
              -1.4668572,
              50.9379449
            ],
            [
              -1.4668783,
              50.9380147
            ]
          ]
        ]
      },
      "properties": {
        "osid": "91b4d0f3-767e-46d2-b399-811187571ef5",
        "toid": "osgb1000016342659",
        "theme": "Buildings",
        "changetype": "Modified Attributes",
        "isobscured": false,
        "description": "Building",
        "versiondate": "2025-02-05",
        "geometry_area": 38.8204,
        "height_source": "Ordnance Survey",
        "physicallevel": "Surface Level",
        "oslandusetiera": "Residential Accommodation",
        "oslandusetierb": [
          "Private Residence"
        ],
        "geometry_source": "Ordnance Survey",
        "oslandcovertiera": "Constructed",
        "oslandcovertierb": [
          "Building"
        ],
        "oslanduse_source": "Ordnance Survey",
        "height_updatedate": "2025-01-17",
        "description_source": "Ordnance Survey",
        "oslandcover_source": "Ordnance Survey",
        "associatedstructure": null,
        "geometry_updatedate": "2004-02-10",
        "height_evidencedate": "2024-06-20",
        "capturespecification": "Urban",
        "oslanduse_updatedate": "2004-02-10",
        "absoluteheightmaximum": 22.6,
        "absoluteheightminimum": 16.4,
        "geometry_evidencedate": "2004-02-10",
        "heightconfidencelevel": "Moderate",
        "relativeheightmaximum": 6.2,
        "absoluteheightroofbase": 22,
        "description_updatedate": "2004-02-10",
        "oslandcover_updatedate": "2004-02-10",
        "oslanduse_evidencedate": "2004-02-10",
        "relativeheightroofbase": 5.6,
        "versionavailabletodate": null,
        "firstdigitalcapturedate": "1988-07-28",
        "description_evidencedate": "2004-02-10",
        "oslandcover_evidencedate": "2004-02-10",
        "versionavailablefromdate": "2025-02-06T00:00:00Z"
      }
    },
    {
      "id": "9209eb26-d379-4bda-bb31-45e2ecc926cc",
      "type": "Feature",
      "geometry": {
        "type": "Polygon",
        "coordinates": [
          [
            [
              -1.4713365,
              50.9408383
            ],
            [
              -1.4713366,
              50.9408578
            ],
            [
              -1.4713997,
              50.9408581
            ],
            [
              -1.4713999,
              50.9408385
            ],
            [
              -1.4713365,
              50.9408383
            ]
          ]
        ]
      },
      "properties": {
        "osid": "9209eb26-d379-4bda-bb31-45e2ecc926cc",
        "toid": "osgb5000005335265665",
        "theme": "Buildings",
        "changetype": "Modified Attributes",
        "isobscured": false,
        "description": "Building",
        "versiondate": "2025-02-05",
        "geometry_area": 9.664613,
        "height_source": "Ordnance Survey",
        "physicallevel": "Surface Level",
        "oslandusetiera": "Commercial Activity: Industrial Or Manufacturing",
        "oslandusetierb": [],
        "geometry_source": "Ordnance Survey",
        "oslandcovertiera": "Constructed",
        "oslandcovertierb": [
          "Building"
        ],
        "oslanduse_source": "Ordnance Survey",
        "height_updatedate": "2025-01-17",
        "description_source": "Ordnance Survey",
        "oslandcover_source": "Ordnance Survey",
        "associatedstructure": null,
        "geometry_updatedate": "2024-05-30",
        "height_evidencedate": "2024-06-20",
        "capturespecification": "Urban",
        "oslanduse_updatedate": "2024-05-30",
        "absoluteheightmaximum": null,
        "absoluteheightminimum": 15,
        "geometry_evidencedate": "2024-05-30",
        "heightconfidencelevel": "Incomplete",
        "relativeheightmaximum": null,
        "absoluteheightroofbase": null,
        "description_updatedate": "2024-05-30",
        "oslandcover_updatedate": "2024-05-30",
        "oslanduse_evidencedate": "2024-05-30",
        "relativeheightroofbase": null,
        "versionavailabletodate": null,
        "firstdigitalcapturedate": "2024-05-30",
        "description_evidencedate": "2024-05-30",
        "oslandcover_evidencedate": "2024-05-30",
        "versionavailablefromdate": "2025-02-06T00:00:00Z"
      }
    },
    {
      "id": "925c0865-ecdb-497a-b176-60f714a6ce86",
      "type": "Feature",
      "geometry": {
        "type": "Polygon",
        "coordinates": [
          [
            [
              -1.4656441,
              50.9396564
            ],
            [
              -1.465763,
              50.9396268
            ],
            [
              -1.465737,
              50.939585
            ],
            [
              -1.4657426,
              50.9395836
            ],
            [
              -1.4657228,
              50.9395519
            ],
            [
              -1.4655895,
              50.9395851
            ],
            [
              -1.4656119,
              50.9396209
            ],
            [
              -1.4656206,
              50.9396187
            ],
            [
              -1.4656441,
              50.9396564
            ]
          ]
        ]
      },
      "properties": {
        "osid": "925c0865-ecdb-497a-b176-60f714a6ce86",
        "toid": "osgb5000005232124722",
        "theme": "Buildings",
        "changetype": "Modified Attributes",
        "isobscured": false,
        "description": "Building",
        "versiondate": "2025-02-05",
        "geometry_area": 83.287284,
        "height_source": "Ordnance Survey",
        "physicallevel": "Surface Level",
        "oslandusetiera": "Residential Accommodation",
        "oslandusetierb": [
          "Private Residence"
        ],
        "geometry_source": "Ordnance Survey",
        "oslandcovertiera": "Constructed",
        "oslandcovertierb": [
          "Building"
        ],
        "oslanduse_source": "Ordnance Survey",
        "height_updatedate": "2025-01-17",
        "description_source": "Ordnance Survey",
        "oslandcover_source": "Ordnance Survey",
        "associatedstructure": null,
        "geometry_updatedate": "2018-07-09",
        "height_evidencedate": "2024-06-20",
        "capturespecification": "Urban",
        "oslanduse_updatedate": "2018-07-09",
        "absoluteheightmaximum": 30.1,
        "absoluteheightminimum": 22.5,
        "geometry_evidencedate": "2018-07-09",
        "heightconfidencelevel": "Moderate",
        "relativeheightmaximum": 7.6,
        "absoluteheightroofbase": 27.7,
        "description_updatedate": "2018-07-09",
        "oslandcover_updatedate": "2018-07-09",
        "oslanduse_evidencedate": "2018-07-09",
        "relativeheightroofbase": 5.2,
        "versionavailabletodate": null,
        "firstdigitalcapturedate": "2018-07-10",
        "description_evidencedate": "2018-07-09",
        "oslandcover_evidencedate": "2018-07-09",
        "versionavailablefromdate": "2025-02-06T00:00:00Z"
      }
    },
    {
      "id": "92ab5c86-c299-44da-8fe2-209bf9070cfb",
      "type": "Feature",
      "geometry": {
        "type": "Polygon",
        "coordinates": [
          [
            [
              -1.4698949,
              50.9403851
            ],
            [
              -1.4702766,
              50.940387
            ],
            [
              -1.470279,
              50.9402
            ],
            [
              -1.4698973,
              50.9401981
            ],
            [
              -1.4698949,
              50.9403851
            ]
          ]
        ]
      },
      "properties": {
        "osid": "92ab5c86-c299-44da-8fe2-209bf9070cfb",
        "toid": "osgb5000005278503023",
        "theme": "Buildings",
        "changetype": "Modified Attributes",
        "isobscured": false,
        "description": "Building",
        "versiondate": "2025-02-05",
        "geometry_area": 557.835578,
        "height_source": "Ordnance Survey",
        "physicallevel": "Surface Level",
        "oslandusetiera": "Commercial Activity: Industrial Or Manufacturing",
        "oslandusetierb": [],
        "geometry_source": "Ordnance Survey",
        "oslandcovertiera": "Constructed",
        "oslandcovertierb": [
          "Building"
        ],
        "oslanduse_source": "Ordnance Survey",
        "height_updatedate": "2025-01-17",
        "description_source": "Ordnance Survey",
        "oslandcover_source": "Ordnance Survey",
        "associatedstructure": null,
        "geometry_updatedate": "2021-03-10",
        "height_evidencedate": "2024-06-20",
        "capturespecification": "Urban",
        "oslanduse_updatedate": "2021-03-10",
        "absoluteheightmaximum": 27.8,
        "absoluteheightminimum": 14.9,
        "geometry_evidencedate": "2021-03-10",
        "heightconfidencelevel": "Moderate",
        "relativeheightmaximum": 12.9,
        "absoluteheightroofbase": 25,
        "description_updatedate": "2021-03-10",
        "oslandcover_updatedate": "2021-03-10",
        "oslanduse_evidencedate": "2021-03-10",
        "relativeheightroofbase": 10.1,
        "versionavailabletodate": null,
        "firstdigitalcapturedate": "2021-03-10",
        "description_evidencedate": "2021-03-10",
        "oslandcover_evidencedate": "2021-03-10",
        "versionavailablefromdate": "2025-02-06T00:00:00Z"
      }
    },
    {
      "id": "92dfbcd1-43c9-4f42-97fb-1c2bb2d130cf",
      "type": "Feature",
      "geometry": {
        "type": "Polygon",
        "coordinates": [
          [
            [
              -1.466346,
              50.9404768
            ],
            [
              -1.4662565,
              50.9404201
            ],
            [
              -1.4661696,
              50.9404749
            ],
            [
              -1.4662638,
              50.9405347
            ],
            [
              -1.4663024,
              50.9405104
            ],
            [
              -1.4662976,
              50.9405073
            ],
            [
              -1.466346,
              50.9404768
            ]
          ]
        ]
      },
      "properties": {
        "osid": "92dfbcd1-43c9-4f42-97fb-1c2bb2d130cf",
        "toid": "osgb5000005222257178",
        "theme": "Buildings",
        "changetype": "Modified Attributes",
        "isobscured": false,
        "description": "Building",
        "versiondate": "2025-02-05",
        "geometry_area": 78.645725,
        "height_source": "Ordnance Survey",
        "physicallevel": "Surface Level",
        "oslandusetiera": "Residential Accommodation",
        "oslandusetierb": [
          "Private Residence"
        ],
        "geometry_source": "Ordnance Survey",
        "oslandcovertiera": "Constructed",
        "oslandcovertierb": [
          "Building"
        ],
        "oslanduse_source": "Ordnance Survey",
        "height_updatedate": "2025-01-17",
        "description_source": "Ordnance Survey",
        "oslandcover_source": "Ordnance Survey",
        "associatedstructure": null,
        "geometry_updatedate": "2018-02-08",
        "height_evidencedate": "2024-06-20",
        "capturespecification": "Urban",
        "oslanduse_updatedate": "2018-02-08",
        "absoluteheightmaximum": 29.1,
        "absoluteheightminimum": 21,
        "geometry_evidencedate": "2018-02-08",
        "heightconfidencelevel": "Moderate",
        "relativeheightmaximum": 8.1,
        "absoluteheightroofbase": 26.3,
        "description_updatedate": "2018-02-08",
        "oslandcover_updatedate": "2018-02-08",
        "oslanduse_evidencedate": "2018-02-08",
        "relativeheightroofbase": 5.3,
        "versionavailabletodate": null,
        "firstdigitalcapturedate": "2018-02-09",
        "description_evidencedate": "2018-02-08",
        "oslandcover_evidencedate": "2018-02-08",
        "versionavailablefromdate": "2025-02-06T00:00:00Z"
      }
    },
    {
      "id": "935a176c-bd26-476c-9959-bb2e005b99d4",
      "type": "Feature",
      "geometry": {
        "type": "Polygon",
        "coordinates": [
          [
            [
              -1.4654384,
              50.9396379
            ],
            [
              -1.4654194,
              50.9396558
            ],
            [
              -1.4653768,
              50.9396957
            ],
            [
              -1.4654233,
              50.9397086
            ],
            [
              -1.4654373,
              50.9397058
            ],
            [
              -1.4654717,
              50.9396988
            ],
            [
              -1.4654384,
              50.9396379
            ]
          ]
        ]
      },
      "properties": {
        "osid": "935a176c-bd26-476c-9959-bb2e005b99d4",
        "toid": "osgb5000005295453560",
        "theme": "Buildings",
        "changetype": "Modified Attributes",
        "isobscured": false,
        "description": "Building",
        "versiondate": "2025-02-05",
        "geometry_area": 26.401332,
        "height_source": "Ordnance Survey",
        "physicallevel": "Surface Level",
        "oslandusetiera": "Residential Accommodation",
        "oslandusetierb": [
          "Private Residence"
        ],
        "geometry_source": "Ordnance Survey",
        "oslandcovertiera": "Constructed",
        "oslandcovertierb": [
          "Building"
        ],
        "oslanduse_source": "Ordnance Survey",
        "height_updatedate": "2025-01-17",
        "description_source": "Ordnance Survey",
        "oslandcover_source": "Ordnance Survey",
        "associatedstructure": null,
        "geometry_updatedate": "2022-05-06",
        "height_evidencedate": "2024-06-20",
        "capturespecification": "Urban",
        "oslanduse_updatedate": "2022-05-06",
        "absoluteheightmaximum": 25.5,
        "absoluteheightminimum": 23.1,
        "geometry_evidencedate": "2021-04-17",
        "heightconfidencelevel": "Moderate",
        "relativeheightmaximum": 2.4,
        "absoluteheightroofbase": 25.3,
        "description_updatedate": "2022-05-06",
        "oslandcover_updatedate": "2022-05-06",
        "oslanduse_evidencedate": "2021-04-17",
        "relativeheightroofbase": 2.2,
        "versionavailabletodate": null,
        "firstdigitalcapturedate": "2022-05-06",
        "description_evidencedate": "2021-04-17",
        "oslandcover_evidencedate": "2021-04-17",
        "versionavailablefromdate": "2025-02-06T00:00:00Z"
      }
    },
    {
      "id": "93ab7cf5-dcc0-4a6d-a36d-f0fb75c961d8",
      "type": "Feature",
      "geometry": {
        "type": "Polygon",
        "coordinates": [
          [
            [
              -1.4666297,
              50.939434
            ],
            [
              -1.4666821,
              50.9394826
            ],
            [
              -1.4667788,
              50.939441
            ],
            [
              -1.4667473,
              50.9394118
            ],
            [
              -1.4667371,
              50.9394162
            ],
            [
              -1.4667161,
              50.9393968
            ],
            [
              -1.4666297,
              50.939434
            ]
          ]
        ]
      },
      "properties": {
        "osid": "93ab7cf5-dcc0-4a6d-a36d-f0fb75c961d8",
        "toid": "osgb5000005239289065",
        "theme": "Buildings",
        "changetype": "Modified Attributes",
        "isobscured": false,
        "description": "Building",
        "versiondate": "2025-02-05",
        "geometry_area": 51.476633,
        "height_source": "Ordnance Survey",
        "physicallevel": "Surface Level",
        "oslandusetiera": "Residential Accommodation",
        "oslandusetierb": [
          "Private Residence"
        ],
        "geometry_source": "Ordnance Survey",
        "oslandcovertiera": "Constructed",
        "oslandcovertierb": [
          "Building"
        ],
        "oslanduse_source": "Ordnance Survey",
        "height_updatedate": "2025-01-17",
        "description_source": "Ordnance Survey",
        "oslandcover_source": "Ordnance Survey",
        "associatedstructure": null,
        "geometry_updatedate": "2018-11-23",
        "height_evidencedate": "2024-06-20",
        "capturespecification": "Urban",
        "oslanduse_updatedate": "2018-11-26",
        "absoluteheightmaximum": 27.7,
        "absoluteheightminimum": 20.6,
        "geometry_evidencedate": "2018-11-23",
        "heightconfidencelevel": "Moderate",
        "relativeheightmaximum": 7.1,
        "absoluteheightroofbase": 25.8,
        "description_updatedate": "2018-11-26",
        "oslandcover_updatedate": "2018-11-26",
        "oslanduse_evidencedate": "2018-11-26",
        "relativeheightroofbase": 5.2,
        "versionavailabletodate": null,
        "firstdigitalcapturedate": "2018-11-26",
        "description_evidencedate": "2018-11-26",
        "oslandcover_evidencedate": "2018-11-26",
        "versionavailablefromdate": "2025-02-06T00:00:00Z"
      }
    },
    {
      "id": "93adc86b-f4a7-4cd0-bc2e-3dd211521c09",
      "type": "Feature",
      "geometry": {
        "type": "Polygon",
        "coordinates": [
          [
            [
              -1.4668541,
              50.9385354
            ],
            [
              -1.4669606,
              50.9385619
            ],
            [
              -1.4669965,
              50.9385041
            ],
            [
              -1.46689,
              50.9384777
            ],
            [
              -1.4668541,
              50.9385354
            ]
          ]
        ]
      },
      "properties": {
        "osid": "93adc86b-f4a7-4cd0-bc2e-3dd211521c09",
        "toid": "osgb5000005244788277",
        "theme": "Buildings",
        "changetype": "Modified Attributes",
        "isobscured": false,
        "description": "Building",
        "versiondate": "2025-02-05",
        "geometry_area": 55.477237,
        "height_source": "Ordnance Survey",
        "physicallevel": "Surface Level",
        "oslandusetiera": "Residential Accommodation",
        "oslandusetierb": [
          "Private Residence"
        ],
        "geometry_source": "Ordnance Survey",
        "oslandcovertiera": "Constructed",
        "oslandcovertierb": [
          "Building"
        ],
        "oslanduse_source": "Ordnance Survey",
        "height_updatedate": "2025-01-17",
        "description_source": "Ordnance Survey",
        "oslandcover_source": "Ordnance Survey",
        "associatedstructure": null,
        "geometry_updatedate": "2019-04-09",
        "height_evidencedate": "2024-06-20",
        "capturespecification": "Urban",
        "oslanduse_updatedate": "2019-04-09",
        "absoluteheightmaximum": 26.1,
        "absoluteheightminimum": 17.6,
        "geometry_evidencedate": "2019-04-09",
        "heightconfidencelevel": "Moderate",
        "relativeheightmaximum": 8.5,
        "absoluteheightroofbase": 22.4,
        "description_updatedate": "2019-04-09",
        "oslandcover_updatedate": "2019-04-09",
        "oslanduse_evidencedate": "2019-04-09",
        "relativeheightroofbase": 4.8,
        "versionavailabletodate": null,
        "firstdigitalcapturedate": "2019-04-09",
        "description_evidencedate": "2019-04-09",
        "oslandcover_evidencedate": "2019-04-09",
        "versionavailablefromdate": "2025-02-06T00:00:00Z"
      }
    },
    {
      "id": "941a7d0e-e9c6-4090-bf57-388f6d7ea387",
      "type": "Feature",
      "geometry": {
        "type": "Polygon",
        "coordinates": [
          [
            [
              -1.466708,
              50.9374106
            ],
            [
              -1.4667093,
              50.9374079
            ],
            [
              -1.4667146,
              50.9373966
            ],
            [
              -1.4667051,
              50.9373875
            ],
            [
              -1.4666821,
              50.9373859
            ],
            [
              -1.4666506,
              50.9373991
            ],
            [
              -1.4666254,
              50.9373751
            ],
            [
              -1.4666735,
              50.9373546
            ],
            [
              -1.4666301,
              50.9373138
            ],
            [
              -1.4665819,
              50.9373343
            ],
            [
              -1.4665197,
              50.937361
            ],
            [
              -1.4664995,
              50.9373696
            ],
            [
              -1.4665326,
              50.9374006
            ],
            [
              -1.4665529,
              50.9373919
            ],
            [
              -1.4666144,
              50.9374501
            ],
            [
              -1.4666766,
              50.9374238
            ],
            [
              -1.466708,
              50.9374106
            ]
          ]
        ]
      },
      "properties": {
        "osid": "941a7d0e-e9c6-4090-bf57-388f6d7ea387",
        "toid": "osgb5000005203977418",
        "theme": "Buildings",
        "changetype": "Modified Attributes",
        "isobscured": false,
        "description": "Building",
        "versiondate": "2025-02-05",
        "geometry_area": 104.006617,
        "height_source": "Ordnance Survey",
        "physicallevel": "Surface Level",
        "oslandusetiera": "Residential Accommodation",
        "oslandusetierb": [
          "Private Residence"
        ],
        "geometry_source": "Ordnance Survey",
        "oslandcovertiera": "Constructed",
        "oslandcovertierb": [
          "Building"
        ],
        "oslanduse_source": "Ordnance Survey",
        "height_updatedate": "2025-01-17",
        "description_source": "Ordnance Survey",
        "oslandcover_source": "Ordnance Survey",
        "associatedstructure": null,
        "geometry_updatedate": "2017-04-21",
        "height_evidencedate": "2024-06-20",
        "capturespecification": "Urban",
        "oslanduse_updatedate": "2017-04-21",
        "absoluteheightmaximum": 22.7,
        "absoluteheightminimum": 15.7,
        "geometry_evidencedate": "2016-08-12",
        "heightconfidencelevel": "Moderate",
        "relativeheightmaximum": 7,
        "absoluteheightroofbase": 20.8,
        "description_updatedate": "2017-04-21",
        "oslandcover_updatedate": "2017-04-21",
        "oslanduse_evidencedate": "2016-08-12",
        "relativeheightroofbase": 5.1,
        "versionavailabletodate": null,
        "firstdigitalcapturedate": "2017-05-04",
        "description_evidencedate": "2016-08-12",
        "oslandcover_evidencedate": "2016-08-12",
        "versionavailablefromdate": "2025-02-06T00:00:00Z"
      }
    },
    {
      "id": "94b98c09-57b3-4a25-9d07-30b3b1fc43d8",
      "type": "Feature",
      "geometry": {
        "type": "Polygon",
        "coordinates": [
          [
            [
              -1.4672997,
              50.9382666
            ],
            [
              -1.4673374,
              50.9382838
            ],
            [
              -1.4673832,
              50.9382435
            ],
            [
              -1.4673456,
              50.9382264
            ],
            [
              -1.4672997,
              50.9382666
            ]
          ]
        ]
      },
      "properties": {
        "osid": "94b98c09-57b3-4a25-9d07-30b3b1fc43d8",
        "toid": "osgb5000005203977292",
        "theme": "Buildings",
        "changetype": "Modified Attributes",
        "isobscured": false,
        "description": "Building",
        "versiondate": "2025-02-05",
        "geometry_area": 17.970763,
        "height_source": "Ordnance Survey",
        "physicallevel": "Surface Level",
        "oslandusetiera": "Residential Accommodation",
        "oslandusetierb": [
          "Private Residence"
        ],
        "geometry_source": "Ordnance Survey",
        "oslandcovertiera": "Constructed",
        "oslandcovertierb": [
          "Building"
        ],
        "oslanduse_source": "Ordnance Survey",
        "height_updatedate": "2025-01-17",
        "description_source": "Ordnance Survey",
        "oslandcover_source": "Ordnance Survey",
        "associatedstructure": null,
        "geometry_updatedate": "2017-04-19",
        "height_evidencedate": "2024-06-20",
        "capturespecification": "Urban",
        "oslanduse_updatedate": "2017-04-19",
        "absoluteheightmaximum": 17.6,
        "absoluteheightminimum": 14.8,
        "geometry_evidencedate": "2016-08-12",
        "heightconfidencelevel": "Moderate",
        "relativeheightmaximum": 2.8,
        "absoluteheightroofbase": 16.9,
        "description_updatedate": "2017-04-19",
        "oslandcover_updatedate": "2017-04-19",
        "oslanduse_evidencedate": "2016-08-12",
        "relativeheightroofbase": 2.1,
        "versionavailabletodate": null,
        "firstdigitalcapturedate": "2017-05-04",
        "description_evidencedate": "2016-08-12",
        "oslandcover_evidencedate": "2016-08-12",
        "versionavailablefromdate": "2025-02-06T00:00:00Z"
      }
    },
    {
      "id": "950fe4af-7370-4671-bb80-e4aa930bef83",
      "type": "Feature",
      "geometry": {
        "type": "Polygon",
        "coordinates": [
          [
            [
              -1.4664526,
              50.9386637
            ],
            [
              -1.4665354,
              50.9386843
            ],
            [
              -1.4665522,
              50.9386573
            ],
            [
              -1.466476,
              50.9386383
            ],
            [
              -1.4664695,
              50.9386367
            ],
            [
              -1.4664567,
              50.9386572
            ],
            [
              -1.4664526,
              50.9386637
            ]
          ]
        ]
      },
      "properties": {
        "osid": "950fe4af-7370-4671-bb80-e4aa930bef83",
        "toid": "osgb5000005244788313",
        "theme": "Buildings",
        "changetype": "Modified Attributes",
        "isobscured": false,
        "description": "Building",
        "versiondate": "2025-02-05",
        "geometry_area": 20.187934,
        "height_source": "Ordnance Survey",
        "physicallevel": "Surface Level",
        "oslandusetiera": "Unknown Or Unused Artificial",
        "oslandusetierb": [],
        "geometry_source": "Ordnance Survey",
        "oslandcovertiera": "Constructed",
        "oslandcovertierb": [
          "Building"
        ],
        "oslanduse_source": "Ordnance Survey",
        "height_updatedate": "2025-01-17",
        "description_source": "Ordnance Survey",
        "oslandcover_source": "Ordnance Survey",
        "associatedstructure": null,
        "geometry_updatedate": "2019-11-12",
        "height_evidencedate": "2024-06-20",
        "capturespecification": "Urban",
        "oslanduse_updatedate": "2019-04-09",
        "absoluteheightmaximum": 22.8,
        "absoluteheightminimum": 18.9,
        "geometry_evidencedate": "2019-11-12",
        "heightconfidencelevel": "Moderate",
        "relativeheightmaximum": 3.9,
        "absoluteheightroofbase": 21.1,
        "description_updatedate": "2019-04-09",
        "oslandcover_updatedate": "2019-04-09",
        "oslanduse_evidencedate": "2019-04-09",
        "relativeheightroofbase": 2.2,
        "versionavailabletodate": null,
        "firstdigitalcapturedate": "2019-04-09",
        "description_evidencedate": "2019-04-09",
        "oslandcover_evidencedate": "2019-04-09",
        "versionavailablefromdate": "2025-02-06T00:00:00Z"
      }
    },
    {
      "id": "957970b0-4232-4b99-b0f2-ad57656bbd21",
      "type": "Feature",
      "geometry": {
        "type": "Polygon",
        "coordinates": [
          [
            [
              -1.4686099,
              50.937235
            ],
            [
              -1.4686272,
              50.937261
            ],
            [
              -1.4686815,
              50.9372466
            ],
            [
              -1.4686642,
              50.9372206
            ],
            [
              -1.4686099,
              50.937235
            ]
          ]
        ]
      },
      "properties": {
        "osid": "957970b0-4232-4b99-b0f2-ad57656bbd21",
        "toid": "osgb5000005203977223",
        "theme": "Buildings",
        "changetype": "Modified Attributes",
        "isobscured": false,
        "description": "Building",
        "versiondate": "2025-02-05",
        "geometry_area": 12.969855,
        "height_source": "Ordnance Survey",
        "physicallevel": "Surface Level",
        "oslandusetiera": "Residential Accommodation",
        "oslandusetierb": [
          "Private Residence"
        ],
        "geometry_source": "Ordnance Survey",
        "oslandcovertiera": "Constructed",
        "oslandcovertierb": [
          "Building"
        ],
        "oslanduse_source": "Ordnance Survey",
        "height_updatedate": "2025-01-17",
        "description_source": "Ordnance Survey",
        "oslandcover_source": "Ordnance Survey",
        "associatedstructure": null,
        "geometry_updatedate": "2017-04-19",
        "height_evidencedate": "2024-06-20",
        "capturespecification": "Urban",
        "oslanduse_updatedate": "2017-04-19",
        "absoluteheightmaximum": 15.8,
        "absoluteheightminimum": 12.3,
        "geometry_evidencedate": "2016-08-12",
        "heightconfidencelevel": "Moderate",
        "relativeheightmaximum": 3.5,
        "absoluteheightroofbase": 14.3,
        "description_updatedate": "2017-04-19",
        "oslandcover_updatedate": "2017-04-19",
        "oslanduse_evidencedate": "2016-08-12",
        "relativeheightroofbase": 2,
        "versionavailabletodate": null,
        "firstdigitalcapturedate": "2017-05-04",
        "description_evidencedate": "2016-08-12",
        "oslandcover_evidencedate": "2016-08-12",
        "versionavailablefromdate": "2025-02-06T00:00:00Z"
      }
    },
    {
      "id": "95ce3383-2559-4848-940f-1c86d3fc4637",
      "type": "Feature",
      "geometry": {
        "type": "Polygon",
        "coordinates": [
          [
            [
              -1.4697682,
              50.9346911
            ],
            [
              -1.4697677,
              50.9347287
            ],
            [
              -1.4697606,
              50.9347287
            ],
            [
              -1.469672,
              50.9347282
            ],
            [
              -1.4696597,
              50.9347281
            ],
            [
              -1.4696592,
              50.9347638
            ],
            [
              -1.469645,
              50.9347637
            ],
            [
              -1.4695304,
              50.9347631
            ],
            [
              -1.4695148,
              50.9359337
            ],
            [
              -1.4700139,
              50.9359363
            ],
            [
              -1.4700305,
              50.9346925
            ],
            [
              -1.46978,
              50.9346911
            ],
            [
              -1.4697776,
              50.9346911
            ],
            [
              -1.4697753,
              50.9346911
            ],
            [
              -1.4697682,
              50.9346911
            ]
          ]
        ]
      },
      "properties": {
        "osid": "95ce3383-2559-4848-940f-1c86d3fc4637",
        "toid": "osgb5000005335824242",
        "theme": "Buildings",
        "changetype": "Modified Geometry And Attributes",
        "isobscured": false,
        "description": "Building",
        "versiondate": "2025-06-21",
        "geometry_area": 4746.75319,
        "height_source": "Ordnance Survey",
        "physicallevel": "Surface Level",
        "oslandusetiera": "Construction",
        "oslandusetierb": [],
        "geometry_source": "Ordnance Survey",
        "oslandcovertiera": "Constructed",
        "oslandcovertierb": [
          "Building"
        ],
        "oslanduse_source": "Ordnance Survey",
        "height_updatedate": "2025-06-21",
        "description_source": "Ordnance Survey",
        "oslandcover_source": "Ordnance Survey",
        "associatedstructure": null,
        "geometry_updatedate": "2025-06-20",
        "height_evidencedate": "2024-06-20",
        "capturespecification": "Urban",
        "oslanduse_updatedate": "2024-06-18",
        "absoluteheightmaximum": 31.7,
        "absoluteheightminimum": 11.7,
        "geometry_evidencedate": "2025-06-20",
        "heightconfidencelevel": "Low",
        "relativeheightmaximum": 20,
        "absoluteheightroofbase": 20.6,
        "description_updatedate": "2024-06-18",
        "oslandcover_updatedate": "2024-06-18",
        "oslanduse_evidencedate": "2024-05-30",
        "relativeheightroofbase": 8.9,
        "versionavailabletodate": null,
        "firstdigitalcapturedate": "2024-06-18",
        "description_evidencedate": "2024-05-30",
        "oslandcover_evidencedate": "2024-05-30",
        "versionavailablefromdate": "2025-06-22T00:00:00Z"
      }
    },
    {
      "id": "976bd20f-4b8d-4cc4-9a30-cc020eff18ce",
      "type": "Feature",
      "geometry": {
        "type": "Polygon",
        "coordinates": [
          [
            [
              -1.4638317,
              50.9337621
            ],
            [
              -1.4638698,
              50.9337955
            ],
            [
              -1.4638706,
              50.9337847
            ],
            [
              -1.4638721,
              50.9337825
            ],
            [
              -1.4638396,
              50.9337567
            ],
            [
              -1.4638317,
              50.9337621
            ]
          ]
        ]
      },
      "properties": {
        "osid": "976bd20f-4b8d-4cc4-9a30-cc020eff18ce",
        "toid": "osgb1000016342719",
        "theme": "Buildings",
        "changetype": "New",
        "isobscured": false,
        "description": "Building",
        "versiondate": "2022-08-26",
        "geometry_area": 3.655,
        "height_source": null,
        "physicallevel": "Surface Level",
        "oslandusetiera": "Residential Accommodation",
        "oslandusetierb": [
          "Private Residence"
        ],
        "geometry_source": "Ordnance Survey",
        "oslandcovertiera": "Constructed",
        "oslandcovertierb": [
          "Building"
        ],
        "oslanduse_source": "Ordnance Survey",
        "height_updatedate": null,
        "description_source": "Ordnance Survey",
        "oslandcover_source": "Ordnance Survey",
        "associatedstructure": null,
        "geometry_updatedate": "2004-04-13",
        "height_evidencedate": null,
        "capturespecification": "Urban",
        "oslanduse_updatedate": "2004-04-13",
        "absoluteheightmaximum": null,
        "absoluteheightminimum": null,
        "geometry_evidencedate": "2004-04-13",
        "heightconfidencelevel": null,
        "relativeheightmaximum": null,
        "absoluteheightroofbase": null,
        "description_updatedate": "2004-04-13",
        "oslandcover_updatedate": "2004-04-13",
        "oslanduse_evidencedate": "2004-04-13",
        "relativeheightroofbase": null,
        "versionavailabletodate": null,
        "firstdigitalcapturedate": "1988-05-16",
        "description_evidencedate": "2004-04-13",
        "oslandcover_evidencedate": "2004-04-13",
        "versionavailablefromdate": "2022-08-27T00:00:00Z"
      }
    },
    {
      "id": "97a8ea44-68cb-4db5-93df-85088b92d146",
      "type": "Feature",
      "geometry": {
        "type": "Polygon",
        "coordinates": [
          [
            [
              -1.4658145,
              50.9368309
            ],
            [
              -1.4657979,
              50.9368533
            ],
            [
              -1.4658745,
              50.9368765
            ],
            [
              -1.4658759,
              50.9368748
            ],
            [
              -1.4658918,
              50.9368541
            ],
            [
              -1.4658145,
              50.9368309
            ]
          ]
        ]
      },
      "properties": {
        "osid": "97a8ea44-68cb-4db5-93df-85088b92d146",
        "toid": "osgb1000016342841",
        "theme": "Buildings",
        "changetype": "Modified Attributes",
        "isobscured": false,
        "description": "Building",
        "versiondate": "2025-02-05",
        "geometry_area": 16.56375,
        "height_source": "Ordnance Survey",
        "physicallevel": "Surface Level",
        "oslandusetiera": "Unknown Or Unused Artificial",
        "oslandusetierb": [],
        "geometry_source": "Ordnance Survey",
        "oslandcovertiera": "Constructed",
        "oslandcovertierb": [
          "Building"
        ],
        "oslanduse_source": "Ordnance Survey",
        "height_updatedate": "2025-01-17",
        "description_source": "Ordnance Survey",
        "oslandcover_source": "Ordnance Survey",
        "associatedstructure": null,
        "geometry_updatedate": "2004-04-13",
        "height_evidencedate": "2024-06-20",
        "capturespecification": "Urban",
        "oslanduse_updatedate": "2004-04-13",
        "absoluteheightmaximum": null,
        "absoluteheightminimum": 15,
        "geometry_evidencedate": "2004-04-13",
        "heightconfidencelevel": "Incomplete",
        "relativeheightmaximum": null,
        "absoluteheightroofbase": null,
        "description_updatedate": "2004-04-13",
        "oslandcover_updatedate": "2004-04-13",
        "oslanduse_evidencedate": "2004-04-13",
        "relativeheightroofbase": null,
        "versionavailabletodate": null,
        "firstdigitalcapturedate": "1988-05-16",
        "description_evidencedate": "2004-04-13",
        "oslandcover_evidencedate": "2004-04-13",
        "versionavailablefromdate": "2025-02-06T00:00:00Z"
      }
    },
    {
      "id": "985f1b22-dc8d-4e04-9288-d8bf5ccca12b",
      "type": "Feature",
      "geometry": {
        "type": "Polygon",
        "coordinates": [
          [
            [
              -1.4645734,
              50.9405428
            ],
            [
              -1.4644895,
              50.9405116
            ],
            [
              -1.4644199,
              50.9405863
            ],
            [
              -1.4644641,
              50.9406028
            ],
            [
              -1.4644722,
              50.9405941
            ],
            [
              -1.4645119,
              50.9406088
            ],
            [
              -1.4645734,
              50.9405428
            ]
          ]
        ]
      },
      "properties": {
        "osid": "985f1b22-dc8d-4e04-9288-d8bf5ccca12b",
        "toid": "osgb5000005198749567",
        "theme": "Buildings",
        "changetype": "Modified Attributes",
        "isobscured": false,
        "description": "Building",
        "versiondate": "2025-02-05",
        "geometry_area": 62.348153,
        "height_source": "Ordnance Survey",
        "physicallevel": "Surface Level",
        "oslandusetiera": "Residential Accommodation",
        "oslandusetierb": [
          "Private Residence"
        ],
        "geometry_source": "Ordnance Survey",
        "oslandcovertiera": "Constructed",
        "oslandcovertierb": [
          "Building"
        ],
        "oslanduse_source": "Ordnance Survey",
        "height_updatedate": "2025-01-17",
        "description_source": "Ordnance Survey",
        "oslandcover_source": "Ordnance Survey",
        "associatedstructure": null,
        "geometry_updatedate": "2017-02-07",
        "height_evidencedate": "2024-06-20",
        "capturespecification": "Urban",
        "oslanduse_updatedate": "2017-02-07",
        "absoluteheightmaximum": 33.1,
        "absoluteheightminimum": 23.5,
        "geometry_evidencedate": "2017-02-07",
        "heightconfidencelevel": "Moderate",
        "relativeheightmaximum": 9.6,
        "absoluteheightroofbase": 28.6,
        "description_updatedate": "2017-02-07",
        "oslandcover_updatedate": "2017-02-07",
        "oslanduse_evidencedate": "2017-02-07",
        "relativeheightroofbase": 5.1,
        "versionavailabletodate": null,
        "firstdigitalcapturedate": "2017-02-07",
        "description_evidencedate": "2017-02-07",
        "oslandcover_evidencedate": "2017-02-07",
        "versionavailablefromdate": "2025-02-06T00:00:00Z"
      }
    },
    {
      "id": "993e296c-1a26-4f19-b131-7c47d94bc6d5",
      "type": "Feature",
      "geometry": {
        "type": "Polygon",
        "coordinates": [
          [
            [
              -1.4676905,
              50.9357801
            ],
            [
              -1.4677377,
              50.9358105
            ],
            [
              -1.4677436,
              50.9358068
            ],
            [
              -1.4677659,
              50.9358211
            ],
            [
              -1.4677874,
              50.935835
            ],
            [
              -1.4678258,
              50.9358111
            ],
            [
              -1.4678594,
              50.9357903
            ],
            [
              -1.467816,
              50.9357622
            ],
            [
              -1.4678216,
              50.9357587
            ],
            [
              -1.4677744,
              50.9357282
            ],
            [
              -1.4676905,
              50.9357801
            ]
          ]
        ]
      },
      "properties": {
        "osid": "993e296c-1a26-4f19-b131-7c47d94bc6d5",
        "toid": "osgb5000005208814500",
        "theme": "Buildings",
        "changetype": "Modified Attributes",
        "isobscured": false,
        "description": "Building",
        "versiondate": "2025-02-05",
        "geometry_area": 70.134595,
        "height_source": "Ordnance Survey",
        "physicallevel": "Surface Level",
        "oslandusetiera": "Residential Accommodation",
        "oslandusetierb": [
          "Private Residence"
        ],
        "geometry_source": "Ordnance Survey",
        "oslandcovertiera": "Constructed",
        "oslandcovertierb": [
          "Building"
        ],
        "oslanduse_source": "Ordnance Survey",
        "height_updatedate": "2025-01-17",
        "description_source": "Ordnance Survey",
        "oslandcover_source": "Ordnance Survey",
        "associatedstructure": null,
        "geometry_updatedate": "2018-05-09",
        "height_evidencedate": "2024-06-20",
        "capturespecification": "Urban",
        "oslanduse_updatedate": "2017-08-03",
        "absoluteheightmaximum": 20.2,
        "absoluteheightminimum": 11.7,
        "geometry_evidencedate": "2018-05-09",
        "heightconfidencelevel": "Moderate",
        "relativeheightmaximum": 8.5,
        "absoluteheightroofbase": 18.9,
        "description_updatedate": "2017-08-03",
        "oslandcover_updatedate": "2017-08-03",
        "oslanduse_evidencedate": "2017-08-03",
        "relativeheightroofbase": 7.2,
        "versionavailabletodate": null,
        "firstdigitalcapturedate": "2017-08-03",
        "description_evidencedate": "2017-08-03",
        "oslandcover_evidencedate": "2017-08-03",
        "versionavailablefromdate": "2025-02-06T00:00:00Z"
      }
    },
    {
      "id": "99412a18-ecbb-46c0-a0df-db3516642434",
      "type": "Feature",
      "geometry": {
        "type": "Polygon",
        "coordinates": [
          [
            [
              -1.4648766,
              50.9394231
            ],
            [
              -1.4648566,
              50.9394466
            ],
            [
              -1.4649006,
              50.9394616
            ],
            [
              -1.4649206,
              50.9394381
            ],
            [
              -1.4648766,
              50.9394231
            ]
          ]
        ]
      },
      "properties": {
        "osid": "99412a18-ecbb-46c0-a0df-db3516642434",
        "toid": "osgb5000005341076227",
        "theme": "Buildings",
        "changetype": "Modified Attributes",
        "isobscured": false,
        "description": "Building",
        "versiondate": "2025-02-15",
        "geometry_area": 10.40376,
        "height_source": "Ordnance Survey",
        "physicallevel": "Surface Level",
        "oslandusetiera": "Residential Accommodation",
        "oslandusetierb": [
          "Private Residence"
        ],
        "geometry_source": "Ordnance Survey",
        "oslandcovertiera": "Constructed",
        "oslandcovertierb": [
          "Building"
        ],
        "oslanduse_source": "Ordnance Survey",
        "height_updatedate": "2025-02-13",
        "description_source": "Ordnance Survey",
        "oslandcover_source": "Ordnance Survey",
        "associatedstructure": null,
        "geometry_updatedate": "2024-12-05",
        "height_evidencedate": "2024-06-20",
        "capturespecification": "Urban",
        "oslanduse_updatedate": "2024-12-05",
        "absoluteheightmaximum": null,
        "absoluteheightminimum": 23.3,
        "geometry_evidencedate": "2024-06-20",
        "heightconfidencelevel": "Incomplete",
        "relativeheightmaximum": null,
        "absoluteheightroofbase": null,
        "description_updatedate": "2024-12-05",
        "oslandcover_updatedate": "2024-12-05",
        "oslanduse_evidencedate": "2024-06-20",
        "relativeheightroofbase": null,
        "versionavailabletodate": null,
        "firstdigitalcapturedate": "2024-12-06",
        "description_evidencedate": "2024-06-20",
        "oslandcover_evidencedate": "2024-06-20",
        "versionavailablefromdate": "2025-02-16T00:00:00Z"
      }
    },
    {
      "id": "9961033d-0c67-4e8e-93a2-9f182b238b00",
      "type": "Feature",
      "geometry": {
        "type": "Polygon",
        "coordinates": [
          [
            [
              -1.4655375,
              50.9371865
            ],
            [
              -1.4655932,
              50.9371888
            ],
            [
              -1.4656085,
              50.9371516
            ],
            [
              -1.4655555,
              50.9371429
            ],
            [
              -1.4655375,
              50.9371865
            ]
          ]
        ]
      },
      "properties": {
        "osid": "9961033d-0c67-4e8e-93a2-9f182b238b00",
        "toid": "osgb5000005203977127",
        "theme": "Buildings",
        "changetype": "Modified Attributes",
        "isobscured": false,
        "description": "Building",
        "versiondate": "2025-02-05",
        "geometry_area": 17.859936,
        "height_source": "Ordnance Survey",
        "physicallevel": "Surface Level",
        "oslandusetiera": "Residential Accommodation",
        "oslandusetierb": [
          "Private Residence"
        ],
        "geometry_source": "Ordnance Survey",
        "oslandcovertiera": "Constructed",
        "oslandcovertierb": [
          "Building"
        ],
        "oslanduse_source": "Ordnance Survey",
        "height_updatedate": "2025-01-17",
        "description_source": "Ordnance Survey",
        "oslandcover_source": "Ordnance Survey",
        "associatedstructure": null,
        "geometry_updatedate": "2017-04-21",
        "height_evidencedate": "2024-06-20",
        "capturespecification": "Urban",
        "oslanduse_updatedate": "2017-04-21",
        "absoluteheightmaximum": 24.6,
        "absoluteheightminimum": 17,
        "geometry_evidencedate": "2016-08-12",
        "heightconfidencelevel": "Moderate",
        "relativeheightmaximum": 7.6,
        "absoluteheightroofbase": 23.2,
        "description_updatedate": "2017-04-21",
        "oslandcover_updatedate": "2017-04-21",
        "oslanduse_evidencedate": "2016-08-12",
        "relativeheightroofbase": 6.2,
        "versionavailabletodate": null,
        "firstdigitalcapturedate": "2017-05-04",
        "description_evidencedate": "2016-08-12",
        "oslandcover_evidencedate": "2016-08-12",
        "versionavailablefromdate": "2025-02-06T00:00:00Z"
      }
    },
    {
      "id": "99c0f24a-d2fa-4a03-b332-94391afa5404",
      "type": "Feature",
      "geometry": {
        "type": "Polygon",
        "coordinates": [
          [
            [
              -1.4691327,
              50.9367989
            ],
            [
              -1.4691725,
              50.9368037
            ],
            [
              -1.469182,
              50.9367719
            ],
            [
              -1.4691423,
              50.9367672
            ],
            [
              -1.4691327,
              50.9367989
            ]
          ]
        ]
      },
      "properties": {
        "osid": "99c0f24a-d2fa-4a03-b332-94391afa5404",
        "toid": "osgb5000005203977144",
        "theme": "Buildings",
        "changetype": "Modified Attributes",
        "isobscured": false,
        "description": "Building",
        "versiondate": "2025-02-05",
        "geometry_area": 10.237489,
        "height_source": "Ordnance Survey",
        "physicallevel": "Surface Level",
        "oslandusetiera": "Residential Accommodation",
        "oslandusetierb": [
          "Private Residence"
        ],
        "geometry_source": "Ordnance Survey",
        "oslandcovertiera": "Constructed",
        "oslandcovertierb": [
          "Building"
        ],
        "oslanduse_source": "Ordnance Survey",
        "height_updatedate": "2025-01-17",
        "description_source": "Ordnance Survey",
        "oslandcover_source": "Ordnance Survey",
        "associatedstructure": null,
        "geometry_updatedate": "2017-04-19",
        "height_evidencedate": "2024-06-20",
        "capturespecification": "Urban",
        "oslanduse_updatedate": "2017-04-19",
        "absoluteheightmaximum": null,
        "absoluteheightminimum": 11.3,
        "geometry_evidencedate": "2016-08-12",
        "heightconfidencelevel": "Incomplete",
        "relativeheightmaximum": null,
        "absoluteheightroofbase": null,
        "description_updatedate": "2017-04-19",
        "oslandcover_updatedate": "2017-04-19",
        "oslanduse_evidencedate": "2016-08-12",
        "relativeheightroofbase": null,
        "versionavailabletodate": null,
        "firstdigitalcapturedate": "2017-05-04",
        "description_evidencedate": "2016-08-12",
        "oslandcover_evidencedate": "2016-08-12",
        "versionavailablefromdate": "2025-02-06T00:00:00Z"
      }
    },
    {
      "id": "99e0a535-42b6-4a43-a366-12228db6c041",
      "type": "Feature",
      "geometry": {
        "type": "Polygon",
        "coordinates": [
          [
            [
              -1.4645334,
              50.9406424
            ],
            [
              -1.4644942,
              50.9406278
            ],
            [
              -1.4644924,
              50.9406271
            ],
            [
              -1.4644477,
              50.9406753
            ],
            [
              -1.4644887,
              50.9406905
            ],
            [
              -1.4645334,
              50.9406424
            ]
          ]
        ]
      },
      "properties": {
        "osid": "99e0a535-42b6-4a43-a366-12228db6c041",
        "toid": "osgb5000005198749564",
        "theme": "Buildings",
        "changetype": "Modified Attributes",
        "isobscured": false,
        "description": "Building",
        "versiondate": "2025-02-05",
        "geometry_area": 20.774802,
        "height_source": "Ordnance Survey",
        "physicallevel": "Surface Level",
        "oslandusetiera": "Residential Accommodation",
        "oslandusetierb": [
          "Private Residence"
        ],
        "geometry_source": "Ordnance Survey",
        "oslandcovertiera": "Constructed",
        "oslandcovertierb": [
          "Building"
        ],
        "oslanduse_source": "Ordnance Survey",
        "height_updatedate": "2025-01-17",
        "description_source": "Ordnance Survey",
        "oslandcover_source": "Ordnance Survey",
        "associatedstructure": null,
        "geometry_updatedate": "2017-08-04",
        "height_evidencedate": "2024-06-20",
        "capturespecification": "Urban",
        "oslanduse_updatedate": "2017-02-07",
        "absoluteheightmaximum": 27,
        "absoluteheightminimum": 23.5,
        "geometry_evidencedate": "2017-08-04",
        "heightconfidencelevel": "Moderate",
        "relativeheightmaximum": 3.5,
        "absoluteheightroofbase": 26.5,
        "description_updatedate": "2017-02-07",
        "oslandcover_updatedate": "2017-02-07",
        "oslanduse_evidencedate": "2017-02-07",
        "relativeheightroofbase": 3,
        "versionavailabletodate": null,
        "firstdigitalcapturedate": "2017-02-07",
        "description_evidencedate": "2017-02-07",
        "oslandcover_evidencedate": "2017-02-07",
        "versionavailablefromdate": "2025-02-06T00:00:00Z"
      }
    },
    {
      "id": "99f11645-f315-4c3a-b1b5-a7d269eb6c2a",
      "type": "Feature",
      "geometry": {
        "type": "Polygon",
        "coordinates": [
          [
            [
              -1.4654844,
              50.9369711
            ],
            [
              -1.4655047,
              50.9369699
            ],
            [
              -1.4655007,
              50.9369433
            ],
            [
              -1.4654478,
              50.9369465
            ],
            [
              -1.4654518,
              50.9369731
            ],
            [
              -1.4654844,
              50.9369711
            ]
          ]
        ]
      },
      "properties": {
        "osid": "99f11645-f315-4c3a-b1b5-a7d269eb6c2a",
        "toid": "osgb5000005295453559",
        "theme": "Buildings",
        "changetype": "Modified Attributes",
        "isobscured": false,
        "description": "Building",
        "versiondate": "2025-02-05",
        "geometry_area": 11.099059,
        "height_source": "Ordnance Survey",
        "physicallevel": "Surface Level",
        "oslandusetiera": "Residential Accommodation",
        "oslandusetierb": [
          "Private Residence"
        ],
        "geometry_source": "Ordnance Survey",
        "oslandcovertiera": "Constructed",
        "oslandcovertierb": [
          "Building"
        ],
        "oslanduse_source": "Ordnance Survey",
        "height_updatedate": "2025-01-17",
        "description_source": "Ordnance Survey",
        "oslandcover_source": "Ordnance Survey",
        "associatedstructure": null,
        "geometry_updatedate": "2022-05-06",
        "height_evidencedate": "2024-06-20",
        "capturespecification": "Urban",
        "oslanduse_updatedate": "2022-05-06",
        "absoluteheightmaximum": null,
        "absoluteheightminimum": 16,
        "geometry_evidencedate": "2021-04-17",
        "heightconfidencelevel": "Incomplete",
        "relativeheightmaximum": null,
        "absoluteheightroofbase": null,
        "description_updatedate": "2022-05-06",
        "oslandcover_updatedate": "2022-05-06",
        "oslanduse_evidencedate": "2021-04-17",
        "relativeheightroofbase": null,
        "versionavailabletodate": null,
        "firstdigitalcapturedate": "2022-05-06",
        "description_evidencedate": "2021-04-17",
        "oslandcover_evidencedate": "2021-04-17",
        "versionavailablefromdate": "2025-02-06T00:00:00Z"
      }
    },
    {
      "id": "9a1347fb-e024-4483-b525-b4e0b8c177fe",
      "type": "Feature",
      "geometry": {
        "type": "Polygon",
        "coordinates": [
          [
            [
              -1.4667441,
              50.937488
            ],
            [
              -1.4666812,
              50.9375142
            ],
            [
              -1.466746,
              50.9375761
            ],
            [
              -1.4668089,
              50.9375499
            ],
            [
              -1.4667889,
              50.9375307
            ],
            [
              -1.4668088,
              50.9375224
            ],
            [
              -1.4667891,
              50.9375036
            ],
            [
              -1.4667692,
              50.9375119
            ],
            [
              -1.4667441,
              50.937488
            ]
          ]
        ]
      },
      "properties": {
        "osid": "9a1347fb-e024-4483-b525-b4e0b8c177fe",
        "toid": "osgb1000016342762",
        "theme": "Buildings",
        "changetype": "Modified Attributes",
        "isobscured": false,
        "description": "Building",
        "versiondate": "2025-02-05",
        "geometry_area": 47.916379,
        "height_source": "Ordnance Survey",
        "physicallevel": "Surface Level",
        "oslandusetiera": "Residential Accommodation",
        "oslandusetierb": [
          "Private Residence"
        ],
        "geometry_source": "Ordnance Survey",
        "oslandcovertiera": "Constructed",
        "oslandcovertierb": [
          "Building"
        ],
        "oslanduse_source": "Ordnance Survey",
        "height_updatedate": "2025-01-17",
        "description_source": "Ordnance Survey",
        "oslandcover_source": "Ordnance Survey",
        "associatedstructure": null,
        "geometry_updatedate": "2017-04-19",
        "height_evidencedate": "2024-06-20",
        "capturespecification": "Urban",
        "oslanduse_updatedate": "2004-04-13",
        "absoluteheightmaximum": 22.7,
        "absoluteheightminimum": 15.8,
        "geometry_evidencedate": "2016-08-12",
        "heightconfidencelevel": "Moderate",
        "relativeheightmaximum": 6.9,
        "absoluteheightroofbase": 20.4,
        "description_updatedate": "2004-04-13",
        "oslandcover_updatedate": "2004-04-13",
        "oslanduse_evidencedate": "2004-04-13",
        "relativeheightroofbase": 4.6,
        "versionavailabletodate": null,
        "firstdigitalcapturedate": "1988-05-16",
        "description_evidencedate": "2004-04-13",
        "oslandcover_evidencedate": "2004-04-13",
        "versionavailablefromdate": "2025-02-06T00:00:00Z"
      }
    },
    {
      "id": "9af5d5d2-c52b-4e6f-8e11-be32a6462007",
      "type": "Feature",
      "geometry": {
        "type": "Polygon",
        "coordinates": [
          [
            [
              -1.4662718,
              50.9371169
            ],
            [
              -1.4663006,
              50.937135
            ],
            [
              -1.4663391,
              50.9371107
            ],
            [
              -1.4663104,
              50.9370925
            ],
            [
              -1.4662718,
              50.9371169
            ]
          ]
        ]
      },
      "properties": {
        "osid": "9af5d5d2-c52b-4e6f-8e11-be32a6462007",
        "toid": "osgb5000005203977298",
        "theme": "Buildings",
        "changetype": "Modified Attributes",
        "isobscured": false,
        "description": "Building",
        "versiondate": "2025-02-05",
        "geometry_area": 10.935797,
        "height_source": "Ordnance Survey",
        "physicallevel": "Surface Level",
        "oslandusetiera": "Residential Accommodation",
        "oslandusetierb": [
          "Private Residence"
        ],
        "geometry_source": "Ordnance Survey",
        "oslandcovertiera": "Constructed",
        "oslandcovertierb": [
          "Building"
        ],
        "oslanduse_source": "Ordnance Survey",
        "height_updatedate": "2025-01-17",
        "description_source": "Ordnance Survey",
        "oslandcover_source": "Ordnance Survey",
        "associatedstructure": null,
        "geometry_updatedate": "2017-04-21",
        "height_evidencedate": "2024-06-20",
        "capturespecification": "Urban",
        "oslanduse_updatedate": "2017-04-21",
        "absoluteheightmaximum": null,
        "absoluteheightminimum": 15.5,
        "geometry_evidencedate": "2016-08-12",
        "heightconfidencelevel": "Incomplete",
        "relativeheightmaximum": null,
        "absoluteheightroofbase": null,
        "description_updatedate": "2017-04-21",
        "oslandcover_updatedate": "2017-04-21",
        "oslanduse_evidencedate": "2016-08-12",
        "relativeheightroofbase": null,
        "versionavailabletodate": null,
        "firstdigitalcapturedate": "2017-05-04",
        "description_evidencedate": "2016-08-12",
        "oslandcover_evidencedate": "2016-08-12",
        "versionavailablefromdate": "2025-02-06T00:00:00Z"
      }
    },
    {
      "id": "9b839fa9-d7fe-4d85-9347-983a19637e77",
      "type": "Feature",
      "geometry": {
        "type": "Polygon",
        "coordinates": [
          [
            [
              -1.4670734,
              50.9359068
            ],
            [
              -1.4671555,
              50.9359314
            ],
            [
              -1.4671757,
              50.9359045
            ],
            [
              -1.4671044,
              50.9358832
            ],
            [
              -1.4670935,
              50.9358799
            ],
            [
              -1.4670896,
              50.9358851
            ],
            [
              -1.4670836,
              50.9358932
            ],
            [
              -1.4670734,
              50.9359068
            ]
          ]
        ]
      },
      "properties": {
        "osid": "9b839fa9-d7fe-4d85-9347-983a19637e77",
        "toid": "osgb5000005208814508",
        "theme": "Buildings",
        "changetype": "Modified Attributes",
        "isobscured": false,
        "description": "Building",
        "versiondate": "2025-02-05",
        "geometry_area": 21.121275,
        "height_source": "Ordnance Survey",
        "physicallevel": "Surface Level",
        "oslandusetiera": "Unknown Or Unused Artificial",
        "oslandusetierb": [],
        "geometry_source": "Ordnance Survey",
        "oslandcovertiera": "Constructed",
        "oslandcovertierb": [
          "Building"
        ],
        "oslanduse_source": "Ordnance Survey",
        "height_updatedate": "2025-01-17",
        "description_source": "Ordnance Survey",
        "oslandcover_source": "Ordnance Survey",
        "associatedstructure": null,
        "geometry_updatedate": "2018-05-09",
        "height_evidencedate": "2024-06-20",
        "capturespecification": "Urban",
        "oslanduse_updatedate": "2017-08-03",
        "absoluteheightmaximum": 17.6,
        "absoluteheightminimum": 11.9,
        "geometry_evidencedate": "2018-05-09",
        "heightconfidencelevel": "Moderate",
        "relativeheightmaximum": 5.7,
        "absoluteheightroofbase": 14.2,
        "description_updatedate": "2017-08-03",
        "oslandcover_updatedate": "2017-08-03",
        "oslanduse_evidencedate": "2017-08-03",
        "relativeheightroofbase": 2.3,
        "versionavailabletodate": null,
        "firstdigitalcapturedate": "2017-08-03",
        "description_evidencedate": "2017-08-03",
        "oslandcover_evidencedate": "2017-08-03",
        "versionavailablefromdate": "2025-02-06T00:00:00Z"
      }
    },
    {
      "id": "9bdbb04c-81f6-4d19-94f2-f6cd41c001c9",
      "type": "Feature",
      "geometry": {
        "type": "Polygon",
        "coordinates": [
          [
            [
              -1.4638263,
              50.9406287
            ],
            [
              -1.4638917,
              50.9406582
            ],
            [
              -1.4639728,
              50.9405865
            ],
            [
              -1.4639634,
              50.9405822
            ],
            [
              -1.4639074,
              50.9405569
            ],
            [
              -1.4638263,
              50.9406287
            ]
          ]
        ]
      },
      "properties": {
        "osid": "9bdbb04c-81f6-4d19-94f2-f6cd41c001c9",
        "toid": "osgb5000005198749604",
        "theme": "Buildings",
        "changetype": "Modified Attributes",
        "isobscured": false,
        "description": "Building",
        "versiondate": "2025-02-05",
        "geometry_area": 55.390805,
        "height_source": "Ordnance Survey",
        "physicallevel": "Surface Level",
        "oslandusetiera": "Residential Accommodation",
        "oslandusetierb": [
          "Private Residence"
        ],
        "geometry_source": "Ordnance Survey",
        "oslandcovertiera": "Constructed",
        "oslandcovertierb": [
          "Building"
        ],
        "oslanduse_source": "Ordnance Survey",
        "height_updatedate": "2025-01-17",
        "description_source": "Ordnance Survey",
        "oslandcover_source": "Ordnance Survey",
        "associatedstructure": null,
        "geometry_updatedate": "2017-05-11",
        "height_evidencedate": "2024-06-20",
        "capturespecification": "Urban",
        "oslanduse_updatedate": "2017-02-07",
        "absoluteheightmaximum": 32.3,
        "absoluteheightminimum": 24.4,
        "geometry_evidencedate": "2017-05-11",
        "heightconfidencelevel": "Moderate",
        "relativeheightmaximum": 7.9,
        "absoluteheightroofbase": 29.4,
        "description_updatedate": "2017-02-07",
        "oslandcover_updatedate": "2017-02-07",
        "oslanduse_evidencedate": "2017-02-07",
        "relativeheightroofbase": 5,
        "versionavailabletodate": null,
        "firstdigitalcapturedate": "2017-02-07",
        "description_evidencedate": "2017-02-07",
        "oslandcover_evidencedate": "2017-02-07",
        "versionavailablefromdate": "2025-02-06T00:00:00Z"
      }
    }
  ]
}