{
  "type": "FeatureCollection",
  "links": [
    {
      "href": "https://api.os.uk/features/ngd/ofa/v1/collections/bld-fts-buildingpart-1/items?offset=500&limit=100&bbox=-1.47483339,50.93365735,-1.46336657,50.94090276&key=ALZCQtABtiUvfdlGkrF7cHxaFBHhoh9j",
      "rel": "self",
      "type": "application/geo+json",
      "title": "All features from the 'Building Part v1' collection within bounding box: -1.47483339,50.93365735,-1.46336657,50.94090276"
    },
    {
      "href": "https://api.os.uk/features/ngd/ofa/v1/collections/bld-fts-buildingpart-1/items?offset=400&limit=100&bbox=-1.47483339,50.93365735,-1.46336657,50.94090276&key=ALZCQtABtiUvfdlGkrF7cHxaFBHhoh9j",
      "rel": "prev",
      "type": "application/geo+json",
      "title": "Previous page"
    },
    {
      "href": "https://api.os.uk/features/ngd/ofa/v1/collections/bld-fts-buildingpart-1/items?offset=600&limit=100&bbox=-1.47483339,50.93365735,-1.46336657,50.94090276&key=ALZCQtABtiUvfdlGkrF7cHxaFBHhoh9j",
      "rel": "next",
      "type": "application/geo+json",
      "title": "Next page"
    }
  ],
  "timeStamp": "2025-10-13T23:39:06.977588849Z",
  "numberReturned": 100,
  "features": [
    {
      "id": "c7c0c431-4a38-4218-8ffd-1d1d587e2af7",
      "type": "Feature",
      "geometry": {
        "type": "Polygon",
        "coordinates": [
          [
            [
              -1.4678643,
              50.937974
            ],
            [
              -1.4677859,
              50.9379619
            ],
            [
              -1.4677575,
              50.9380294
            ],
            [
              -1.4678354,
              50.9380429
            ],
            [
              -1.4678643,
              50.937974
            ]
          ]
        ]
      },
      "properties": {
        "osid": "c7c0c431-4a38-4218-8ffd-1d1d587e2af7",
        "toid": "osgb1000016342686",
        "theme": "Buildings",
        "changetype": "Modified Attributes",
        "isobscured": false,
        "description": "Building",
        "versiondate": "2025-02-05",
        "geometry_area": 44.5421,
        "height_source": "Ordnance Survey",
        "physicallevel": "Surface Level",
        "oslandusetiera": "Residential Accommodation",
        "oslandusetierb": [
          "Private Residence"
        ],
        "geometry_source": "Ordnance Survey",
        "oslandcovertiera": "Constructed",
        "oslandcovertierb": [
          "Building"
        ],
        "oslanduse_source": "Ordnance Survey",
        "height_updatedate": "2025-01-17",
        "description_source": "Ordnance Survey",
        "oslandcover_source": "Ordnance Survey",
        "associatedstructure": null,
        "geometry_updatedate": "2004-04-13",
        "height_evidencedate": "2024-06-20",
        "capturespecification": "Urban",
        "oslanduse_updatedate": "2004-04-13",
        "absoluteheightmaximum": 20.1,
        "absoluteheightminimum": 13.5,
        "geometry_evidencedate": "2004-04-13",
        "heightconfidencelevel": "Moderate",
        "relativeheightmaximum": 6.6,
        "absoluteheightroofbase": 18.8,
        "description_updatedate": "2004-04-13",
        "oslandcover_updatedate": "2004-04-13",
        "oslanduse_evidencedate": "2004-04-13",
        "relativeheightroofbase": 5.3,
        "versionavailabletodate": null,
        "firstdigitalcapturedate": "1988-07-28",
        "description_evidencedate": "2004-04-13",
        "oslandcover_evidencedate": "2004-04-13",
        "versionavailablefromdate": "2025-02-06T00:00:00Z"
      }
    },
    {
      "id": "c7e4cf00-4d90-4c09-81ef-669fb4c4b6ef",
      "type": "Feature",
      "geometry": {
        "type": "Polygon",
        "coordinates": [
          [
            [
              -1.4634824,
              50.940829
            ],
            [
              -1.4635627,
              50.9408514
            ],
            [
              -1.4635819,
              50.9408239
            ],
            [
              -1.4635108,
              50.9408041
            ],
            [
              -1.4635016,
              50.9408015
            ],
            [
              -1.4634824,
              50.940829
            ]
          ]
        ]
      },
      "properties": {
        "osid": "c7e4cf00-4d90-4c09-81ef-669fb4c4b6ef",
        "toid": "osgb5000005198749593",
        "theme": "Buildings",
        "changetype": "Modified Attributes",
        "isobscured": false,
        "description": "Building",
        "versiondate": "2025-02-05",
        "geometry_area": 20.602997,
        "height_source": "Ordnance Survey",
        "physicallevel": "Surface Level",
        "oslandusetiera": "Residential Accommodation",
        "oslandusetierb": [
          "Private Residence"
        ],
        "geometry_source": "Ordnance Survey",
        "oslandcovertiera": "Constructed",
        "oslandcovertierb": [
          "Building"
        ],
        "oslanduse_source": "Ordnance Survey",
        "height_updatedate": "2025-01-17",
        "description_source": "Ordnance Survey",
        "oslandcover_source": "Ordnance Survey",
        "associatedstructure": null,
        "geometry_updatedate": "2017-05-11",
        "height_evidencedate": "2024-06-20",
        "capturespecification": "Urban",
        "oslanduse_updatedate": "2017-02-07",
        "absoluteheightmaximum": 27.9,
        "absoluteheightminimum": 24.3,
        "geometry_evidencedate": "2017-05-11",
        "heightconfidencelevel": "Moderate",
        "relativeheightmaximum": 3.6,
        "absoluteheightroofbase": 26.6,
        "description_updatedate": "2017-02-07",
        "oslandcover_updatedate": "2017-02-07",
        "oslanduse_evidencedate": "2017-02-07",
        "relativeheightroofbase": 2.3,
        "versionavailabletodate": null,
        "firstdigitalcapturedate": "2017-02-07",
        "description_evidencedate": "2017-02-07",
        "oslandcover_evidencedate": "2017-02-07",
        "versionavailablefromdate": "2025-02-06T00:00:00Z"
      }
    },
    {
      "id": "c80cc2a4-ab65-43bd-a7c5-a3cdc83d1ea5",
      "type": "Feature",
      "geometry": {
        "type": "Polygon",
        "coordinates": [
          [
            [
              -1.4667704,
              50.9389103
            ],
            [
              -1.466714,
              50.9389349
            ],
            [
              -1.4666576,
              50.9389596
            ],
            [
              -1.4666998,
              50.9389981
            ],
            [
              -1.4667562,
              50.9389734
            ],
            [
              -1.4668126,
              50.9389488
            ],
            [
              -1.4667704,
              50.9389103
            ]
          ]
        ]
      },
      "properties": {
        "osid": "c80cc2a4-ab65-43bd-a7c5-a3cdc83d1ea5",
        "toid": "osgb5000005244788324",
        "theme": "Buildings",
        "changetype": "Modified Attributes",
        "isobscured": false,
        "description": "Building",
        "versiondate": "2025-02-05",
        "geometry_area": 50.174313,
        "height_source": "Ordnance Survey",
        "physicallevel": "Surface Level",
        "oslandusetiera": "Residential Accommodation",
        "oslandusetierb": [
          "Private Residence"
        ],
        "geometry_source": "Ordnance Survey",
        "oslandcovertiera": "Constructed",
        "oslandcovertierb": [
          "Building"
        ],
        "oslanduse_source": "Ordnance Survey",
        "height_updatedate": "2025-01-17",
        "description_source": "Ordnance Survey",
        "oslandcover_source": "Ordnance Survey",
        "associatedstructure": null,
        "geometry_updatedate": "2019-04-09",
        "height_evidencedate": "2024-06-20",
        "capturespecification": "Urban",
        "oslanduse_updatedate": "2019-04-09",
        "absoluteheightmaximum": 26.8,
        "absoluteheightminimum": 18.9,
        "geometry_evidencedate": "2019-04-09",
        "heightconfidencelevel": "Moderate",
        "relativeheightmaximum": 7.9,
        "absoluteheightroofbase": 25.5,
        "description_updatedate": "2019-04-09",
        "oslandcover_updatedate": "2019-04-09",
        "oslanduse_evidencedate": "2019-04-09",
        "relativeheightroofbase": 6.6,
        "versionavailabletodate": null,
        "firstdigitalcapturedate": "2019-04-09",
        "description_evidencedate": "2019-04-09",
        "oslandcover_evidencedate": "2019-04-09",
        "versionavailablefromdate": "2025-02-06T00:00:00Z"
      }
    },
    {
      "id": "c83e81f1-163b-4c4e-a4f9-5938a0d3c245",
      "type": "Feature",
      "geometry": {
        "type": "Polygon",
        "coordinates": [
          [
            [
              -1.4657481,
              50.9405553
            ],
            [
              -1.4657183,
              50.9405361
            ],
            [
              -1.4657155,
              50.9405343
            ],
            [
              -1.4656523,
              50.9405734
            ],
            [
              -1.4656849,
              50.9405945
            ],
            [
              -1.4657481,
              50.9405553
            ]
          ]
        ]
      },
      "properties": {
        "osid": "c83e81f1-163b-4c4e-a4f9-5938a0d3c245",
        "toid": "osgb5000005208860397",
        "theme": "Buildings",
        "changetype": "Modified Attributes",
        "isobscured": false,
        "description": "Building",
        "versiondate": "2025-02-05",
        "geometry_area": 20.362557,
        "height_source": "Ordnance Survey",
        "physicallevel": "Surface Level",
        "oslandusetiera": "Residential Accommodation",
        "oslandusetierb": [
          "Private Residence"
        ],
        "geometry_source": "Ordnance Survey",
        "oslandcovertiera": "Constructed",
        "oslandcovertierb": [
          "Building"
        ],
        "oslanduse_source": "Ordnance Survey",
        "height_updatedate": "2025-01-17",
        "description_source": "Ordnance Survey",
        "oslandcover_source": "Ordnance Survey",
        "associatedstructure": null,
        "geometry_updatedate": "2018-04-26",
        "height_evidencedate": "2024-06-20",
        "capturespecification": "Urban",
        "oslanduse_updatedate": "2017-08-04",
        "absoluteheightmaximum": 25.6,
        "absoluteheightminimum": 21.6,
        "geometry_evidencedate": "2018-04-26",
        "heightconfidencelevel": "Moderate",
        "relativeheightmaximum": 4,
        "absoluteheightroofbase": 24.2,
        "description_updatedate": "2017-08-04",
        "oslandcover_updatedate": "2017-08-04",
        "oslanduse_evidencedate": "2017-08-04",
        "relativeheightroofbase": 2.6,
        "versionavailabletodate": null,
        "firstdigitalcapturedate": "2017-08-04",
        "description_evidencedate": "2017-08-04",
        "oslandcover_evidencedate": "2017-08-04",
        "versionavailablefromdate": "2025-02-06T00:00:00Z"
      }
    },
    {
      "id": "c9296aea-e39f-499d-bf2f-9d0c2f59db2c",
      "type": "Feature",
      "geometry": {
        "type": "Polygon",
        "coordinates": [
          [
            [
              -1.4635233,
              50.940598
            ],
            [
              -1.4634527,
              50.9405661
            ],
            [
              -1.4633815,
              50.9406289
            ],
            [
              -1.4634521,
              50.9406608
            ],
            [
              -1.4635233,
              50.940598
            ]
          ]
        ]
      },
      "properties": {
        "osid": "c9296aea-e39f-499d-bf2f-9d0c2f59db2c",
        "toid": "osgb5000005198749572",
        "theme": "Buildings",
        "changetype": "Modified Attributes",
        "isobscured": false,
        "description": "Building",
        "versiondate": "2025-02-05",
        "geometry_area": 52.397492,
        "height_source": "Ordnance Survey",
        "physicallevel": "Surface Level",
        "oslandusetiera": "Residential Accommodation",
        "oslandusetierb": [
          "Private Residence"
        ],
        "geometry_source": "Ordnance Survey",
        "oslandcovertiera": "Constructed",
        "oslandcovertierb": [
          "Building"
        ],
        "oslanduse_source": "Ordnance Survey",
        "height_updatedate": "2025-01-17",
        "description_source": "Ordnance Survey",
        "oslandcover_source": "Ordnance Survey",
        "associatedstructure": null,
        "geometry_updatedate": "2017-02-07",
        "height_evidencedate": "2024-06-20",
        "capturespecification": "Urban",
        "oslanduse_updatedate": "2017-02-07",
        "absoluteheightmaximum": 32.5,
        "absoluteheightminimum": 24.1,
        "geometry_evidencedate": "2017-02-07",
        "heightconfidencelevel": "Moderate",
        "relativeheightmaximum": 8.4,
        "absoluteheightroofbase": 29.9,
        "description_updatedate": "2017-02-07",
        "oslandcover_updatedate": "2017-02-07",
        "oslanduse_evidencedate": "2017-02-07",
        "relativeheightroofbase": 5.8,
        "versionavailabletodate": null,
        "firstdigitalcapturedate": "2017-02-07",
        "description_evidencedate": "2017-02-07",
        "oslandcover_evidencedate": "2017-02-07",
        "versionavailablefromdate": "2025-02-06T00:00:00Z"
      }
    },
    {
      "id": "c96337d5-3f86-4c77-9e2d-95bfc6960f05",
      "type": "Feature",
      "geometry": {
        "type": "Polygon",
        "coordinates": [
          [
            [
              -1.468336,
              50.9377992
            ],
            [
              -1.4683707,
              50.9377517
            ],
            [
              -1.4683366,
              50.9377425
            ],
            [
              -1.4683353,
              50.9377442
            ],
            [
              -1.4683019,
              50.9377891
            ],
            [
              -1.468336,
              50.9377992
            ]
          ]
        ]
      },
      "properties": {
        "osid": "c96337d5-3f86-4c77-9e2d-95bfc6960f05",
        "toid": "osgb1000016342689",
        "theme": "Buildings",
        "changetype": "Modified Attributes",
        "isobscured": false,
        "description": "Building",
        "versiondate": "2025-02-05",
        "geometry_area": 15.126,
        "height_source": "Ordnance Survey",
        "physicallevel": "Surface Level",
        "oslandusetiera": "Unknown Or Unused Artificial",
        "oslandusetierb": [],
        "geometry_source": "Ordnance Survey",
        "oslandcovertiera": "Constructed",
        "oslandcovertierb": [
          "Building"
        ],
        "oslanduse_source": "Ordnance Survey",
        "height_updatedate": "2025-01-17",
        "description_source": "Ordnance Survey",
        "oslandcover_source": "Ordnance Survey",
        "associatedstructure": null,
        "geometry_updatedate": "2004-04-13",
        "height_evidencedate": "2024-06-20",
        "capturespecification": "Urban",
        "oslanduse_updatedate": "2004-04-13",
        "absoluteheightmaximum": null,
        "absoluteheightminimum": 12.6,
        "geometry_evidencedate": "2004-04-13",
        "heightconfidencelevel": "Incomplete",
        "relativeheightmaximum": null,
        "absoluteheightroofbase": null,
        "description_updatedate": "2004-04-13",
        "oslandcover_updatedate": "2004-04-13",
        "oslanduse_evidencedate": "2004-04-13",
        "relativeheightroofbase": null,
        "versionavailabletodate": null,
        "firstdigitalcapturedate": "1988-07-28",
        "description_evidencedate": "2004-04-13",
        "oslandcover_evidencedate": "2004-04-13",
        "versionavailablefromdate": "2025-02-06T00:00:00Z"
      }
    },
    {
      "id": "c97acaec-10ad-4ae4-adf8-5b498e3f8910",
      "type": "Feature",
      "geometry": {
        "type": "Polygon",
        "coordinates": [
          [
            [
              -1.4678876,
              50.9371802
            ],
            [
              -1.4678998,
              50.9371841
            ],
            [
              -1.4678868,
              50.9372006
            ],
            [
              -1.4678941,
              50.9372029
            ],
            [
              -1.4679676,
              50.9372261
            ],
            [
              -1.4679812,
              50.9372097
            ],
            [
              -1.4680189,
              50.9371643
            ],
            [
              -1.4679237,
              50.9371345
            ],
            [
              -1.4678876,
              50.9371802
            ]
          ]
        ]
      },
      "properties": {
        "osid": "c97acaec-10ad-4ae4-adf8-5b498e3f8910",
        "toid": "osgb1000016343202",
        "theme": "Buildings",
        "changetype": "Modified Attributes",
        "isobscured": false,
        "description": "Building",
        "versiondate": "2025-02-05",
        "geometry_area": 55.217385,
        "height_source": "Ordnance Survey",
        "physicallevel": "Surface Level",
        "oslandusetiera": "Residential Accommodation",
        "oslandusetierb": [
          "Private Residence"
        ],
        "geometry_source": "Ordnance Survey",
        "oslandcovertiera": "Constructed",
        "oslandcovertierb": [
          "Building"
        ],
        "oslanduse_source": "Ordnance Survey",
        "height_updatedate": "2025-01-17",
        "description_source": "Ordnance Survey",
        "oslandcover_source": "Ordnance Survey",
        "associatedstructure": null,
        "geometry_updatedate": "2021-02-18",
        "height_evidencedate": "2024-06-20",
        "capturespecification": "Urban",
        "oslanduse_updatedate": "2004-02-10",
        "absoluteheightmaximum": 20,
        "absoluteheightminimum": 12.9,
        "geometry_evidencedate": "2020-09-20",
        "heightconfidencelevel": "Moderate",
        "relativeheightmaximum": 7.1,
        "absoluteheightroofbase": 17.1,
        "description_updatedate": "2004-02-10",
        "oslandcover_updatedate": "2004-02-10",
        "oslanduse_evidencedate": "2004-02-10",
        "relativeheightroofbase": 4.2,
        "versionavailabletodate": null,
        "firstdigitalcapturedate": "1988-07-28",
        "description_evidencedate": "2004-02-10",
        "oslandcover_evidencedate": "2004-02-10",
        "versionavailablefromdate": "2025-02-06T00:00:00Z"
      }
    },
    {
      "id": "ca362888-d86d-4f59-b634-2e9c502bc526",
      "type": "Feature",
      "geometry": {
        "type": "Polygon",
        "coordinates": [
          [
            [
              -1.4644553,
              50.9396238
            ],
            [
              -1.4644691,
              50.939628
            ],
            [
              -1.4645587,
              50.939655
            ],
            [
              -1.4646027,
              50.9395967
            ],
            [
              -1.4644993,
              50.9395656
            ],
            [
              -1.4644553,
              50.9396238
            ]
          ]
        ]
      },
      "properties": {
        "osid": "ca362888-d86d-4f59-b634-2e9c502bc526",
        "toid": "osgb5000005232124743",
        "theme": "Buildings",
        "changetype": "Modified Attributes",
        "isobscured": false,
        "description": "Building",
        "versiondate": "2025-02-05",
        "geometry_area": 57.755828,
        "height_source": "Ordnance Survey",
        "physicallevel": "Surface Level",
        "oslandusetiera": "Residential Accommodation",
        "oslandusetierb": [
          "Private Residence"
        ],
        "geometry_source": "Ordnance Survey",
        "oslandcovertiera": "Constructed",
        "oslandcovertierb": [
          "Building"
        ],
        "oslanduse_source": "Ordnance Survey",
        "height_updatedate": "2025-01-17",
        "description_source": "Ordnance Survey",
        "oslandcover_source": "Ordnance Survey",
        "associatedstructure": null,
        "geometry_updatedate": "2018-09-14",
        "height_evidencedate": "2024-06-20",
        "capturespecification": "Urban",
        "oslanduse_updatedate": "2018-07-09",
        "absoluteheightmaximum": 31.6,
        "absoluteheightminimum": 23.7,
        "geometry_evidencedate": "2018-09-14",
        "heightconfidencelevel": "Moderate",
        "relativeheightmaximum": 7.9,
        "absoluteheightroofbase": 28,
        "description_updatedate": "2018-07-09",
        "oslandcover_updatedate": "2018-07-09",
        "oslanduse_evidencedate": "2018-07-09",
        "relativeheightroofbase": 4.3,
        "versionavailabletodate": null,
        "firstdigitalcapturedate": "2018-07-10",
        "description_evidencedate": "2018-07-09",
        "oslandcover_evidencedate": "2018-07-09",
        "versionavailablefromdate": "2025-02-06T00:00:00Z"
      }
    },
    {
      "id": "ca6f19ee-3744-4251-ac7c-6379a32f2b0f",
      "type": "Feature",
      "geometry": {
        "type": "Polygon",
        "coordinates": [
          [
            [
              -1.4646821,
              50.9401054
            ],
            [
              -1.4646407,
              50.9400898
            ],
            [
              -1.4645954,
              50.9401381
            ],
            [
              -1.4646368,
              50.9401536
            ],
            [
              -1.4646821,
              50.9401054
            ]
          ]
        ]
      },
      "properties": {
        "osid": "ca6f19ee-3744-4251-ac7c-6379a32f2b0f",
        "toid": "osgb5000005208860373",
        "theme": "Buildings",
        "changetype": "Modified Attributes",
        "isobscured": false,
        "description": "Building",
        "versiondate": "2025-02-05",
        "geometry_area": 21.106162,
        "height_source": "Ordnance Survey",
        "physicallevel": "Surface Level",
        "oslandusetiera": "Residential Accommodation",
        "oslandusetierb": [
          "Private Residence"
        ],
        "geometry_source": "Ordnance Survey",
        "oslandcovertiera": "Constructed",
        "oslandcovertierb": [
          "Building"
        ],
        "oslanduse_source": "Ordnance Survey",
        "height_updatedate": "2025-01-17",
        "description_source": "Ordnance Survey",
        "oslandcover_source": "Ordnance Survey",
        "associatedstructure": null,
        "geometry_updatedate": "2017-08-04",
        "height_evidencedate": "2024-06-20",
        "capturespecification": "Urban",
        "oslanduse_updatedate": "2017-08-04",
        "absoluteheightmaximum": 27.9,
        "absoluteheightminimum": 24.1,
        "geometry_evidencedate": "2017-08-04",
        "heightconfidencelevel": "Moderate",
        "relativeheightmaximum": 3.8,
        "absoluteheightroofbase": 27,
        "description_updatedate": "2017-08-04",
        "oslandcover_updatedate": "2017-08-04",
        "oslanduse_evidencedate": "2017-08-04",
        "relativeheightroofbase": 2.9,
        "versionavailabletodate": null,
        "firstdigitalcapturedate": "2017-08-04",
        "description_evidencedate": "2017-08-04",
        "oslandcover_evidencedate": "2017-08-04",
        "versionavailablefromdate": "2025-02-06T00:00:00Z"
      }
    },
    {
      "id": "ca92b789-8969-4059-8a5e-caa85a9ad5e2",
      "type": "Feature",
      "geometry": {
        "type": "Polygon",
        "coordinates": [
          [
            [
              -1.4636406,
              50.9403732
            ],
            [
              -1.4636693,
              50.9403863
            ],
            [
              -1.4637001,
              50.9403596
            ],
            [
              -1.4636711,
              50.9403464
            ],
            [
              -1.4636406,
              50.9403732
            ]
          ]
        ]
      },
      "properties": {
        "osid": "ca92b789-8969-4059-8a5e-caa85a9ad5e2",
        "toid": "osgb5000005198749602",
        "theme": "Buildings",
        "changetype": "Modified Attributes",
        "isobscured": false,
        "description": "Building",
        "versiondate": "2025-02-05",
        "geometry_area": 9.191135,
        "height_source": "Ordnance Survey",
        "physicallevel": "Surface Level",
        "oslandusetiera": "Unknown Or Unused Artificial",
        "oslandusetierb": [],
        "geometry_source": "Ordnance Survey",
        "oslandcovertiera": "Constructed",
        "oslandcovertierb": [
          "Building"
        ],
        "oslanduse_source": "Ordnance Survey",
        "height_updatedate": "2025-01-17",
        "description_source": "Ordnance Survey",
        "oslandcover_source": "Ordnance Survey",
        "associatedstructure": null,
        "geometry_updatedate": "2017-02-07",
        "height_evidencedate": "2024-06-20",
        "capturespecification": "Urban",
        "oslanduse_updatedate": "2017-02-07",
        "absoluteheightmaximum": null,
        "absoluteheightminimum": 24.1,
        "geometry_evidencedate": "2017-02-07",
        "heightconfidencelevel": "Incomplete",
        "relativeheightmaximum": null,
        "absoluteheightroofbase": null,
        "description_updatedate": "2017-02-07",
        "oslandcover_updatedate": "2017-02-07",
        "oslanduse_evidencedate": "2017-02-07",
        "relativeheightroofbase": null,
        "versionavailabletodate": null,
        "firstdigitalcapturedate": "2017-02-07",
        "description_evidencedate": "2017-02-07",
        "oslandcover_evidencedate": "2017-02-07",
        "versionavailablefromdate": "2025-02-06T00:00:00Z"
      }
    },
    {
      "id": "caae16b5-c56c-4309-beb4-9fb2be4453d4",
      "type": "Feature",
      "geometry": {
        "type": "Polygon",
        "coordinates": [
          [
            [
              -1.4652104,
              50.9369414
            ],
            [
              -1.4652036,
              50.9369673
            ],
            [
              -1.4652747,
              50.9369748
            ],
            [
              -1.4652762,
              50.9369691
            ],
            [
              -1.4652816,
              50.9369489
            ],
            [
              -1.4652104,
              50.9369414
            ]
          ]
        ]
      },
      "properties": {
        "osid": "caae16b5-c56c-4309-beb4-9fb2be4453d4",
        "toid": "osgb5000005295453092",
        "theme": "Buildings",
        "changetype": "Modified Attributes",
        "isobscured": false,
        "description": "Building",
        "versiondate": "2025-02-05",
        "geometry_area": 14.792559,
        "height_source": "Ordnance Survey",
        "physicallevel": "Surface Level",
        "oslandusetiera": "Residential Accommodation",
        "oslandusetierb": [
          "Private Residence"
        ],
        "geometry_source": "Ordnance Survey",
        "oslandcovertiera": "Constructed",
        "oslandcovertierb": [
          "Building"
        ],
        "oslanduse_source": "Ordnance Survey",
        "height_updatedate": "2025-01-17",
        "description_source": "Ordnance Survey",
        "oslandcover_source": "Ordnance Survey",
        "associatedstructure": null,
        "geometry_updatedate": "2024-11-27",
        "height_evidencedate": "2024-06-20",
        "capturespecification": "Urban",
        "oslanduse_updatedate": "2022-05-06",
        "absoluteheightmaximum": null,
        "absoluteheightminimum": 16.3,
        "geometry_evidencedate": "2024-06-20",
        "heightconfidencelevel": "Incomplete",
        "relativeheightmaximum": null,
        "absoluteheightroofbase": null,
        "description_updatedate": "2022-05-06",
        "oslandcover_updatedate": "2022-05-06",
        "oslanduse_evidencedate": "2021-04-17",
        "relativeheightroofbase": null,
        "versionavailabletodate": null,
        "firstdigitalcapturedate": "2022-05-06",
        "description_evidencedate": "2021-04-17",
        "oslandcover_evidencedate": "2021-04-17",
        "versionavailablefromdate": "2025-02-06T00:00:00Z"
      }
    },
    {
      "id": "cb114b69-b789-438f-9459-ee3ee84d7fc7",
      "type": "Feature",
      "geometry": {
        "type": "Polygon",
        "coordinates": [
          [
            [
              -1.4652985,
              50.9405357
            ],
            [
              -1.4652731,
              50.9405611
            ],
            [
              -1.4653453,
              50.9405899
            ],
            [
              -1.465358,
              50.9405772
            ],
            [
              -1.4653707,
              50.9405645
            ],
            [
              -1.4652985,
              50.9405357
            ]
          ]
        ]
      },
      "properties": {
        "osid": "cb114b69-b789-438f-9459-ee3ee84d7fc7",
        "toid": "osgb5000005208860463",
        "theme": "Buildings",
        "changetype": "Modified Attributes",
        "isobscured": false,
        "description": "Building",
        "versiondate": "2025-02-05",
        "geometry_area": 20.073735,
        "height_source": "Ordnance Survey",
        "physicallevel": "Surface Level",
        "oslandusetiera": "Residential Accommodation",
        "oslandusetierb": [
          "Private Residence"
        ],
        "geometry_source": "Ordnance Survey",
        "oslandcovertiera": "Constructed",
        "oslandcovertierb": [
          "Building"
        ],
        "oslanduse_source": "Ordnance Survey",
        "height_updatedate": "2025-01-17",
        "description_source": "Ordnance Survey",
        "oslandcover_source": "Ordnance Survey",
        "associatedstructure": null,
        "geometry_updatedate": "2018-02-08",
        "height_evidencedate": "2024-06-20",
        "capturespecification": "Urban",
        "oslanduse_updatedate": "2017-08-04",
        "absoluteheightmaximum": 26.4,
        "absoluteheightminimum": 22.6,
        "geometry_evidencedate": "2018-02-08",
        "heightconfidencelevel": "Moderate",
        "relativeheightmaximum": 3.8,
        "absoluteheightroofbase": 25.3,
        "description_updatedate": "2017-08-04",
        "oslandcover_updatedate": "2017-08-04",
        "oslanduse_evidencedate": "2017-08-04",
        "relativeheightroofbase": 2.7,
        "versionavailabletodate": null,
        "firstdigitalcapturedate": "2017-08-04",
        "description_evidencedate": "2017-08-04",
        "oslandcover_evidencedate": "2017-08-04",
        "versionavailablefromdate": "2025-02-06T00:00:00Z"
      }
    },
    {
      "id": "cb30a6ea-6ef4-4d53-9b3d-b63ec0e19252",
      "type": "Feature",
      "geometry": {
        "type": "Polygon",
        "coordinates": [
          [
            [
              -1.465113,
              50.9400724
            ],
            [
              -1.465173,
              50.940116
            ],
            [
              -1.465208,
              50.9400967
            ],
            [
              -1.465148,
              50.9400531
            ],
            [
              -1.465113,
              50.9400724
            ]
          ]
        ]
      },
      "properties": {
        "osid": "cb30a6ea-6ef4-4d53-9b3d-b63ec0e19252",
        "toid": "osgb5000005222257050",
        "theme": "Buildings",
        "changetype": "Modified Attributes",
        "isobscured": false,
        "description": "Building",
        "versiondate": "2025-02-05",
        "geometry_area": 20.96803,
        "height_source": "Ordnance Survey",
        "physicallevel": "Surface Level",
        "oslandusetiera": "Residential Accommodation",
        "oslandusetierb": [
          "Private Residence"
        ],
        "geometry_source": "Ordnance Survey",
        "oslandcovertiera": "Constructed",
        "oslandcovertierb": [
          "Building"
        ],
        "oslanduse_source": "Ordnance Survey",
        "height_updatedate": "2025-01-17",
        "description_source": "Ordnance Survey",
        "oslandcover_source": "Ordnance Survey",
        "associatedstructure": null,
        "geometry_updatedate": "2018-04-26",
        "height_evidencedate": "2024-06-20",
        "capturespecification": "Urban",
        "oslanduse_updatedate": "2018-02-08",
        "absoluteheightmaximum": 27.9,
        "absoluteheightminimum": 23.5,
        "geometry_evidencedate": "2018-04-26",
        "heightconfidencelevel": "Moderate",
        "relativeheightmaximum": 4.4,
        "absoluteheightroofbase": 26.3,
        "description_updatedate": "2018-02-08",
        "oslandcover_updatedate": "2018-02-08",
        "oslanduse_evidencedate": "2018-02-08",
        "relativeheightroofbase": 2.8,
        "versionavailabletodate": null,
        "firstdigitalcapturedate": "2018-02-09",
        "description_evidencedate": "2018-02-08",
        "oslandcover_evidencedate": "2018-02-08",
        "versionavailablefromdate": "2025-02-06T00:00:00Z"
      }
    },
    {
      "id": "cb636554-fa2a-4cb2-a5b0-16783458b79b",
      "type": "Feature",
      "geometry": {
        "type": "Polygon",
        "coordinates": [
          [
            [
              -1.4687671,
              50.9370019
            ],
            [
              -1.4688024,
              50.9370123
            ],
            [
              -1.4688295,
              50.9369757
            ],
            [
              -1.4687943,
              50.9369653
            ],
            [
              -1.4687671,
              50.9370019
            ]
          ]
        ]
      },
      "properties": {
        "osid": "cb636554-fa2a-4cb2-a5b0-16783458b79b",
        "toid": "osgb5000005257941603",
        "theme": "Buildings",
        "changetype": "Modified Attributes",
        "isobscured": false,
        "description": "Building",
        "versiondate": "2025-02-05",
        "geometry_area": 12.291036,
        "height_source": "Ordnance Survey",
        "physicallevel": "Surface Level",
        "oslandusetiera": "Residential Accommodation",
        "oslandusetierb": [
          "Private Residence"
        ],
        "geometry_source": "Ordnance Survey",
        "oslandcovertiera": "Constructed",
        "oslandcovertierb": [
          "Building"
        ],
        "oslanduse_source": "Ordnance Survey",
        "height_updatedate": "2025-01-17",
        "description_source": "Ordnance Survey",
        "oslandcover_source": "Ordnance Survey",
        "associatedstructure": null,
        "geometry_updatedate": "2019-12-29",
        "height_evidencedate": "2024-06-20",
        "capturespecification": "Urban",
        "oslanduse_updatedate": "2019-12-29",
        "absoluteheightmaximum": null,
        "absoluteheightminimum": 12,
        "geometry_evidencedate": "2019-06-28",
        "heightconfidencelevel": "Incomplete",
        "relativeheightmaximum": null,
        "absoluteheightroofbase": null,
        "description_updatedate": "2019-12-29",
        "oslandcover_updatedate": "2019-12-29",
        "oslanduse_evidencedate": "2019-06-28",
        "relativeheightroofbase": null,
        "versionavailabletodate": null,
        "firstdigitalcapturedate": "2019-12-30",
        "description_evidencedate": "2019-06-28",
        "oslandcover_evidencedate": "2019-06-28",
        "versionavailablefromdate": "2025-02-06T00:00:00Z"
      }
    },
    {
      "id": "cb7c7001-0eb5-4fe1-aad6-071574e4cb85",
      "type": "Feature",
      "geometry": {
        "type": "Polygon",
        "coordinates": [
          [
            [
              -1.4675281,
              50.9359046
            ],
            [
              -1.4675709,
              50.9359166
            ],
            [
              -1.4676085,
              50.935863
            ],
            [
              -1.4675654,
              50.9358509
            ],
            [
              -1.4675281,
              50.9359046
            ]
          ]
        ]
      },
      "properties": {
        "osid": "cb7c7001-0eb5-4fe1-aad6-071574e4cb85",
        "toid": "osgb5000005228158663",
        "theme": "Buildings",
        "changetype": "Modified Attributes",
        "isobscured": false,
        "description": "Building",
        "versiondate": "2025-02-05",
        "geometry_area": 21.523642,
        "height_source": "Ordnance Survey",
        "physicallevel": "Surface Level",
        "oslandusetiera": "Unknown Or Unused Artificial",
        "oslandusetierb": [],
        "geometry_source": "Ordnance Survey",
        "oslandcovertiera": "Constructed",
        "oslandcovertierb": [
          "Building"
        ],
        "oslanduse_source": "Ordnance Survey",
        "height_updatedate": "2025-01-17",
        "description_source": "Ordnance Survey",
        "oslandcover_source": "Ordnance Survey",
        "associatedstructure": null,
        "geometry_updatedate": "2018-05-09",
        "height_evidencedate": "2024-06-20",
        "capturespecification": "Urban",
        "oslanduse_updatedate": "2018-05-09",
        "absoluteheightmaximum": 17.4,
        "absoluteheightminimum": 11.6,
        "geometry_evidencedate": "2018-05-09",
        "heightconfidencelevel": "Moderate",
        "relativeheightmaximum": 5.8,
        "absoluteheightroofbase": 14.6,
        "description_updatedate": "2018-05-09",
        "oslandcover_updatedate": "2018-05-09",
        "oslanduse_evidencedate": "2018-05-09",
        "relativeheightroofbase": 3,
        "versionavailabletodate": null,
        "firstdigitalcapturedate": "2018-05-09",
        "description_evidencedate": "2018-05-09",
        "oslandcover_evidencedate": "2018-05-09",
        "versionavailablefromdate": "2025-02-06T00:00:00Z"
      }
    },
    {
      "id": "ccb086a7-a667-43ca-972d-c07e1b8ddede",
      "type": "Feature",
      "geometry": {
        "type": "Polygon",
        "coordinates": [
          [
            [
              -1.463337,
              50.9340876
            ],
            [
              -1.4633799,
              50.9340127
            ],
            [
              -1.4632706,
              50.9339874
            ],
            [
              -1.4632675,
              50.9339928
            ],
            [
              -1.463241,
              50.9339866
            ],
            [
              -1.4632165,
              50.9340288
            ],
            [
              -1.4632429,
              50.9340349
            ],
            [
              -1.4632278,
              50.934061
            ],
            [
              -1.4632227,
              50.93407
            ],
            [
              -1.4632631,
              50.9340796
            ],
            [
              -1.4632682,
              50.9340711
            ],
            [
              -1.463337,
              50.9340876
            ]
          ]
        ]
      },
      "properties": {
        "osid": "ccb086a7-a667-43ca-972d-c07e1b8ddede",
        "toid": "osgb1000016342883",
        "theme": "Buildings",
        "changetype": "Modified Attributes",
        "isobscured": false,
        "description": "Building",
        "versiondate": "2025-02-05",
        "geometry_area": 85.200348,
        "height_source": "Ordnance Survey",
        "physicallevel": "Surface Level",
        "oslandusetiera": "Residential Accommodation",
        "oslandusetierb": [
          "Private Residence"
        ],
        "geometry_source": "Ordnance Survey",
        "oslandcovertiera": "Constructed",
        "oslandcovertierb": [
          "Building"
        ],
        "oslanduse_source": "Ordnance Survey",
        "height_updatedate": "2025-01-17",
        "description_source": "Ordnance Survey",
        "oslandcover_source": "Ordnance Survey",
        "associatedstructure": null,
        "geometry_updatedate": "2017-07-31",
        "height_evidencedate": "2024-06-20",
        "capturespecification": "Urban",
        "oslanduse_updatedate": "2004-04-13",
        "absoluteheightmaximum": 24.5,
        "absoluteheightminimum": 11.6,
        "geometry_evidencedate": "2016-08-12",
        "heightconfidencelevel": "Moderate",
        "relativeheightmaximum": 12.9,
        "absoluteheightroofbase": 20.2,
        "description_updatedate": "2004-04-13",
        "oslandcover_updatedate": "2004-04-13",
        "oslanduse_evidencedate": "2004-04-13",
        "relativeheightroofbase": 8.6,
        "versionavailabletodate": null,
        "firstdigitalcapturedate": "1988-05-16",
        "description_evidencedate": "2004-04-13",
        "oslandcover_evidencedate": "2004-04-13",
        "versionavailablefromdate": "2025-02-06T00:00:00Z"
      }
    },
    {
      "id": "ccf4a7a3-aad5-4d50-a758-e41a66e7b50a",
      "type": "Feature",
      "geometry": {
        "type": "Polygon",
        "coordinates": [
          [
            [
              -1.4645117,
              50.940827
            ],
            [
              -1.4646094,
              50.940876
            ],
            [
              -1.4646554,
              50.9408395
            ],
            [
              -1.4646348,
              50.9408291
            ],
            [
              -1.4645578,
              50.9407904
            ],
            [
              -1.4645117,
              50.940827
            ]
          ]
        ]
      },
      "properties": {
        "osid": "ccf4a7a3-aad5-4d50-a758-e41a66e7b50a",
        "toid": "osgb5000005204350814",
        "theme": "Buildings",
        "changetype": "Modified Attributes",
        "isobscured": false,
        "description": "Building",
        "versiondate": "2025-02-05",
        "geometry_area": 45.541733,
        "height_source": "Ordnance Survey",
        "physicallevel": "Surface Level",
        "oslandusetiera": "Residential Accommodation",
        "oslandusetierb": [
          "Private Residence"
        ],
        "geometry_source": "Ordnance Survey",
        "oslandcovertiera": "Constructed",
        "oslandcovertierb": [
          "Building"
        ],
        "oslanduse_source": "Ordnance Survey",
        "height_updatedate": "2025-01-17",
        "description_source": "Ordnance Survey",
        "oslandcover_source": "Ordnance Survey",
        "associatedstructure": null,
        "geometry_updatedate": "2017-11-23",
        "height_evidencedate": "2024-06-20",
        "capturespecification": "Urban",
        "oslanduse_updatedate": "2017-05-11",
        "absoluteheightmaximum": 33,
        "absoluteheightminimum": 23.1,
        "geometry_evidencedate": "2017-11-23",
        "heightconfidencelevel": "Moderate",
        "relativeheightmaximum": 9.9,
        "absoluteheightroofbase": 31.3,
        "description_updatedate": "2017-05-11",
        "oslandcover_updatedate": "2017-05-11",
        "oslanduse_evidencedate": "2017-05-11",
        "relativeheightroofbase": 8.2,
        "versionavailabletodate": null,
        "firstdigitalcapturedate": "2017-05-12",
        "description_evidencedate": "2017-05-11",
        "oslandcover_evidencedate": "2017-05-11",
        "versionavailablefromdate": "2025-02-06T00:00:00Z"
      }
    },
    {
      "id": "cd0cc01c-e5de-4b05-a5da-eb2f724c272f",
      "type": "Feature",
      "geometry": {
        "type": "Polygon",
        "coordinates": [
          [
            [
              -1.4666604,
              50.9354159
            ],
            [
              -1.4666897,
              50.9354244
            ],
            [
              -1.4667535,
              50.9354429
            ],
            [
              -1.466803,
              50.9353748
            ],
            [
              -1.4667261,
              50.9353525
            ],
            [
              -1.4666744,
              50.9353375
            ],
            [
              -1.4666405,
              50.9353277
            ],
            [
              -1.4665879,
              50.9353124
            ],
            [
              -1.4665825,
              50.9353198
            ],
            [
              -1.4665631,
              50.9353466
            ],
            [
              -1.4665384,
              50.9353805
            ],
            [
              -1.4665462,
              50.9353828
            ],
            [
              -1.4665046,
              50.9354401
            ],
            [
              -1.4665677,
              50.9354584
            ],
            [
              -1.4666093,
              50.9354011
            ],
            [
              -1.4666313,
              50.9354074
            ],
            [
              -1.4666324,
              50.9354078
            ],
            [
              -1.4666478,
              50.9353865
            ],
            [
              -1.4666758,
              50.9353946
            ],
            [
              -1.4666604,
              50.9354159
            ]
          ]
        ]
      },
      "properties": {
        "osid": "cd0cc01c-e5de-4b05-a5da-eb2f724c272f",
        "toid": "osgb5000005208814512",
        "theme": "Buildings",
        "changetype": "Modified Attributes",
        "isobscured": false,
        "description": "Building",
        "versiondate": "2025-02-05",
        "geometry_area": 167.115814,
        "height_source": "Ordnance Survey",
        "physicallevel": "Surface Level",
        "oslandusetiera": "Residential Accommodation",
        "oslandusetierb": [
          "Private Residence"
        ],
        "geometry_source": "Ordnance Survey",
        "oslandcovertiera": "Constructed",
        "oslandcovertierb": [
          "Building"
        ],
        "oslanduse_source": "Ordnance Survey",
        "height_updatedate": "2025-01-17",
        "description_source": "Ordnance Survey",
        "oslandcover_source": "Ordnance Survey",
        "associatedstructure": null,
        "geometry_updatedate": "2017-08-03",
        "height_evidencedate": "2024-06-20",
        "capturespecification": "Urban",
        "oslanduse_updatedate": "2017-08-03",
        "absoluteheightmaximum": 21.4,
        "absoluteheightminimum": 12.2,
        "geometry_evidencedate": "2017-08-03",
        "heightconfidencelevel": "Moderate",
        "relativeheightmaximum": 9.2,
        "absoluteheightroofbase": 16.4,
        "description_updatedate": "2017-08-03",
        "oslandcover_updatedate": "2017-08-03",
        "oslanduse_evidencedate": "2017-08-03",
        "relativeheightroofbase": 4.2,
        "versionavailabletodate": null,
        "firstdigitalcapturedate": "2017-08-03",
        "description_evidencedate": "2017-08-03",
        "oslandcover_evidencedate": "2017-08-03",
        "versionavailablefromdate": "2025-02-06T00:00:00Z"
      }
    },
    {
      "id": "cd7d7c7f-1cf4-4620-b743-c26b0a7a394c",
      "type": "Feature",
      "geometry": {
        "type": "Polygon",
        "coordinates": [
          [
            [
              -1.4651761,
              50.9369271
            ],
            [
              -1.4651903,
              50.9369285
            ],
            [
              -1.4651928,
              50.9369184
            ],
            [
              -1.4651786,
              50.936917
            ],
            [
              -1.4651761,
              50.9369271
            ]
          ]
        ]
      },
      "properties": {
        "osid": "cd7d7c7f-1cf4-4620-b743-c26b0a7a394c",
        "toid": "osgb5000005203977383",
        "theme": "Buildings",
        "changetype": "New",
        "isobscured": false,
        "description": "Building",
        "versiondate": "2022-08-26",
        "geometry_area": 1.14813,
        "height_source": null,
        "physicallevel": "Surface Level",
        "oslandusetiera": "Residential Accommodation",
        "oslandusetierb": [
          "Private Residence"
        ],
        "geometry_source": "Ordnance Survey",
        "oslandcovertiera": "Constructed",
        "oslandcovertierb": [
          "Building"
        ],
        "oslanduse_source": "Ordnance Survey",
        "height_updatedate": null,
        "description_source": "Ordnance Survey",
        "oslandcover_source": "Ordnance Survey",
        "associatedstructure": null,
        "geometry_updatedate": "2017-04-21",
        "height_evidencedate": null,
        "capturespecification": "Urban",
        "oslanduse_updatedate": "2017-04-21",
        "absoluteheightmaximum": null,
        "absoluteheightminimum": null,
        "geometry_evidencedate": "2016-08-12",
        "heightconfidencelevel": null,
        "relativeheightmaximum": null,
        "absoluteheightroofbase": null,
        "description_updatedate": "2017-04-21",
        "oslandcover_updatedate": "2017-04-21",
        "oslanduse_evidencedate": "2016-08-12",
        "relativeheightroofbase": null,
        "versionavailabletodate": null,
        "firstdigitalcapturedate": "2017-05-04",
        "description_evidencedate": "2016-08-12",
        "oslandcover_evidencedate": "2016-08-12",
        "versionavailablefromdate": "2022-08-27T00:00:00Z"
      }
    },
    {
      "id": "cd977945-8fe3-429e-87c2-894878326f10",
      "type": "Feature",
      "geometry": {
        "type": "Polygon",
        "coordinates": [
          [
            [
              -1.4648076,
              50.9396873
            ],
            [
              -1.4647578,
              50.9397534
            ],
            [
              -1.4647545,
              50.9397578
            ],
            [
              -1.4648239,
              50.9397787
            ],
            [
              -1.46488,
              50.9397042
            ],
            [
              -1.4648106,
              50.9396834
            ],
            [
              -1.4648076,
              50.9396873
            ]
          ]
        ]
      },
      "properties": {
        "osid": "cd977945-8fe3-429e-87c2-894878326f10",
        "toid": "osgb5000005232124714",
        "theme": "Buildings",
        "changetype": "Modified Attributes",
        "isobscured": false,
        "description": "Building",
        "versiondate": "2025-02-05",
        "geometry_area": 49.513627,
        "height_source": "Ordnance Survey",
        "physicallevel": "Surface Level",
        "oslandusetiera": "Residential Accommodation",
        "oslandusetierb": [
          "Private Residence"
        ],
        "geometry_source": "Ordnance Survey",
        "oslandcovertiera": "Constructed",
        "oslandcovertierb": [
          "Building"
        ],
        "oslanduse_source": "Ordnance Survey",
        "height_updatedate": "2025-01-17",
        "description_source": "Ordnance Survey",
        "oslandcover_source": "Ordnance Survey",
        "associatedstructure": null,
        "geometry_updatedate": "2018-07-09",
        "height_evidencedate": "2024-06-20",
        "capturespecification": "Urban",
        "oslanduse_updatedate": "2018-07-09",
        "absoluteheightmaximum": 31.9,
        "absoluteheightminimum": 23.8,
        "geometry_evidencedate": "2018-07-09",
        "heightconfidencelevel": "Moderate",
        "relativeheightmaximum": 8.1,
        "absoluteheightroofbase": 30,
        "description_updatedate": "2018-07-09",
        "oslandcover_updatedate": "2018-07-09",
        "oslanduse_evidencedate": "2018-07-09",
        "relativeheightroofbase": 6.2,
        "versionavailabletodate": null,
        "firstdigitalcapturedate": "2018-07-10",
        "description_evidencedate": "2018-07-09",
        "oslandcover_evidencedate": "2018-07-09",
        "versionavailablefromdate": "2025-02-06T00:00:00Z"
      }
    },
    {
      "id": "cdd63524-7cfb-4d61-bb89-4a2c02b05639",
      "type": "Feature",
      "geometry": {
        "type": "Polygon",
        "coordinates": [
          [
            [
              -1.4683348,
              50.9376623
            ],
            [
              -1.4682981,
              50.937653
            ],
            [
              -1.4682677,
              50.9377014
            ],
            [
              -1.4683038,
              50.9377105
            ],
            [
              -1.4683348,
              50.9376623
            ]
          ]
        ]
      },
      "properties": {
        "osid": "cdd63524-7cfb-4d61-bb89-4a2c02b05639",
        "toid": "osgb1000016343235",
        "theme": "Buildings",
        "changetype": "Modified Attributes",
        "isobscured": false,
        "description": "Building",
        "versiondate": "2025-02-05",
        "geometry_area": 15.9935,
        "height_source": "Ordnance Survey",
        "physicallevel": "Surface Level",
        "oslandusetiera": "Unknown Or Unused Artificial",
        "oslandusetierb": [],
        "geometry_source": "Ordnance Survey",
        "oslandcovertiera": "Constructed",
        "oslandcovertierb": [
          "Building"
        ],
        "oslanduse_source": "Ordnance Survey",
        "height_updatedate": "2025-01-17",
        "description_source": "Ordnance Survey",
        "oslandcover_source": "Ordnance Survey",
        "associatedstructure": null,
        "geometry_updatedate": "2004-02-10",
        "height_evidencedate": "2024-06-20",
        "capturespecification": "Urban",
        "oslanduse_updatedate": "2004-02-10",
        "absoluteheightmaximum": null,
        "absoluteheightminimum": 12.4,
        "geometry_evidencedate": "2004-02-10",
        "heightconfidencelevel": "Incomplete",
        "relativeheightmaximum": null,
        "absoluteheightroofbase": null,
        "description_updatedate": "2004-02-10",
        "oslandcover_updatedate": "2004-02-10",
        "oslanduse_evidencedate": "2004-02-10",
        "relativeheightroofbase": null,
        "versionavailabletodate": null,
        "firstdigitalcapturedate": "1988-07-28",
        "description_evidencedate": "2004-02-10",
        "oslandcover_evidencedate": "2004-02-10",
        "versionavailablefromdate": "2025-02-06T00:00:00Z"
      }
    },
    {
      "id": "cdf862ba-072b-4daf-8bc7-782124a9728c",
      "type": "Feature",
      "geometry": {
        "type": "Polygon",
        "coordinates": [
          [
            [
              -1.4652155,
              50.9388789
            ],
            [
              -1.465338,
              50.9388981
            ],
            [
              -1.4653559,
              50.9388522
            ],
            [
              -1.4652334,
              50.9388331
            ],
            [
              -1.4652155,
              50.9388789
            ]
          ]
        ]
      },
      "properties": {
        "osid": "cdf862ba-072b-4daf-8bc7-782124a9728c",
        "toid": "osgb5000005264686417",
        "theme": "Buildings",
        "changetype": "Modified Attributes",
        "isobscured": false,
        "description": "Building",
        "versiondate": "2025-02-05",
        "geometry_area": 46.564084,
        "height_source": "Ordnance Survey",
        "physicallevel": "Surface Level",
        "oslandusetiera": "Residential Accommodation",
        "oslandusetierb": [
          "Private Residence"
        ],
        "geometry_source": "Ordnance Survey",
        "oslandcovertiera": "Constructed",
        "oslandcovertierb": [
          "Building"
        ],
        "oslanduse_source": "Ordnance Survey",
        "height_updatedate": "2025-01-17",
        "description_source": "Ordnance Survey",
        "oslandcover_source": "Ordnance Survey",
        "associatedstructure": null,
        "geometry_updatedate": "2020-05-21",
        "height_evidencedate": "2024-06-20",
        "capturespecification": "Urban",
        "oslanduse_updatedate": "2020-05-21",
        "absoluteheightmaximum": 29.9,
        "absoluteheightminimum": 22,
        "geometry_evidencedate": "2020-05-21",
        "heightconfidencelevel": "Moderate",
        "relativeheightmaximum": 7.9,
        "absoluteheightroofbase": 28.1,
        "description_updatedate": "2020-05-21",
        "oslandcover_updatedate": "2020-05-21",
        "oslanduse_evidencedate": "2020-05-21",
        "relativeheightroofbase": 6.1,
        "versionavailabletodate": null,
        "firstdigitalcapturedate": "2020-05-21",
        "description_evidencedate": "2020-05-21",
        "oslandcover_evidencedate": "2020-05-21",
        "versionavailablefromdate": "2025-02-06T00:00:00Z"
      }
    },
    {
      "id": "ce02917c-ea57-438f-addf-179ba0c34e65",
      "type": "Feature",
      "geometry": {
        "type": "Polygon",
        "coordinates": [
          [
            [
              -1.4644985,
              50.9395355
            ],
            [
              -1.4646107,
              50.9395692
            ],
            [
              -1.4646396,
              50.9395308
            ],
            [
              -1.4645274,
              50.9394971
            ],
            [
              -1.4644985,
              50.9395355
            ]
          ]
        ]
      },
      "properties": {
        "osid": "ce02917c-ea57-438f-addf-179ba0c34e65",
        "toid": "osgb5000005232124772",
        "theme": "Buildings",
        "changetype": "Modified Attributes",
        "isobscured": false,
        "description": "Building",
        "versiondate": "2025-02-05",
        "geometry_area": 41.290098,
        "height_source": "Ordnance Survey",
        "physicallevel": "Surface Level",
        "oslandusetiera": "Residential Accommodation",
        "oslandusetierb": [
          "Private Residence"
        ],
        "geometry_source": "Ordnance Survey",
        "oslandcovertiera": "Constructed",
        "oslandcovertierb": [
          "Building"
        ],
        "oslanduse_source": "Ordnance Survey",
        "height_updatedate": "2025-01-17",
        "description_source": "Ordnance Survey",
        "oslandcover_source": "Ordnance Survey",
        "associatedstructure": null,
        "geometry_updatedate": "2018-07-09",
        "height_evidencedate": "2024-06-20",
        "capturespecification": "Urban",
        "oslanduse_updatedate": "2018-07-09",
        "absoluteheightmaximum": 31.4,
        "absoluteheightminimum": 23.5,
        "geometry_evidencedate": "2018-07-09",
        "heightconfidencelevel": "Moderate",
        "relativeheightmaximum": 7.9,
        "absoluteheightroofbase": 28.4,
        "description_updatedate": "2018-07-09",
        "oslandcover_updatedate": "2018-07-09",
        "oslanduse_evidencedate": "2018-07-09",
        "relativeheightroofbase": 4.9,
        "versionavailabletodate": null,
        "firstdigitalcapturedate": "2018-07-10",
        "description_evidencedate": "2018-07-09",
        "oslandcover_evidencedate": "2018-07-09",
        "versionavailablefromdate": "2025-02-06T00:00:00Z"
      }
    },
    {
      "id": "ce3b68ce-e0a5-4e60-9eb4-2871e12ab780",
      "type": "Feature",
      "geometry": {
        "type": "Polygon",
        "coordinates": [
          [
            [
              -1.4678346,
              50.9340519
            ],
            [
              -1.4677673,
              50.9340602
            ],
            [
              -1.4677736,
              50.9340806
            ],
            [
              -1.4678417,
              50.9340722
            ],
            [
              -1.4678346,
              50.9340519
            ]
          ]
        ]
      },
      "properties": {
        "osid": "ce3b68ce-e0a5-4e60-9eb4-2871e12ab780",
        "toid": "osgb5000005350267481",
        "theme": "Buildings",
        "changetype": "New",
        "isobscured": false,
        "description": "Building",
        "versiondate": "2025-10-03",
        "geometry_area": 11.201823,
        "height_source": "Ordnance Survey",
        "physicallevel": "Surface Level",
        "oslandusetiera": "Medical Or Health Care",
        "oslandusetierb": [],
        "geometry_source": "Ordnance Survey",
        "oslandcovertiera": "Constructed",
        "oslandcovertierb": [
          "Building"
        ],
        "oslanduse_source": "Ordnance Survey",
        "height_updatedate": "2025-10-03",
        "description_source": "Ordnance Survey",
        "oslandcover_source": "Ordnance Survey",
        "associatedstructure": null,
        "geometry_updatedate": "2025-10-02",
        "height_evidencedate": "2024-06-20",
        "capturespecification": "Urban",
        "oslanduse_updatedate": "2025-10-02",
        "absoluteheightmaximum": null,
        "absoluteheightminimum": 10.9,
        "geometry_evidencedate": "2025-10-02",
        "heightconfidencelevel": "Incomplete",
        "relativeheightmaximum": null,
        "absoluteheightroofbase": null,
        "description_updatedate": "2025-10-02",
        "oslandcover_updatedate": "2025-10-02",
        "oslanduse_evidencedate": "2025-10-02",
        "relativeheightroofbase": null,
        "versionavailabletodate": null,
        "firstdigitalcapturedate": "2025-10-02",
        "description_evidencedate": "2025-10-02",
        "oslandcover_evidencedate": "2025-10-02",
        "versionavailablefromdate": "2025-10-04T00:00:00Z"
      }
    },
    {
      "id": "ce526d57-2b5d-4321-bda3-99f15ea97f3d",
      "type": "Feature",
      "geometry": {
        "type": "Polygon",
        "coordinates": [
          [
            [
              -1.4657702,
              50.9369025
            ],
            [
              -1.4657506,
              50.9369266
            ],
            [
              -1.4657724,
              50.9369336
            ],
            [
              -1.4657669,
              50.9369404
            ],
            [
              -1.4657897,
              50.9369477
            ],
            [
              -1.4657898,
              50.9369477
            ],
            [
              -1.4658066,
              50.9369267
            ],
            [
              -1.4658142,
              50.9369172
            ],
            [
              -1.4657702,
              50.9369025
            ]
          ]
        ]
      },
      "properties": {
        "osid": "ce526d57-2b5d-4321-bda3-99f15ea97f3d",
        "toid": "osgb5000005257941608",
        "theme": "Buildings",
        "changetype": "Modified Attributes",
        "isobscured": false,
        "description": "Building",
        "versiondate": "2025-02-05",
        "geometry_area": 11.995616,
        "height_source": "Ordnance Survey",
        "physicallevel": "Surface Level",
        "oslandusetiera": "Residential Accommodation",
        "oslandusetierb": [
          "Private Residence"
        ],
        "geometry_source": "Ordnance Survey",
        "oslandcovertiera": "Constructed",
        "oslandcovertierb": [
          "Building"
        ],
        "oslanduse_source": "Ordnance Survey",
        "height_updatedate": "2025-01-17",
        "description_source": "Ordnance Survey",
        "oslandcover_source": "Ordnance Survey",
        "associatedstructure": null,
        "geometry_updatedate": "2019-12-29",
        "height_evidencedate": "2024-06-20",
        "capturespecification": "Urban",
        "oslanduse_updatedate": "2019-12-29",
        "absoluteheightmaximum": null,
        "absoluteheightminimum": 15.5,
        "geometry_evidencedate": "2019-06-28",
        "heightconfidencelevel": "Incomplete",
        "relativeheightmaximum": null,
        "absoluteheightroofbase": null,
        "description_updatedate": "2019-12-29",
        "oslandcover_updatedate": "2019-12-29",
        "oslanduse_evidencedate": "2019-06-28",
        "relativeheightroofbase": null,
        "versionavailabletodate": null,
        "firstdigitalcapturedate": "2019-12-30",
        "description_evidencedate": "2019-06-28",
        "oslandcover_evidencedate": "2019-06-28",
        "versionavailablefromdate": "2025-02-06T00:00:00Z"
      }
    },
    {
      "id": "cf29b473-8e30-44e8-a68b-36e134d22f9a",
      "type": "Feature",
      "geometry": {
        "type": "Polygon",
        "coordinates": [
          [
            [
              -1.4682312,
              50.9375125
            ],
            [
              -1.4682399,
              50.9374912
            ],
            [
              -1.4681646,
              50.9374792
            ],
            [
              -1.4681637,
              50.9374813
            ],
            [
              -1.4681561,
              50.9374999
            ],
            [
              -1.4682312,
              50.9375125
            ]
          ]
        ]
      },
      "properties": {
        "osid": "cf29b473-8e30-44e8-a68b-36e134d22f9a",
        "toid": "osgb1000016343243",
        "theme": "Buildings",
        "changetype": "Modified Attributes",
        "isobscured": false,
        "description": "Building",
        "versiondate": "2025-02-05",
        "geometry_area": 13.19745,
        "height_source": "Ordnance Survey",
        "physicallevel": "Surface Level",
        "oslandusetiera": "Unknown Or Unused Artificial",
        "oslandusetierb": [],
        "geometry_source": "Ordnance Survey",
        "oslandcovertiera": "Constructed",
        "oslandcovertierb": [
          "Building"
        ],
        "oslanduse_source": "Ordnance Survey",
        "height_updatedate": "2025-01-17",
        "description_source": "Ordnance Survey",
        "oslandcover_source": "Ordnance Survey",
        "associatedstructure": null,
        "geometry_updatedate": "2004-02-10",
        "height_evidencedate": "2024-06-20",
        "capturespecification": "Urban",
        "oslanduse_updatedate": "2004-02-10",
        "absoluteheightmaximum": null,
        "absoluteheightminimum": 12.5,
        "geometry_evidencedate": "2004-02-10",
        "heightconfidencelevel": "Incomplete",
        "relativeheightmaximum": null,
        "absoluteheightroofbase": null,
        "description_updatedate": "2004-02-10",
        "oslandcover_updatedate": "2004-02-10",
        "oslanduse_evidencedate": "2004-02-10",
        "relativeheightroofbase": null,
        "versionavailabletodate": null,
        "firstdigitalcapturedate": "1988-07-28",
        "description_evidencedate": "2004-02-10",
        "oslandcover_evidencedate": "2004-02-10",
        "versionavailablefromdate": "2025-02-06T00:00:00Z"
      }
    },
    {
      "id": "cf32b0dd-9469-4230-b13f-5658fdf1c21f",
      "type": "Feature",
      "geometry": {
        "type": "Polygon",
        "coordinates": [
          [
            [
              -1.4662718,
              50.938313
            ],
            [
              -1.4663809,
              50.93834
            ],
            [
              -1.4664048,
              50.9383015
            ],
            [
              -1.4662957,
              50.9382745
            ],
            [
              -1.4662718,
              50.938313
            ]
          ]
        ]
      },
      "properties": {
        "osid": "cf32b0dd-9469-4230-b13f-5658fdf1c21f",
        "toid": "osgb5000005244788322",
        "theme": "Buildings",
        "changetype": "Modified Attributes",
        "isobscured": false,
        "description": "Building",
        "versiondate": "2025-02-05",
        "geometry_area": 37.832239,
        "height_source": "Ordnance Survey",
        "physicallevel": "Surface Level",
        "oslandusetiera": "Residential Accommodation",
        "oslandusetierb": [
          "Private Residence"
        ],
        "geometry_source": "Ordnance Survey",
        "oslandcovertiera": "Constructed",
        "oslandcovertierb": [
          "Building"
        ],
        "oslanduse_source": "Ordnance Survey",
        "height_updatedate": "2025-01-17",
        "description_source": "Ordnance Survey",
        "oslandcover_source": "Ordnance Survey",
        "associatedstructure": null,
        "geometry_updatedate": "2019-04-09",
        "height_evidencedate": "2024-06-20",
        "capturespecification": "Urban",
        "oslanduse_updatedate": "2019-04-09",
        "absoluteheightmaximum": 27.5,
        "absoluteheightminimum": 19.5,
        "geometry_evidencedate": "2019-04-09",
        "heightconfidencelevel": "Moderate",
        "relativeheightmaximum": 8,
        "absoluteheightroofbase": 24.5,
        "description_updatedate": "2019-04-09",
        "oslandcover_updatedate": "2019-04-09",
        "oslanduse_evidencedate": "2019-04-09",
        "relativeheightroofbase": 5,
        "versionavailabletodate": null,
        "firstdigitalcapturedate": "2019-04-09",
        "description_evidencedate": "2019-04-09",
        "oslandcover_evidencedate": "2019-04-09",
        "versionavailablefromdate": "2025-02-06T00:00:00Z"
      }
    },
    {
      "id": "cf591c0c-02fb-4530-ae19-9cdbba16df40",
      "type": "Feature",
      "geometry": {
        "type": "Polygon",
        "coordinates": [
          [
            [
              -1.4661321,
              50.9386652
            ],
            [
              -1.4662488,
              50.9386948
            ],
            [
              -1.4662735,
              50.9386559
            ],
            [
              -1.4661568,
              50.9386262
            ],
            [
              -1.4661321,
              50.9386652
            ]
          ]
        ]
      },
      "properties": {
        "osid": "cf591c0c-02fb-4530-ae19-9cdbba16df40",
        "toid": "osgb5000005247278684",
        "theme": "Buildings",
        "changetype": "Modified Attributes",
        "isobscured": false,
        "description": "Building",
        "versiondate": "2025-02-05",
        "geometry_area": 41.242676,
        "height_source": "Ordnance Survey",
        "physicallevel": "Surface Level",
        "oslandusetiera": "Residential Accommodation",
        "oslandusetierb": [
          "Private Residence"
        ],
        "geometry_source": "Ordnance Survey",
        "oslandcovertiera": "Constructed",
        "oslandcovertierb": [
          "Building"
        ],
        "oslanduse_source": "Ordnance Survey",
        "height_updatedate": "2025-01-17",
        "description_source": "Ordnance Survey",
        "oslandcover_source": "Ordnance Survey",
        "associatedstructure": null,
        "geometry_updatedate": "2019-06-05",
        "height_evidencedate": "2024-06-20",
        "capturespecification": "Urban",
        "oslanduse_updatedate": "2019-06-05",
        "absoluteheightmaximum": 27.8,
        "absoluteheightminimum": 19.9,
        "geometry_evidencedate": "2019-06-05",
        "heightconfidencelevel": "Moderate",
        "relativeheightmaximum": 7.9,
        "absoluteheightroofbase": 24.8,
        "description_updatedate": "2019-06-05",
        "oslandcover_updatedate": "2019-06-05",
        "oslanduse_evidencedate": "2019-06-05",
        "relativeheightroofbase": 4.9,
        "versionavailabletodate": null,
        "firstdigitalcapturedate": "2019-06-05",
        "description_evidencedate": "2019-06-05",
        "oslandcover_evidencedate": "2019-06-05",
        "versionavailablefromdate": "2025-02-06T00:00:00Z"
      }
    },
    {
      "id": "d06823f1-8244-4ccd-a16b-0fdff5855c5c",
      "type": "Feature",
      "geometry": {
        "type": "Polygon",
        "coordinates": [
          [
            [
              -1.4678992,
              50.9345569
            ],
            [
              -1.4678162,
              50.9345641
            ],
            [
              -1.4678191,
              50.9345776
            ],
            [
              -1.4678221,
              50.9345911
            ],
            [
              -1.4678242,
              50.934601
            ],
            [
              -1.4679072,
              50.9345938
            ],
            [
              -1.4678992,
              50.9345569
            ]
          ]
        ]
      },
      "properties": {
        "osid": "d06823f1-8244-4ccd-a16b-0fdff5855c5c",
        "toid": "osgb5000005341089694",
        "theme": "Buildings",
        "changetype": "Modified Geometry And Attributes",
        "isobscured": false,
        "description": "Building",
        "versiondate": "2025-10-03",
        "geometry_area": 24.428647,
        "height_source": "Ordnance Survey",
        "physicallevel": "Surface Level",
        "oslandusetiera": "Medical Or Health Care",
        "oslandusetierb": [],
        "geometry_source": "Ordnance Survey",
        "oslandcovertiera": "Constructed",
        "oslandcovertierb": [
          "Building"
        ],
        "oslanduse_source": "Ordnance Survey",
        "height_updatedate": "2025-10-03",
        "description_source": "Ordnance Survey",
        "oslandcover_source": "Ordnance Survey",
        "associatedstructure": null,
        "geometry_updatedate": "2025-10-02",
        "height_evidencedate": "2024-06-20",
        "capturespecification": "Urban",
        "oslanduse_updatedate": "2024-12-06",
        "absoluteheightmaximum": 14.4,
        "absoluteheightminimum": 11.2,
        "geometry_evidencedate": "2025-10-02",
        "heightconfidencelevel": "Low",
        "relativeheightmaximum": 3.2,
        "absoluteheightroofbase": 13.6,
        "description_updatedate": "2024-12-06",
        "oslandcover_updatedate": "2024-12-06",
        "oslanduse_evidencedate": "2024-06-20",
        "relativeheightroofbase": 2.4,
        "versionavailabletodate": null,
        "firstdigitalcapturedate": "2024-12-07",
        "description_evidencedate": "2024-06-20",
        "oslandcover_evidencedate": "2024-06-20",
        "versionavailablefromdate": "2025-10-04T00:00:00Z"
      }
    },
    {
      "id": "d0fc9ac1-bf6b-4f43-8be1-bee0067a02a4",
      "type": "Feature",
      "geometry": {
        "type": "Polygon",
        "coordinates": [
          [
            [
              -1.4661834,
              50.939453
            ],
            [
              -1.466195,
              50.9394822
            ],
            [
              -1.4662807,
              50.9394687
            ],
            [
              -1.4662749,
              50.939454
            ],
            [
              -1.4662691,
              50.9394394
            ],
            [
              -1.4661834,
              50.939453
            ]
          ]
        ]
      },
      "properties": {
        "osid": "d0fc9ac1-bf6b-4f43-8be1-bee0067a02a4",
        "toid": "osgb5000005239289079",
        "theme": "Buildings",
        "changetype": "Modified Attributes",
        "isobscured": false,
        "description": "Building",
        "versiondate": "2025-02-05",
        "geometry_area": 20.784084,
        "height_source": "Ordnance Survey",
        "physicallevel": "Surface Level",
        "oslandusetiera": "Residential Accommodation",
        "oslandusetierb": [
          "Private Residence"
        ],
        "geometry_source": "Ordnance Survey",
        "oslandcovertiera": "Constructed",
        "oslandcovertierb": [
          "Building"
        ],
        "oslanduse_source": "Ordnance Survey",
        "height_updatedate": "2025-01-17",
        "description_source": "Ordnance Survey",
        "oslandcover_source": "Ordnance Survey",
        "associatedstructure": null,
        "geometry_updatedate": "2019-06-04",
        "height_evidencedate": "2024-06-20",
        "capturespecification": "Urban",
        "oslanduse_updatedate": "2018-11-26",
        "absoluteheightmaximum": 25.2,
        "absoluteheightminimum": 21.7,
        "geometry_evidencedate": "2019-06-04",
        "heightconfidencelevel": "Moderate",
        "relativeheightmaximum": 3.5,
        "absoluteheightroofbase": 24.8,
        "description_updatedate": "2018-11-26",
        "oslandcover_updatedate": "2018-11-26",
        "oslanduse_evidencedate": "2018-11-26",
        "relativeheightroofbase": 3.1,
        "versionavailabletodate": null,
        "firstdigitalcapturedate": "2018-11-26",
        "description_evidencedate": "2018-11-26",
        "oslandcover_evidencedate": "2018-11-26",
        "versionavailablefromdate": "2025-02-06T00:00:00Z"
      }
    },
    {
      "id": "d16d6646-128a-457e-ab43-acb86152f0e6",
      "type": "Feature",
      "geometry": {
        "type": "Polygon",
        "coordinates": [
          [
            [
              -1.467727,
              50.9359881
            ],
            [
              -1.4677859,
              50.9359946
            ],
            [
              -1.4677935,
              50.9359667
            ],
            [
              -1.4678665,
              50.9359748
            ],
            [
              -1.4678836,
              50.9359132
            ],
            [
              -1.4677288,
              50.9358967
            ],
            [
              -1.4676894,
              50.9358856
            ],
            [
              -1.4676518,
              50.9359392
            ],
            [
              -1.4676905,
              50.93595
            ],
            [
              -1.4677031,
              50.9359537
            ],
            [
              -1.4677033,
              50.9359537
            ],
            [
              -1.4677292,
              50.9359566
            ],
            [
              -1.4677284,
              50.9359595
            ],
            [
              -1.4677347,
              50.9359602
            ],
            [
              -1.467727,
              50.9359881
            ]
          ]
        ]
      },
      "properties": {
        "osid": "d16d6646-128a-457e-ab43-acb86152f0e6",
        "toid": "osgb5000005208814622",
        "theme": "Buildings",
        "changetype": "Modified Attributes",
        "isobscured": false,
        "description": "Building",
        "versiondate": "2025-02-05",
        "geometry_area": 114.123351,
        "height_source": "Ordnance Survey",
        "physicallevel": "Surface Level",
        "oslandusetiera": "Residential Accommodation",
        "oslandusetierb": [
          "Private Residence"
        ],
        "geometry_source": "Ordnance Survey",
        "oslandcovertiera": "Constructed",
        "oslandcovertierb": [
          "Building"
        ],
        "oslanduse_source": "Ordnance Survey",
        "height_updatedate": "2025-01-17",
        "description_source": "Ordnance Survey",
        "oslandcover_source": "Ordnance Survey",
        "associatedstructure": null,
        "geometry_updatedate": "2018-05-09",
        "height_evidencedate": "2024-06-20",
        "capturespecification": "Urban",
        "oslanduse_updatedate": "2017-08-03",
        "absoluteheightmaximum": 21.3,
        "absoluteheightminimum": 11.6,
        "geometry_evidencedate": "2018-05-09",
        "heightconfidencelevel": "Moderate",
        "relativeheightmaximum": 9.7,
        "absoluteheightroofbase": 16.4,
        "description_updatedate": "2017-08-03",
        "oslandcover_updatedate": "2017-08-03",
        "oslanduse_evidencedate": "2017-08-03",
        "relativeheightroofbase": 4.8,
        "versionavailabletodate": null,
        "firstdigitalcapturedate": "2017-08-03",
        "description_evidencedate": "2017-08-03",
        "oslandcover_evidencedate": "2017-08-03",
        "versionavailablefromdate": "2025-02-06T00:00:00Z"
      }
    },
    {
      "id": "d1c16f4c-93c9-4616-bde4-91e61d73db95",
      "type": "Feature",
      "geometry": {
        "type": "Polygon",
        "coordinates": [
          [
            [
              -1.4714147,
              50.9354558
            ],
            [
              -1.4716882,
              50.9354572
            ],
            [
              -1.4716889,
              50.9354029
            ],
            [
              -1.4719659,
              50.9354043
            ],
            [
              -1.4719668,
              50.9353316
            ],
            [
              -1.4725818,
              50.9353347
            ],
            [
              -1.4725855,
              50.935038
            ],
            [
              -1.4719735,
              50.9350349
            ],
            [
              -1.4714201,
              50.9350321
            ],
            [
              -1.4714147,
              50.9354558
            ]
          ]
        ]
      },
      "properties": {
        "osid": "d1c16f4c-93c9-4616-bde4-91e61d73db95",
        "toid": "osgb5000005335824241",
        "theme": "Buildings",
        "changetype": "Modified Attributes",
        "isobscured": false,
        "description": "Building",
        "versiondate": "2025-02-15",
        "geometry_area": 3131.40754,
        "height_source": "Ordnance Survey",
        "physicallevel": "Surface Level",
        "oslandusetiera": "Construction",
        "oslandusetierb": [],
        "geometry_source": "Ordnance Survey",
        "oslandcovertiera": "Constructed",
        "oslandcovertierb": [
          "Building"
        ],
        "oslanduse_source": "Ordnance Survey",
        "height_updatedate": "2025-02-13",
        "description_source": "Ordnance Survey",
        "oslandcover_source": "Ordnance Survey",
        "associatedstructure": null,
        "geometry_updatedate": "2024-06-18",
        "height_evidencedate": "2024-06-20",
        "capturespecification": "Urban",
        "oslanduse_updatedate": "2024-06-17",
        "absoluteheightmaximum": 24.3,
        "absoluteheightminimum": 10.3,
        "geometry_evidencedate": "2024-05-30",
        "heightconfidencelevel": "Moderate",
        "relativeheightmaximum": 14,
        "absoluteheightroofbase": 21.2,
        "description_updatedate": "2024-06-17",
        "oslandcover_updatedate": "2024-06-17",
        "oslanduse_evidencedate": "2024-05-30",
        "relativeheightroofbase": 10.9,
        "versionavailabletodate": null,
        "firstdigitalcapturedate": "2024-06-18",
        "description_evidencedate": "2024-05-30",
        "oslandcover_evidencedate": "2024-05-30",
        "versionavailablefromdate": "2025-02-16T00:00:00Z"
      }
    },
    {
      "id": "d1c4f581-bf2d-4213-9c22-c35854bda7a8",
      "type": "Feature",
      "geometry": {
        "type": "Polygon",
        "coordinates": [
          [
            [
              -1.463496,
              50.9404157
            ],
            [
              -1.4635973,
              50.9404619
            ],
            [
              -1.4636362,
              50.9404279
            ],
            [
              -1.4635981,
              50.9404105
            ],
            [
              -1.463535,
              50.9403816
            ],
            [
              -1.463496,
              50.9404157
            ]
          ]
        ]
      },
      "properties": {
        "osid": "d1c4f581-bf2d-4213-9c22-c35854bda7a8",
        "toid": "osgb5000005198749606",
        "theme": "Buildings",
        "changetype": "Modified Attributes",
        "isobscured": false,
        "description": "Building",
        "versiondate": "2025-02-05",
        "geometry_area": 41.006544,
        "height_source": "Ordnance Survey",
        "physicallevel": "Surface Level",
        "oslandusetiera": "Residential Accommodation",
        "oslandusetierb": [
          "Private Residence"
        ],
        "geometry_source": "Ordnance Survey",
        "oslandcovertiera": "Constructed",
        "oslandcovertierb": [
          "Building"
        ],
        "oslanduse_source": "Ordnance Survey",
        "height_updatedate": "2025-01-17",
        "description_source": "Ordnance Survey",
        "oslandcover_source": "Ordnance Survey",
        "associatedstructure": null,
        "geometry_updatedate": "2017-08-04",
        "height_evidencedate": "2024-06-20",
        "capturespecification": "Urban",
        "oslanduse_updatedate": "2017-02-07",
        "absoluteheightmaximum": 31.9,
        "absoluteheightminimum": 24.1,
        "geometry_evidencedate": "2017-08-04",
        "heightconfidencelevel": "Moderate",
        "relativeheightmaximum": 7.8,
        "absoluteheightroofbase": 29.6,
        "description_updatedate": "2017-02-07",
        "oslandcover_updatedate": "2017-02-07",
        "oslanduse_evidencedate": "2017-02-07",
        "relativeheightroofbase": 5.5,
        "versionavailabletodate": null,
        "firstdigitalcapturedate": "2017-02-07",
        "description_evidencedate": "2017-02-07",
        "oslandcover_evidencedate": "2017-02-07",
        "versionavailablefromdate": "2025-02-06T00:00:00Z"
      }
    },
    {
      "id": "d1cf4e98-fcc6-4b3d-b27c-d311b542e71e",
      "type": "Feature",
      "geometry": {
        "type": "Polygon",
        "coordinates": [
          [
            [
              -1.4660731,
              50.9393974
            ],
            [
              -1.466092,
              50.9394453
            ],
            [
              -1.4662175,
              50.9394254
            ],
            [
              -1.4661985,
              50.9393776
            ],
            [
              -1.4660731,
              50.9393974
            ]
          ]
        ]
      },
      "properties": {
        "osid": "d1cf4e98-fcc6-4b3d-b27c-d311b542e71e",
        "toid": "osgb5000005239289049",
        "theme": "Buildings",
        "changetype": "Modified Attributes",
        "isobscured": false,
        "description": "Building",
        "versiondate": "2025-02-05",
        "geometry_area": 49.890856,
        "height_source": "Ordnance Survey",
        "physicallevel": "Surface Level",
        "oslandusetiera": "Residential Accommodation",
        "oslandusetierb": [
          "Private Residence"
        ],
        "geometry_source": "Ordnance Survey",
        "oslandcovertiera": "Constructed",
        "oslandcovertierb": [
          "Building"
        ],
        "oslanduse_source": "Ordnance Survey",
        "height_updatedate": "2025-01-17",
        "description_source": "Ordnance Survey",
        "oslandcover_source": "Ordnance Survey",
        "associatedstructure": null,
        "geometry_updatedate": "2018-11-23",
        "height_evidencedate": "2024-06-20",
        "capturespecification": "Urban",
        "oslanduse_updatedate": "2018-11-26",
        "absoluteheightmaximum": 29.8,
        "absoluteheightminimum": 21.7,
        "geometry_evidencedate": "2018-11-23",
        "heightconfidencelevel": "Moderate",
        "relativeheightmaximum": 8.1,
        "absoluteheightroofbase": 28.4,
        "description_updatedate": "2018-11-26",
        "oslandcover_updatedate": "2018-11-26",
        "oslanduse_evidencedate": "2018-11-26",
        "relativeheightroofbase": 6.7,
        "versionavailabletodate": null,
        "firstdigitalcapturedate": "2018-11-26",
        "description_evidencedate": "2018-11-26",
        "oslandcover_evidencedate": "2018-11-26",
        "versionavailablefromdate": "2025-02-06T00:00:00Z"
      }
    },
    {
      "id": "d25a04d0-08bc-4912-bb8b-409ee3466ffe",
      "type": "Feature",
      "geometry": {
        "type": "Polygon",
        "coordinates": [
          [
            [
              -1.4680189,
              50.9371643
            ],
            [
              -1.4679812,
              50.9372097
            ],
            [
              -1.4679676,
              50.9372261
            ],
            [
              -1.4679482,
              50.9372494
            ],
            [
              -1.468037,
              50.9372773
            ],
            [
              -1.4680686,
              50.9372372
            ],
            [
              -1.4680791,
              50.9372405
            ],
            [
              -1.4681294,
              50.9372563
            ],
            [
              -1.4681571,
              50.9372074
            ],
            [
              -1.4681166,
              50.9371948
            ],
            [
              -1.4680972,
              50.9371887
            ],
            [
              -1.4680717,
              50.9371808
            ],
            [
              -1.4680189,
              50.9371643
            ]
          ]
        ]
      },
      "properties": {
        "osid": "d25a04d0-08bc-4912-bb8b-409ee3466ffe",
        "toid": "osgb5000005203977279",
        "theme": "Buildings",
        "changetype": "Modified Attributes",
        "isobscured": false,
        "description": "Building",
        "versiondate": "2025-02-05",
        "geometry_area": 98.643551,
        "height_source": "Ordnance Survey",
        "physicallevel": "Surface Level",
        "oslandusetiera": "Residential Accommodation",
        "oslandusetierb": [
          "Private Residence"
        ],
        "geometry_source": "Ordnance Survey",
        "oslandcovertiera": "Constructed",
        "oslandcovertierb": [
          "Building"
        ],
        "oslanduse_source": "Ordnance Survey",
        "height_updatedate": "2025-01-17",
        "description_source": "Ordnance Survey",
        "oslandcover_source": "Ordnance Survey",
        "associatedstructure": null,
        "geometry_updatedate": "2019-12-29",
        "height_evidencedate": "2024-06-20",
        "capturespecification": "Urban",
        "oslanduse_updatedate": "2017-04-21",
        "absoluteheightmaximum": 20.8,
        "absoluteheightminimum": 12.7,
        "geometry_evidencedate": "2019-06-28",
        "heightconfidencelevel": "Moderate",
        "relativeheightmaximum": 8.1,
        "absoluteheightroofbase": 17,
        "description_updatedate": "2017-04-21",
        "oslandcover_updatedate": "2017-04-21",
        "oslanduse_evidencedate": "2016-08-12",
        "relativeheightroofbase": 4.3,
        "versionavailabletodate": null,
        "firstdigitalcapturedate": "2017-05-04",
        "description_evidencedate": "2016-08-12",
        "oslandcover_evidencedate": "2016-08-12",
        "versionavailablefromdate": "2025-02-06T00:00:00Z"
      }
    },
    {
      "id": "d268ee8b-9101-4c74-85ed-1bddfc10831f",
      "type": "Feature",
      "geometry": {
        "type": "Polygon",
        "coordinates": [
          [
            [
              -1.4656432,
              50.9366907
            ],
            [
              -1.465642,
              50.9367311
            ],
            [
              -1.4657281,
              50.936732
            ],
            [
              -1.4657283,
              50.9367118
            ],
            [
              -1.46568,
              50.9367111
            ],
            [
              -1.4656809,
              50.9366913
            ],
            [
              -1.4656667,
              50.9366908
            ],
            [
              -1.4656432,
              50.9366907
            ]
          ]
        ]
      },
      "properties": {
        "osid": "d268ee8b-9101-4c74-85ed-1bddfc10831f",
        "toid": "osgb1000016342835",
        "theme": "Buildings",
        "changetype": "Modified Attributes",
        "isobscured": false,
        "description": "Building",
        "versiondate": "2025-02-05",
        "geometry_area": 19.56125,
        "height_source": "Ordnance Survey",
        "physicallevel": "Surface Level",
        "oslandusetiera": "Residential Accommodation",
        "oslandusetierb": [
          "Private Residence"
        ],
        "geometry_source": "Ordnance Survey",
        "oslandcovertiera": "Constructed",
        "oslandcovertierb": [
          "Building"
        ],
        "oslanduse_source": "Ordnance Survey",
        "height_updatedate": "2025-01-17",
        "description_source": "Ordnance Survey",
        "oslandcover_source": "Ordnance Survey",
        "associatedstructure": null,
        "geometry_updatedate": "2004-04-13",
        "height_evidencedate": "2024-06-20",
        "capturespecification": "Urban",
        "oslanduse_updatedate": "2004-04-13",
        "absoluteheightmaximum": 22.3,
        "absoluteheightminimum": 14.7,
        "geometry_evidencedate": "2004-04-13",
        "heightconfidencelevel": "Moderate",
        "relativeheightmaximum": 7.6,
        "absoluteheightroofbase": 20.2,
        "description_updatedate": "2004-04-13",
        "oslandcover_updatedate": "2004-04-13",
        "oslanduse_evidencedate": "2004-04-13",
        "relativeheightroofbase": 5.5,
        "versionavailabletodate": null,
        "firstdigitalcapturedate": "1988-05-16",
        "description_evidencedate": "2004-04-13",
        "oslandcover_evidencedate": "2004-04-13",
        "versionavailablefromdate": "2025-02-06T00:00:00Z"
      }
    },
    {
      "id": "d2aecdd0-e6fb-4418-8282-f735832877c3",
      "type": "Feature",
      "geometry": {
        "type": "Polygon",
        "coordinates": [
          [
            [
              -1.4678415,
              50.9372686
            ],
            [
              -1.4678812,
              50.9372813
            ],
            [
              -1.4679,
              50.9372578
            ],
            [
              -1.4678604,
              50.9372451
            ],
            [
              -1.4678415,
              50.9372686
            ]
          ]
        ]
      },
      "properties": {
        "osid": "d2aecdd0-e6fb-4418-8282-f735832877c3",
        "toid": "osgb5000005203977313",
        "theme": "Buildings",
        "changetype": "Modified Attributes",
        "isobscured": false,
        "description": "Building",
        "versiondate": "2025-02-05",
        "geometry_area": 9.151655,
        "height_source": "Ordnance Survey",
        "physicallevel": "Surface Level",
        "oslandusetiera": "Residential Accommodation",
        "oslandusetierb": [
          "Private Residence"
        ],
        "geometry_source": "Ordnance Survey",
        "oslandcovertiera": "Constructed",
        "oslandcovertierb": [
          "Building"
        ],
        "oslanduse_source": "Ordnance Survey",
        "height_updatedate": "2025-01-17",
        "description_source": "Ordnance Survey",
        "oslandcover_source": "Ordnance Survey",
        "associatedstructure": null,
        "geometry_updatedate": "2017-04-19",
        "height_evidencedate": "2024-06-20",
        "capturespecification": "Urban",
        "oslanduse_updatedate": "2017-04-19",
        "absoluteheightmaximum": 15.8,
        "absoluteheightminimum": 13.1,
        "geometry_evidencedate": "2016-08-12",
        "heightconfidencelevel": "Moderate",
        "relativeheightmaximum": 2.7,
        "absoluteheightroofbase": 15.1,
        "description_updatedate": "2017-04-19",
        "oslandcover_updatedate": "2017-04-19",
        "oslanduse_evidencedate": "2016-08-12",
        "relativeheightroofbase": 2,
        "versionavailabletodate": null,
        "firstdigitalcapturedate": "2017-05-04",
        "description_evidencedate": "2016-08-12",
        "oslandcover_evidencedate": "2016-08-12",
        "versionavailablefromdate": "2025-02-06T00:00:00Z"
      }
    },
    {
      "id": "d2d6a454-6387-4c22-9672-18945245ef51",
      "type": "Feature",
      "geometry": {
        "type": "Polygon",
        "coordinates": [
          [
            [
              -1.4685549,
              50.937597
            ],
            [
              -1.4684913,
              50.9375734
            ],
            [
              -1.468472,
              50.9375938
            ],
            [
              -1.468535,
              50.9376177
            ],
            [
              -1.4685549,
              50.937597
            ]
          ]
        ]
      },
      "properties": {
        "osid": "d2d6a454-6387-4c22-9672-18945245ef51",
        "toid": "osgb1000016343230",
        "theme": "Buildings",
        "changetype": "Modified Attributes",
        "isobscured": false,
        "description": "Building",
        "versiondate": "2025-02-05",
        "geometry_area": 13.7859,
        "height_source": "Ordnance Survey",
        "physicallevel": "Surface Level",
        "oslandusetiera": "Unknown Or Unused Artificial",
        "oslandusetierb": [],
        "geometry_source": "Ordnance Survey",
        "oslandcovertiera": "Constructed",
        "oslandcovertierb": [
          "Building"
        ],
        "oslanduse_source": "Ordnance Survey",
        "height_updatedate": "2025-01-17",
        "description_source": "Ordnance Survey",
        "oslandcover_source": "Ordnance Survey",
        "associatedstructure": null,
        "geometry_updatedate": "2004-02-10",
        "height_evidencedate": "2024-06-20",
        "capturespecification": "Urban",
        "oslanduse_updatedate": "2004-02-10",
        "absoluteheightmaximum": null,
        "absoluteheightminimum": 12.2,
        "geometry_evidencedate": "2004-02-10",
        "heightconfidencelevel": "Incomplete",
        "relativeheightmaximum": null,
        "absoluteheightroofbase": null,
        "description_updatedate": "2004-02-10",
        "oslandcover_updatedate": "2004-02-10",
        "oslanduse_evidencedate": "2004-02-10",
        "relativeheightroofbase": null,
        "versionavailabletodate": null,
        "firstdigitalcapturedate": "1988-07-28",
        "description_evidencedate": "2004-02-10",
        "oslandcover_evidencedate": "2004-02-10",
        "versionavailablefromdate": "2025-02-06T00:00:00Z"
      }
    },
    {
      "id": "d340d45d-1bf2-4d4d-8c01-ccf473e652d0",
      "type": "Feature",
      "geometry": {
        "type": "Polygon",
        "coordinates": [
          [
            [
              -1.4668266,
              50.9385797
            ],
            [
              -1.4669552,
              50.9386116
            ],
            [
              -1.4669827,
              50.9385673
            ],
            [
              -1.4669606,
              50.9385619
            ],
            [
              -1.4668541,
              50.9385354
            ],
            [
              -1.4668266,
              50.9385797
            ]
          ]
        ]
      },
      "properties": {
        "osid": "d340d45d-1bf2-4d4d-8c01-ccf473e652d0",
        "toid": "osgb5000005244788314",
        "theme": "Buildings",
        "changetype": "Modified Attributes",
        "isobscured": false,
        "description": "Building",
        "versiondate": "2025-02-05",
        "geometry_area": 51.311449,
        "height_source": "Ordnance Survey",
        "physicallevel": "Surface Level",
        "oslandusetiera": "Residential Accommodation",
        "oslandusetierb": [
          "Private Residence"
        ],
        "geometry_source": "Ordnance Survey",
        "oslandcovertiera": "Constructed",
        "oslandcovertierb": [
          "Building"
        ],
        "oslanduse_source": "Ordnance Survey",
        "height_updatedate": "2025-01-17",
        "description_source": "Ordnance Survey",
        "oslandcover_source": "Ordnance Survey",
        "associatedstructure": null,
        "geometry_updatedate": "2019-04-09",
        "height_evidencedate": "2024-06-20",
        "capturespecification": "Urban",
        "oslanduse_updatedate": "2019-04-09",
        "absoluteheightmaximum": 26.5,
        "absoluteheightminimum": 17.8,
        "geometry_evidencedate": "2019-04-09",
        "heightconfidencelevel": "Moderate",
        "relativeheightmaximum": 8.7,
        "absoluteheightroofbase": 23.6,
        "description_updatedate": "2019-04-09",
        "oslandcover_updatedate": "2019-04-09",
        "oslanduse_evidencedate": "2019-04-09",
        "relativeheightroofbase": 5.8,
        "versionavailabletodate": null,
        "firstdigitalcapturedate": "2019-04-09",
        "description_evidencedate": "2019-04-09",
        "oslandcover_evidencedate": "2019-04-09",
        "versionavailablefromdate": "2025-02-06T00:00:00Z"
      }
    },
    {
      "id": "d39a4bc8-3b7e-4be6-ac5e-89ce7eaf0aae",
      "type": "Feature",
      "geometry": {
        "type": "Polygon",
        "coordinates": [
          [
            [
              -1.4655661,
              50.938449
            ],
            [
              -1.4656015,
              50.9383922
            ],
            [
              -1.4654902,
              50.9383646
            ],
            [
              -1.465469,
              50.9383986
            ],
            [
              -1.4654808,
              50.9384016
            ],
            [
              -1.4654666,
              50.9384243
            ],
            [
              -1.4655661,
              50.938449
            ]
          ]
        ]
      },
      "properties": {
        "osid": "d39a4bc8-3b7e-4be6-ac5e-89ce7eaf0aae",
        "toid": "osgb5000005250530107",
        "theme": "Buildings",
        "changetype": "Modified Attributes",
        "isobscured": false,
        "description": "Building",
        "versiondate": "2025-02-05",
        "geometry_area": 54.580463,
        "height_source": "Ordnance Survey",
        "physicallevel": "Surface Level",
        "oslandusetiera": "Residential Accommodation",
        "oslandusetierb": [
          "Private Residence"
        ],
        "geometry_source": "Ordnance Survey",
        "oslandcovertiera": "Constructed",
        "oslandcovertierb": [
          "Building"
        ],
        "oslanduse_source": "Ordnance Survey",
        "height_updatedate": "2025-01-17",
        "description_source": "Ordnance Survey",
        "oslandcover_source": "Ordnance Survey",
        "associatedstructure": null,
        "geometry_updatedate": "2019-08-06",
        "height_evidencedate": "2024-06-20",
        "capturespecification": "Urban",
        "oslanduse_updatedate": "2019-08-06",
        "absoluteheightmaximum": 28.8,
        "absoluteheightminimum": 21.1,
        "geometry_evidencedate": "2019-08-06",
        "heightconfidencelevel": "Moderate",
        "relativeheightmaximum": 7.7,
        "absoluteheightroofbase": 26.8,
        "description_updatedate": "2019-08-06",
        "oslandcover_updatedate": "2019-08-06",
        "oslanduse_evidencedate": "2019-08-06",
        "relativeheightroofbase": 5.7,
        "versionavailabletodate": null,
        "firstdigitalcapturedate": "2019-08-06",
        "description_evidencedate": "2019-08-06",
        "oslandcover_evidencedate": "2019-08-06",
        "versionavailablefromdate": "2025-02-06T00:00:00Z"
      }
    },
    {
      "id": "d3f69008-1776-432c-aded-097c0b3ca941",
      "type": "Feature",
      "geometry": {
        "type": "Polygon",
        "coordinates": [
          [
            [
              -1.4643083,
              50.938651
            ],
            [
              -1.4644255,
              50.9385352
            ],
            [
              -1.4643167,
              50.9384913
            ],
            [
              -1.4642944,
              50.9385133
            ],
            [
              -1.464364,
              50.9385414
            ],
            [
              -1.4642908,
              50.9386137
            ],
            [
              -1.4642125,
              50.938582
            ],
            [
              -1.464212,
              50.9385818
            ],
            [
              -1.4642025,
              50.9385912
            ],
            [
              -1.4641903,
              50.9386033
            ],
            [
              -1.4643083,
              50.938651
            ]
          ]
        ]
      },
      "properties": {
        "osid": "d3f69008-1776-432c-aded-097c0b3ca941",
        "toid": "osgb5000005123252077",
        "theme": "Buildings",
        "changetype": "Modified Attributes",
        "isobscured": false,
        "description": "Building",
        "versiondate": "2025-02-05",
        "geometry_area": 85.438558,
        "height_source": "Ordnance Survey",
        "physicallevel": "Surface Level",
        "oslandusetiera": "Sports Attraction Or Facility",
        "oslandusetierb": [
          "Football"
        ],
        "geometry_source": "Ordnance Survey",
        "oslandcovertiera": "Constructed",
        "oslandcovertierb": [
          "Building"
        ],
        "oslanduse_source": "Ordnance Survey",
        "height_updatedate": "2025-01-17",
        "description_source": "Ordnance Survey",
        "oslandcover_source": "Ordnance Survey",
        "associatedstructure": null,
        "geometry_updatedate": "2012-10-05",
        "height_evidencedate": "2024-06-20",
        "capturespecification": "Urban",
        "oslanduse_updatedate": "2012-10-06",
        "absoluteheightmaximum": 26.2,
        "absoluteheightminimum": 22.8,
        "geometry_evidencedate": "2012-03-29",
        "heightconfidencelevel": "Moderate",
        "relativeheightmaximum": 3.4,
        "absoluteheightroofbase": 24.9,
        "description_updatedate": "2012-10-06",
        "oslandcover_updatedate": "2012-10-06",
        "oslanduse_evidencedate": "2012-03-29",
        "relativeheightroofbase": 2.1,
        "versionavailabletodate": null,
        "firstdigitalcapturedate": "2012-12-12",
        "description_evidencedate": "2012-03-29",
        "oslandcover_evidencedate": "2012-03-29",
        "versionavailablefromdate": "2025-02-06T00:00:00Z"
      }
    },
    {
      "id": "d3ffd28a-b3bc-47b3-9ff7-29b69353b919",
      "type": "Feature",
      "geometry": {
        "type": "Polygon",
        "coordinates": [
          [
            [
              -1.4696834,
              50.9395029
            ],
            [
              -1.4696847,
              50.9393915
            ],
            [
              -1.4687517,
              50.9393872
            ],
            [
              -1.46875,
              50.939541
            ],
            [
              -1.4696829,
              50.9395453
            ],
            [
              -1.4696834,
              50.9395029
            ]
          ]
        ]
      },
      "properties": {
        "osid": "d3ffd28a-b3bc-47b3-9ff7-29b69353b919",
        "toid": "osgb5000005333760719",
        "theme": "Buildings",
        "changetype": "Modified Attributes",
        "isobscured": false,
        "description": "Building",
        "versiondate": "2025-02-05",
        "geometry_area": 1121.185736,
        "height_source": "Ordnance Survey",
        "physicallevel": "Surface Level",
        "oslandusetiera": "Commercial Activity: Industrial Or Manufacturing",
        "oslandusetierb": [],
        "geometry_source": "Ordnance Survey",
        "oslandcovertiera": "Constructed",
        "oslandcovertierb": [
          "Building"
        ],
        "oslanduse_source": "Ordnance Survey",
        "height_updatedate": "2025-01-17",
        "description_source": "Ordnance Survey",
        "oslandcover_source": "Ordnance Survey",
        "associatedstructure": null,
        "geometry_updatedate": "2024-04-09",
        "height_evidencedate": "2024-06-20",
        "capturespecification": "Urban",
        "oslanduse_updatedate": "2024-04-09",
        "absoluteheightmaximum": 28.9,
        "absoluteheightminimum": 15,
        "geometry_evidencedate": "2024-04-02",
        "heightconfidencelevel": "Moderate",
        "relativeheightmaximum": 13.9,
        "absoluteheightroofbase": 26.9,
        "description_updatedate": "2024-04-09",
        "oslandcover_updatedate": "2024-04-09",
        "oslanduse_evidencedate": "2024-04-02",
        "relativeheightroofbase": 11.9,
        "versionavailabletodate": null,
        "firstdigitalcapturedate": "2024-04-10",
        "description_evidencedate": "2024-04-02",
        "oslandcover_evidencedate": "2024-04-02",
        "versionavailablefromdate": "2025-02-06T00:00:00Z"
      }
    },
    {
      "id": "d443b8ea-c0d1-4a52-8d4d-d2d2471d17db",
      "type": "Feature",
      "geometry": {
        "type": "Polygon",
        "coordinates": [
          [
            [
              -1.4742938,
              50.9361766
            ],
            [
              -1.4742715,
              50.9359675
            ],
            [
              -1.4741961,
              50.9359717
            ],
            [
              -1.4741278,
              50.9361818
            ],
            [
              -1.4742938,
              50.9361766
            ]
          ]
        ]
      },
      "properties": {
        "osid": "d443b8ea-c0d1-4a52-8d4d-d2d2471d17db",
        "toid": "osgb1000002109402510",
        "theme": "Buildings",
        "changetype": "Modified Attributes",
        "isobscured": false,
        "description": "Building",
        "versiondate": "2025-02-05",
        "geometry_area": 196.86295,
        "height_source": "Ordnance Survey",
        "physicallevel": "Surface Level",
        "oslandusetiera": "Commercial Activity: Industrial Or Manufacturing",
        "oslandusetierb": [],
        "geometry_source": "Ordnance Survey",
        "oslandcovertiera": "Constructed",
        "oslandcovertierb": [
          "Building"
        ],
        "oslanduse_source": "Ordnance Survey",
        "height_updatedate": "2025-01-17",
        "description_source": "Ordnance Survey",
        "oslandcover_source": "Ordnance Survey",
        "associatedstructure": null,
        "geometry_updatedate": "2006-12-14",
        "height_evidencedate": "2024-06-20",
        "capturespecification": "Rural",
        "oslanduse_updatedate": "2006-12-14",
        "absoluteheightmaximum": 15.4,
        "absoluteheightminimum": 9.4,
        "geometry_evidencedate": "2006-12-14",
        "heightconfidencelevel": "Moderate",
        "relativeheightmaximum": 6,
        "absoluteheightroofbase": 12.2,
        "description_updatedate": "2006-12-14",
        "oslandcover_updatedate": "2006-12-14",
        "oslanduse_evidencedate": "2006-12-14",
        "relativeheightroofbase": 2.8,
        "versionavailabletodate": null,
        "firstdigitalcapturedate": "2003-04-26",
        "description_evidencedate": "2006-12-14",
        "oslandcover_evidencedate": "2006-12-14",
        "versionavailablefromdate": "2025-02-06T00:00:00Z"
      }
    },
    {
      "id": "d49f7ddb-267a-40d5-b172-f956262989cb",
      "type": "Feature",
      "geometry": {
        "type": "Polygon",
        "coordinates": [
          [
            [
              -1.466434,
              50.9364825
            ],
            [
              -1.4664332,
              50.936554
            ],
            [
              -1.4664936,
              50.9365546
            ],
            [
              -1.4664934,
              50.9365637
            ],
            [
              -1.4665241,
              50.936564
            ],
            [
              -1.4665243,
              50.9365549
            ],
            [
              -1.4665251,
              50.9364834
            ],
            [
              -1.466434,
              50.9364825
            ]
          ]
        ]
      },
      "properties": {
        "osid": "d49f7ddb-267a-40d5-b172-f956262989cb",
        "toid": "osgb1000016342810",
        "theme": "Buildings",
        "changetype": "Modified Attributes",
        "isobscured": false,
        "description": "Building",
        "versiondate": "2025-02-05",
        "geometry_area": 53.057718,
        "height_source": "Ordnance Survey",
        "physicallevel": "Surface Level",
        "oslandusetiera": "Residential Accommodation",
        "oslandusetierb": [
          "Private Residence"
        ],
        "geometry_source": "Ordnance Survey",
        "oslandcovertiera": "Constructed",
        "oslandcovertierb": [
          "Building"
        ],
        "oslanduse_source": "Ordnance Survey",
        "height_updatedate": "2025-01-17",
        "description_source": "Ordnance Survey",
        "oslandcover_source": "Ordnance Survey",
        "associatedstructure": null,
        "geometry_updatedate": "2017-04-21",
        "height_evidencedate": "2024-06-20",
        "capturespecification": "Urban",
        "oslanduse_updatedate": "2006-07-01",
        "absoluteheightmaximum": 20.9,
        "absoluteheightminimum": 13.1,
        "geometry_evidencedate": "2016-08-12",
        "heightconfidencelevel": "Moderate",
        "relativeheightmaximum": 7.8,
        "absoluteheightroofbase": 18.4,
        "description_updatedate": "2006-07-01",
        "oslandcover_updatedate": "2006-07-01",
        "oslanduse_evidencedate": "2006-07-01",
        "relativeheightroofbase": 5.3,
        "versionavailabletodate": null,
        "firstdigitalcapturedate": "1988-05-16",
        "description_evidencedate": "2006-07-01",
        "oslandcover_evidencedate": "2006-07-01",
        "versionavailablefromdate": "2025-02-06T00:00:00Z"
      }
    },
    {
      "id": "d4c541f9-1b3d-4563-a0b9-4381d1b3d45d",
      "type": "Feature",
      "geometry": {
        "type": "Polygon",
        "coordinates": [
          [
            [
              -1.4637695,
              50.9407035
            ],
            [
              -1.4636964,
              50.9407672
            ],
            [
              -1.4637575,
              50.9407952
            ],
            [
              -1.4638335,
              50.9407289
            ],
            [
              -1.4637724,
              50.940701
            ],
            [
              -1.4637695,
              50.9407035
            ]
          ]
        ]
      },
      "properties": {
        "osid": "d4c541f9-1b3d-4563-a0b9-4381d1b3d45d",
        "toid": "osgb5000005198749582",
        "theme": "Buildings",
        "changetype": "Modified Attributes",
        "isobscured": false,
        "description": "Building",
        "versiondate": "2025-02-05",
        "geometry_area": 48.23155,
        "height_source": "Ordnance Survey",
        "physicallevel": "Surface Level",
        "oslandusetiera": "Residential Accommodation",
        "oslandusetierb": [
          "Private Residence"
        ],
        "geometry_source": "Ordnance Survey",
        "oslandcovertiera": "Constructed",
        "oslandcovertierb": [
          "Building"
        ],
        "oslanduse_source": "Ordnance Survey",
        "height_updatedate": "2025-01-17",
        "description_source": "Ordnance Survey",
        "oslandcover_source": "Ordnance Survey",
        "associatedstructure": null,
        "geometry_updatedate": "2017-02-07",
        "height_evidencedate": "2024-06-20",
        "capturespecification": "Urban",
        "oslanduse_updatedate": "2017-02-07",
        "absoluteheightmaximum": 32.4,
        "absoluteheightminimum": 24.3,
        "geometry_evidencedate": "2017-02-07",
        "heightconfidencelevel": "Moderate",
        "relativeheightmaximum": 8.1,
        "absoluteheightroofbase": 30.1,
        "description_updatedate": "2017-02-07",
        "oslandcover_updatedate": "2017-02-07",
        "oslanduse_evidencedate": "2017-02-07",
        "relativeheightroofbase": 5.8,
        "versionavailabletodate": null,
        "firstdigitalcapturedate": "2017-02-07",
        "description_evidencedate": "2017-02-07",
        "oslandcover_evidencedate": "2017-02-07",
        "versionavailablefromdate": "2025-02-06T00:00:00Z"
      }
    },
    {
      "id": "d4e97152-36dd-4462-aa62-d7f91cc941cd",
      "type": "Feature",
      "geometry": {
        "type": "Polygon",
        "coordinates": [
          [
            [
              -1.4648252,
              50.9379434
            ],
            [
              -1.4649011,
              50.9379452
            ],
            [
              -1.4649127,
              50.9379455
            ],
            [
              -1.4649709,
              50.9379469
            ],
            [
              -1.4649788,
              50.937947
            ],
            [
              -1.4649816,
              50.9378871
            ],
            [
              -1.4649807,
              50.937887
            ],
            [
              -1.4649687,
              50.9378868
            ],
            [
              -1.4648821,
              50.9378852
            ],
            [
              -1.4648288,
              50.9378842
            ],
            [
              -1.4648252,
              50.9379434
            ]
          ]
        ]
      },
      "properties": {
        "osid": "d4e97152-36dd-4462-aa62-d7f91cc941cd",
        "toid": "osgb1000016342672",
        "theme": "Buildings",
        "changetype": "Modified Attributes",
        "isobscured": false,
        "description": "Building",
        "versiondate": "2025-02-05",
        "geometry_area": 71.407811,
        "height_source": "Ordnance Survey",
        "physicallevel": "Surface Level",
        "oslandusetiera": "Residential Accommodation",
        "oslandusetierb": [
          "Private Residence"
        ],
        "geometry_source": "Ordnance Survey",
        "oslandcovertiera": "Constructed",
        "oslandcovertierb": [
          "Building"
        ],
        "oslanduse_source": "Ordnance Survey",
        "height_updatedate": "2025-01-17",
        "description_source": "Ordnance Survey",
        "oslandcover_source": "Ordnance Survey",
        "associatedstructure": null,
        "geometry_updatedate": "2014-11-12",
        "height_evidencedate": "2024-06-20",
        "capturespecification": "Urban",
        "oslanduse_updatedate": "2004-02-10",
        "absoluteheightmaximum": 27.6,
        "absoluteheightminimum": 20.4,
        "geometry_evidencedate": "2014-11-12",
        "heightconfidencelevel": "Moderate",
        "relativeheightmaximum": 7.2,
        "absoluteheightroofbase": 25.4,
        "description_updatedate": "2004-02-10",
        "oslandcover_updatedate": "2004-02-10",
        "oslanduse_evidencedate": "2004-02-10",
        "relativeheightroofbase": 5,
        "versionavailabletodate": null,
        "firstdigitalcapturedate": "1988-07-28",
        "description_evidencedate": "2004-02-10",
        "oslandcover_evidencedate": "2004-02-10",
        "versionavailablefromdate": "2025-02-06T00:00:00Z"
      }
    },
    {
      "id": "d52074ac-c0b3-456f-a871-5d9551e69685",
      "type": "Feature",
      "geometry": {
        "type": "Polygon",
        "coordinates": [
          [
            [
              -1.4641378,
              50.9408999
            ],
            [
              -1.4641569,
              50.9409545
            ],
            [
              -1.4642026,
              50.9409481
            ],
            [
              -1.4641834,
              50.9408935
            ],
            [
              -1.4641378,
              50.9408999
            ]
          ]
        ]
      },
      "properties": {
        "osid": "d52074ac-c0b3-456f-a871-5d9551e69685",
        "toid": "osgb5000005204350810",
        "theme": "Buildings",
        "changetype": "Modified Attributes",
        "isobscured": false,
        "description": "Building",
        "versiondate": "2025-02-05",
        "geometry_area": 20.416529,
        "height_source": "Ordnance Survey",
        "physicallevel": "Surface Level",
        "oslandusetiera": "Residential Accommodation",
        "oslandusetierb": [
          "Private Residence"
        ],
        "geometry_source": "Ordnance Survey",
        "oslandcovertiera": "Constructed",
        "oslandcovertierb": [
          "Building"
        ],
        "oslanduse_source": "Ordnance Survey",
        "height_updatedate": "2025-01-17",
        "description_source": "Ordnance Survey",
        "oslandcover_source": "Ordnance Survey",
        "associatedstructure": null,
        "geometry_updatedate": "2017-05-11",
        "height_evidencedate": "2024-06-20",
        "capturespecification": "Urban",
        "oslanduse_updatedate": "2017-05-11",
        "absoluteheightmaximum": 27.2,
        "absoluteheightminimum": 23.7,
        "geometry_evidencedate": "2017-05-11",
        "heightconfidencelevel": "Moderate",
        "relativeheightmaximum": 3.5,
        "absoluteheightroofbase": 26.5,
        "description_updatedate": "2017-05-11",
        "oslandcover_updatedate": "2017-05-11",
        "oslanduse_evidencedate": "2017-05-11",
        "relativeheightroofbase": 2.8,
        "versionavailabletodate": null,
        "firstdigitalcapturedate": "2017-05-12",
        "description_evidencedate": "2017-05-11",
        "oslandcover_evidencedate": "2017-05-11",
        "versionavailablefromdate": "2025-02-06T00:00:00Z"
      }
    },
    {
      "id": "d5f43865-8501-4c3c-ac10-96e3774aff17",
      "type": "Feature",
      "geometry": {
        "type": "Polygon",
        "coordinates": [
          [
            [
              -1.4656014,
              50.9387429
            ],
            [
              -1.4655843,
              50.9387701
            ],
            [
              -1.4656064,
              50.9387756
            ],
            [
              -1.4656667,
              50.9387907
            ],
            [
              -1.4656838,
              50.9387635
            ],
            [
              -1.4656014,
              50.9387429
            ]
          ]
        ]
      },
      "properties": {
        "osid": "d5f43865-8501-4c3c-ac10-96e3774aff17",
        "toid": "osgb5000005247278666",
        "theme": "Buildings",
        "changetype": "Modified Attributes",
        "isobscured": false,
        "description": "Building",
        "versiondate": "2025-02-05",
        "geometry_area": 20.287527,
        "height_source": "Ordnance Survey",
        "physicallevel": "Surface Level",
        "oslandusetiera": "Residential Accommodation",
        "oslandusetierb": [
          "Private Residence"
        ],
        "geometry_source": "Ordnance Survey",
        "oslandcovertiera": "Constructed",
        "oslandcovertierb": [
          "Building"
        ],
        "oslanduse_source": "Ordnance Survey",
        "height_updatedate": "2025-01-17",
        "description_source": "Ordnance Survey",
        "oslandcover_source": "Ordnance Survey",
        "associatedstructure": null,
        "geometry_updatedate": "2020-01-31",
        "height_evidencedate": "2024-06-20",
        "capturespecification": "Urban",
        "oslanduse_updatedate": "2019-06-04",
        "absoluteheightmaximum": 25.4,
        "absoluteheightminimum": 21.4,
        "geometry_evidencedate": "2020-01-31",
        "heightconfidencelevel": "Moderate",
        "relativeheightmaximum": 4,
        "absoluteheightroofbase": 24.7,
        "description_updatedate": "2019-06-04",
        "oslandcover_updatedate": "2019-06-04",
        "oslanduse_evidencedate": "2019-06-04",
        "relativeheightroofbase": 3.3,
        "versionavailabletodate": null,
        "firstdigitalcapturedate": "2019-06-05",
        "description_evidencedate": "2019-06-04",
        "oslandcover_evidencedate": "2019-06-04",
        "versionavailablefromdate": "2025-02-06T00:00:00Z"
      }
    },
    {
      "id": "d634f718-4811-4078-8fb6-1362c7a45f06",
      "type": "Feature",
      "geometry": {
        "type": "Polygon",
        "coordinates": [
          [
            [
              -1.4673295,
              50.9377678
            ],
            [
              -1.4672786,
              50.9377739
            ],
            [
              -1.4672497,
              50.9377774
            ],
            [
              -1.4672614,
              50.9378165
            ],
            [
              -1.4673061,
              50.9378111
            ],
            [
              -1.4673412,
              50.937807
            ],
            [
              -1.4673295,
              50.9377678
            ]
          ]
        ]
      },
      "properties": {
        "osid": "d634f718-4811-4078-8fb6-1362c7a45f06",
        "toid": "osgb5000005340806029",
        "theme": "Buildings",
        "changetype": "Modified Attributes",
        "isobscured": false,
        "description": "Building",
        "versiondate": "2025-02-15",
        "geometry_area": 25.26985,
        "height_source": "Ordnance Survey",
        "physicallevel": "Surface Level",
        "oslandusetiera": "Residential Accommodation",
        "oslandusetierb": [
          "Private Residence"
        ],
        "geometry_source": "Ordnance Survey",
        "oslandcovertiera": "Constructed",
        "oslandcovertierb": [
          "Building"
        ],
        "oslanduse_source": "Ordnance Survey",
        "height_updatedate": "2025-02-13",
        "description_source": "Ordnance Survey",
        "oslandcover_source": "Ordnance Survey",
        "associatedstructure": null,
        "geometry_updatedate": "2024-11-27",
        "height_evidencedate": "2024-06-20",
        "capturespecification": "Urban",
        "oslanduse_updatedate": "2024-11-27",
        "absoluteheightmaximum": null,
        "absoluteheightminimum": 14.7,
        "geometry_evidencedate": "2024-06-20",
        "heightconfidencelevel": "Incomplete",
        "relativeheightmaximum": null,
        "absoluteheightroofbase": null,
        "description_updatedate": "2024-11-27",
        "oslandcover_updatedate": "2024-11-27",
        "oslanduse_evidencedate": "2024-06-20",
        "relativeheightroofbase": null,
        "versionavailabletodate": null,
        "firstdigitalcapturedate": "2024-11-27",
        "description_evidencedate": "2024-06-20",
        "oslandcover_evidencedate": "2024-06-20",
        "versionavailablefromdate": "2025-02-16T00:00:00Z"
      }
    },
    {
      "id": "d6591af3-3c46-4191-a818-683a4394e73a",
      "type": "Feature",
      "geometry": {
        "type": "Polygon",
        "coordinates": [
          [
            [
              -1.4652972,
              50.9387359
            ],
            [
              -1.4654122,
              50.9387575
            ],
            [
              -1.4654399,
              50.9386987
            ],
            [
              -1.4653248,
              50.9386771
            ],
            [
              -1.4652972,
              50.9387359
            ]
          ]
        ]
      },
      "properties": {
        "osid": "d6591af3-3c46-4191-a818-683a4394e73a",
        "toid": "osgb5000005264686402",
        "theme": "Buildings",
        "changetype": "Modified Attributes",
        "isobscured": false,
        "description": "Building",
        "versiondate": "2025-02-05",
        "geometry_area": 57.494268,
        "height_source": "Ordnance Survey",
        "physicallevel": "Surface Level",
        "oslandusetiera": "Residential Accommodation",
        "oslandusetierb": [
          "Private Residence"
        ],
        "geometry_source": "Ordnance Survey",
        "oslandcovertiera": "Constructed",
        "oslandcovertierb": [
          "Building"
        ],
        "oslanduse_source": "Ordnance Survey",
        "height_updatedate": "2025-01-17",
        "description_source": "Ordnance Survey",
        "oslandcover_source": "Ordnance Survey",
        "associatedstructure": null,
        "geometry_updatedate": "2020-05-21",
        "height_evidencedate": "2024-06-20",
        "capturespecification": "Urban",
        "oslanduse_updatedate": "2020-05-21",
        "absoluteheightmaximum": 29.9,
        "absoluteheightminimum": 21.4,
        "geometry_evidencedate": "2020-05-21",
        "heightconfidencelevel": "Moderate",
        "relativeheightmaximum": 8.5,
        "absoluteheightroofbase": 27.6,
        "description_updatedate": "2020-05-21",
        "oslandcover_updatedate": "2020-05-21",
        "oslanduse_evidencedate": "2020-05-21",
        "relativeheightroofbase": 6.2,
        "versionavailabletodate": null,
        "firstdigitalcapturedate": "2020-05-21",
        "description_evidencedate": "2020-05-21",
        "oslandcover_evidencedate": "2020-05-21",
        "versionavailablefromdate": "2025-02-06T00:00:00Z"
      }
    },
    {
      "id": "d65cf001-727f-48aa-a23b-57499b6b2bb7",
      "type": "Feature",
      "geometry": {
        "type": "Polygon",
        "coordinates": [
          [
            [
              -1.4712055,
              50.9361322
            ],
            [
              -1.4711973,
              50.9361151
            ],
            [
              -1.4711637,
              50.9361215
            ],
            [
              -1.47119,
              50.9361765
            ],
            [
              -1.4711995,
              50.9361747
            ],
            [
              -1.4712236,
              50.9361701
            ],
            [
              -1.4712055,
              50.9361322
            ]
          ]
        ]
      },
      "properties": {
        "osid": "d65cf001-727f-48aa-a23b-57499b6b2bb7",
        "toid": "osgb5000005257941611",
        "theme": "Buildings",
        "changetype": "Modified Attributes",
        "isobscured": false,
        "description": "Building",
        "versiondate": "2025-02-05",
        "geometry_area": 15.740449,
        "height_source": "Ordnance Survey",
        "physicallevel": "Surface Level",
        "oslandusetiera": "Residential Accommodation",
        "oslandusetierb": [
          "Private Residence"
        ],
        "geometry_source": "Ordnance Survey",
        "oslandcovertiera": "Constructed",
        "oslandcovertierb": [
          "Building"
        ],
        "oslanduse_source": "Ordnance Survey",
        "height_updatedate": "2025-01-17",
        "description_source": "Ordnance Survey",
        "oslandcover_source": "Ordnance Survey",
        "associatedstructure": null,
        "geometry_updatedate": "2019-12-29",
        "height_evidencedate": "2024-06-20",
        "capturespecification": "Urban",
        "oslanduse_updatedate": "2019-12-29",
        "absoluteheightmaximum": null,
        "absoluteheightminimum": 10.3,
        "geometry_evidencedate": "2019-06-28",
        "heightconfidencelevel": "Incomplete",
        "relativeheightmaximum": null,
        "absoluteheightroofbase": null,
        "description_updatedate": "2019-12-29",
        "oslandcover_updatedate": "2019-12-29",
        "oslanduse_evidencedate": "2019-06-28",
        "relativeheightroofbase": null,
        "versionavailabletodate": null,
        "firstdigitalcapturedate": "2019-12-30",
        "description_evidencedate": "2019-06-28",
        "oslandcover_evidencedate": "2019-06-28",
        "versionavailablefromdate": "2025-02-06T00:00:00Z"
      }
    },
    {
      "id": "d6d70c54-ac2b-477e-9478-82494cc69e7b",
      "type": "Feature",
      "geometry": {
        "type": "Polygon",
        "coordinates": [
          [
            [
              -1.4656936,
              50.9362629
            ],
            [
              -1.4656204,
              50.9362616
            ],
            [
              -1.4656194,
              50.9362877
            ],
            [
              -1.4656926,
              50.9362894
            ],
            [
              -1.4656934,
              50.9362854
            ],
            [
              -1.4656936,
              50.9362629
            ]
          ]
        ]
      },
      "properties": {
        "osid": "d6d70c54-ac2b-477e-9478-82494cc69e7b",
        "toid": "osgb1000016342816",
        "theme": "Buildings",
        "changetype": "Modified Attributes",
        "isobscured": false,
        "description": "Building",
        "versiondate": "2025-02-05",
        "geometry_area": 15.1325,
        "height_source": "Ordnance Survey",
        "physicallevel": "Surface Level",
        "oslandusetiera": "Unknown Or Unused Artificial",
        "oslandusetierb": [],
        "geometry_source": "Ordnance Survey",
        "oslandcovertiera": "Constructed",
        "oslandcovertierb": [
          "Building"
        ],
        "oslanduse_source": "Ordnance Survey",
        "height_updatedate": "2025-01-17",
        "description_source": "Ordnance Survey",
        "oslandcover_source": "Ordnance Survey",
        "associatedstructure": null,
        "geometry_updatedate": "2004-04-13",
        "height_evidencedate": "2024-06-20",
        "capturespecification": "Urban",
        "oslanduse_updatedate": "2004-04-13",
        "absoluteheightmaximum": null,
        "absoluteheightminimum": 13.5,
        "geometry_evidencedate": "2004-04-13",
        "heightconfidencelevel": "Incomplete",
        "relativeheightmaximum": null,
        "absoluteheightroofbase": null,
        "description_updatedate": "2004-04-13",
        "oslandcover_updatedate": "2004-04-13",
        "oslanduse_evidencedate": "2004-04-13",
        "relativeheightroofbase": null,
        "versionavailabletodate": null,
        "firstdigitalcapturedate": "1988-05-16",
        "description_evidencedate": "2004-04-13",
        "oslandcover_evidencedate": "2004-04-13",
        "versionavailablefromdate": "2025-02-06T00:00:00Z"
      }
    },
    {
      "id": "d6faf0e8-40bd-4d60-bb26-7b82d4bfe918",
      "type": "Feature",
      "geometry": {
        "type": "Polygon",
        "coordinates": [
          [
            [
              -1.4671322,
              50.9374066
            ],
            [
              -1.4671962,
              50.9374671
            ],
            [
              -1.4672599,
              50.9374409
            ],
            [
              -1.4671958,
              50.9373803
            ],
            [
              -1.4671322,
              50.9374066
            ]
          ]
        ]
      },
      "properties": {
        "osid": "d6faf0e8-40bd-4d60-bb26-7b82d4bfe918",
        "toid": "osgb1000016342755",
        "theme": "Buildings",
        "changetype": "Modified Attributes",
        "isobscured": false,
        "description": "Building",
        "versiondate": "2025-02-05",
        "geometry_area": 43.2375,
        "height_source": "Ordnance Survey",
        "physicallevel": "Surface Level",
        "oslandusetiera": "Residential Accommodation",
        "oslandusetierb": [
          "Private Residence"
        ],
        "geometry_source": "Ordnance Survey",
        "oslandcovertiera": "Constructed",
        "oslandcovertierb": [
          "Building"
        ],
        "oslanduse_source": "Ordnance Survey",
        "height_updatedate": "2025-01-17",
        "description_source": "Ordnance Survey",
        "oslandcover_source": "Ordnance Survey",
        "associatedstructure": null,
        "geometry_updatedate": "2006-07-11",
        "height_evidencedate": "2024-06-20",
        "capturespecification": "Urban",
        "oslanduse_updatedate": "2006-07-11",
        "absoluteheightmaximum": 21,
        "absoluteheightminimum": 14.4,
        "geometry_evidencedate": "2006-07-11",
        "heightconfidencelevel": "Moderate",
        "relativeheightmaximum": 6.6,
        "absoluteheightroofbase": 19.6,
        "description_updatedate": "2006-07-11",
        "oslandcover_updatedate": "2006-07-11",
        "oslanduse_evidencedate": "2006-07-11",
        "relativeheightroofbase": 5.2,
        "versionavailabletodate": null,
        "firstdigitalcapturedate": "1988-05-16",
        "description_evidencedate": "2006-07-11",
        "oslandcover_evidencedate": "2006-07-11",
        "versionavailablefromdate": "2025-02-06T00:00:00Z"
      }
    },
    {
      "id": "d70ae3e4-3aa3-4ef9-82cf-becf3e23c0bc",
      "type": "Feature",
      "geometry": {
        "type": "Polygon",
        "coordinates": [
          [
            [
              -1.4664202,
              50.9370085
            ],
            [
              -1.4664203,
              50.937
            ],
            [
              -1.4664544,
              50.9370001
            ],
            [
              -1.4664554,
              50.9369772
            ],
            [
              -1.4664564,
              50.9369498
            ],
            [
              -1.4664223,
              50.9369496
            ],
            [
              -1.4664216,
              50.9369424
            ],
            [
              -1.4663967,
              50.9369423
            ],
            [
              -1.4663967,
              50.937008
            ],
            [
              -1.4664202,
              50.9370085
            ]
          ]
        ]
      },
      "properties": {
        "osid": "d70ae3e4-3aa3-4ef9-82cf-becf3e23c0bc",
        "toid": "osgb1000016342789",
        "theme": "Buildings",
        "changetype": "Modified Attributes",
        "isobscured": false,
        "description": "Building",
        "versiondate": "2025-02-05",
        "geometry_area": 26.06125,
        "height_source": "Ordnance Survey",
        "physicallevel": "Surface Level",
        "oslandusetiera": "Unknown Or Unused Artificial",
        "oslandusetierb": [],
        "geometry_source": "Ordnance Survey",
        "oslandcovertiera": "Constructed",
        "oslandcovertierb": [
          "Building"
        ],
        "oslanduse_source": "Ordnance Survey",
        "height_updatedate": "2025-01-17",
        "description_source": "Ordnance Survey",
        "oslandcover_source": "Ordnance Survey",
        "associatedstructure": null,
        "geometry_updatedate": "2006-07-01",
        "height_evidencedate": "2024-06-20",
        "capturespecification": "Urban",
        "oslanduse_updatedate": "2006-07-01",
        "absoluteheightmaximum": 22,
        "absoluteheightminimum": 14.4,
        "geometry_evidencedate": "2006-07-01",
        "heightconfidencelevel": "Moderate",
        "relativeheightmaximum": 7.6,
        "absoluteheightroofbase": 20.1,
        "description_updatedate": "2006-07-01",
        "oslandcover_updatedate": "2006-07-01",
        "oslanduse_evidencedate": "2006-07-01",
        "relativeheightroofbase": 5.7,
        "versionavailabletodate": null,
        "firstdigitalcapturedate": "1988-05-16",
        "description_evidencedate": "2006-07-01",
        "oslandcover_evidencedate": "2006-07-01",
        "versionavailablefromdate": "2025-02-06T00:00:00Z"
      }
    },
    {
      "id": "d736b23e-94c8-46f1-95f9-9e9567a5be54",
      "type": "Feature",
      "geometry": {
        "type": "Polygon",
        "coordinates": [
          [
            [
              -1.4651841,
              50.9361951
            ],
            [
              -1.4651984,
              50.9361959
            ],
            [
              -1.4653101,
              50.9362009
            ],
            [
              -1.4653164,
              50.9361483
            ],
            [
              -1.4652054,
              50.9361428
            ],
            [
              -1.4652015,
              50.936173
            ],
            [
              -1.4651871,
              50.9361722
            ],
            [
              -1.4651841,
              50.9361951
            ]
          ]
        ]
      },
      "properties": {
        "osid": "d736b23e-94c8-46f1-95f9-9e9567a5be54",
        "toid": "osgb1000016342822",
        "theme": "Buildings",
        "changetype": "Modified Attributes",
        "isobscured": false,
        "description": "Building",
        "versiondate": "2025-02-05",
        "geometry_area": 48.776369,
        "height_source": "Ordnance Survey",
        "physicallevel": "Surface Level",
        "oslandusetiera": "Residential Accommodation",
        "oslandusetierb": [
          "Private Residence"
        ],
        "geometry_source": "Ordnance Survey",
        "oslandcovertiera": "Constructed",
        "oslandcovertierb": [
          "Building"
        ],
        "oslanduse_source": "Ordnance Survey",
        "height_updatedate": "2025-01-17",
        "description_source": "Ordnance Survey",
        "oslandcover_source": "Ordnance Survey",
        "associatedstructure": null,
        "geometry_updatedate": "2017-04-21",
        "height_evidencedate": "2024-06-20",
        "capturespecification": "Urban",
        "oslanduse_updatedate": "2006-07-11",
        "absoluteheightmaximum": 21.2,
        "absoluteheightminimum": 13.2,
        "geometry_evidencedate": "2016-08-12",
        "heightconfidencelevel": "Moderate",
        "relativeheightmaximum": 8,
        "absoluteheightroofbase": 19.2,
        "description_updatedate": "2006-07-11",
        "oslandcover_updatedate": "2006-07-11",
        "oslanduse_evidencedate": "2006-07-11",
        "relativeheightroofbase": 6,
        "versionavailabletodate": null,
        "firstdigitalcapturedate": "1988-05-16",
        "description_evidencedate": "2006-07-11",
        "oslandcover_evidencedate": "2006-07-11",
        "versionavailablefromdate": "2025-02-06T00:00:00Z"
      }
    },
    {
      "id": "d75ae53a-d1c8-422b-9520-a9ef3087d461",
      "type": "Feature",
      "geometry": {
        "type": "Polygon",
        "coordinates": [
          [
            [
              -1.4686975,
              50.9367028
            ],
            [
              -1.4687915,
              50.9367134
            ],
            [
              -1.4687986,
              50.9366883
            ],
            [
              -1.4688257,
              50.9366914
            ],
            [
              -1.4688397,
              50.9366437
            ],
            [
              -1.4687847,
              50.9366376
            ],
            [
              -1.4687877,
              50.936625
            ],
            [
              -1.4687223,
              50.9366175
            ],
            [
              -1.4687046,
              50.9366777
            ],
            [
              -1.4686975,
              50.9367028
            ]
          ]
        ]
      },
      "properties": {
        "osid": "d75ae53a-d1c8-422b-9520-a9ef3087d461",
        "toid": "osgb1000016343189",
        "theme": "Buildings",
        "changetype": "Modified Attributes",
        "isobscured": false,
        "description": "Building",
        "versiondate": "2025-02-05",
        "geometry_area": 72.202868,
        "height_source": "Ordnance Survey",
        "physicallevel": "Surface Level",
        "oslandusetiera": "Residential Accommodation",
        "oslandusetierb": [
          "Private Residence"
        ],
        "geometry_source": "Ordnance Survey",
        "oslandcovertiera": "Constructed",
        "oslandcovertierb": [
          "Building"
        ],
        "oslanduse_source": "Ordnance Survey",
        "height_updatedate": "2025-01-17",
        "description_source": "Ordnance Survey",
        "oslandcover_source": "Ordnance Survey",
        "associatedstructure": null,
        "geometry_updatedate": "2017-04-19",
        "height_evidencedate": "2024-06-20",
        "capturespecification": "Urban",
        "oslanduse_updatedate": "2004-02-10",
        "absoluteheightmaximum": 18.8,
        "absoluteheightminimum": 11.3,
        "geometry_evidencedate": "2016-08-12",
        "heightconfidencelevel": "Moderate",
        "relativeheightmaximum": 7.5,
        "absoluteheightroofbase": 16,
        "description_updatedate": "2004-02-10",
        "oslandcover_updatedate": "2004-02-10",
        "oslanduse_evidencedate": "2004-02-10",
        "relativeheightroofbase": 4.7,
        "versionavailabletodate": null,
        "firstdigitalcapturedate": "1988-07-28",
        "description_evidencedate": "2004-02-10",
        "oslandcover_evidencedate": "2004-02-10",
        "versionavailablefromdate": "2025-02-06T00:00:00Z"
      }
    },
    {
      "id": "d77ffced-2e46-49d8-a53f-85334499194a",
      "type": "Feature",
      "geometry": {
        "type": "Polygon",
        "coordinates": [
          [
            [
              -1.46602,
              50.9388838
            ],
            [
              -1.4661361,
              50.9389126
            ],
            [
              -1.4661603,
              50.9388736
            ],
            [
              -1.466131,
              50.9388664
            ],
            [
              -1.4660442,
              50.9388449
            ],
            [
              -1.46602,
              50.9388838
            ]
          ]
        ]
      },
      "properties": {
        "osid": "d77ffced-2e46-49d8-a53f-85334499194a",
        "toid": "osgb5000005244788280",
        "theme": "Buildings",
        "changetype": "Modified Attributes",
        "isobscured": false,
        "description": "Building",
        "versiondate": "2025-02-05",
        "geometry_area": 40.769021,
        "height_source": "Ordnance Survey",
        "physicallevel": "Surface Level",
        "oslandusetiera": "Residential Accommodation",
        "oslandusetierb": [
          "Private Residence"
        ],
        "geometry_source": "Ordnance Survey",
        "oslandcovertiera": "Constructed",
        "oslandcovertierb": [
          "Building"
        ],
        "oslanduse_source": "Ordnance Survey",
        "height_updatedate": "2025-01-17",
        "description_source": "Ordnance Survey",
        "oslandcover_source": "Ordnance Survey",
        "associatedstructure": null,
        "geometry_updatedate": "2024-11-27",
        "height_evidencedate": "2024-06-20",
        "capturespecification": "Urban",
        "oslanduse_updatedate": "2019-04-09",
        "absoluteheightmaximum": 29,
        "absoluteheightminimum": 20.9,
        "geometry_evidencedate": "2024-06-20",
        "heightconfidencelevel": "Moderate",
        "relativeheightmaximum": 8.1,
        "absoluteheightroofbase": 26.2,
        "description_updatedate": "2019-04-09",
        "oslandcover_updatedate": "2019-04-09",
        "oslanduse_evidencedate": "2019-04-09",
        "relativeheightroofbase": 5.3,
        "versionavailabletodate": null,
        "firstdigitalcapturedate": "2019-04-09",
        "description_evidencedate": "2019-04-09",
        "oslandcover_evidencedate": "2019-04-09",
        "versionavailablefromdate": "2025-02-06T00:00:00Z"
      }
    },
    {
      "id": "d7e10c5b-529e-42c4-9021-41142fbe3e0c",
      "type": "Feature",
      "geometry": {
        "type": "Polygon",
        "coordinates": [
          [
            [
              -1.4654275,
              50.9399867
            ],
            [
              -1.4655238,
              50.9400484
            ],
            [
              -1.4655776,
              50.9400148
            ],
            [
              -1.4654813,
              50.9399531
            ],
            [
              -1.4654275,
              50.9399867
            ]
          ]
        ]
      },
      "properties": {
        "osid": "d7e10c5b-529e-42c4-9021-41142fbe3e0c",
        "toid": "osgb5000005227734215",
        "theme": "Buildings",
        "changetype": "Modified Attributes",
        "isobscured": false,
        "description": "Building",
        "versiondate": "2025-02-05",
        "geometry_area": 51.229188,
        "height_source": "Ordnance Survey",
        "physicallevel": "Surface Level",
        "oslandusetiera": "Residential Accommodation",
        "oslandusetierb": [
          "Private Residence"
        ],
        "geometry_source": "Ordnance Survey",
        "oslandcovertiera": "Constructed",
        "oslandcovertierb": [
          "Building"
        ],
        "oslanduse_source": "Ordnance Survey",
        "height_updatedate": "2025-01-17",
        "description_source": "Ordnance Survey",
        "oslandcover_source": "Ordnance Survey",
        "associatedstructure": null,
        "geometry_updatedate": "2018-04-30",
        "height_evidencedate": "2024-06-20",
        "capturespecification": "Urban",
        "oslanduse_updatedate": "2018-04-30",
        "absoluteheightmaximum": 31.6,
        "absoluteheightminimum": 23.2,
        "geometry_evidencedate": "2018-04-30",
        "heightconfidencelevel": "Moderate",
        "relativeheightmaximum": 8.4,
        "absoluteheightroofbase": 29.6,
        "description_updatedate": "2018-04-30",
        "oslandcover_updatedate": "2018-04-30",
        "oslanduse_evidencedate": "2018-04-30",
        "relativeheightroofbase": 6.4,
        "versionavailabletodate": null,
        "firstdigitalcapturedate": "2018-04-30",
        "description_evidencedate": "2018-04-30",
        "oslandcover_evidencedate": "2018-04-30",
        "versionavailablefromdate": "2025-02-06T00:00:00Z"
      }
    },
    {
      "id": "d913436c-28f9-40cd-85e1-71b9c4a7530d",
      "type": "Feature",
      "geometry": {
        "type": "Polygon",
        "coordinates": [
          [
            [
              -1.465581,
              50.9388954
            ],
            [
              -1.4656609,
              50.9389196
            ],
            [
              -1.465681,
              50.9388932
            ],
            [
              -1.4656011,
              50.938869
            ],
            [
              -1.465581,
              50.9388954
            ]
          ]
        ]
      },
      "properties": {
        "osid": "d913436c-28f9-40cd-85e1-71b9c4a7530d",
        "toid": "osgb5000005247278663",
        "theme": "Buildings",
        "changetype": "Modified Attributes",
        "isobscured": false,
        "description": "Building",
        "versiondate": "2025-02-05",
        "geometry_area": 20.273878,
        "height_source": "Ordnance Survey",
        "physicallevel": "Surface Level",
        "oslandusetiera": "Residential Accommodation",
        "oslandusetierb": [
          "Private Residence"
        ],
        "geometry_source": "Ordnance Survey",
        "oslandcovertiera": "Constructed",
        "oslandcovertierb": [
          "Building"
        ],
        "oslanduse_source": "Ordnance Survey",
        "height_updatedate": "2025-01-17",
        "description_source": "Ordnance Survey",
        "oslandcover_source": "Ordnance Survey",
        "associatedstructure": null,
        "geometry_updatedate": "2019-06-04",
        "height_evidencedate": "2024-06-20",
        "capturespecification": "Urban",
        "oslanduse_updatedate": "2019-06-04",
        "absoluteheightmaximum": 26.1,
        "absoluteheightminimum": 21.8,
        "geometry_evidencedate": "2019-06-04",
        "heightconfidencelevel": "Moderate",
        "relativeheightmaximum": 4.3,
        "absoluteheightroofbase": 23.9,
        "description_updatedate": "2019-06-04",
        "oslandcover_updatedate": "2019-06-04",
        "oslanduse_evidencedate": "2019-06-04",
        "relativeheightroofbase": 2.1,
        "versionavailabletodate": null,
        "firstdigitalcapturedate": "2019-06-05",
        "description_evidencedate": "2019-06-04",
        "oslandcover_evidencedate": "2019-06-04",
        "versionavailablefromdate": "2025-02-06T00:00:00Z"
      }
    },
    {
      "id": "d952131c-f1df-414b-abcd-e23b3e3b62c2",
      "type": "Feature",
      "geometry": {
        "type": "Polygon",
        "coordinates": [
          [
            [
              -1.4655834,
              50.9384829
            ],
            [
              -1.4656646,
              50.9385029
            ],
            [
              -1.4656815,
              50.9384754
            ],
            [
              -1.4656003,
              50.9384554
            ],
            [
              -1.4655834,
              50.9384829
            ]
          ]
        ]
      },
      "properties": {
        "osid": "d952131c-f1df-414b-abcd-e23b3e3b62c2",
        "toid": "osgb5000005259512509",
        "theme": "Buildings",
        "changetype": "Modified Attributes",
        "isobscured": false,
        "description": "Building",
        "versiondate": "2025-02-05",
        "geometry_area": 20.066804,
        "height_source": "Ordnance Survey",
        "physicallevel": "Surface Level",
        "oslandusetiera": "Residential Accommodation",
        "oslandusetierb": [
          "Private Residence"
        ],
        "geometry_source": "Ordnance Survey",
        "oslandcovertiera": "Constructed",
        "oslandcovertierb": [
          "Building"
        ],
        "oslanduse_source": "Ordnance Survey",
        "height_updatedate": "2025-01-17",
        "description_source": "Ordnance Survey",
        "oslandcover_source": "Ordnance Survey",
        "associatedstructure": null,
        "geometry_updatedate": "2020-01-31",
        "height_evidencedate": "2024-06-20",
        "capturespecification": "Urban",
        "oslanduse_updatedate": "2020-01-31",
        "absoluteheightmaximum": 25.6,
        "absoluteheightminimum": 20.9,
        "geometry_evidencedate": "2020-01-31",
        "heightconfidencelevel": "Moderate",
        "relativeheightmaximum": 4.7,
        "absoluteheightroofbase": 24.2,
        "description_updatedate": "2020-01-31",
        "oslandcover_updatedate": "2020-01-31",
        "oslanduse_evidencedate": "2020-01-31",
        "relativeheightroofbase": 3.3,
        "versionavailabletodate": null,
        "firstdigitalcapturedate": "2020-01-31",
        "description_evidencedate": "2020-01-31",
        "oslandcover_evidencedate": "2020-01-31",
        "versionavailablefromdate": "2025-02-06T00:00:00Z"
      }
    },
    {
      "id": "d9d8ac00-c6ff-4ca3-b96f-c0b4086c76d1",
      "type": "Feature",
      "geometry": {
        "type": "Polygon",
        "coordinates": [
          [
            [
              -1.4660266,
              50.9403378
            ],
            [
              -1.4660592,
              50.9403589
            ],
            [
              -1.4661224,
              50.9403198
            ],
            [
              -1.4660898,
              50.9402988
            ],
            [
              -1.4660266,
              50.9403378
            ]
          ]
        ]
      },
      "properties": {
        "osid": "d9d8ac00-c6ff-4ca3-b96f-c0b4086c76d1",
        "toid": "osgb5000005222257060",
        "theme": "Buildings",
        "changetype": "Modified Attributes",
        "isobscured": false,
        "description": "Building",
        "versiondate": "2025-02-05",
        "geometry_area": 20.342473,
        "height_source": "Ordnance Survey",
        "physicallevel": "Surface Level",
        "oslandusetiera": "Unknown Or Unused Artificial",
        "oslandusetierb": [],
        "geometry_source": "Ordnance Survey",
        "oslandcovertiera": "Constructed",
        "oslandcovertierb": [
          "Building"
        ],
        "oslanduse_source": "Ordnance Survey",
        "height_updatedate": "2025-01-17",
        "description_source": "Ordnance Survey",
        "oslandcover_source": "Ordnance Survey",
        "associatedstructure": null,
        "geometry_updatedate": "2018-02-08",
        "height_evidencedate": "2024-06-20",
        "capturespecification": "Urban",
        "oslanduse_updatedate": "2018-02-08",
        "absoluteheightmaximum": 25.6,
        "absoluteheightminimum": 21.4,
        "geometry_evidencedate": "2018-02-08",
        "heightconfidencelevel": "Moderate",
        "relativeheightmaximum": 4.2,
        "absoluteheightroofbase": 25.2,
        "description_updatedate": "2018-02-08",
        "oslandcover_updatedate": "2018-02-08",
        "oslanduse_evidencedate": "2018-02-08",
        "relativeheightroofbase": 3.8,
        "versionavailabletodate": null,
        "firstdigitalcapturedate": "2018-02-09",
        "description_evidencedate": "2018-02-08",
        "oslandcover_evidencedate": "2018-02-08",
        "versionavailablefromdate": "2025-02-06T00:00:00Z"
      }
    },
    {
      "id": "da1bff0c-c30d-4971-bb3f-16554a22971d",
      "type": "Feature",
      "geometry": {
        "type": "Polygon",
        "coordinates": [
          [
            [
              -1.4693552,
              50.9370868
            ],
            [
              -1.4693157,
              50.9370635
            ],
            [
              -1.4692617,
              50.9371001
            ],
            [
              -1.4692677,
              50.9371036
            ],
            [
              -1.4693012,
              50.9371234
            ],
            [
              -1.4693552,
              50.9370868
            ]
          ]
        ]
      },
      "properties": {
        "osid": "da1bff0c-c30d-4971-bb3f-16554a22971d",
        "toid": "osgb5000005181590561",
        "theme": "Buildings",
        "changetype": "Modified Attributes",
        "isobscured": false,
        "description": "Building",
        "versiondate": "2025-02-05",
        "geometry_area": 21.127788,
        "height_source": "Ordnance Survey",
        "physicallevel": "Surface Level",
        "oslandusetiera": "Education",
        "oslandusetierb": [],
        "geometry_source": "Ordnance Survey",
        "oslandcovertiera": "Constructed",
        "oslandcovertierb": [
          "Building"
        ],
        "oslanduse_source": "Ordnance Survey",
        "height_updatedate": "2025-01-17",
        "description_source": "Ordnance Survey",
        "oslandcover_source": "Ordnance Survey",
        "associatedstructure": null,
        "geometry_updatedate": "2016-05-18",
        "height_evidencedate": "2024-06-20",
        "capturespecification": "Urban",
        "oslanduse_updatedate": "2016-05-18",
        "absoluteheightmaximum": null,
        "absoluteheightminimum": 12.8,
        "geometry_evidencedate": "2016-05-18",
        "heightconfidencelevel": "Incomplete",
        "relativeheightmaximum": null,
        "absoluteheightroofbase": null,
        "description_updatedate": "2016-05-18",
        "oslandcover_updatedate": "2016-05-18",
        "oslanduse_evidencedate": "2016-05-18",
        "relativeheightroofbase": null,
        "versionavailabletodate": null,
        "firstdigitalcapturedate": "2016-05-18",
        "description_evidencedate": "2016-05-18",
        "oslandcover_evidencedate": "2016-05-18",
        "versionavailablefromdate": "2025-02-06T00:00:00Z"
      }
    },
    {
      "id": "da3a4df0-c50a-46b1-9d0c-0f390433219c",
      "type": "Feature",
      "geometry": {
        "type": "Polygon",
        "coordinates": [
          [
            [
              -1.4712558,
              50.9362148
            ],
            [
              -1.4712218,
              50.9362202
            ],
            [
              -1.4712435,
              50.9362741
            ],
            [
              -1.4712775,
              50.9362686
            ],
            [
              -1.4712558,
              50.9362148
            ]
          ]
        ]
      },
      "properties": {
        "osid": "da3a4df0-c50a-46b1-9d0c-0f390433219c",
        "toid": "osgb5000005257941630",
        "theme": "Buildings",
        "changetype": "Modified Attributes",
        "isobscured": false,
        "description": "Building",
        "versiondate": "2025-02-05",
        "geometry_area": 15.241633,
        "height_source": "Ordnance Survey",
        "physicallevel": "Surface Level",
        "oslandusetiera": "Unknown Or Unused Artificial",
        "oslandusetierb": [],
        "geometry_source": "Ordnance Survey",
        "oslandcovertiera": "Constructed",
        "oslandcovertierb": [
          "Building"
        ],
        "oslanduse_source": "Ordnance Survey",
        "height_updatedate": "2025-01-17",
        "description_source": "Ordnance Survey",
        "oslandcover_source": "Ordnance Survey",
        "associatedstructure": null,
        "geometry_updatedate": "2019-12-29",
        "height_evidencedate": "2024-06-20",
        "capturespecification": "Urban",
        "oslanduse_updatedate": "2019-12-29",
        "absoluteheightmaximum": null,
        "absoluteheightminimum": 10.5,
        "geometry_evidencedate": "2019-06-28",
        "heightconfidencelevel": "Incomplete",
        "relativeheightmaximum": null,
        "absoluteheightroofbase": null,
        "description_updatedate": "2019-12-29",
        "oslandcover_updatedate": "2019-12-29",
        "oslanduse_evidencedate": "2019-06-28",
        "relativeheightroofbase": null,
        "versionavailabletodate": null,
        "firstdigitalcapturedate": "2019-12-30",
        "description_evidencedate": "2019-06-28",
        "oslandcover_evidencedate": "2019-06-28",
        "versionavailablefromdate": "2025-02-06T00:00:00Z"
      }
    },
    {
      "id": "da6aa9ab-d62d-4047-a26d-6c9f6c1bc410",
      "type": "Feature",
      "geometry": {
        "type": "Polygon",
        "coordinates": [
          [
            [
              -1.4656468,
              50.9396882
            ],
            [
              -1.4656616,
              50.9397432
            ],
            [
              -1.465783,
              50.9397302
            ],
            [
              -1.4657683,
              50.9396752
            ],
            [
              -1.4656468,
              50.9396882
            ]
          ]
        ]
      },
      "properties": {
        "osid": "da6aa9ab-d62d-4047-a26d-6c9f6c1bc410",
        "toid": "osgb5000005232124715",
        "theme": "Buildings",
        "changetype": "Modified Attributes",
        "isobscured": false,
        "description": "Building",
        "versiondate": "2025-02-05",
        "geometry_area": 53.748435,
        "height_source": "Ordnance Survey",
        "physicallevel": "Surface Level",
        "oslandusetiera": "Residential Accommodation",
        "oslandusetierb": [
          "Private Residence"
        ],
        "geometry_source": "Ordnance Survey",
        "oslandcovertiera": "Constructed",
        "oslandcovertierb": [
          "Building"
        ],
        "oslanduse_source": "Ordnance Survey",
        "height_updatedate": "2025-01-17",
        "description_source": "Ordnance Survey",
        "oslandcover_source": "Ordnance Survey",
        "associatedstructure": null,
        "geometry_updatedate": "2018-07-09",
        "height_evidencedate": "2024-06-20",
        "capturespecification": "Urban",
        "oslanduse_updatedate": "2018-07-09",
        "absoluteheightmaximum": 30.9,
        "absoluteheightminimum": 22.6,
        "geometry_evidencedate": "2018-07-09",
        "heightconfidencelevel": "Moderate",
        "relativeheightmaximum": 8.3,
        "absoluteheightroofbase": 27.6,
        "description_updatedate": "2018-07-09",
        "oslandcover_updatedate": "2018-07-09",
        "oslanduse_evidencedate": "2018-07-09",
        "relativeheightroofbase": 5,
        "versionavailabletodate": null,
        "firstdigitalcapturedate": "2018-07-10",
        "description_evidencedate": "2018-07-09",
        "oslandcover_evidencedate": "2018-07-09",
        "versionavailablefromdate": "2025-02-06T00:00:00Z"
      }
    },
    {
      "id": "db6e0200-18da-4a37-8b99-5ac9dc88ffd6",
      "type": "Feature",
      "geometry": {
        "type": "Polygon",
        "coordinates": [
          [
            [
              -1.468693,
              50.9370666
            ],
            [
              -1.4687884,
              50.9371007
            ],
            [
              -1.4687944,
              50.9370935
            ],
            [
              -1.4688327,
              50.937047
            ],
            [
              -1.4687363,
              50.9370159
            ],
            [
              -1.468693,
              50.9370666
            ]
          ]
        ]
      },
      "properties": {
        "osid": "db6e0200-18da-4a37-8b99-5ac9dc88ffd6",
        "toid": "osgb1000016343195",
        "theme": "Buildings",
        "changetype": "Modified Attributes",
        "isobscured": false,
        "description": "Building",
        "versiondate": "2025-02-05",
        "geometry_area": 50.2549,
        "height_source": "Ordnance Survey",
        "physicallevel": "Surface Level",
        "oslandusetiera": "Residential Accommodation",
        "oslandusetierb": [
          "Private Residence"
        ],
        "geometry_source": "Ordnance Survey",
        "oslandcovertiera": "Constructed",
        "oslandcovertierb": [
          "Building"
        ],
        "oslanduse_source": "Ordnance Survey",
        "height_updatedate": "2025-01-17",
        "description_source": "Ordnance Survey",
        "oslandcover_source": "Ordnance Survey",
        "associatedstructure": null,
        "geometry_updatedate": "2017-04-19",
        "height_evidencedate": "2024-06-20",
        "capturespecification": "Urban",
        "oslanduse_updatedate": "2004-02-10",
        "absoluteheightmaximum": 20.8,
        "absoluteheightminimum": 12.2,
        "geometry_evidencedate": "2016-08-12",
        "heightconfidencelevel": "Moderate",
        "relativeheightmaximum": 8.6,
        "absoluteheightroofbase": 16.8,
        "description_updatedate": "2004-02-10",
        "oslandcover_updatedate": "2004-02-10",
        "oslanduse_evidencedate": "2004-02-10",
        "relativeheightroofbase": 4.6,
        "versionavailabletodate": null,
        "firstdigitalcapturedate": "1991-09-01",
        "description_evidencedate": "2004-02-10",
        "oslandcover_evidencedate": "2004-02-10",
        "versionavailablefromdate": "2025-02-06T00:00:00Z"
      }
    },
    {
      "id": "db7bac3a-3517-418a-b101-cdd17c608479",
      "type": "Feature",
      "geometry": {
        "type": "Polygon",
        "coordinates": [
          [
            [
              -1.4651421,
              50.940262
            ],
            [
              -1.4651753,
              50.9402449
            ],
            [
              -1.4651659,
              50.9402375
            ],
            [
              -1.465195,
              50.9402226
            ],
            [
              -1.4652317,
              50.9402037
            ],
            [
              -1.4651686,
              50.9401547
            ],
            [
              -1.4650643,
              50.9402082
            ],
            [
              -1.465113,
              50.9402461
            ],
            [
              -1.4651182,
              50.9402434
            ],
            [
              -1.4651421,
              50.940262
            ]
          ]
        ]
      },
      "properties": {
        "osid": "db7bac3a-3517-418a-b101-cdd17c608479",
        "toid": "osgb5000005208860456",
        "theme": "Buildings",
        "changetype": "Modified Attributes",
        "isobscured": false,
        "description": "Building",
        "versiondate": "2025-02-05",
        "geometry_area": 68.760549,
        "height_source": "Ordnance Survey",
        "physicallevel": "Surface Level",
        "oslandusetiera": "Residential Accommodation",
        "oslandusetierb": [
          "Private Residence"
        ],
        "geometry_source": "Ordnance Survey",
        "oslandcovertiera": "Constructed",
        "oslandcovertierb": [
          "Building"
        ],
        "oslanduse_source": "Ordnance Survey",
        "height_updatedate": "2025-01-17",
        "description_source": "Ordnance Survey",
        "oslandcover_source": "Ordnance Survey",
        "associatedstructure": null,
        "geometry_updatedate": "2017-08-04",
        "height_evidencedate": "2024-06-20",
        "capturespecification": "Urban",
        "oslanduse_updatedate": "2017-08-04",
        "absoluteheightmaximum": 30.7,
        "absoluteheightminimum": 23.3,
        "geometry_evidencedate": "2017-08-04",
        "heightconfidencelevel": "Moderate",
        "relativeheightmaximum": 7.4,
        "absoluteheightroofbase": 28.8,
        "description_updatedate": "2017-08-04",
        "oslandcover_updatedate": "2017-08-04",
        "oslanduse_evidencedate": "2017-08-04",
        "relativeheightroofbase": 5.5,
        "versionavailabletodate": null,
        "firstdigitalcapturedate": "2017-08-04",
        "description_evidencedate": "2017-08-04",
        "oslandcover_evidencedate": "2017-08-04",
        "versionavailablefromdate": "2025-02-06T00:00:00Z"
      }
    },
    {
      "id": "db817030-39ee-48b2-9099-0a3ba4685c6d",
      "type": "Feature",
      "geometry": {
        "type": "Polygon",
        "coordinates": [
          [
            [
              -1.4690275,
              50.9366991
            ],
            [
              -1.4690789,
              50.9367055
            ],
            [
              -1.4690915,
              50.9366653
            ],
            [
              -1.4690402,
              50.9366589
            ],
            [
              -1.4690275,
              50.9366991
            ]
          ]
        ]
      },
      "properties": {
        "osid": "db817030-39ee-48b2-9099-0a3ba4685c6d",
        "toid": "osgb5000005203977192",
        "theme": "Buildings",
        "changetype": "Modified Attributes",
        "isobscured": false,
        "description": "Building",
        "versiondate": "2025-02-05",
        "geometry_area": 16.786174,
        "height_source": "Ordnance Survey",
        "physicallevel": "Surface Level",
        "oslandusetiera": "Residential Accommodation",
        "oslandusetierb": [
          "Private Residence"
        ],
        "geometry_source": "Ordnance Survey",
        "oslandcovertiera": "Constructed",
        "oslandcovertierb": [
          "Building"
        ],
        "oslanduse_source": "Ordnance Survey",
        "height_updatedate": "2025-01-17",
        "description_source": "Ordnance Survey",
        "oslandcover_source": "Ordnance Survey",
        "associatedstructure": null,
        "geometry_updatedate": "2017-04-19",
        "height_evidencedate": "2024-06-20",
        "capturespecification": "Urban",
        "oslanduse_updatedate": "2017-04-19",
        "absoluteheightmaximum": null,
        "absoluteheightminimum": 11.2,
        "geometry_evidencedate": "2016-08-12",
        "heightconfidencelevel": "Incomplete",
        "relativeheightmaximum": null,
        "absoluteheightroofbase": null,
        "description_updatedate": "2017-04-19",
        "oslandcover_updatedate": "2017-04-19",
        "oslanduse_evidencedate": "2016-08-12",
        "relativeheightroofbase": null,
        "versionavailabletodate": null,
        "firstdigitalcapturedate": "2017-05-04",
        "description_evidencedate": "2016-08-12",
        "oslandcover_evidencedate": "2016-08-12",
        "versionavailablefromdate": "2025-02-06T00:00:00Z"
      }
    },
    {
      "id": "db9d86c7-010a-46a0-b7c6-dfab4c9b3721",
      "type": "Feature",
      "geometry": {
        "type": "Polygon",
        "coordinates": [
          [
            [
              -1.4633112,
              50.9339175
            ],
            [
              -1.4632706,
              50.9339874
            ],
            [
              -1.4633799,
              50.9340127
            ],
            [
              -1.4634205,
              50.9339427
            ],
            [
              -1.4633496,
              50.9339271
            ],
            [
              -1.4633554,
              50.9339177
            ],
            [
              -1.4633163,
              50.9339085
            ],
            [
              -1.4633112,
              50.9339175
            ]
          ]
        ]
      },
      "properties": {
        "osid": "db9d86c7-010a-46a0-b7c6-dfab4c9b3721",
        "toid": "osgb1000016342882",
        "theme": "Buildings",
        "changetype": "Modified Attributes",
        "isobscured": false,
        "description": "Building",
        "versiondate": "2025-02-05",
        "geometry_area": 70.6075,
        "height_source": "Ordnance Survey",
        "physicallevel": "Surface Level",
        "oslandusetiera": "Residential Accommodation",
        "oslandusetierb": [
          "Private Residence"
        ],
        "geometry_source": "Ordnance Survey",
        "oslandcovertiera": "Constructed",
        "oslandcovertierb": [
          "Building"
        ],
        "oslanduse_source": "Ordnance Survey",
        "height_updatedate": "2025-01-17",
        "description_source": "Ordnance Survey",
        "oslandcover_source": "Ordnance Survey",
        "associatedstructure": null,
        "geometry_updatedate": "2004-04-13",
        "height_evidencedate": "2024-06-20",
        "capturespecification": "Urban",
        "oslanduse_updatedate": "2004-04-13",
        "absoluteheightmaximum": 24.1,
        "absoluteheightminimum": 11.1,
        "geometry_evidencedate": "2004-04-13",
        "heightconfidencelevel": "Moderate",
        "relativeheightmaximum": 13,
        "absoluteheightroofbase": 21.5,
        "description_updatedate": "2004-04-13",
        "oslandcover_updatedate": "2004-04-13",
        "oslanduse_evidencedate": "2004-04-13",
        "relativeheightroofbase": 10.4,
        "versionavailabletodate": null,
        "firstdigitalcapturedate": "1988-05-16",
        "description_evidencedate": "2004-04-13",
        "oslandcover_evidencedate": "2004-04-13",
        "versionavailablefromdate": "2025-02-06T00:00:00Z"
      }
    },
    {
      "id": "dbb390a9-9c06-4a19-a0e5-1acc74b9a088",
      "type": "Feature",
      "geometry": {
        "type": "Polygon",
        "coordinates": [
          [
            [
              -1.4658349,
              50.9364219
            ],
            [
              -1.4658317,
              50.9364465
            ],
            [
              -1.4658238,
              50.9365162
            ],
            [
              -1.4658702,
              50.9365186
            ],
            [
              -1.4658691,
              50.9365277
            ],
            [
              -1.4659088,
              50.9365297
            ],
            [
              -1.4659099,
              50.9365206
            ],
            [
              -1.4659192,
              50.936451
            ],
            [
              -1.4658824,
              50.9364491
            ],
            [
              -1.4658856,
              50.9364245
            ],
            [
              -1.4658811,
              50.9364211
            ],
            [
              -1.4658402,
              50.936419
            ],
            [
              -1.4658349,
              50.9364219
            ]
          ]
        ]
      },
      "properties": {
        "osid": "dbb390a9-9c06-4a19-a0e5-1acc74b9a088",
        "toid": "osgb1000016342833",
        "theme": "Buildings",
        "changetype": "Modified Attributes",
        "isobscured": false,
        "description": "Building",
        "versiondate": "2025-02-05",
        "geometry_area": 61.309653,
        "height_source": "Ordnance Survey",
        "physicallevel": "Surface Level",
        "oslandusetiera": "Residential Accommodation",
        "oslandusetierb": [
          "Private Residence"
        ],
        "geometry_source": "Ordnance Survey",
        "oslandcovertiera": "Constructed",
        "oslandcovertierb": [
          "Building"
        ],
        "oslanduse_source": "Ordnance Survey",
        "height_updatedate": "2025-01-17",
        "description_source": "Ordnance Survey",
        "oslandcover_source": "Ordnance Survey",
        "associatedstructure": null,
        "geometry_updatedate": "2017-04-21",
        "height_evidencedate": "2024-06-20",
        "capturespecification": "Urban",
        "oslanduse_updatedate": "2006-07-01",
        "absoluteheightmaximum": 21.6,
        "absoluteheightminimum": 13.7,
        "geometry_evidencedate": "2016-08-12",
        "heightconfidencelevel": "Moderate",
        "relativeheightmaximum": 7.9,
        "absoluteheightroofbase": 18.9,
        "description_updatedate": "2006-07-01",
        "oslandcover_updatedate": "2006-07-01",
        "oslanduse_evidencedate": "2006-07-01",
        "relativeheightroofbase": 5.2,
        "versionavailabletodate": null,
        "firstdigitalcapturedate": "1988-05-16",
        "description_evidencedate": "2006-07-01",
        "oslandcover_evidencedate": "2006-07-01",
        "versionavailablefromdate": "2025-02-06T00:00:00Z"
      }
    },
    {
      "id": "dc4cf967-08eb-4735-8fcf-3aa7c71cff3e",
      "type": "Feature",
      "geometry": {
        "type": "Polygon",
        "coordinates": [
          [
            [
              -1.4674554,
              50.9355366
            ],
            [
              -1.4675261,
              50.9355562
            ],
            [
              -1.4675489,
              50.9355234
            ],
            [
              -1.467518,
              50.9355149
            ],
            [
              -1.4674782,
              50.9355038
            ],
            [
              -1.4674554,
              50.9355366
            ]
          ]
        ]
      },
      "properties": {
        "osid": "dc4cf967-08eb-4735-8fcf-3aa7c71cff3e",
        "toid": "osgb5000005257941644",
        "theme": "Buildings",
        "changetype": "Modified Attributes",
        "isobscured": false,
        "description": "Building",
        "versiondate": "2025-02-05",
        "geometry_area": 21.598947,
        "height_source": "Ordnance Survey",
        "physicallevel": "Surface Level",
        "oslandusetiera": "Residential Accommodation",
        "oslandusetierb": [
          "Private Residence"
        ],
        "geometry_source": "Ordnance Survey",
        "oslandcovertiera": "Constructed",
        "oslandcovertierb": [
          "Building"
        ],
        "oslanduse_source": "Ordnance Survey",
        "height_updatedate": "2025-01-17",
        "description_source": "Ordnance Survey",
        "oslandcover_source": "Ordnance Survey",
        "associatedstructure": null,
        "geometry_updatedate": "2019-12-29",
        "height_evidencedate": "2024-06-20",
        "capturespecification": "Urban",
        "oslanduse_updatedate": "2019-12-29",
        "absoluteheightmaximum": null,
        "absoluteheightminimum": 12.1,
        "geometry_evidencedate": "2019-06-28",
        "heightconfidencelevel": "Incomplete",
        "relativeheightmaximum": null,
        "absoluteheightroofbase": null,
        "description_updatedate": "2019-12-29",
        "oslandcover_updatedate": "2019-12-29",
        "oslanduse_evidencedate": "2019-06-28",
        "relativeheightroofbase": null,
        "versionavailabletodate": null,
        "firstdigitalcapturedate": "2019-12-30",
        "description_evidencedate": "2019-06-28",
        "oslandcover_evidencedate": "2019-06-28",
        "versionavailablefromdate": "2025-02-06T00:00:00Z"
      }
    },
    {
      "id": "dcdc47cc-0bc3-4741-be55-3036a54b9915",
      "type": "Feature",
      "geometry": {
        "type": "Polygon",
        "coordinates": [
          [
            [
              -1.466746,
              50.9383009
            ],
            [
              -1.466734,
              50.938298
            ],
            [
              -1.4666814,
              50.9382848
            ],
            [
              -1.4666288,
              50.9382717
            ],
            [
              -1.4665899,
              50.938334
            ],
            [
              -1.4666425,
              50.9383471
            ],
            [
              -1.4666951,
              50.9383602
            ],
            [
              -1.4667072,
              50.9383632
            ],
            [
              -1.4667478,
              50.9383733
            ],
            [
              -1.4667425,
              50.9383817
            ],
            [
              -1.4668421,
              50.9384065
            ],
            [
              -1.4668664,
              50.9383675
            ],
            [
              -1.4668907,
              50.9383285
            ],
            [
              -1.4667912,
              50.9383037
            ],
            [
              -1.4667862,
              50.938311
            ],
            [
              -1.466746,
              50.9383009
            ]
          ]
        ]
      },
      "properties": {
        "osid": "dcdc47cc-0bc3-4741-be55-3036a54b9915",
        "toid": "osgb5000005247278643",
        "theme": "Buildings",
        "changetype": "Modified Attributes",
        "isobscured": false,
        "description": "Building",
        "versiondate": "2025-02-05",
        "geometry_area": 158.874055,
        "height_source": "Ordnance Survey",
        "physicallevel": "Surface Level",
        "oslandusetiera": "Residential Accommodation",
        "oslandusetierb": [
          "Private Residence"
        ],
        "geometry_source": "Ordnance Survey",
        "oslandcovertiera": "Constructed",
        "oslandcovertierb": [
          "Building"
        ],
        "oslanduse_source": "Ordnance Survey",
        "height_updatedate": "2025-01-17",
        "description_source": "Ordnance Survey",
        "oslandcover_source": "Ordnance Survey",
        "associatedstructure": null,
        "geometry_updatedate": "2019-06-05",
        "height_evidencedate": "2024-06-20",
        "capturespecification": "Urban",
        "oslanduse_updatedate": "2019-06-05",
        "absoluteheightmaximum": 28.7,
        "absoluteheightminimum": 17.5,
        "geometry_evidencedate": "2019-06-05",
        "heightconfidencelevel": "Moderate",
        "relativeheightmaximum": 11.2,
        "absoluteheightroofbase": 25,
        "description_updatedate": "2019-06-05",
        "oslandcover_updatedate": "2019-06-05",
        "oslanduse_evidencedate": "2019-06-05",
        "relativeheightroofbase": 7.5,
        "versionavailabletodate": null,
        "firstdigitalcapturedate": "2019-06-05",
        "description_evidencedate": "2019-06-05",
        "oslandcover_evidencedate": "2019-06-05",
        "versionavailablefromdate": "2025-02-06T00:00:00Z"
      }
    },
    {
      "id": "dcea7dcf-3be3-426e-a2c9-529350a319e4",
      "type": "Feature",
      "geometry": {
        "type": "Polygon",
        "coordinates": [
          [
            [
              -1.4658804,
              50.9406836
            ],
            [
              -1.4658447,
              50.9406643
            ],
            [
              -1.4657873,
              50.9407066
            ],
            [
              -1.465823,
              50.940726
            ],
            [
              -1.4658804,
              50.9406836
            ]
          ]
        ]
      },
      "properties": {
        "osid": "dcea7dcf-3be3-426e-a2c9-529350a319e4",
        "toid": "osgb5000005208860464",
        "theme": "Buildings",
        "changetype": "Modified Attributes",
        "isobscured": false,
        "description": "Building",
        "versiondate": "2025-02-05",
        "geometry_area": 20.481715,
        "height_source": "Ordnance Survey",
        "physicallevel": "Surface Level",
        "oslandusetiera": "Residential Accommodation",
        "oslandusetierb": [
          "Private Residence"
        ],
        "geometry_source": "Ordnance Survey",
        "oslandcovertiera": "Constructed",
        "oslandcovertierb": [
          "Building"
        ],
        "oslanduse_source": "Ordnance Survey",
        "height_updatedate": "2025-01-17",
        "description_source": "Ordnance Survey",
        "oslandcover_source": "Ordnance Survey",
        "associatedstructure": null,
        "geometry_updatedate": "2017-08-04",
        "height_evidencedate": "2024-06-20",
        "capturespecification": "Urban",
        "oslanduse_updatedate": "2017-08-04",
        "absoluteheightmaximum": 25,
        "absoluteheightminimum": 21,
        "geometry_evidencedate": "2017-08-04",
        "heightconfidencelevel": "Moderate",
        "relativeheightmaximum": 4,
        "absoluteheightroofbase": 24,
        "description_updatedate": "2017-08-04",
        "oslandcover_updatedate": "2017-08-04",
        "oslanduse_evidencedate": "2017-08-04",
        "relativeheightroofbase": 3,
        "versionavailabletodate": null,
        "firstdigitalcapturedate": "2017-08-04",
        "description_evidencedate": "2017-08-04",
        "oslandcover_evidencedate": "2017-08-04",
        "versionavailablefromdate": "2025-02-06T00:00:00Z"
      }
    },
    {
      "id": "dd1cd699-a02f-4936-8314-f6194e72f2f4",
      "type": "Feature",
      "geometry": {
        "type": "Polygon",
        "coordinates": [
          [
            [
              -1.4664366,
              50.9356203
            ],
            [
              -1.4664029,
              50.9356668
            ],
            [
              -1.4664587,
              50.9356829
            ],
            [
              -1.4664548,
              50.9356883
            ],
            [
              -1.4665037,
              50.9357025
            ],
            [
              -1.4665594,
              50.9357186
            ],
            [
              -1.4665738,
              50.9357228
            ],
            [
              -1.4665876,
              50.9357038
            ],
            [
              -1.4666114,
              50.935671
            ],
            [
              -1.4665936,
              50.9356658
            ],
            [
              -1.4665423,
              50.9356509
            ],
            [
              -1.4664924,
              50.9356365
            ],
            [
              -1.4664366,
              50.9356203
            ]
          ]
        ]
      },
      "properties": {
        "osid": "dd1cd699-a02f-4936-8314-f6194e72f2f4",
        "toid": "osgb5000005208814550",
        "theme": "Buildings",
        "changetype": "Modified Attributes",
        "isobscured": false,
        "description": "Building",
        "versiondate": "2025-02-05",
        "geometry_area": 82.8163,
        "height_source": "Ordnance Survey",
        "physicallevel": "Surface Level",
        "oslandusetiera": "Residential Accommodation",
        "oslandusetierb": [
          "Private Residence"
        ],
        "geometry_source": "Ordnance Survey",
        "oslandcovertiera": "Constructed",
        "oslandcovertierb": [
          "Building"
        ],
        "oslanduse_source": "Ordnance Survey",
        "height_updatedate": "2025-01-17",
        "description_source": "Ordnance Survey",
        "oslandcover_source": "Ordnance Survey",
        "associatedstructure": null,
        "geometry_updatedate": "2024-12-06",
        "height_evidencedate": "2024-06-20",
        "capturespecification": "Urban",
        "oslanduse_updatedate": "2017-08-03",
        "absoluteheightmaximum": 21.1,
        "absoluteheightminimum": 12.4,
        "geometry_evidencedate": "2024-06-20",
        "heightconfidencelevel": "Moderate",
        "relativeheightmaximum": 8.7,
        "absoluteheightroofbase": 17.2,
        "description_updatedate": "2017-08-03",
        "oslandcover_updatedate": "2017-08-03",
        "oslanduse_evidencedate": "2017-08-03",
        "relativeheightroofbase": 4.8,
        "versionavailabletodate": null,
        "firstdigitalcapturedate": "2017-08-03",
        "description_evidencedate": "2017-08-03",
        "oslandcover_evidencedate": "2017-08-03",
        "versionavailablefromdate": "2025-02-06T00:00:00Z"
      }
    },
    {
      "id": "dd49f809-25c9-4a21-a27e-44bf1f02c5be",
      "type": "Feature",
      "geometry": {
        "type": "Polygon",
        "coordinates": [
          [
            [
              -1.4657283,
              50.9405299
            ],
            [
              -1.465825,
              50.9404706
            ],
            [
              -1.4657864,
              50.9404455
            ],
            [
              -1.4657813,
              50.9404486
            ],
            [
              -1.4657313,
              50.9404161
            ],
            [
              -1.4656397,
              50.9404723
            ],
            [
              -1.4657283,
              50.9405299
            ]
          ]
        ]
      },
      "properties": {
        "osid": "dd49f809-25c9-4a21-a27e-44bf1f02c5be",
        "toid": "osgb5000005222257183",
        "theme": "Buildings",
        "changetype": "Modified Attributes",
        "isobscured": false,
        "description": "Building",
        "versiondate": "2025-02-05",
        "geometry_area": 82.148415,
        "height_source": "Ordnance Survey",
        "physicallevel": "Surface Level",
        "oslandusetiera": "Residential Accommodation",
        "oslandusetierb": [
          "Private Residence"
        ],
        "geometry_source": "Ordnance Survey",
        "oslandcovertiera": "Constructed",
        "oslandcovertierb": [
          "Building"
        ],
        "oslanduse_source": "Ordnance Survey",
        "height_updatedate": "2025-01-17",
        "description_source": "Ordnance Survey",
        "oslandcover_source": "Ordnance Survey",
        "associatedstructure": null,
        "geometry_updatedate": "2018-02-08",
        "height_evidencedate": "2024-06-20",
        "capturespecification": "Urban",
        "oslanduse_updatedate": "2018-02-08",
        "absoluteheightmaximum": 29.7,
        "absoluteheightminimum": 21.6,
        "geometry_evidencedate": "2018-02-08",
        "heightconfidencelevel": "Moderate",
        "relativeheightmaximum": 8.1,
        "absoluteheightroofbase": 27,
        "description_updatedate": "2018-02-08",
        "oslandcover_updatedate": "2018-02-08",
        "oslanduse_evidencedate": "2018-02-08",
        "relativeheightroofbase": 5.4,
        "versionavailabletodate": null,
        "firstdigitalcapturedate": "2018-02-09",
        "description_evidencedate": "2018-02-08",
        "oslandcover_evidencedate": "2018-02-08",
        "versionavailablefromdate": "2025-02-06T00:00:00Z"
      }
    },
    {
      "id": "dd62aaeb-489d-40f1-843c-c8c1a7110bcd",
      "type": "Feature",
      "geometry": {
        "type": "Polygon",
        "coordinates": [
          [
            [
              -1.4658379,
              50.9371579
            ],
            [
              -1.4658666,
              50.9371841
            ],
            [
              -1.4659017,
              50.9371688
            ],
            [
              -1.465873,
              50.9371425
            ],
            [
              -1.4658379,
              50.9371579
            ]
          ]
        ]
      },
      "properties": {
        "osid": "dd62aaeb-489d-40f1-843c-c8c1a7110bcd",
        "toid": "osgb5000005257941610",
        "theme": "Buildings",
        "changetype": "Modified Attributes",
        "isobscured": false,
        "description": "Building",
        "versiondate": "2025-02-05",
        "geometry_area": 10.629397,
        "height_source": "Ordnance Survey",
        "physicallevel": "Surface Level",
        "oslandusetiera": "Residential Accommodation",
        "oslandusetierb": [
          "Private Residence"
        ],
        "geometry_source": "Ordnance Survey",
        "oslandcovertiera": "Constructed",
        "oslandcovertierb": [
          "Building"
        ],
        "oslanduse_source": "Ordnance Survey",
        "height_updatedate": "2025-01-17",
        "description_source": "Ordnance Survey",
        "oslandcover_source": "Ordnance Survey",
        "associatedstructure": null,
        "geometry_updatedate": "2019-12-30",
        "height_evidencedate": "2024-06-20",
        "capturespecification": "Urban",
        "oslanduse_updatedate": "2019-12-30",
        "absoluteheightmaximum": null,
        "absoluteheightminimum": 16.7,
        "geometry_evidencedate": "2019-06-28",
        "heightconfidencelevel": "Incomplete",
        "relativeheightmaximum": null,
        "absoluteheightroofbase": null,
        "description_updatedate": "2019-12-30",
        "oslandcover_updatedate": "2019-12-30",
        "oslanduse_evidencedate": "2019-06-28",
        "relativeheightroofbase": null,
        "versionavailabletodate": null,
        "firstdigitalcapturedate": "2019-12-30",
        "description_evidencedate": "2019-06-28",
        "oslandcover_evidencedate": "2019-06-28",
        "versionavailablefromdate": "2025-02-06T00:00:00Z"
      }
    },
    {
      "id": "dd6efc6b-054f-4f88-81fc-e26536c65a11",
      "type": "Feature",
      "geometry": {
        "type": "Polygon",
        "coordinates": [
          [
            [
              -1.4659916,
              50.9373959
            ],
            [
              -1.4659492,
              50.9373674
            ],
            [
              -1.4659113,
              50.9373884
            ],
            [
              -1.4658682,
              50.9373572
            ],
            [
              -1.465826,
              50.9373799
            ],
            [
              -1.4659107,
              50.937441
            ],
            [
              -1.4659916,
              50.9373959
            ]
          ]
        ]
      },
      "properties": {
        "osid": "dd6efc6b-054f-4f88-81fc-e26536c65a11",
        "toid": "osgb1000016342782",
        "theme": "Buildings",
        "changetype": "Modified Attributes",
        "isobscured": false,
        "description": "Building",
        "versiondate": "2025-02-05",
        "geometry_area": 50.7525,
        "height_source": "Ordnance Survey",
        "physicallevel": "Surface Level",
        "oslandusetiera": "Residential Accommodation",
        "oslandusetierb": [
          "Private Residence"
        ],
        "geometry_source": "Ordnance Survey",
        "oslandcovertiera": "Constructed",
        "oslandcovertierb": [
          "Building"
        ],
        "oslanduse_source": "Ordnance Survey",
        "height_updatedate": "2025-01-17",
        "description_source": "Ordnance Survey",
        "oslandcover_source": "Ordnance Survey",
        "associatedstructure": null,
        "geometry_updatedate": "2004-04-13",
        "height_evidencedate": "2024-06-20",
        "capturespecification": "Urban",
        "oslanduse_updatedate": "2004-04-13",
        "absoluteheightmaximum": 24.1,
        "absoluteheightminimum": 17.1,
        "geometry_evidencedate": "2004-04-13",
        "heightconfidencelevel": "Moderate",
        "relativeheightmaximum": 7,
        "absoluteheightroofbase": 22.7,
        "description_updatedate": "2004-04-13",
        "oslandcover_updatedate": "2004-04-13",
        "oslanduse_evidencedate": "2004-04-13",
        "relativeheightroofbase": 5.6,
        "versionavailabletodate": null,
        "firstdigitalcapturedate": "1988-05-16",
        "description_evidencedate": "2004-04-13",
        "oslandcover_evidencedate": "2004-04-13",
        "versionavailablefromdate": "2025-02-06T00:00:00Z"
      }
    },
    {
      "id": "dd735442-9d6c-419d-be6c-3425a060575c",
      "type": "Feature",
      "geometry": {
        "type": "Polygon",
        "coordinates": [
          [
            [
              -1.4672634,
              50.9355088
            ],
            [
              -1.4672193,
              50.9354947
            ],
            [
              -1.467178,
              50.935546
            ],
            [
              -1.467222,
              50.9355602
            ],
            [
              -1.4672634,
              50.9355088
            ]
          ]
        ]
      },
      "properties": {
        "osid": "dd735442-9d6c-419d-be6c-3425a060575c",
        "toid": "osgb5000005208814649",
        "theme": "Buildings",
        "changetype": "Modified Attributes",
        "isobscured": false,
        "description": "Building",
        "versiondate": "2025-02-05",
        "geometry_area": 22.240413,
        "height_source": "Ordnance Survey",
        "physicallevel": "Surface Level",
        "oslandusetiera": "Residential Accommodation",
        "oslandusetierb": [
          "Private Residence"
        ],
        "geometry_source": "Ordnance Survey",
        "oslandcovertiera": "Constructed",
        "oslandcovertierb": [
          "Building"
        ],
        "oslanduse_source": "Ordnance Survey",
        "height_updatedate": "2025-01-17",
        "description_source": "Ordnance Survey",
        "oslandcover_source": "Ordnance Survey",
        "associatedstructure": null,
        "geometry_updatedate": "2017-08-03",
        "height_evidencedate": "2024-06-20",
        "capturespecification": "Urban",
        "oslanduse_updatedate": "2017-08-03",
        "absoluteheightmaximum": 16.1,
        "absoluteheightminimum": 12.2,
        "geometry_evidencedate": "2017-08-03",
        "heightconfidencelevel": "Moderate",
        "relativeheightmaximum": 3.9,
        "absoluteheightroofbase": 15.2,
        "description_updatedate": "2017-08-03",
        "oslandcover_updatedate": "2017-08-03",
        "oslanduse_evidencedate": "2017-08-03",
        "relativeheightroofbase": 3,
        "versionavailabletodate": null,
        "firstdigitalcapturedate": "2017-08-03",
        "description_evidencedate": "2017-08-03",
        "oslandcover_evidencedate": "2017-08-03",
        "versionavailablefromdate": "2025-02-06T00:00:00Z"
      }
    },
    {
      "id": "dd9b6df0-fe8a-43f1-954b-43e71c46d57d",
      "type": "Feature",
      "geometry": {
        "type": "Polygon",
        "coordinates": [
          [
            [
              -1.4702163,
              50.9417893
            ],
            [
              -1.4707535,
              50.941792
            ],
            [
              -1.4707626,
              50.9410557
            ],
            [
              -1.4707641,
              50.940932
            ],
            [
              -1.4707644,
              50.9409106
            ],
            [
              -1.4707647,
              50.9408821
            ],
            [
              -1.4703098,
              50.9408799
            ],
            [
              -1.4702691,
              50.9408797
            ],
            [
              -1.4702279,
              50.9408795
            ],
            [
              -1.4702277,
              50.9408795
            ],
            [
              -1.4702276,
              50.9408795
            ],
            [
              -1.4702222,
              50.9413157
            ],
            [
              -1.4702163,
              50.9417893
            ]
          ]
        ]
      },
      "properties": {
        "osid": "dd9b6df0-fe8a-43f1-954b-43e71c46d57d",
        "toid": "osgb5000005274099675",
        "theme": "Buildings",
        "changetype": "Modified Attributes",
        "isobscured": false,
        "description": "Building",
        "versiondate": "2025-02-05",
        "geometry_area": 3819.033205,
        "height_source": "Ordnance Survey",
        "physicallevel": "Surface Level",
        "oslandusetiera": "Commercial Activity: Industrial Or Manufacturing",
        "oslandusetierb": [],
        "geometry_source": "Ordnance Survey",
        "oslandcovertiera": "Constructed",
        "oslandcovertierb": [
          "Building"
        ],
        "oslanduse_source": "Ordnance Survey",
        "height_updatedate": "2025-01-17",
        "description_source": "Ordnance Survey",
        "oslandcover_source": "Ordnance Survey",
        "associatedstructure": null,
        "geometry_updatedate": "2020-12-15",
        "height_evidencedate": "2024-06-20",
        "capturespecification": "Urban",
        "oslanduse_updatedate": "2020-12-14",
        "absoluteheightmaximum": 31,
        "absoluteheightminimum": 15.6,
        "geometry_evidencedate": "2020-09-20",
        "heightconfidencelevel": "Moderate",
        "relativeheightmaximum": 15.4,
        "absoluteheightroofbase": 27.9,
        "description_updatedate": "2020-12-14",
        "oslandcover_updatedate": "2020-12-14",
        "oslanduse_evidencedate": "2020-09-20",
        "relativeheightroofbase": 12.3,
        "versionavailabletodate": null,
        "firstdigitalcapturedate": "2020-12-15",
        "description_evidencedate": "2020-09-20",
        "oslandcover_evidencedate": "2020-09-20",
        "versionavailablefromdate": "2025-02-06T00:00:00Z"
      }
    },
    {
      "id": "ddb3551c-6e54-452e-b1f4-919b2b96e2e3",
      "type": "Feature",
      "geometry": {
        "type": "Polygon",
        "coordinates": [
          [
            [
              -1.4725052,
              50.9370913
            ],
            [
              -1.4725054,
              50.9370692
            ],
            [
              -1.4724638,
              50.9370691
            ],
            [
              -1.4724637,
              50.9370912
            ],
            [
              -1.4725052,
              50.9370913
            ]
          ]
        ]
      },
      "properties": {
        "osid": "ddb3551c-6e54-452e-b1f4-919b2b96e2e3",
        "toid": "osgb1000002682079795",
        "theme": "Buildings",
        "changetype": "New",
        "isobscured": false,
        "description": "Building",
        "versiondate": "2022-08-26",
        "geometry_area": 7.1833,
        "height_source": null,
        "physicallevel": "Surface Level",
        "oslandusetiera": "Utility Or Environmental Protection",
        "oslandusetierb": [
          "Electricity Distribution"
        ],
        "geometry_source": "Ordnance Survey",
        "oslandcovertiera": "Constructed",
        "oslandcovertierb": [
          "Building"
        ],
        "oslanduse_source": "Ordnance Survey",
        "height_updatedate": null,
        "description_source": "Ordnance Survey",
        "oslandcover_source": "Ordnance Survey",
        "associatedstructure": null,
        "geometry_updatedate": "2010-03-15",
        "height_evidencedate": null,
        "capturespecification": "Urban",
        "oslanduse_updatedate": "2010-03-15",
        "absoluteheightmaximum": null,
        "absoluteheightminimum": null,
        "geometry_evidencedate": "2010-03-15",
        "heightconfidencelevel": null,
        "relativeheightmaximum": null,
        "absoluteheightroofbase": null,
        "description_updatedate": "2010-03-15",
        "oslandcover_updatedate": "2010-03-15",
        "oslanduse_evidencedate": "2010-03-15",
        "relativeheightroofbase": null,
        "versionavailabletodate": null,
        "firstdigitalcapturedate": "2010-03-15",
        "description_evidencedate": "2010-03-15",
        "oslandcover_evidencedate": "2010-03-15",
        "versionavailablefromdate": "2022-08-27T00:00:00Z"
      }
    },
    {
      "id": "ddd1c0e1-a7f9-4192-bd70-a228fa41f967",
      "type": "Feature",
      "geometry": {
        "type": "Polygon",
        "coordinates": [
          [
            [
              -1.4637695,
              50.9407035
            ],
            [
              -1.4637094,
              50.940676
            ],
            [
              -1.4636363,
              50.9407398
            ],
            [
              -1.4636964,
              50.9407672
            ],
            [
              -1.4637695,
              50.9407035
            ]
          ]
        ]
      },
      "properties": {
        "osid": "ddd1c0e1-a7f9-4192-bd70-a228fa41f967",
        "toid": "osgb5000005198749579",
        "theme": "Buildings",
        "changetype": "Modified Attributes",
        "isobscured": false,
        "description": "Building",
        "versiondate": "2025-02-05",
        "geometry_area": 45.586775,
        "height_source": "Ordnance Survey",
        "physicallevel": "Surface Level",
        "oslandusetiera": "Residential Accommodation",
        "oslandusetierb": [
          "Private Residence"
        ],
        "geometry_source": "Ordnance Survey",
        "oslandcovertiera": "Constructed",
        "oslandcovertierb": [
          "Building"
        ],
        "oslanduse_source": "Ordnance Survey",
        "height_updatedate": "2025-01-17",
        "description_source": "Ordnance Survey",
        "oslandcover_source": "Ordnance Survey",
        "associatedstructure": null,
        "geometry_updatedate": "2017-02-07",
        "height_evidencedate": "2024-06-20",
        "capturespecification": "Urban",
        "oslanduse_updatedate": "2017-02-07",
        "absoluteheightmaximum": 32.2,
        "absoluteheightminimum": 24.3,
        "geometry_evidencedate": "2017-02-07",
        "heightconfidencelevel": "Moderate",
        "relativeheightmaximum": 7.9,
        "absoluteheightroofbase": 29.7,
        "description_updatedate": "2017-02-07",
        "oslandcover_updatedate": "2017-02-07",
        "oslanduse_evidencedate": "2017-02-07",
        "relativeheightroofbase": 5.4,
        "versionavailabletodate": null,
        "firstdigitalcapturedate": "2017-02-07",
        "description_evidencedate": "2017-02-07",
        "oslandcover_evidencedate": "2017-02-07",
        "versionavailablefromdate": "2025-02-06T00:00:00Z"
      }
    },
    {
      "id": "dddb929d-fc6f-4e9d-926b-c2a7c90a9ec6",
      "type": "Feature",
      "geometry": {
        "type": "Polygon",
        "coordinates": [
          [
            [
              -1.4658668,
              50.9407857
            ],
            [
              -1.4657935,
              50.9407456
            ],
            [
              -1.465702,
              50.9408124
            ],
            [
              -1.4657753,
              50.9408525
            ],
            [
              -1.4658668,
              50.9407857
            ]
          ]
        ]
      },
      "properties": {
        "osid": "dddb929d-fc6f-4e9d-926b-c2a7c90a9ec6",
        "toid": "osgb5000005208860429",
        "theme": "Buildings",
        "changetype": "Modified Attributes",
        "isobscured": false,
        "description": "Building",
        "versiondate": "2025-02-05",
        "geometry_area": 66.882954,
        "height_source": "Ordnance Survey",
        "physicallevel": "Surface Level",
        "oslandusetiera": "Residential Accommodation",
        "oslandusetierb": [
          "Private Residence"
        ],
        "geometry_source": "Ordnance Survey",
        "oslandcovertiera": "Constructed",
        "oslandcovertierb": [
          "Building"
        ],
        "oslanduse_source": "Ordnance Survey",
        "height_updatedate": "2025-01-17",
        "description_source": "Ordnance Survey",
        "oslandcover_source": "Ordnance Survey",
        "associatedstructure": null,
        "geometry_updatedate": "2017-08-04",
        "height_evidencedate": "2024-06-20",
        "capturespecification": "Urban",
        "oslanduse_updatedate": "2017-08-04",
        "absoluteheightmaximum": 30,
        "absoluteheightminimum": 21.2,
        "geometry_evidencedate": "2017-08-04",
        "heightconfidencelevel": "Moderate",
        "relativeheightmaximum": 8.8,
        "absoluteheightroofbase": 26.2,
        "description_updatedate": "2017-08-04",
        "oslandcover_updatedate": "2017-08-04",
        "oslanduse_evidencedate": "2017-08-04",
        "relativeheightroofbase": 5,
        "versionavailabletodate": null,
        "firstdigitalcapturedate": "2017-08-04",
        "description_evidencedate": "2017-08-04",
        "oslandcover_evidencedate": "2017-08-04",
        "versionavailablefromdate": "2025-02-06T00:00:00Z"
      }
    },
    {
      "id": "de1ad268-eef2-483e-b3c0-400bb078b2fe",
      "type": "Feature",
      "geometry": {
        "type": "Polygon",
        "coordinates": [
          [
            [
              -1.4652943,
              50.9368977
            ],
            [
              -1.465307,
              50.9368465
            ],
            [
              -1.4652131,
              50.9368371
            ],
            [
              -1.4651997,
              50.9368901
            ],
            [
              -1.4652943,
              50.9368977
            ]
          ]
        ]
      },
      "properties": {
        "osid": "de1ad268-eef2-483e-b3c0-400bb078b2fe",
        "toid": "osgb1000016342779",
        "theme": "Buildings",
        "changetype": "Modified Attributes",
        "isobscured": false,
        "description": "Building",
        "versiondate": "2025-02-05",
        "geometry_area": 39.2125,
        "height_source": "Ordnance Survey",
        "physicallevel": "Surface Level",
        "oslandusetiera": "Residential Accommodation",
        "oslandusetierb": [
          "Private Residence"
        ],
        "geometry_source": "Ordnance Survey",
        "oslandcovertiera": "Constructed",
        "oslandcovertierb": [
          "Building"
        ],
        "oslanduse_source": "Ordnance Survey",
        "height_updatedate": "2025-01-17",
        "description_source": "Ordnance Survey",
        "oslandcover_source": "Ordnance Survey",
        "associatedstructure": null,
        "geometry_updatedate": "2004-04-13",
        "height_evidencedate": "2024-06-20",
        "capturespecification": "Urban",
        "oslanduse_updatedate": "2004-04-13",
        "absoluteheightmaximum": 23.7,
        "absoluteheightminimum": 15.9,
        "geometry_evidencedate": "2004-04-13",
        "heightconfidencelevel": "Moderate",
        "relativeheightmaximum": 7.8,
        "absoluteheightroofbase": 21.5,
        "description_updatedate": "2004-04-13",
        "oslandcover_updatedate": "2004-04-13",
        "oslanduse_evidencedate": "2004-04-13",
        "relativeheightroofbase": 5.6,
        "versionavailabletodate": null,
        "firstdigitalcapturedate": "1988-05-16",
        "description_evidencedate": "2004-04-13",
        "oslandcover_evidencedate": "2004-04-13",
        "versionavailablefromdate": "2025-02-06T00:00:00Z"
      }
    },
    {
      "id": "de1eedb0-a5cf-49ee-a35a-6027f66c61b6",
      "type": "Feature",
      "geometry": {
        "type": "Polygon",
        "coordinates": [
          [
            [
              -1.4653842,
              50.9391861
            ],
            [
              -1.4654345,
              50.9392048
            ],
            [
              -1.4655041,
              50.9391299
            ],
            [
              -1.4654229,
              50.9390998
            ],
            [
              -1.465358,
              50.9391695
            ],
            [
              -1.4653889,
              50.939181
            ],
            [
              -1.4653842,
              50.9391861
            ]
          ]
        ]
      },
      "properties": {
        "osid": "de1eedb0-a5cf-49ee-a35a-6027f66c61b6",
        "toid": "osgb5000005247278675",
        "theme": "Buildings",
        "changetype": "Modified Attributes",
        "isobscured": false,
        "description": "Building",
        "versiondate": "2025-02-05",
        "geometry_area": 62.276283,
        "height_source": "Ordnance Survey",
        "physicallevel": "Surface Level",
        "oslandusetiera": "Residential Accommodation",
        "oslandusetierb": [
          "Private Residence"
        ],
        "geometry_source": "Ordnance Survey",
        "oslandcovertiera": "Constructed",
        "oslandcovertierb": [
          "Building"
        ],
        "oslanduse_source": "Ordnance Survey",
        "height_updatedate": "2025-01-17",
        "description_source": "Ordnance Survey",
        "oslandcover_source": "Ordnance Survey",
        "associatedstructure": null,
        "geometry_updatedate": "2019-06-05",
        "height_evidencedate": "2024-06-20",
        "capturespecification": "Urban",
        "oslanduse_updatedate": "2019-06-05",
        "absoluteheightmaximum": 31.5,
        "absoluteheightminimum": 22.4,
        "geometry_evidencedate": "2019-06-05",
        "heightconfidencelevel": "Moderate",
        "relativeheightmaximum": 9.1,
        "absoluteheightroofbase": 28.4,
        "description_updatedate": "2019-06-05",
        "oslandcover_updatedate": "2019-06-05",
        "oslanduse_evidencedate": "2019-06-05",
        "relativeheightroofbase": 6,
        "versionavailabletodate": null,
        "firstdigitalcapturedate": "2019-06-05",
        "description_evidencedate": "2019-06-05",
        "oslandcover_evidencedate": "2019-06-05",
        "versionavailablefromdate": "2025-02-06T00:00:00Z"
      }
    },
    {
      "id": "df68f40e-4904-4341-bbec-7a0950c45f59",
      "type": "Feature",
      "geometry": {
        "type": "Polygon",
        "coordinates": [
          [
            [
              -1.4656635,
              50.9375257
            ],
            [
              -1.4656277,
              50.9375463
            ],
            [
              -1.4655832,
              50.9375141
            ],
            [
              -1.4655395,
              50.9375387
            ],
            [
              -1.4656249,
              50.9376002
            ],
            [
              -1.4657044,
              50.937556
            ],
            [
              -1.4656635,
              50.9375257
            ]
          ]
        ]
      },
      "properties": {
        "osid": "df68f40e-4904-4341-bbec-7a0950c45f59",
        "toid": "osgb1000016343169",
        "theme": "Buildings",
        "changetype": "Modified Attributes",
        "isobscured": false,
        "description": "Building",
        "versiondate": "2025-02-05",
        "geometry_area": 52.20625,
        "height_source": "Ordnance Survey",
        "physicallevel": "Surface Level",
        "oslandusetiera": "Residential Accommodation",
        "oslandusetierb": [
          "Private Residence"
        ],
        "geometry_source": "Ordnance Survey",
        "oslandcovertiera": "Constructed",
        "oslandcovertierb": [
          "Building"
        ],
        "oslanduse_source": "Ordnance Survey",
        "height_updatedate": "2025-01-17",
        "description_source": "Ordnance Survey",
        "oslandcover_source": "Ordnance Survey",
        "associatedstructure": null,
        "geometry_updatedate": "2004-04-13",
        "height_evidencedate": "2024-06-20",
        "capturespecification": "Urban",
        "oslanduse_updatedate": "2004-04-13",
        "absoluteheightmaximum": 25.5,
        "absoluteheightminimum": 18,
        "geometry_evidencedate": "2004-04-13",
        "heightconfidencelevel": "Moderate",
        "relativeheightmaximum": 7.5,
        "absoluteheightroofbase": 22.9,
        "description_updatedate": "2004-04-13",
        "oslandcover_updatedate": "2004-04-13",
        "oslanduse_evidencedate": "2004-04-13",
        "relativeheightroofbase": 4.9,
        "versionavailabletodate": null,
        "firstdigitalcapturedate": "1994-05-19",
        "description_evidencedate": "2004-04-13",
        "oslandcover_evidencedate": "2004-04-13",
        "versionavailablefromdate": "2025-02-06T00:00:00Z"
      }
    },
    {
      "id": "dfab4bb7-f79b-4182-af94-a8701621a9e0",
      "type": "Feature",
      "geometry": {
        "type": "Polygon",
        "coordinates": [
          [
            [
              -1.4655834,
              50.9384829
            ],
            [
              -1.4655665,
              50.9385104
            ],
            [
              -1.4656477,
              50.9385303
            ],
            [
              -1.4656646,
              50.9385029
            ],
            [
              -1.4655834,
              50.9384829
            ]
          ]
        ]
      },
      "properties": {
        "osid": "dfab4bb7-f79b-4182-af94-a8701621a9e0",
        "toid": "osgb5000005259512528",
        "theme": "Buildings",
        "changetype": "Modified Attributes",
        "isobscured": false,
        "description": "Building",
        "versiondate": "2025-02-05",
        "geometry_area": 20.072525,
        "height_source": "Ordnance Survey",
        "physicallevel": "Surface Level",
        "oslandusetiera": "Residential Accommodation",
        "oslandusetierb": [
          "Private Residence"
        ],
        "geometry_source": "Ordnance Survey",
        "oslandcovertiera": "Constructed",
        "oslandcovertierb": [
          "Building"
        ],
        "oslanduse_source": "Ordnance Survey",
        "height_updatedate": "2025-01-17",
        "description_source": "Ordnance Survey",
        "oslandcover_source": "Ordnance Survey",
        "associatedstructure": null,
        "geometry_updatedate": "2020-01-31",
        "height_evidencedate": "2024-06-20",
        "capturespecification": "Urban",
        "oslanduse_updatedate": "2020-01-31",
        "absoluteheightmaximum": 25.5,
        "absoluteheightminimum": 21,
        "geometry_evidencedate": "2020-01-31",
        "heightconfidencelevel": "Moderate",
        "relativeheightmaximum": 4.5,
        "absoluteheightroofbase": 24.1,
        "description_updatedate": "2020-01-31",
        "oslandcover_updatedate": "2020-01-31",
        "oslanduse_evidencedate": "2020-01-31",
        "relativeheightroofbase": 3.1,
        "versionavailabletodate": null,
        "firstdigitalcapturedate": "2020-01-31",
        "description_evidencedate": "2020-01-31",
        "oslandcover_evidencedate": "2020-01-31",
        "versionavailablefromdate": "2025-02-06T00:00:00Z"
      }
    },
    {
      "id": "dfaf4961-72fe-4355-928d-0ee4da2d6782",
      "type": "Feature",
      "geometry": {
        "type": "Polygon",
        "coordinates": [
          [
            [
              -1.4661193,
              50.939275
            ],
            [
              -1.4661649,
              50.9392151
            ],
            [
              -1.4661515,
              50.939211
            ],
            [
              -1.4659758,
              50.9391576
            ],
            [
              -1.4659824,
              50.939149
            ],
            [
              -1.4658862,
              50.9391198
            ],
            [
              -1.4658279,
              50.9391964
            ],
            [
              -1.4659241,
              50.9392256
            ],
            [
              -1.4659302,
              50.9392176
            ],
            [
              -1.4661193,
              50.939275
            ]
          ]
        ]
      },
      "properties": {
        "osid": "dfaf4961-72fe-4355-928d-0ee4da2d6782",
        "toid": "osgb5000005242102818",
        "theme": "Buildings",
        "changetype": "Modified Attributes",
        "isobscured": false,
        "description": "Building",
        "versiondate": "2025-02-05",
        "geometry_area": 180.015221,
        "height_source": "Ordnance Survey",
        "physicallevel": "Surface Level",
        "oslandusetiera": "Residential Accommodation",
        "oslandusetierb": [
          "Private Residence"
        ],
        "geometry_source": "Ordnance Survey",
        "oslandcovertiera": "Constructed",
        "oslandcovertierb": [
          "Building"
        ],
        "oslanduse_source": "Ordnance Survey",
        "height_updatedate": "2025-01-17",
        "description_source": "Ordnance Survey",
        "oslandcover_source": "Ordnance Survey",
        "associatedstructure": null,
        "geometry_updatedate": "2019-02-05",
        "height_evidencedate": "2024-06-20",
        "capturespecification": "Urban",
        "oslanduse_updatedate": "2019-02-05",
        "absoluteheightmaximum": 32.7,
        "absoluteheightminimum": 21.5,
        "geometry_evidencedate": "2019-02-05",
        "heightconfidencelevel": "Moderate",
        "relativeheightmaximum": 11.2,
        "absoluteheightroofbase": 29.6,
        "description_updatedate": "2019-02-05",
        "oslandcover_updatedate": "2019-02-05",
        "oslanduse_evidencedate": "2019-02-05",
        "relativeheightroofbase": 8.1,
        "versionavailabletodate": null,
        "firstdigitalcapturedate": "2019-02-05",
        "description_evidencedate": "2019-02-05",
        "oslandcover_evidencedate": "2019-02-05",
        "versionavailablefromdate": "2025-02-06T00:00:00Z"
      }
    },
    {
      "id": "dfb00969-8eaa-444e-809d-ba23ffff3746",
      "type": "Feature",
      "geometry": {
        "type": "Polygon",
        "coordinates": [
          [
            [
              -1.4671039,
              50.9378521
            ],
            [
              -1.4671144,
              50.9378881
            ],
            [
              -1.4671639,
              50.9378824
            ],
            [
              -1.4671533,
              50.9378463
            ],
            [
              -1.4671039,
              50.9378521
            ]
          ]
        ]
      },
      "properties": {
        "osid": "dfb00969-8eaa-444e-809d-ba23ffff3746",
        "toid": "osgb5000005203977489",
        "theme": "Buildings",
        "changetype": "Modified Attributes",
        "isobscured": false,
        "description": "Building",
        "versiondate": "2025-02-05",
        "geometry_area": 14.40113,
        "height_source": "Ordnance Survey",
        "physicallevel": "Surface Level",
        "oslandusetiera": "Residential Accommodation",
        "oslandusetierb": [
          "Private Residence"
        ],
        "geometry_source": "Ordnance Survey",
        "oslandcovertiera": "Constructed",
        "oslandcovertierb": [
          "Building"
        ],
        "oslanduse_source": "Ordnance Survey",
        "height_updatedate": "2025-01-17",
        "description_source": "Ordnance Survey",
        "oslandcover_source": "Ordnance Survey",
        "associatedstructure": null,
        "geometry_updatedate": "2017-04-19",
        "height_evidencedate": "2024-06-20",
        "capturespecification": "Urban",
        "oslanduse_updatedate": "2017-04-19",
        "absoluteheightmaximum": null,
        "absoluteheightminimum": 15.3,
        "geometry_evidencedate": "2016-08-12",
        "heightconfidencelevel": "Incomplete",
        "relativeheightmaximum": null,
        "absoluteheightroofbase": null,
        "description_updatedate": "2017-04-19",
        "oslandcover_updatedate": "2017-04-19",
        "oslanduse_evidencedate": "2016-08-12",
        "relativeheightroofbase": null,
        "versionavailabletodate": null,
        "firstdigitalcapturedate": "2017-05-04",
        "description_evidencedate": "2016-08-12",
        "oslandcover_evidencedate": "2016-08-12",
        "versionavailablefromdate": "2025-02-06T00:00:00Z"
      }
    },
    {
      "id": "e031a365-a42f-4d77-aac8-07436a0dd8d4",
      "type": "Feature",
      "geometry": {
        "type": "Polygon",
        "coordinates": [
          [
            [
              -1.4664358,
              50.9386908
            ],
            [
              -1.4665185,
              50.9387114
            ],
            [
              -1.4665354,
              50.9386843
            ],
            [
              -1.4664526,
              50.9386637
            ],
            [
              -1.4664358,
              50.9386908
            ]
          ]
        ]
      },
      "properties": {
        "osid": "e031a365-a42f-4d77-aac8-07436a0dd8d4",
        "toid": "osgb5000005244788312",
        "theme": "Buildings",
        "changetype": "Modified Attributes",
        "isobscured": false,
        "description": "Building",
        "versiondate": "2025-02-05",
        "geometry_area": 20.18439,
        "height_source": "Ordnance Survey",
        "physicallevel": "Surface Level",
        "oslandusetiera": "Unknown Or Unused Artificial",
        "oslandusetierb": [],
        "geometry_source": "Ordnance Survey",
        "oslandcovertiera": "Constructed",
        "oslandcovertierb": [
          "Building"
        ],
        "oslanduse_source": "Ordnance Survey",
        "height_updatedate": "2025-01-17",
        "description_source": "Ordnance Survey",
        "oslandcover_source": "Ordnance Survey",
        "associatedstructure": null,
        "geometry_updatedate": "2019-04-08",
        "height_evidencedate": "2024-06-20",
        "capturespecification": "Urban",
        "oslanduse_updatedate": "2019-04-09",
        "absoluteheightmaximum": 22.8,
        "absoluteheightminimum": 19,
        "geometry_evidencedate": "2019-04-08",
        "heightconfidencelevel": "Moderate",
        "relativeheightmaximum": 3.8,
        "absoluteheightroofbase": 21.5,
        "description_updatedate": "2019-04-09",
        "oslandcover_updatedate": "2019-04-09",
        "oslanduse_evidencedate": "2019-04-09",
        "relativeheightroofbase": 2.5,
        "versionavailabletodate": null,
        "firstdigitalcapturedate": "2019-04-09",
        "description_evidencedate": "2019-04-09",
        "oslandcover_evidencedate": "2019-04-09",
        "versionavailablefromdate": "2025-02-06T00:00:00Z"
      }
    },
    {
      "id": "e0596828-5d76-4b38-a50a-175a5871a0ab",
      "type": "Feature",
      "geometry": {
        "type": "Polygon",
        "coordinates": [
          [
            [
              -1.4669635,
              50.9360361
            ],
            [
              -1.4669506,
              50.9360647
            ],
            [
              -1.4669483,
              50.9360698
            ],
            [
              -1.4669859,
              50.9360765
            ],
            [
              -1.4670352,
              50.9360852
            ],
            [
              -1.4670818,
              50.9360935
            ],
            [
              -1.4670864,
              50.9360754
            ],
            [
              -1.4670958,
              50.9360387
            ],
            [
              -1.4669722,
              50.9360167
            ],
            [
              -1.4669635,
              50.9360361
            ]
          ]
        ]
      },
      "properties": {
        "osid": "e0596828-5d76-4b38-a50a-175a5871a0ab",
        "toid": "osgb5000005208814643",
        "theme": "Buildings",
        "changetype": "Modified Attributes",
        "isobscured": false,
        "description": "Building",
        "versiondate": "2025-02-05",
        "geometry_area": 57.5807,
        "height_source": "Ordnance Survey",
        "physicallevel": "Surface Level",
        "oslandusetiera": "Residential Accommodation",
        "oslandusetierb": [
          "Private Residence"
        ],
        "geometry_source": "Ordnance Survey",
        "oslandcovertiera": "Constructed",
        "oslandcovertierb": [
          "Building"
        ],
        "oslanduse_source": "Ordnance Survey",
        "height_updatedate": "2025-01-17",
        "description_source": "Ordnance Survey",
        "oslandcover_source": "Ordnance Survey",
        "associatedstructure": null,
        "geometry_updatedate": "2018-05-09",
        "height_evidencedate": "2024-06-20",
        "capturespecification": "Urban",
        "oslanduse_updatedate": "2017-08-03",
        "absoluteheightmaximum": 21.3,
        "absoluteheightminimum": 11.8,
        "geometry_evidencedate": "2018-05-09",
        "heightconfidencelevel": "Moderate",
        "relativeheightmaximum": 9.5,
        "absoluteheightroofbase": 17.4,
        "description_updatedate": "2017-08-03",
        "oslandcover_updatedate": "2017-08-03",
        "oslanduse_evidencedate": "2017-08-03",
        "relativeheightroofbase": 5.6,
        "versionavailabletodate": null,
        "firstdigitalcapturedate": "2017-08-03",
        "description_evidencedate": "2017-08-03",
        "oslandcover_evidencedate": "2017-08-03",
        "versionavailablefromdate": "2025-02-06T00:00:00Z"
      }
    },
    {
      "id": "e06904ed-1a6a-4f08-a70c-88fe969b8495",
      "type": "Feature",
      "geometry": {
        "type": "Polygon",
        "coordinates": [
          [
            [
              -1.4744121,
              50.9395664
            ],
            [
              -1.4743788,
              50.9391082
            ],
            [
              -1.4738635,
              50.9391198
            ],
            [
              -1.4738967,
              50.9395785
            ],
            [
              -1.4741416,
              50.9395727
            ],
            [
              -1.4743217,
              50.9395685
            ],
            [
              -1.4744121,
              50.9395664
            ]
          ]
        ]
      },
      "properties": {
        "osid": "e06904ed-1a6a-4f08-a70c-88fe969b8495",
        "toid": "osgb1000016342682",
        "theme": "Buildings",
        "changetype": "Modified Attributes",
        "isobscured": false,
        "description": "Building",
        "versiondate": "2025-02-05",
        "geometry_area": 1849.282,
        "height_source": "Ordnance Survey",
        "physicallevel": "Surface Level",
        "oslandusetiera": "Commercial Activity: Industrial Or Manufacturing",
        "oslandusetierb": [],
        "geometry_source": "Ordnance Survey",
        "oslandcovertiera": "Constructed",
        "oslandcovertierb": [
          "Building"
        ],
        "oslanduse_source": "Ordnance Survey",
        "height_updatedate": "2025-01-17",
        "description_source": "Ordnance Survey",
        "oslandcover_source": "Ordnance Survey",
        "associatedstructure": null,
        "geometry_updatedate": "2004-04-13",
        "height_evidencedate": "2024-06-20",
        "capturespecification": "Rural",
        "oslanduse_updatedate": "2004-04-13",
        "absoluteheightmaximum": 22.7,
        "absoluteheightminimum": 10,
        "geometry_evidencedate": "2004-04-13",
        "heightconfidencelevel": "Moderate",
        "relativeheightmaximum": 12.7,
        "absoluteheightroofbase": 16.8,
        "description_updatedate": "2004-04-13",
        "oslandcover_updatedate": "2004-04-13",
        "oslanduse_evidencedate": "2004-04-13",
        "relativeheightroofbase": 6.8,
        "versionavailabletodate": null,
        "firstdigitalcapturedate": "1988-07-28",
        "description_evidencedate": "2004-04-13",
        "oslandcover_evidencedate": "2004-04-13",
        "versionavailablefromdate": "2025-02-06T00:00:00Z"
      }
    },
    {
      "id": "e06e3837-b836-418e-88ef-6c5466f136b0",
      "type": "Feature",
      "geometry": {
        "type": "Polygon",
        "coordinates": [
          [
            [
              -1.4656014,
              50.9387429
            ],
            [
              -1.4656838,
              50.9387635
            ],
            [
              -1.4656993,
              50.9387387
            ],
            [
              -1.4657009,
              50.9387362
            ],
            [
              -1.4656185,
              50.9387156
            ],
            [
              -1.4656079,
              50.9387325
            ],
            [
              -1.4656014,
              50.9387429
            ]
          ]
        ]
      },
      "properties": {
        "osid": "e06e3837-b836-418e-88ef-6c5466f136b0",
        "toid": "osgb5000005247278669",
        "theme": "Buildings",
        "changetype": "Modified Attributes",
        "isobscured": false,
        "description": "Building",
        "versiondate": "2025-02-05",
        "geometry_area": 20.287022,
        "height_source": "Ordnance Survey",
        "physicallevel": "Surface Level",
        "oslandusetiera": "Residential Accommodation",
        "oslandusetierb": [
          "Private Residence"
        ],
        "geometry_source": "Ordnance Survey",
        "oslandcovertiera": "Constructed",
        "oslandcovertierb": [
          "Building"
        ],
        "oslanduse_source": "Ordnance Survey",
        "height_updatedate": "2025-01-17",
        "description_source": "Ordnance Survey",
        "oslandcover_source": "Ordnance Survey",
        "associatedstructure": null,
        "geometry_updatedate": "2019-10-28",
        "height_evidencedate": "2024-06-20",
        "capturespecification": "Urban",
        "oslanduse_updatedate": "2019-06-04",
        "absoluteheightmaximum": 25.4,
        "absoluteheightminimum": 21.3,
        "geometry_evidencedate": "2019-10-28",
        "heightconfidencelevel": "Moderate",
        "relativeheightmaximum": 4.1,
        "absoluteheightroofbase": 23.6,
        "description_updatedate": "2019-06-04",
        "oslandcover_updatedate": "2019-06-04",
        "oslanduse_evidencedate": "2019-06-04",
        "relativeheightroofbase": 2.3,
        "versionavailabletodate": null,
        "firstdigitalcapturedate": "2019-06-05",
        "description_evidencedate": "2019-06-04",
        "oslandcover_evidencedate": "2019-06-04",
        "versionavailablefromdate": "2025-02-06T00:00:00Z"
      }
    },
    {
      "id": "e0c4a2aa-fdfb-4310-b2ac-bf3d855b39d6",
      "type": "Feature",
      "geometry": {
        "type": "Polygon",
        "coordinates": [
          [
            [
              -1.4723072,
              50.9406326
            ],
            [
              -1.4723069,
              50.9406589
            ],
            [
              -1.4723452,
              50.940659
            ],
            [
              -1.4723454,
              50.9406327
            ],
            [
              -1.4723072,
              50.9406326
            ]
          ]
        ]
      },
      "properties": {
        "osid": "e0c4a2aa-fdfb-4310-b2ac-bf3d855b39d6",
        "toid": "osgb5000005274099721",
        "theme": "Buildings",
        "changetype": "Modified Attributes",
        "isobscured": false,
        "description": "Building",
        "versiondate": "2023-06-03",
        "geometry_area": 7.844736,
        "height_source": null,
        "physicallevel": "Surface Level",
        "oslandusetiera": "Utility Or Environmental Protection",
        "oslandusetierb": [
          "Electricity Distribution"
        ],
        "geometry_source": "Ordnance Survey",
        "oslandcovertiera": "Constructed",
        "oslandcovertierb": [
          "Building"
        ],
        "oslanduse_source": "Ordnance Survey",
        "height_updatedate": null,
        "description_source": "Ordnance Survey",
        "oslandcover_source": "Ordnance Survey",
        "associatedstructure": null,
        "geometry_updatedate": "2020-12-14",
        "height_evidencedate": null,
        "capturespecification": "Urban",
        "oslanduse_updatedate": "2020-12-14",
        "absoluteheightmaximum": null,
        "absoluteheightminimum": null,
        "geometry_evidencedate": "2020-09-20",
        "heightconfidencelevel": null,
        "relativeheightmaximum": null,
        "absoluteheightroofbase": null,
        "description_updatedate": "2020-12-14",
        "oslandcover_updatedate": "2020-12-14",
        "oslanduse_evidencedate": "2020-09-20",
        "relativeheightroofbase": null,
        "versionavailabletodate": null,
        "firstdigitalcapturedate": "2020-12-14",
        "description_evidencedate": "2020-09-20",
        "oslandcover_evidencedate": "2020-09-20",
        "versionavailablefromdate": "2023-06-04T00:00:00Z"
      }
    },
    {
      "id": "e0d2ba3b-44e1-4f66-99e4-31f50a8bace9",
      "type": "Feature",
      "geometry": {
        "type": "Polygon",
        "coordinates": [
          [
            [
              -1.4663684,
              50.9357859
            ],
            [
              -1.4664858,
              50.93582
            ],
            [
              -1.4664914,
              50.9358123
            ],
            [
              -1.4665196,
              50.9357735
            ],
            [
              -1.466427,
              50.9357467
            ],
            [
              -1.4664022,
              50.9357394
            ],
            [
              -1.4663684,
              50.9357859
            ]
          ]
        ]
      },
      "properties": {
        "osid": "e0d2ba3b-44e1-4f66-99e4-31f50a8bace9",
        "toid": "osgb5000005208814524",
        "theme": "Buildings",
        "changetype": "Modified Attributes",
        "isobscured": false,
        "description": "Building",
        "versiondate": "2025-02-05",
        "geometry_area": 51.638868,
        "height_source": "Ordnance Survey",
        "physicallevel": "Surface Level",
        "oslandusetiera": "Residential Accommodation",
        "oslandusetierb": [
          "Private Residence"
        ],
        "geometry_source": "Ordnance Survey",
        "oslandcovertiera": "Constructed",
        "oslandcovertierb": [
          "Building"
        ],
        "oslanduse_source": "Ordnance Survey",
        "height_updatedate": "2025-01-17",
        "description_source": "Ordnance Survey",
        "oslandcover_source": "Ordnance Survey",
        "associatedstructure": null,
        "geometry_updatedate": "2017-08-03",
        "height_evidencedate": "2024-06-20",
        "capturespecification": "Urban",
        "oslanduse_updatedate": "2017-08-03",
        "absoluteheightmaximum": 20.9,
        "absoluteheightminimum": 12.2,
        "geometry_evidencedate": "2017-08-03",
        "heightconfidencelevel": "Moderate",
        "relativeheightmaximum": 8.7,
        "absoluteheightroofbase": 18.9,
        "description_updatedate": "2017-08-03",
        "oslandcover_updatedate": "2017-08-03",
        "oslanduse_evidencedate": "2017-08-03",
        "relativeheightroofbase": 6.7,
        "versionavailabletodate": null,
        "firstdigitalcapturedate": "2017-08-03",
        "description_evidencedate": "2017-08-03",
        "oslandcover_evidencedate": "2017-08-03",
        "versionavailablefromdate": "2025-02-06T00:00:00Z"
      }
    },
    {
      "id": "e184e0eb-bb4c-4d59-97ff-263e726d38e3",
      "type": "Feature",
      "geometry": {
        "type": "Polygon",
        "coordinates": [
          [
            [
              -1.4643836,
              50.940178
            ],
            [
              -1.4644176,
              50.9401347
            ],
            [
              -1.4643005,
              50.940098
            ],
            [
              -1.4642666,
              50.9401413
            ],
            [
              -1.4643836,
              50.940178
            ]
          ]
        ]
      },
      "properties": {
        "osid": "e184e0eb-bb4c-4d59-97ff-263e726d38e3",
        "toid": "osgb5000005208860421",
        "theme": "Buildings",
        "changetype": "Modified Attributes",
        "isobscured": false,
        "description": "Building",
        "versiondate": "2025-02-05",
        "geometry_area": 49.319041,
        "height_source": "Ordnance Survey",
        "physicallevel": "Surface Level",
        "oslandusetiera": "Residential Accommodation",
        "oslandusetierb": [
          "Private Residence"
        ],
        "geometry_source": "Ordnance Survey",
        "oslandcovertiera": "Constructed",
        "oslandcovertierb": [
          "Building"
        ],
        "oslanduse_source": "Ordnance Survey",
        "height_updatedate": "2025-01-17",
        "description_source": "Ordnance Survey",
        "oslandcover_source": "Ordnance Survey",
        "associatedstructure": null,
        "geometry_updatedate": "2017-08-04",
        "height_evidencedate": "2024-06-20",
        "capturespecification": "Urban",
        "oslanduse_updatedate": "2017-08-04",
        "absoluteheightmaximum": 32.1,
        "absoluteheightminimum": 24.2,
        "geometry_evidencedate": "2017-08-04",
        "heightconfidencelevel": "Moderate",
        "relativeheightmaximum": 7.9,
        "absoluteheightroofbase": 30.6,
        "description_updatedate": "2017-08-04",
        "oslandcover_updatedate": "2017-08-04",
        "oslanduse_evidencedate": "2017-08-04",
        "relativeheightroofbase": 6.4,
        "versionavailabletodate": null,
        "firstdigitalcapturedate": "2017-08-04",
        "description_evidencedate": "2017-08-04",
        "oslandcover_evidencedate": "2017-08-04",
        "versionavailablefromdate": "2025-02-06T00:00:00Z"
      }
    },
    {
      "id": "e19de8f3-6085-4bef-89e4-34f6a6a1e687",
      "type": "Feature",
      "geometry": {
        "type": "Polygon",
        "coordinates": [
          [
            [
              -1.4656864,
              50.9407826
            ],
            [
              -1.4657798,
              50.9407139
            ],
            [
              -1.4657348,
              50.9406894
            ],
            [
              -1.4657281,
              50.9406943
            ],
            [
              -1.4656789,
              50.9406676
            ],
            [
              -1.4655957,
              50.9407288
            ],
            [
              -1.4656494,
              50.940758
            ],
            [
              -1.4656459,
              50.9407606
            ],
            [
              -1.4656864,
              50.9407826
            ]
          ]
        ]
      },
      "properties": {
        "osid": "e19de8f3-6085-4bef-89e4-34f6a6a1e687",
        "toid": "osgb5000005208860440",
        "theme": "Buildings",
        "changetype": "Modified Attributes",
        "isobscured": false,
        "description": "Building",
        "versiondate": "2025-02-05",
        "geometry_area": 82.740929,
        "height_source": "Ordnance Survey",
        "physicallevel": "Surface Level",
        "oslandusetiera": "Residential Accommodation",
        "oslandusetierb": [
          "Private Residence"
        ],
        "geometry_source": "Ordnance Survey",
        "oslandcovertiera": "Constructed",
        "oslandcovertierb": [
          "Building"
        ],
        "oslanduse_source": "Ordnance Survey",
        "height_updatedate": "2025-01-17",
        "description_source": "Ordnance Survey",
        "oslandcover_source": "Ordnance Survey",
        "associatedstructure": null,
        "geometry_updatedate": "2017-08-04",
        "height_evidencedate": "2024-06-20",
        "capturespecification": "Urban",
        "oslanduse_updatedate": "2017-08-04",
        "absoluteheightmaximum": 29,
        "absoluteheightminimum": 21.2,
        "geometry_evidencedate": "2017-08-04",
        "heightconfidencelevel": "Moderate",
        "relativeheightmaximum": 7.8,
        "absoluteheightroofbase": 26.2,
        "description_updatedate": "2017-08-04",
        "oslandcover_updatedate": "2017-08-04",
        "oslanduse_evidencedate": "2017-08-04",
        "relativeheightroofbase": 5,
        "versionavailabletodate": null,
        "firstdigitalcapturedate": "2017-08-04",
        "description_evidencedate": "2017-08-04",
        "oslandcover_evidencedate": "2017-08-04",
        "versionavailablefromdate": "2025-02-06T00:00:00Z"
      }
    },
    {
      "id": "e2f1bee9-b5db-48c4-8ca2-cbaeaa0666e7",
      "type": "Feature",
      "geometry": {
        "type": "Polygon",
        "coordinates": [
          [
            [
              -1.468305,
              50.9366159
            ],
            [
              -1.4683383,
              50.9365709
            ],
            [
              -1.4682464,
              50.9365434
            ],
            [
              -1.4682118,
              50.9365882
            ],
            [
              -1.468305,
              50.9366159
            ]
          ]
        ]
      },
      "properties": {
        "osid": "e2f1bee9-b5db-48c4-8ca2-cbaeaa0666e7",
        "toid": "osgb1000016343187",
        "theme": "Buildings",
        "changetype": "Modified Attributes",
        "isobscured": false,
        "description": "Building",
        "versiondate": "2025-02-05",
        "geometry_area": 39.80235,
        "height_source": "Ordnance Survey",
        "physicallevel": "Surface Level",
        "oslandusetiera": "Residential Accommodation",
        "oslandusetierb": [
          "Private Residence"
        ],
        "geometry_source": "Ordnance Survey",
        "oslandcovertiera": "Constructed",
        "oslandcovertierb": [
          "Building"
        ],
        "oslanduse_source": "Ordnance Survey",
        "height_updatedate": "2025-01-17",
        "description_source": "Ordnance Survey",
        "oslandcover_source": "Ordnance Survey",
        "associatedstructure": null,
        "geometry_updatedate": "2004-02-10",
        "height_evidencedate": "2024-06-20",
        "capturespecification": "Urban",
        "oslanduse_updatedate": "2004-02-10",
        "absoluteheightmaximum": 19.2,
        "absoluteheightminimum": 11.7,
        "geometry_evidencedate": "2004-02-10",
        "heightconfidencelevel": "Moderate",
        "relativeheightmaximum": 7.5,
        "absoluteheightroofbase": 16.2,
        "description_updatedate": "2004-02-10",
        "oslandcover_updatedate": "2004-02-10",
        "oslanduse_evidencedate": "2004-02-10",
        "relativeheightroofbase": 4.5,
        "versionavailabletodate": null,
        "firstdigitalcapturedate": "1988-07-28",
        "description_evidencedate": "2004-02-10",
        "oslandcover_evidencedate": "2004-02-10",
        "versionavailablefromdate": "2025-02-06T00:00:00Z"
      }
    },
    {
      "id": "e35cc0dc-ba2f-4787-98cf-4292d7cf80cb",
      "type": "Feature",
      "geometry": {
        "type": "Polygon",
        "coordinates": [
          [
            [
              -1.4659916,
              50.9373959
            ],
            [
              -1.466069,
              50.9373531
            ],
            [
              -1.4659836,
              50.9372911
            ],
            [
              -1.465942,
              50.9373139
            ],
            [
              -1.4659865,
              50.9373469
            ],
            [
              -1.4659492,
              50.9373674
            ],
            [
              -1.4659916,
              50.9373959
            ]
          ]
        ]
      },
      "properties": {
        "osid": "e35cc0dc-ba2f-4787-98cf-4292d7cf80cb",
        "toid": "osgb1000016342783",
        "theme": "Buildings",
        "changetype": "Modified Attributes",
        "isobscured": false,
        "description": "Building",
        "versiondate": "2025-02-05",
        "geometry_area": 50.4275,
        "height_source": "Ordnance Survey",
        "physicallevel": "Surface Level",
        "oslandusetiera": "Residential Accommodation",
        "oslandusetierb": [
          "Private Residence"
        ],
        "geometry_source": "Ordnance Survey",
        "oslandcovertiera": "Constructed",
        "oslandcovertierb": [
          "Building"
        ],
        "oslanduse_source": "Ordnance Survey",
        "height_updatedate": "2025-01-17",
        "description_source": "Ordnance Survey",
        "oslandcover_source": "Ordnance Survey",
        "associatedstructure": null,
        "geometry_updatedate": "2004-04-13",
        "height_evidencedate": "2024-06-20",
        "capturespecification": "Urban",
        "oslanduse_updatedate": "2004-04-13",
        "absoluteheightmaximum": 24,
        "absoluteheightminimum": 16.7,
        "geometry_evidencedate": "2004-04-13",
        "heightconfidencelevel": "Moderate",
        "relativeheightmaximum": 7.3,
        "absoluteheightroofbase": 22.8,
        "description_updatedate": "2004-04-13",
        "oslandcover_updatedate": "2004-04-13",
        "oslanduse_evidencedate": "2004-04-13",
        "relativeheightroofbase": 6.1,
        "versionavailabletodate": null,
        "firstdigitalcapturedate": "1988-05-16",
        "description_evidencedate": "2004-04-13",
        "oslandcover_evidencedate": "2004-04-13",
        "versionavailablefromdate": "2025-02-06T00:00:00Z"
      }
    },
    {
      "id": "e451ed23-b799-4253-8e25-40d7ccc66cdb",
      "type": "Feature",
      "geometry": {
        "type": "Polygon",
        "coordinates": [
          [
            [
              -1.4662661,
              50.9364809
            ],
            [
              -1.4661772,
              50.9364805
            ],
            [
              -1.4661749,
              50.9365519
            ],
            [
              -1.4662653,
              50.9365524
            ],
            [
              -1.4662661,
              50.9364809
            ]
          ]
        ]
      },
      "properties": {
        "osid": "e451ed23-b799-4253-8e25-40d7ccc66cdb",
        "toid": "osgb1000016342813",
        "theme": "Buildings",
        "changetype": "Modified Attributes",
        "isobscured": false,
        "description": "Building",
        "versiondate": "2025-02-05",
        "geometry_area": 50.085,
        "height_source": "Ordnance Survey",
        "physicallevel": "Surface Level",
        "oslandusetiera": "Residential Accommodation",
        "oslandusetierb": [
          "Private Residence"
        ],
        "geometry_source": "Ordnance Survey",
        "oslandcovertiera": "Constructed",
        "oslandcovertierb": [
          "Building"
        ],
        "oslanduse_source": "Ordnance Survey",
        "height_updatedate": "2025-01-17",
        "description_source": "Ordnance Survey",
        "oslandcover_source": "Ordnance Survey",
        "associatedstructure": null,
        "geometry_updatedate": "2006-07-11",
        "height_evidencedate": "2024-06-20",
        "capturespecification": "Urban",
        "oslanduse_updatedate": "2006-07-11",
        "absoluteheightmaximum": 20.8,
        "absoluteheightminimum": 13.5,
        "geometry_evidencedate": "2006-07-11",
        "heightconfidencelevel": "Moderate",
        "relativeheightmaximum": 7.3,
        "absoluteheightroofbase": 19,
        "description_updatedate": "2006-07-11",
        "oslandcover_updatedate": "2006-07-11",
        "oslanduse_evidencedate": "2006-07-11",
        "relativeheightroofbase": 5.5,
        "versionavailabletodate": null,
        "firstdigitalcapturedate": "1988-05-16",
        "description_evidencedate": "2006-07-11",
        "oslandcover_evidencedate": "2006-07-11",
        "versionavailablefromdate": "2025-02-06T00:00:00Z"
      }
    },
    {
      "id": "e4bc407b-62d3-42e8-b1b6-d2c87dfc7925",
      "type": "Feature",
      "geometry": {
        "type": "Polygon",
        "coordinates": [
          [
            [
              -1.4678497,
              50.9377601
            ],
            [
              -1.4679224,
              50.9377496
            ],
            [
              -1.4679134,
              50.9377244
            ],
            [
              -1.4678981,
              50.9376803
            ],
            [
              -1.4678261,
              50.937692
            ],
            [
              -1.4678373,
              50.9377241
            ],
            [
              -1.4678497,
              50.9377601
            ]
          ]
        ]
      },
      "properties": {
        "osid": "e4bc407b-62d3-42e8-b1b6-d2c87dfc7925",
        "toid": "osgb1000016343205",
        "theme": "Buildings",
        "changetype": "Modified Attributes",
        "isobscured": false,
        "description": "Building",
        "versiondate": "2025-02-05",
        "geometry_area": 40.8692,
        "height_source": "Ordnance Survey",
        "physicallevel": "Surface Level",
        "oslandusetiera": "Residential Accommodation",
        "oslandusetierb": [
          "Private Residence"
        ],
        "geometry_source": "Ordnance Survey",
        "oslandcovertiera": "Constructed",
        "oslandcovertierb": [
          "Building"
        ],
        "oslanduse_source": "Ordnance Survey",
        "height_updatedate": "2025-01-17",
        "description_source": "Ordnance Survey",
        "oslandcover_source": "Ordnance Survey",
        "associatedstructure": null,
        "geometry_updatedate": "2004-04-13",
        "height_evidencedate": "2024-06-20",
        "capturespecification": "Urban",
        "oslanduse_updatedate": "2004-04-13",
        "absoluteheightmaximum": 19.9,
        "absoluteheightminimum": 13.2,
        "geometry_evidencedate": "2004-04-13",
        "heightconfidencelevel": "Moderate",
        "relativeheightmaximum": 6.7,
        "absoluteheightroofbase": 18,
        "description_updatedate": "2004-04-13",
        "oslandcover_updatedate": "2004-04-13",
        "oslanduse_evidencedate": "2004-04-13",
        "relativeheightroofbase": 4.8,
        "versionavailabletodate": null,
        "firstdigitalcapturedate": "1988-07-28",
        "description_evidencedate": "2004-04-13",
        "oslandcover_evidencedate": "2004-04-13",
        "versionavailablefromdate": "2025-02-06T00:00:00Z"
      }
    },
    {
      "id": "e55c8328-ea25-4d98-8224-6bacfebcfe21",
      "type": "Feature",
      "geometry": {
        "type": "Polygon",
        "coordinates": [
          [
            [
              -1.4682828,
              50.9373074
            ],
            [
              -1.4682713,
              50.937333
            ],
            [
              -1.4682693,
              50.9373376
            ],
            [
              -1.4683719,
              50.9373581
            ],
            [
              -1.4683869,
              50.9373282
            ],
            [
              -1.4684087,
              50.9372851
            ],
            [
              -1.468302,
              50.9372638
            ],
            [
              -1.4682828,
              50.9373074
            ]
          ]
        ]
      },
      "properties": {
        "osid": "e55c8328-ea25-4d98-8224-6bacfebcfe21",
        "toid": "osgb1000016343199",
        "theme": "Buildings",
        "changetype": "Modified Attributes",
        "isobscured": false,
        "description": "Building",
        "versiondate": "2025-02-05",
        "geometry_area": 65.652138,
        "height_source": "Ordnance Survey",
        "physicallevel": "Surface Level",
        "oslandusetiera": "Residential Accommodation",
        "oslandusetierb": [
          "Private Residence"
        ],
        "geometry_source": "Ordnance Survey",
        "oslandcovertiera": "Constructed",
        "oslandcovertierb": [
          "Building"
        ],
        "oslanduse_source": "Ordnance Survey",
        "height_updatedate": "2025-01-17",
        "description_source": "Ordnance Survey",
        "oslandcover_source": "Ordnance Survey",
        "associatedstructure": null,
        "geometry_updatedate": "2017-04-19",
        "height_evidencedate": "2024-06-20",
        "capturespecification": "Urban",
        "oslanduse_updatedate": "2004-02-10",
        "absoluteheightmaximum": 20.3,
        "absoluteheightminimum": 12.5,
        "geometry_evidencedate": "2016-08-12",
        "heightconfidencelevel": "Moderate",
        "relativeheightmaximum": 7.8,
        "absoluteheightroofbase": 17.3,
        "description_updatedate": "2004-02-10",
        "oslandcover_updatedate": "2004-02-10",
        "oslanduse_evidencedate": "2004-02-10",
        "relativeheightroofbase": 4.8,
        "versionavailabletodate": null,
        "firstdigitalcapturedate": "1988-07-28",
        "description_evidencedate": "2004-02-10",
        "oslandcover_evidencedate": "2004-02-10",
        "versionavailablefromdate": "2025-02-06T00:00:00Z"
      }
    }
  ]
}