{
  "type": "FeatureCollection",
  "links": [
    {
      "href": "https://api.os.uk/features/ngd/ofa/v1/collections/bld-fts-buildingpart-1/items?offset=100&limit=100&bbox=-1.47483339,50.93365735,-1.46336657,50.94090276&key=ALZCQtABtiUvfdlGkrF7cHxaFBHhoh9j",
      "rel": "self",
      "type": "application/geo+json",
      "title": "All features from the 'Building Part v1' collection within bounding box: -1.47483339,50.93365735,-1.46336657,50.94090276"
    },
    {
      "href": "https://api.os.uk/features/ngd/ofa/v1/collections/bld-fts-buildingpart-1/items?limit=100&bbox=-1.47483339,50.93365735,-1.46336657,50.94090276&key=ALZCQtABtiUvfdlGkrF7cHxaFBHhoh9j",
      "rel": "prev",
      "type": "application/geo+json",
      "title": "Previous page"
    },
    {
      "href": "https://api.os.uk/features/ngd/ofa/v1/collections/bld-fts-buildingpart-1/items?offset=200&limit=100&bbox=-1.47483339,50.93365735,-1.46336657,50.94090276&key=ALZCQtABtiUvfdlGkrF7cHxaFBHhoh9j",
      "rel": "next",
      "type": "application/geo+json",
      "title": "Next page"
    }
  ],
  "timeStamp": "2025-10-13T23:39:06.165896306Z",
  "numberReturned": 100,
  "features": [
    {
      "id": "252d886f-a1f1-4b68-95d3-415f5b4c7a0f",
      "type": "Feature",
      "geometry": {
        "type": "Polygon",
        "coordinates": [
          [
            [
              -1.4682039,
              50.9380216
            ],
            [
              -1.4682443,
              50.9380264
            ],
            [
              -1.4682771,
              50.9379734
            ],
            [
              -1.4682387,
              50.9379687
            ],
            [
              -1.4682039,
              50.9380216
            ]
          ]
        ]
      },
      "properties": {
        "osid": "252d886f-a1f1-4b68-95d3-415f5b4c7a0f",
        "toid": "osgb1000016342691",
        "theme": "Buildings",
        "changetype": "Modified Attributes",
        "isobscured": false,
        "description": "Building",
        "versiondate": "2025-02-05",
        "geometry_area": 17.5335,
        "height_source": "Ordnance Survey",
        "physicallevel": "Surface Level",
        "oslandusetiera": "Unknown Or Unused Artificial",
        "oslandusetierb": [],
        "geometry_source": "Ordnance Survey",
        "oslandcovertiera": "Constructed",
        "oslandcovertierb": [
          "Building"
        ],
        "oslanduse_source": "Ordnance Survey",
        "height_updatedate": "2025-01-17",
        "description_source": "Ordnance Survey",
        "oslandcover_source": "Ordnance Survey",
        "associatedstructure": null,
        "geometry_updatedate": "2004-04-13",
        "height_evidencedate": "2024-06-20",
        "capturespecification": "Urban",
        "oslanduse_updatedate": "2004-04-13",
        "absoluteheightmaximum": 26.4,
        "absoluteheightminimum": 12.8,
        "geometry_evidencedate": "2004-04-13",
        "heightconfidencelevel": "Moderate",
        "relativeheightmaximum": 13.6,
        "absoluteheightroofbase": 20.9,
        "description_updatedate": "2004-04-13",
        "oslandcover_updatedate": "2004-04-13",
        "oslanduse_evidencedate": "2004-04-13",
        "relativeheightroofbase": 8.1,
        "versionavailabletodate": null,
        "firstdigitalcapturedate": "1988-07-28",
        "description_evidencedate": "2004-04-13",
        "oslandcover_evidencedate": "2004-04-13",
        "versionavailablefromdate": "2025-02-06T00:00:00Z"
      }
    },
    {
      "id": "2552b402-dd79-4608-8edb-39638cf9bddd",
      "type": "Feature",
      "geometry": {
        "type": "Polygon",
        "coordinates": [
          [
            [
              -1.4714931,
              50.9408918
            ],
            [
              -1.471484,
              50.9417903
            ],
            [
              -1.4713924,
              50.9417899
            ],
            [
              -1.4710919,
              50.9417887
            ],
            [
              -1.4710878,
              50.9421868
            ],
            [
              -1.471116,
              50.9421869
            ],
            [
              -1.4714799,
              50.9421884
            ],
            [
              -1.4714804,
              50.9421396
            ],
            [
              -1.4714809,
              50.9420908
            ],
            [
              -1.4714814,
              50.9420423
            ],
            [
              -1.4720186,
              50.9420422
            ],
            [
              -1.472504,
              50.941856
            ],
            [
              -1.4725137,
              50.9408959
            ],
            [
              -1.4714931,
              50.9408918
            ]
          ]
        ]
      },
      "properties": {
        "osid": "2552b402-dd79-4608-8edb-39638cf9bddd",
        "toid": "osgb5000005299752665",
        "theme": "Buildings",
        "changetype": "Modified Attributes",
        "isobscured": false,
        "description": "Building",
        "versiondate": "2025-02-05",
        "geometry_area": 10025.757502,
        "height_source": "Ordnance Survey",
        "physicallevel": "Surface Level",
        "oslandusetiera": "Commercial Activity: Industrial Or Manufacturing",
        "oslandusetierb": [],
        "geometry_source": "Ordnance Survey",
        "oslandcovertiera": "Constructed",
        "oslandcovertierb": [
          "Building"
        ],
        "oslanduse_source": "Ordnance Survey",
        "height_updatedate": "2025-01-17",
        "description_source": "Ordnance Survey",
        "oslandcover_source": "Ordnance Survey",
        "associatedstructure": null,
        "geometry_updatedate": "2024-12-07",
        "height_evidencedate": "2024-06-20",
        "capturespecification": "Urban",
        "oslanduse_updatedate": "2022-10-18",
        "absoluteheightmaximum": 29.4,
        "absoluteheightminimum": 14.5,
        "geometry_evidencedate": "2024-06-20",
        "heightconfidencelevel": "Moderate",
        "relativeheightmaximum": 14.9,
        "absoluteheightroofbase": 25.2,
        "description_updatedate": "2022-10-18",
        "oslandcover_updatedate": "2022-10-18",
        "oslanduse_evidencedate": "2022-10-18",
        "relativeheightroofbase": 10.7,
        "versionavailabletodate": null,
        "firstdigitalcapturedate": "2022-10-20",
        "description_evidencedate": "2022-10-18",
        "oslandcover_evidencedate": "2022-10-18",
        "versionavailablefromdate": "2025-02-06T00:00:00Z"
      }
    },
    {
      "id": "25c76066-cce4-4c2e-9be0-61b97b1247bf",
      "type": "Feature",
      "geometry": {
        "type": "Polygon",
        "coordinates": [
          [
            [
              -1.4674633,
              50.9368298
            ],
            [
              -1.4673962,
              50.9367801
            ],
            [
              -1.4673905,
              50.9367832
            ],
            [
              -1.4673354,
              50.9368117
            ],
            [
              -1.4674024,
              50.9368619
            ],
            [
              -1.4674633,
              50.9368298
            ]
          ]
        ]
      },
      "properties": {
        "osid": "25c76066-cce4-4c2e-9be0-61b97b1247bf",
        "toid": "osgb1000016342748",
        "theme": "Buildings",
        "changetype": "Modified Attributes",
        "isobscured": false,
        "description": "Building",
        "versiondate": "2025-02-05",
        "geometry_area": 40.42875,
        "height_source": "Ordnance Survey",
        "physicallevel": "Surface Level",
        "oslandusetiera": "Residential Accommodation",
        "oslandusetierb": [
          "Private Residence"
        ],
        "geometry_source": "Ordnance Survey",
        "oslandcovertiera": "Constructed",
        "oslandcovertierb": [
          "Building"
        ],
        "oslanduse_source": "Ordnance Survey",
        "height_updatedate": "2025-01-17",
        "description_source": "Ordnance Survey",
        "oslandcover_source": "Ordnance Survey",
        "associatedstructure": null,
        "geometry_updatedate": "2006-07-11",
        "height_evidencedate": "2024-06-20",
        "capturespecification": "Urban",
        "oslanduse_updatedate": "2006-07-11",
        "absoluteheightmaximum": 22.1,
        "absoluteheightminimum": 12.9,
        "geometry_evidencedate": "2006-07-11",
        "heightconfidencelevel": "Moderate",
        "relativeheightmaximum": 9.2,
        "absoluteheightroofbase": 19.5,
        "description_updatedate": "2006-07-11",
        "oslandcover_updatedate": "2006-07-11",
        "oslanduse_evidencedate": "2006-07-11",
        "relativeheightroofbase": 6.6,
        "versionavailabletodate": null,
        "firstdigitalcapturedate": "1988-05-16",
        "description_evidencedate": "2006-07-11",
        "oslandcover_evidencedate": "2006-07-11",
        "versionavailablefromdate": "2025-02-06T00:00:00Z"
      }
    },
    {
      "id": "2626a1be-428b-4b47-b51e-1505777c42b6",
      "type": "Feature",
      "geometry": {
        "type": "Polygon",
        "coordinates": [
          [
            [
              -1.4655655,
              50.9363918
            ],
            [
              -1.4655585,
              50.9364417
            ],
            [
              -1.4655983,
              50.9364436
            ],
            [
              -1.4656053,
              50.9363938
            ],
            [
              -1.4655655,
              50.9363918
            ]
          ]
        ]
      },
      "properties": {
        "osid": "2626a1be-428b-4b47-b51e-1505777c42b6",
        "toid": "osgb1000016342829",
        "theme": "Buildings",
        "changetype": "Modified Attributes",
        "isobscured": false,
        "description": "Building",
        "versiondate": "2025-02-05",
        "geometry_area": 15.63,
        "height_source": "Ordnance Survey",
        "physicallevel": "Surface Level",
        "oslandusetiera": "Unknown Or Unused Artificial",
        "oslandusetierb": [],
        "geometry_source": "Ordnance Survey",
        "oslandcovertiera": "Constructed",
        "oslandcovertierb": [
          "Building"
        ],
        "oslanduse_source": "Ordnance Survey",
        "height_updatedate": "2025-01-17",
        "description_source": "Ordnance Survey",
        "oslandcover_source": "Ordnance Survey",
        "associatedstructure": null,
        "geometry_updatedate": "2004-04-13",
        "height_evidencedate": "2024-06-20",
        "capturespecification": "Urban",
        "oslanduse_updatedate": "2004-04-13",
        "absoluteheightmaximum": null,
        "absoluteheightminimum": 13.9,
        "geometry_evidencedate": "2004-04-13",
        "heightconfidencelevel": "Incomplete",
        "relativeheightmaximum": null,
        "absoluteheightroofbase": null,
        "description_updatedate": "2004-04-13",
        "oslandcover_updatedate": "2004-04-13",
        "oslanduse_evidencedate": "2004-04-13",
        "relativeheightroofbase": null,
        "versionavailabletodate": null,
        "firstdigitalcapturedate": "1988-05-16",
        "description_evidencedate": "2004-04-13",
        "oslandcover_evidencedate": "2004-04-13",
        "versionavailablefromdate": "2025-02-06T00:00:00Z"
      }
    },
    {
      "id": "2639a543-019b-436d-b2b4-263f09d87f77",
      "type": "Feature",
      "geometry": {
        "type": "Polygon",
        "coordinates": [
          [
            [
              -1.4648076,
              50.9396873
            ],
            [
              -1.4647483,
              50.9396694
            ],
            [
              -1.4646984,
              50.9397356
            ],
            [
              -1.4647578,
              50.9397534
            ],
            [
              -1.4648076,
              50.9396873
            ]
          ]
        ]
      },
      "properties": {
        "osid": "2639a543-019b-436d-b2b4-263f09d87f77",
        "toid": "osgb5000005232124774",
        "theme": "Buildings",
        "changetype": "Modified Attributes",
        "isobscured": false,
        "description": "Building",
        "versiondate": "2025-02-05",
        "geometry_area": 37.652219,
        "height_source": "Ordnance Survey",
        "physicallevel": "Surface Level",
        "oslandusetiera": "Residential Accommodation",
        "oslandusetierb": [
          "Private Residence"
        ],
        "geometry_source": "Ordnance Survey",
        "oslandcovertiera": "Constructed",
        "oslandcovertierb": [
          "Building"
        ],
        "oslanduse_source": "Ordnance Survey",
        "height_updatedate": "2025-01-17",
        "description_source": "Ordnance Survey",
        "oslandcover_source": "Ordnance Survey",
        "associatedstructure": null,
        "geometry_updatedate": "2018-07-09",
        "height_evidencedate": "2024-06-20",
        "capturespecification": "Urban",
        "oslanduse_updatedate": "2018-07-09",
        "absoluteheightmaximum": 31.7,
        "absoluteheightminimum": 23.9,
        "geometry_evidencedate": "2018-07-09",
        "heightconfidencelevel": "Moderate",
        "relativeheightmaximum": 7.8,
        "absoluteheightroofbase": 29.6,
        "description_updatedate": "2018-07-09",
        "oslandcover_updatedate": "2018-07-09",
        "oslanduse_evidencedate": "2018-07-09",
        "relativeheightroofbase": 5.7,
        "versionavailabletodate": null,
        "firstdigitalcapturedate": "2018-07-10",
        "description_evidencedate": "2018-07-09",
        "oslandcover_evidencedate": "2018-07-09",
        "versionavailablefromdate": "2025-02-06T00:00:00Z"
      }
    },
    {
      "id": "2672b9e5-d586-437b-8e26-e2e01ebad8b6",
      "type": "Feature",
      "geometry": {
        "type": "Polygon",
        "coordinates": [
          [
            [
              -1.4661629,
              50.9388293
            ],
            [
              -1.4660684,
              50.9388059
            ],
            [
              -1.4660442,
              50.9388449
            ],
            [
              -1.466131,
              50.9388664
            ],
            [
              -1.4661603,
              50.9388736
            ],
            [
              -1.4661898,
              50.938881
            ],
            [
              -1.4662059,
              50.9388551
            ],
            [
              -1.466214,
              50.938842
            ],
            [
              -1.4661845,
              50.9388347
            ],
            [
              -1.4661629,
              50.9388293
            ]
          ]
        ]
      },
      "properties": {
        "osid": "2672b9e5-d586-437b-8e26-e2e01ebad8b6",
        "toid": "osgb5000005244788289",
        "theme": "Buildings",
        "changetype": "Modified Attributes",
        "isobscured": false,
        "description": "Building",
        "versiondate": "2025-02-05",
        "geometry_area": 51.168141,
        "height_source": "Ordnance Survey",
        "physicallevel": "Surface Level",
        "oslandusetiera": "Residential Accommodation",
        "oslandusetierb": [
          "Private Residence"
        ],
        "geometry_source": "Ordnance Survey",
        "oslandcovertiera": "Constructed",
        "oslandcovertierb": [
          "Building"
        ],
        "oslanduse_source": "Ordnance Survey",
        "height_updatedate": "2025-01-17",
        "description_source": "Ordnance Survey",
        "oslandcover_source": "Ordnance Survey",
        "associatedstructure": null,
        "geometry_updatedate": "2024-11-27",
        "height_evidencedate": "2024-06-20",
        "capturespecification": "Urban",
        "oslanduse_updatedate": "2019-04-09",
        "absoluteheightmaximum": 28.9,
        "absoluteheightminimum": 20.6,
        "geometry_evidencedate": "2024-06-20",
        "heightconfidencelevel": "Moderate",
        "relativeheightmaximum": 8.3,
        "absoluteheightroofbase": 26.4,
        "description_updatedate": "2019-04-09",
        "oslandcover_updatedate": "2019-04-09",
        "oslanduse_evidencedate": "2019-04-09",
        "relativeheightroofbase": 5.8,
        "versionavailabletodate": null,
        "firstdigitalcapturedate": "2019-04-09",
        "description_evidencedate": "2019-04-09",
        "oslandcover_evidencedate": "2019-04-09",
        "versionavailablefromdate": "2025-02-06T00:00:00Z"
      }
    },
    {
      "id": "26b6baef-b5b7-4718-b546-a7680097bce9",
      "type": "Feature",
      "geometry": {
        "type": "Polygon",
        "coordinates": [
          [
            [
              -1.4659311,
              50.9376349
            ],
            [
              -1.465922,
              50.937641
            ],
            [
              -1.4659219,
              50.9376411
            ],
            [
              -1.4658983,
              50.9376559
            ],
            [
              -1.4659084,
              50.9376623
            ],
            [
              -1.4659108,
              50.9376639
            ],
            [
              -1.4659439,
              50.9376431
            ],
            [
              -1.465941,
              50.9376413
            ],
            [
              -1.4659314,
              50.9376352
            ],
            [
              -1.4659311,
              50.9376349
            ]
          ]
        ]
      },
      "properties": {
        "osid": "26b6baef-b5b7-4718-b546-a7680097bce9",
        "toid": "osgb5000005203977341",
        "theme": "Buildings",
        "changetype": "New",
        "isobscured": false,
        "description": "Shelter",
        "versiondate": "2022-08-26",
        "geometry_area": 4.10781,
        "height_source": null,
        "physicallevel": "Surface Level",
        "oslandusetiera": "Unknown Or Unused Artificial",
        "oslandusetierb": [],
        "geometry_source": "Ordnance Survey",
        "oslandcovertiera": "Constructed",
        "oslandcovertierb": [
          "Building"
        ],
        "oslanduse_source": "Ordnance Survey",
        "height_updatedate": null,
        "description_source": "Ordnance Survey",
        "oslandcover_source": "Ordnance Survey",
        "associatedstructure": null,
        "geometry_updatedate": "2017-04-20",
        "height_evidencedate": null,
        "capturespecification": "Urban",
        "oslanduse_updatedate": "2017-04-20",
        "absoluteheightmaximum": null,
        "absoluteheightminimum": null,
        "geometry_evidencedate": "2016-08-12",
        "heightconfidencelevel": null,
        "relativeheightmaximum": null,
        "absoluteheightroofbase": null,
        "description_updatedate": "2017-04-20",
        "oslandcover_updatedate": "2017-04-20",
        "oslanduse_evidencedate": "2016-08-12",
        "relativeheightroofbase": null,
        "versionavailabletodate": null,
        "firstdigitalcapturedate": "2017-05-04",
        "description_evidencedate": "2016-08-12",
        "oslandcover_evidencedate": "2016-08-12",
        "versionavailablefromdate": "2022-08-27T00:00:00Z"
      }
    },
    {
      "id": "2836f55d-cbd1-4e3a-ae47-34c980064c92",
      "type": "Feature",
      "geometry": {
        "type": "Polygon",
        "coordinates": [
          [
            [
              -1.4645676,
              50.9407199
            ],
            [
              -1.4645869,
              50.9407271
            ],
            [
              -1.4646087,
              50.9407353
            ],
            [
              -1.4646539,
              50.940687
            ],
            [
              -1.464616,
              50.940673
            ],
            [
              -1.4646127,
              50.9406717
            ],
            [
              -1.4645676,
              50.9407199
            ]
          ]
        ]
      },
      "properties": {
        "osid": "2836f55d-cbd1-4e3a-ae47-34c980064c92",
        "toid": "osgb5000005204350808",
        "theme": "Buildings",
        "changetype": "Modified Attributes",
        "isobscured": false,
        "description": "Building",
        "versiondate": "2025-02-05",
        "geometry_area": 20.930311,
        "height_source": "Ordnance Survey",
        "physicallevel": "Surface Level",
        "oslandusetiera": "Residential Accommodation",
        "oslandusetierb": [
          "Private Residence"
        ],
        "geometry_source": "Ordnance Survey",
        "oslandcovertiera": "Constructed",
        "oslandcovertierb": [
          "Building"
        ],
        "oslanduse_source": "Ordnance Survey",
        "height_updatedate": "2025-01-17",
        "description_source": "Ordnance Survey",
        "oslandcover_source": "Ordnance Survey",
        "associatedstructure": null,
        "geometry_updatedate": "2017-08-04",
        "height_evidencedate": "2024-06-20",
        "capturespecification": "Urban",
        "oslanduse_updatedate": "2017-05-11",
        "absoluteheightmaximum": 26.7,
        "absoluteheightminimum": 23.2,
        "geometry_evidencedate": "2017-08-04",
        "heightconfidencelevel": "Moderate",
        "relativeheightmaximum": 3.5,
        "absoluteheightroofbase": 26,
        "description_updatedate": "2017-05-11",
        "oslandcover_updatedate": "2017-05-11",
        "oslanduse_evidencedate": "2017-05-11",
        "relativeheightroofbase": 2.8,
        "versionavailabletodate": null,
        "firstdigitalcapturedate": "2017-05-12",
        "description_evidencedate": "2017-05-11",
        "oslandcover_evidencedate": "2017-05-11",
        "versionavailablefromdate": "2025-02-06T00:00:00Z"
      }
    },
    {
      "id": "286694c6-97bd-4b66-ac0e-8f76816ea6c0",
      "type": "Feature",
      "geometry": {
        "type": "Polygon",
        "coordinates": [
          [
            [
              -1.4643204,
              50.9398005
            ],
            [
              -1.4644335,
              50.9398345
            ],
            [
              -1.4644619,
              50.9397969
            ],
            [
              -1.4643488,
              50.9397628
            ],
            [
              -1.4643204,
              50.9398005
            ]
          ]
        ]
      },
      "properties": {
        "osid": "286694c6-97bd-4b66-ac0e-8f76816ea6c0",
        "toid": "osgb5000005232124695",
        "theme": "Buildings",
        "changetype": "Modified Attributes",
        "isobscured": false,
        "description": "Building",
        "versiondate": "2025-02-05",
        "geometry_area": 40.786279,
        "height_source": "Ordnance Survey",
        "physicallevel": "Surface Level",
        "oslandusetiera": "Residential Accommodation",
        "oslandusetierb": [
          "Private Residence"
        ],
        "geometry_source": "Ordnance Survey",
        "oslandcovertiera": "Constructed",
        "oslandcovertierb": [
          "Building"
        ],
        "oslanduse_source": "Ordnance Survey",
        "height_updatedate": "2025-01-17",
        "description_source": "Ordnance Survey",
        "oslandcover_source": "Ordnance Survey",
        "associatedstructure": null,
        "geometry_updatedate": "2018-07-09",
        "height_evidencedate": "2024-06-20",
        "capturespecification": "Urban",
        "oslanduse_updatedate": "2018-07-09",
        "absoluteheightmaximum": 31.6,
        "absoluteheightminimum": 24.1,
        "geometry_evidencedate": "2018-07-09",
        "heightconfidencelevel": "Moderate",
        "relativeheightmaximum": 7.5,
        "absoluteheightroofbase": 29.3,
        "description_updatedate": "2018-07-09",
        "oslandcover_updatedate": "2018-07-09",
        "oslanduse_evidencedate": "2018-07-09",
        "relativeheightroofbase": 5.2,
        "versionavailabletodate": null,
        "firstdigitalcapturedate": "2018-07-10",
        "description_evidencedate": "2018-07-09",
        "oslandcover_evidencedate": "2018-07-09",
        "versionavailablefromdate": "2025-02-06T00:00:00Z"
      }
    },
    {
      "id": "291f33d2-e495-4c06-bfc0-53fc921ffd36",
      "type": "Feature",
      "geometry": {
        "type": "Polygon",
        "coordinates": [
          [
            [
              -1.4668329,
              50.936447
            ],
            [
              -1.4667561,
              50.9364462
            ],
            [
              -1.4667558,
              50.9364719
            ],
            [
              -1.4668333,
              50.9364713
            ],
            [
              -1.4668329,
              50.936447
            ]
          ]
        ]
      },
      "properties": {
        "osid": "291f33d2-e495-4c06-bfc0-53fc921ffd36",
        "toid": "osgb1000016342804",
        "theme": "Buildings",
        "changetype": "Modified Attributes",
        "isobscured": false,
        "description": "Building",
        "versiondate": "2025-02-05",
        "geometry_area": 15.055,
        "height_source": "Ordnance Survey",
        "physicallevel": "Surface Level",
        "oslandusetiera": "Unknown Or Unused Artificial",
        "oslandusetierb": [],
        "geometry_source": "Ordnance Survey",
        "oslandcovertiera": "Constructed",
        "oslandcovertierb": [
          "Building"
        ],
        "oslanduse_source": "Ordnance Survey",
        "height_updatedate": "2025-01-17",
        "description_source": "Ordnance Survey",
        "oslandcover_source": "Ordnance Survey",
        "associatedstructure": null,
        "geometry_updatedate": "2004-04-13",
        "height_evidencedate": "2024-06-20",
        "capturespecification": "Urban",
        "oslanduse_updatedate": "2004-04-13",
        "absoluteheightmaximum": 15.5,
        "absoluteheightminimum": 12.9,
        "geometry_evidencedate": "2004-04-13",
        "heightconfidencelevel": "Moderate",
        "relativeheightmaximum": 2.6,
        "absoluteheightroofbase": 15.3,
        "description_updatedate": "2004-04-13",
        "oslandcover_updatedate": "2004-04-13",
        "oslanduse_evidencedate": "2004-04-13",
        "relativeheightroofbase": 2.4,
        "versionavailabletodate": null,
        "firstdigitalcapturedate": "1988-05-16",
        "description_evidencedate": "2004-04-13",
        "oslandcover_evidencedate": "2004-04-13",
        "versionavailablefromdate": "2025-02-06T00:00:00Z"
      }
    },
    {
      "id": "292dd038-e218-4900-89db-5ec2f3f71e6f",
      "type": "Feature",
      "geometry": {
        "type": "Polygon",
        "coordinates": [
          [
            [
              -1.4670234,
              50.935612
            ],
            [
              -1.4670682,
              50.935626
            ],
            [
              -1.4670811,
              50.9356096
            ],
            [
              -1.4670364,
              50.9355956
            ],
            [
              -1.4670234,
              50.935612
            ]
          ]
        ]
      },
      "properties": {
        "osid": "292dd038-e218-4900-89db-5ec2f3f71e6f",
        "toid": "osgb5000005215514498",
        "theme": "Buildings",
        "changetype": "Modified Attributes",
        "isobscured": false,
        "description": "Building",
        "versiondate": "2022-09-18",
        "geometry_area": 7.157218,
        "height_source": null,
        "physicallevel": "Surface Level",
        "oslandusetiera": "Residential Accommodation",
        "oslandusetierb": [
          "Private Residence"
        ],
        "geometry_source": "Ordnance Survey",
        "oslandcovertiera": "Constructed",
        "oslandcovertierb": [
          "Building"
        ],
        "oslanduse_source": "Ordnance Survey",
        "height_updatedate": null,
        "description_source": "Ordnance Survey",
        "oslandcover_source": "Ordnance Survey",
        "associatedstructure": null,
        "geometry_updatedate": "2017-11-09",
        "height_evidencedate": null,
        "capturespecification": "Urban",
        "oslanduse_updatedate": "2017-11-09",
        "absoluteheightmaximum": null,
        "absoluteheightminimum": null,
        "geometry_evidencedate": "2017-11-09",
        "heightconfidencelevel": null,
        "relativeheightmaximum": null,
        "absoluteheightroofbase": null,
        "description_updatedate": "2017-11-09",
        "oslandcover_updatedate": "2017-11-09",
        "oslanduse_evidencedate": "2017-11-09",
        "relativeheightroofbase": null,
        "versionavailabletodate": null,
        "firstdigitalcapturedate": "2017-11-10",
        "description_evidencedate": "2017-11-09",
        "oslandcover_evidencedate": "2017-11-09",
        "versionavailablefromdate": "2022-09-19T00:00:00Z"
      }
    },
    {
      "id": "2a1e833c-f5d8-46fd-a88d-1ced8a898412",
      "type": "Feature",
      "geometry": {
        "type": "Polygon",
        "coordinates": [
          [
            [
              -1.466359,
              50.9390422
            ],
            [
              -1.4664289,
              50.9391073
            ],
            [
              -1.4664904,
              50.939081
            ],
            [
              -1.4664205,
              50.9390158
            ],
            [
              -1.466359,
              50.9390422
            ]
          ]
        ]
      },
      "properties": {
        "osid": "2a1e833c-f5d8-46fd-a88d-1ced8a898412",
        "toid": "osgb5000005239289058",
        "theme": "Buildings",
        "changetype": "Modified Attributes",
        "isobscured": false,
        "description": "Building",
        "versiondate": "2025-02-05",
        "geometry_area": 45.672867,
        "height_source": "Ordnance Survey",
        "physicallevel": "Surface Level",
        "oslandusetiera": "Residential Accommodation",
        "oslandusetierb": [
          "Private Residence"
        ],
        "geometry_source": "Ordnance Survey",
        "oslandcovertiera": "Constructed",
        "oslandcovertierb": [
          "Building"
        ],
        "oslanduse_source": "Ordnance Survey",
        "height_updatedate": "2025-01-17",
        "description_source": "Ordnance Survey",
        "oslandcover_source": "Ordnance Survey",
        "associatedstructure": null,
        "geometry_updatedate": "2018-11-23",
        "height_evidencedate": "2024-06-20",
        "capturespecification": "Urban",
        "oslanduse_updatedate": "2018-11-26",
        "absoluteheightmaximum": 28.5,
        "absoluteheightminimum": 20.3,
        "geometry_evidencedate": "2018-11-23",
        "heightconfidencelevel": "Moderate",
        "relativeheightmaximum": 8.2,
        "absoluteheightroofbase": 25.8,
        "description_updatedate": "2018-11-26",
        "oslandcover_updatedate": "2018-11-26",
        "oslanduse_evidencedate": "2018-11-26",
        "relativeheightroofbase": 5.5,
        "versionavailabletodate": null,
        "firstdigitalcapturedate": "2018-11-26",
        "description_evidencedate": "2018-11-26",
        "oslandcover_evidencedate": "2018-11-26",
        "versionavailablefromdate": "2025-02-06T00:00:00Z"
      }
    },
    {
      "id": "2a527c09-f001-4ca6-bfa6-665e6c8d11b3",
      "type": "Feature",
      "geometry": {
        "type": "Polygon",
        "coordinates": [
          [
            [
              -1.4662308,
              50.9372644
            ],
            [
              -1.4663117,
              50.9372198
            ],
            [
              -1.466227,
              50.9371578
            ],
            [
              -1.4661841,
              50.937181
            ],
            [
              -1.4662278,
              50.9372127
            ],
            [
              -1.4661892,
              50.9372341
            ],
            [
              -1.4662308,
              50.9372644
            ]
          ]
        ]
      },
      "properties": {
        "osid": "2a527c09-f001-4ca6-bfa6-665e6c8d11b3",
        "toid": "osgb1000016342786",
        "theme": "Buildings",
        "changetype": "Modified Attributes",
        "isobscured": false,
        "description": "Building",
        "versiondate": "2025-02-05",
        "geometry_area": 52.16875,
        "height_source": "Ordnance Survey",
        "physicallevel": "Surface Level",
        "oslandusetiera": "Residential Accommodation",
        "oslandusetierb": [
          "Private Residence"
        ],
        "geometry_source": "Ordnance Survey",
        "oslandcovertiera": "Constructed",
        "oslandcovertierb": [
          "Building"
        ],
        "oslanduse_source": "Ordnance Survey",
        "height_updatedate": "2025-01-17",
        "description_source": "Ordnance Survey",
        "oslandcover_source": "Ordnance Survey",
        "associatedstructure": null,
        "geometry_updatedate": "2004-04-13",
        "height_evidencedate": "2024-06-20",
        "capturespecification": "Urban",
        "oslanduse_updatedate": "2004-04-13",
        "absoluteheightmaximum": 23.1,
        "absoluteheightminimum": 15.7,
        "geometry_evidencedate": "2004-04-13",
        "heightconfidencelevel": "Moderate",
        "relativeheightmaximum": 7.4,
        "absoluteheightroofbase": 21,
        "description_updatedate": "2004-04-13",
        "oslandcover_updatedate": "2004-04-13",
        "oslanduse_evidencedate": "2004-04-13",
        "relativeheightroofbase": 5.3,
        "versionavailabletodate": null,
        "firstdigitalcapturedate": "1988-05-16",
        "description_evidencedate": "2004-04-13",
        "oslandcover_evidencedate": "2004-04-13",
        "versionavailablefromdate": "2025-02-06T00:00:00Z"
      }
    },
    {
      "id": "2a8b138a-c967-4668-9744-d5cc4f8037f6",
      "type": "Feature",
      "geometry": {
        "type": "Polygon",
        "coordinates": [
          [
            [
              -1.4676583,
              50.9372389
            ],
            [
              -1.4677447,
              50.9372692
            ],
            [
              -1.4677622,
              50.9372493
            ],
            [
              -1.467678,
              50.9372197
            ],
            [
              -1.4676758,
              50.937219
            ],
            [
              -1.4676583,
              50.9372389
            ]
          ]
        ]
      },
      "properties": {
        "osid": "2a8b138a-c967-4668-9744-d5cc4f8037f6",
        "toid": "osgb5000005203977286",
        "theme": "Buildings",
        "changetype": "Modified Attributes",
        "isobscured": false,
        "description": "Building",
        "versiondate": "2025-02-05",
        "geometry_area": 17.563763,
        "height_source": "Ordnance Survey",
        "physicallevel": "Surface Level",
        "oslandusetiera": "Residential Accommodation",
        "oslandusetierb": [
          "Private Residence"
        ],
        "geometry_source": "Ordnance Survey",
        "oslandcovertiera": "Constructed",
        "oslandcovertierb": [
          "Building"
        ],
        "oslanduse_source": "Ordnance Survey",
        "height_updatedate": "2025-01-17",
        "description_source": "Ordnance Survey",
        "oslandcover_source": "Ordnance Survey",
        "associatedstructure": null,
        "geometry_updatedate": "2017-04-19",
        "height_evidencedate": "2024-06-20",
        "capturespecification": "Urban",
        "oslanduse_updatedate": "2017-04-19",
        "absoluteheightmaximum": 15.9,
        "absoluteheightminimum": 13.3,
        "geometry_evidencedate": "2016-08-12",
        "heightconfidencelevel": "Moderate",
        "relativeheightmaximum": 2.6,
        "absoluteheightroofbase": 15.3,
        "description_updatedate": "2017-04-19",
        "oslandcover_updatedate": "2017-04-19",
        "oslanduse_evidencedate": "2016-08-12",
        "relativeheightroofbase": 2,
        "versionavailabletodate": null,
        "firstdigitalcapturedate": "2017-05-04",
        "description_evidencedate": "2016-08-12",
        "oslandcover_evidencedate": "2016-08-12",
        "versionavailablefromdate": "2025-02-06T00:00:00Z"
      }
    },
    {
      "id": "2afd37bd-0855-46f0-bbab-3a455fbc964d",
      "type": "Feature",
      "geometry": {
        "type": "Polygon",
        "coordinates": [
          [
            [
              -1.4672779,
              50.9369837
            ],
            [
              -1.4673588,
              50.9369413
            ],
            [
              -1.4673094,
              50.9369042
            ],
            [
              -1.4672285,
              50.9369466
            ],
            [
              -1.4672779,
              50.9369837
            ]
          ]
        ]
      },
      "properties": {
        "osid": "2afd37bd-0855-46f0-bbab-3a455fbc964d",
        "toid": "osgb1000016342750",
        "theme": "Buildings",
        "changetype": "Modified Attributes",
        "isobscured": false,
        "description": "Building",
        "versiondate": "2025-02-05",
        "geometry_area": 39.79,
        "height_source": "Ordnance Survey",
        "physicallevel": "Surface Level",
        "oslandusetiera": "Residential Accommodation",
        "oslandusetierb": [
          "Private Residence"
        ],
        "geometry_source": "Ordnance Survey",
        "oslandcovertiera": "Constructed",
        "oslandcovertierb": [
          "Building"
        ],
        "oslanduse_source": "Ordnance Survey",
        "height_updatedate": "2025-01-17",
        "description_source": "Ordnance Survey",
        "oslandcover_source": "Ordnance Survey",
        "associatedstructure": null,
        "geometry_updatedate": "2006-07-11",
        "height_evidencedate": "2024-06-20",
        "capturespecification": "Urban",
        "oslanduse_updatedate": "2006-07-11",
        "absoluteheightmaximum": 21,
        "absoluteheightminimum": 13.3,
        "geometry_evidencedate": "2006-07-11",
        "heightconfidencelevel": "Moderate",
        "relativeheightmaximum": 7.7,
        "absoluteheightroofbase": 17.5,
        "description_updatedate": "2006-07-11",
        "oslandcover_updatedate": "2006-07-11",
        "oslanduse_evidencedate": "2006-07-11",
        "relativeheightroofbase": 4.2,
        "versionavailabletodate": null,
        "firstdigitalcapturedate": "1988-05-16",
        "description_evidencedate": "2006-07-11",
        "oslandcover_evidencedate": "2006-07-11",
        "versionavailablefromdate": "2025-02-06T00:00:00Z"
      }
    },
    {
      "id": "2b4c5b42-f8f9-4146-a053-b2555c129c9c",
      "type": "Feature",
      "geometry": {
        "type": "Polygon",
        "coordinates": [
          [
            [
              -1.4656435,
              50.9366673
            ],
            [
              -1.4655346,
              50.9366659
            ],
            [
              -1.4655346,
              50.9367307
            ],
            [
              -1.465642,
              50.9367311
            ],
            [
              -1.4656432,
              50.9366907
            ],
            [
              -1.4656435,
              50.9366673
            ]
          ]
        ]
      },
      "properties": {
        "osid": "2b4c5b42-f8f9-4146-a053-b2555c129c9c",
        "toid": "osgb1000016342837",
        "theme": "Buildings",
        "changetype": "Modified Attributes",
        "isobscured": false,
        "description": "Building",
        "versiondate": "2025-02-05",
        "geometry_area": 54.405,
        "height_source": "Ordnance Survey",
        "physicallevel": "Surface Level",
        "oslandusetiera": "Residential Accommodation",
        "oslandusetierb": [
          "Private Residence"
        ],
        "geometry_source": "Ordnance Survey",
        "oslandcovertiera": "Constructed",
        "oslandcovertierb": [
          "Building"
        ],
        "oslanduse_source": "Ordnance Survey",
        "height_updatedate": "2025-01-17",
        "description_source": "Ordnance Survey",
        "oslandcover_source": "Ordnance Survey",
        "associatedstructure": null,
        "geometry_updatedate": "2004-04-13",
        "height_evidencedate": "2024-06-20",
        "capturespecification": "Urban",
        "oslanduse_updatedate": "2004-04-13",
        "absoluteheightmaximum": 22.2,
        "absoluteheightminimum": 14.7,
        "geometry_evidencedate": "2004-04-13",
        "heightconfidencelevel": "Moderate",
        "relativeheightmaximum": 7.5,
        "absoluteheightroofbase": 20.1,
        "description_updatedate": "2004-04-13",
        "oslandcover_updatedate": "2004-04-13",
        "oslanduse_evidencedate": "2004-04-13",
        "relativeheightroofbase": 5.4,
        "versionavailabletodate": null,
        "firstdigitalcapturedate": "1988-05-16",
        "description_evidencedate": "2004-04-13",
        "oslandcover_evidencedate": "2004-04-13",
        "versionavailablefromdate": "2025-02-06T00:00:00Z"
      }
    },
    {
      "id": "2b79c600-d464-43db-88fb-30e1404fa51d",
      "type": "Feature",
      "geometry": {
        "type": "Polygon",
        "coordinates": [
          [
            [
              -1.4664487,
              50.9378121
            ],
            [
              -1.4664517,
              50.9378203
            ],
            [
              -1.4664309,
              50.9378232
            ],
            [
              -1.4664537,
              50.9378865
            ],
            [
              -1.4664579,
              50.937886
            ],
            [
              -1.4664746,
              50.9378838
            ],
            [
              -1.4665472,
              50.9378741
            ],
            [
              -1.4665221,
              50.937802
            ],
            [
              -1.4664487,
              50.9378121
            ]
          ]
        ]
      },
      "properties": {
        "osid": "2b79c600-d464-43db-88fb-30e1404fa51d",
        "toid": "osgb1000016342655",
        "theme": "Buildings",
        "changetype": "Modified Attributes",
        "isobscured": false,
        "description": "Building",
        "versiondate": "2025-02-05",
        "geometry_area": 53.812382,
        "height_source": "Ordnance Survey",
        "physicallevel": "Surface Level",
        "oslandusetiera": "Residential Accommodation",
        "oslandusetierb": [
          "Private Residence"
        ],
        "geometry_source": "Ordnance Survey",
        "oslandcovertiera": "Constructed",
        "oslandcovertierb": [
          "Building"
        ],
        "oslanduse_source": "Ordnance Survey",
        "height_updatedate": "2025-01-17",
        "description_source": "Ordnance Survey",
        "oslandcover_source": "Ordnance Survey",
        "associatedstructure": null,
        "geometry_updatedate": "2017-04-21",
        "height_evidencedate": "2024-06-20",
        "capturespecification": "Urban",
        "oslanduse_updatedate": "2004-02-10",
        "absoluteheightmaximum": 24,
        "absoluteheightminimum": 17.6,
        "geometry_evidencedate": "2016-08-12",
        "heightconfidencelevel": "Moderate",
        "relativeheightmaximum": 6.4,
        "absoluteheightroofbase": 22.2,
        "description_updatedate": "2004-02-10",
        "oslandcover_updatedate": "2004-02-10",
        "oslanduse_evidencedate": "2004-02-10",
        "relativeheightroofbase": 4.6,
        "versionavailabletodate": null,
        "firstdigitalcapturedate": "1988-07-28",
        "description_evidencedate": "2004-02-10",
        "oslandcover_evidencedate": "2004-02-10",
        "versionavailablefromdate": "2025-02-06T00:00:00Z"
      }
    },
    {
      "id": "2b7fc3f5-10e6-433c-8315-eb1c2bd8069f",
      "type": "Feature",
      "geometry": {
        "type": "Polygon",
        "coordinates": [
          [
            [
              -1.4683111,
              50.9378584
            ],
            [
              -1.4682728,
              50.9378492
            ],
            [
              -1.4682665,
              50.9378588
            ],
            [
              -1.468238,
              50.9379021
            ],
            [
              -1.4682792,
              50.9379122
            ],
            [
              -1.4683111,
              50.9378584
            ]
          ]
        ]
      },
      "properties": {
        "osid": "2b7fc3f5-10e6-433c-8315-eb1c2bd8069f",
        "toid": "osgb1000016342690",
        "theme": "Buildings",
        "changetype": "Modified Attributes",
        "isobscured": false,
        "description": "Building",
        "versiondate": "2025-02-05",
        "geometry_area": 19.0762,
        "height_source": "Ordnance Survey",
        "physicallevel": "Surface Level",
        "oslandusetiera": "Residential Accommodation",
        "oslandusetierb": [
          "Private Residence"
        ],
        "geometry_source": "Ordnance Survey",
        "oslandcovertiera": "Constructed",
        "oslandcovertierb": [
          "Building"
        ],
        "oslanduse_source": "Ordnance Survey",
        "height_updatedate": "2025-01-17",
        "description_source": "Ordnance Survey",
        "oslandcover_source": "Ordnance Survey",
        "associatedstructure": null,
        "geometry_updatedate": "2017-04-19",
        "height_evidencedate": "2024-06-20",
        "capturespecification": "Urban",
        "oslanduse_updatedate": "2004-04-13",
        "absoluteheightmaximum": 24.2,
        "absoluteheightminimum": 12.7,
        "geometry_evidencedate": "2016-08-12",
        "heightconfidencelevel": "Moderate",
        "relativeheightmaximum": 11.5,
        "absoluteheightroofbase": 19,
        "description_updatedate": "2004-04-13",
        "oslandcover_updatedate": "2004-04-13",
        "oslanduse_evidencedate": "2004-04-13",
        "relativeheightroofbase": 6.3,
        "versionavailabletodate": null,
        "firstdigitalcapturedate": "1988-07-28",
        "description_evidencedate": "2004-04-13",
        "oslandcover_evidencedate": "2004-04-13",
        "versionavailablefromdate": "2025-02-06T00:00:00Z"
      }
    },
    {
      "id": "2c58a79f-0439-4b9b-aaf3-039d4f2551b4",
      "type": "Feature",
      "geometry": {
        "type": "Polygon",
        "coordinates": [
          [
            [
              -1.4667582,
              50.9371876
            ],
            [
              -1.4666905,
              50.9372165
            ],
            [
              -1.4667326,
              50.9372559
            ],
            [
              -1.466765,
              50.9372862
            ],
            [
              -1.4668058,
              50.9372687
            ],
            [
              -1.4667735,
              50.9372385
            ],
            [
              -1.4668003,
              50.9372271
            ],
            [
              -1.4667582,
              50.9371876
            ]
          ]
        ]
      },
      "properties": {
        "osid": "2c58a79f-0439-4b9b-aaf3-039d4f2551b4",
        "toid": "osgb5000005340806061",
        "theme": "Buildings",
        "changetype": "Modified Attributes",
        "isobscured": false,
        "description": "Building",
        "versiondate": "2025-02-15",
        "geometry_area": 44.406352,
        "height_source": "Ordnance Survey",
        "physicallevel": "Surface Level",
        "oslandusetiera": "Residential Accommodation",
        "oslandusetierb": [
          "Private Residence"
        ],
        "geometry_source": "Ordnance Survey",
        "oslandcovertiera": "Constructed",
        "oslandcovertierb": [
          "Building"
        ],
        "oslanduse_source": "Ordnance Survey",
        "height_updatedate": "2025-02-13",
        "description_source": "Ordnance Survey",
        "oslandcover_source": "Ordnance Survey",
        "associatedstructure": null,
        "geometry_updatedate": "2024-11-27",
        "height_evidencedate": "2024-06-20",
        "capturespecification": "Urban",
        "oslanduse_updatedate": "2024-11-27",
        "absoluteheightmaximum": 17.5,
        "absoluteheightminimum": 14.4,
        "geometry_evidencedate": "2024-06-20",
        "heightconfidencelevel": "Moderate",
        "relativeheightmaximum": 3.1,
        "absoluteheightroofbase": 16.8,
        "description_updatedate": "2024-11-27",
        "oslandcover_updatedate": "2024-11-27",
        "oslanduse_evidencedate": "2024-06-20",
        "relativeheightroofbase": 2.4,
        "versionavailabletodate": null,
        "firstdigitalcapturedate": "2024-11-27",
        "description_evidencedate": "2024-06-20",
        "oslandcover_evidencedate": "2024-06-20",
        "versionavailablefromdate": "2025-02-16T00:00:00Z"
      }
    },
    {
      "id": "2d687f62-1967-4b87-9410-450450d97267",
      "type": "Feature",
      "geometry": {
        "type": "Polygon",
        "coordinates": [
          [
            [
              -1.4667569,
              50.9373269
            ],
            [
              -1.466785,
              50.9373527
            ],
            [
              -1.4668206,
              50.9373372
            ],
            [
              -1.4667925,
              50.9373115
            ],
            [
              -1.4667569,
              50.9373269
            ]
          ]
        ]
      },
      "properties": {
        "osid": "2d687f62-1967-4b87-9410-450450d97267",
        "toid": "osgb5000005257941595",
        "theme": "Buildings",
        "changetype": "Modified Attributes",
        "isobscured": false,
        "description": "Building",
        "versiondate": "2025-02-05",
        "geometry_area": 10.555644,
        "height_source": "Ordnance Survey",
        "physicallevel": "Surface Level",
        "oslandusetiera": "Residential Accommodation",
        "oslandusetierb": [
          "Private Residence"
        ],
        "geometry_source": "Ordnance Survey",
        "oslandcovertiera": "Constructed",
        "oslandcovertierb": [
          "Building"
        ],
        "oslanduse_source": "Ordnance Survey",
        "height_updatedate": "2025-01-17",
        "description_source": "Ordnance Survey",
        "oslandcover_source": "Ordnance Survey",
        "associatedstructure": null,
        "geometry_updatedate": "2019-12-29",
        "height_evidencedate": "2024-06-20",
        "capturespecification": "Urban",
        "oslanduse_updatedate": "2019-12-29",
        "absoluteheightmaximum": null,
        "absoluteheightminimum": 15.2,
        "geometry_evidencedate": "2019-06-28",
        "heightconfidencelevel": "Incomplete",
        "relativeheightmaximum": null,
        "absoluteheightroofbase": null,
        "description_updatedate": "2019-12-29",
        "oslandcover_updatedate": "2019-12-29",
        "oslanduse_evidencedate": "2019-06-28",
        "relativeheightroofbase": null,
        "versionavailabletodate": null,
        "firstdigitalcapturedate": "2019-12-30",
        "description_evidencedate": "2019-06-28",
        "oslandcover_evidencedate": "2019-06-28",
        "versionavailablefromdate": "2025-02-06T00:00:00Z"
      }
    },
    {
      "id": "2dd367c4-537d-474e-8f64-9b0a338894e2",
      "type": "Feature",
      "geometry": {
        "type": "Polygon",
        "coordinates": [
          [
            [
              -1.467532,
              50.9356506
            ],
            [
              -1.4675764,
              50.9356633
            ],
            [
              -1.4676139,
              50.9356112
            ],
            [
              -1.4675695,
              50.9355984
            ],
            [
              -1.467532,
              50.9356506
            ]
          ]
        ]
      },
      "properties": {
        "osid": "2dd367c4-537d-474e-8f64-9b0a338894e2",
        "toid": "osgb5000005208814648",
        "theme": "Buildings",
        "changetype": "Modified Attributes",
        "isobscured": false,
        "description": "Building",
        "versiondate": "2025-02-05",
        "geometry_area": 21.845794,
        "height_source": "Ordnance Survey",
        "physicallevel": "Surface Level",
        "oslandusetiera": "Residential Accommodation",
        "oslandusetierb": [
          "Private Residence"
        ],
        "geometry_source": "Ordnance Survey",
        "oslandcovertiera": "Constructed",
        "oslandcovertierb": [
          "Building"
        ],
        "oslanduse_source": "Ordnance Survey",
        "height_updatedate": "2025-01-17",
        "description_source": "Ordnance Survey",
        "oslandcover_source": "Ordnance Survey",
        "associatedstructure": null,
        "geometry_updatedate": "2017-08-03",
        "height_evidencedate": "2024-06-20",
        "capturespecification": "Urban",
        "oslanduse_updatedate": "2017-08-03",
        "absoluteheightmaximum": 16.2,
        "absoluteheightminimum": 11.8,
        "geometry_evidencedate": "2017-08-03",
        "heightconfidencelevel": "Moderate",
        "relativeheightmaximum": 4.4,
        "absoluteheightroofbase": 14.5,
        "description_updatedate": "2017-08-03",
        "oslandcover_updatedate": "2017-08-03",
        "oslanduse_evidencedate": "2017-08-03",
        "relativeheightroofbase": 2.7,
        "versionavailabletodate": null,
        "firstdigitalcapturedate": "2017-08-03",
        "description_evidencedate": "2017-08-03",
        "oslandcover_evidencedate": "2017-08-03",
        "versionavailablefromdate": "2025-02-06T00:00:00Z"
      }
    },
    {
      "id": "2e168ee0-c998-431e-baa0-44f7e7bb49f8",
      "type": "Feature",
      "geometry": {
        "type": "Polygon",
        "coordinates": [
          [
            [
              -1.4654946,
              50.9395321
            ],
            [
              -1.4654631,
              50.9395094
            ],
            [
              -1.4653956,
              50.9395467
            ],
            [
              -1.4654113,
              50.9395581
            ],
            [
              -1.465427,
              50.9395694
            ],
            [
              -1.4654946,
              50.9395321
            ]
          ]
        ]
      },
      "properties": {
        "osid": "2e168ee0-c998-431e-baa0-44f7e7bb49f8",
        "toid": "osgb5000005236335834",
        "theme": "Buildings",
        "changetype": "Modified Attributes",
        "isobscured": false,
        "description": "Building",
        "versiondate": "2025-02-05",
        "geometry_area": 21.143357,
        "height_source": "Ordnance Survey",
        "physicallevel": "Surface Level",
        "oslandusetiera": "Residential Accommodation",
        "oslandusetierb": [
          "Private Residence"
        ],
        "geometry_source": "Ordnance Survey",
        "oslandcovertiera": "Constructed",
        "oslandcovertierb": [
          "Building"
        ],
        "oslanduse_source": "Ordnance Survey",
        "height_updatedate": "2025-01-17",
        "description_source": "Ordnance Survey",
        "oslandcover_source": "Ordnance Survey",
        "associatedstructure": null,
        "geometry_updatedate": "2018-09-14",
        "height_evidencedate": "2024-06-20",
        "capturespecification": "Urban",
        "oslanduse_updatedate": "2018-09-14",
        "absoluteheightmaximum": 26.6,
        "absoluteheightminimum": 22.9,
        "geometry_evidencedate": "2018-09-14",
        "heightconfidencelevel": "Moderate",
        "relativeheightmaximum": 3.7,
        "absoluteheightroofbase": 26,
        "description_updatedate": "2018-09-14",
        "oslandcover_updatedate": "2018-09-14",
        "oslanduse_evidencedate": "2018-09-14",
        "relativeheightroofbase": 3.1,
        "versionavailabletodate": null,
        "firstdigitalcapturedate": "2018-09-17",
        "description_evidencedate": "2018-09-14",
        "oslandcover_evidencedate": "2018-09-14",
        "versionavailablefromdate": "2025-02-06T00:00:00Z"
      }
    },
    {
      "id": "2e31dfb5-df34-4583-b8c1-0daba3b7f95a",
      "type": "Feature",
      "geometry": {
        "type": "Polygon",
        "coordinates": [
          [
            [
              -1.468954,
              50.9366428
            ],
            [
              -1.4689221,
              50.9366391
            ],
            [
              -1.4689261,
              50.9366255
            ],
            [
              -1.4688941,
              50.9366217
            ],
            [
              -1.4688901,
              50.9366354
            ],
            [
              -1.4688856,
              50.9366488
            ],
            [
              -1.4688397,
              50.9366437
            ],
            [
              -1.4688257,
              50.9366914
            ],
            [
              -1.4688201,
              50.9367102
            ],
            [
              -1.4689142,
              50.9367208
            ],
            [
              -1.4689195,
              50.936702
            ],
            [
              -1.4689363,
              50.9367039
            ],
            [
              -1.4689388,
              50.9366951
            ],
            [
              -1.468954,
              50.9366428
            ]
          ]
        ]
      },
      "properties": {
        "osid": "2e31dfb5-df34-4583-b8c1-0daba3b7f95a",
        "toid": "osgb1000016343190",
        "theme": "Buildings",
        "changetype": "Modified Attributes",
        "isobscured": false,
        "description": "Building",
        "versiondate": "2025-02-05",
        "geometry_area": 67.345759,
        "height_source": "Ordnance Survey",
        "physicallevel": "Surface Level",
        "oslandusetiera": "Residential Accommodation",
        "oslandusetierb": [
          "Private Residence"
        ],
        "geometry_source": "Ordnance Survey",
        "oslandcovertiera": "Constructed",
        "oslandcovertierb": [
          "Building"
        ],
        "oslanduse_source": "Ordnance Survey",
        "height_updatedate": "2025-01-17",
        "description_source": "Ordnance Survey",
        "oslandcover_source": "Ordnance Survey",
        "associatedstructure": null,
        "geometry_updatedate": "2017-04-19",
        "height_evidencedate": "2024-06-20",
        "capturespecification": "Urban",
        "oslanduse_updatedate": "2004-02-10",
        "absoluteheightmaximum": 18.8,
        "absoluteheightminimum": 11.2,
        "geometry_evidencedate": "2016-08-12",
        "heightconfidencelevel": "Moderate",
        "relativeheightmaximum": 7.6,
        "absoluteheightroofbase": 16.5,
        "description_updatedate": "2004-02-10",
        "oslandcover_updatedate": "2004-02-10",
        "oslanduse_evidencedate": "2004-02-10",
        "relativeheightroofbase": 5.3,
        "versionavailabletodate": null,
        "firstdigitalcapturedate": "1988-07-28",
        "description_evidencedate": "2004-02-10",
        "oslandcover_evidencedate": "2004-02-10",
        "versionavailablefromdate": "2025-02-06T00:00:00Z"
      }
    },
    {
      "id": "2f495828-50fb-4e54-b7f5-95fdb68d7143",
      "type": "Feature",
      "geometry": {
        "type": "Polygon",
        "coordinates": [
          [
            [
              -1.4662063,
              50.9378092
            ],
            [
              -1.4662367,
              50.9377947
            ],
            [
              -1.4661974,
              50.9377579
            ],
            [
              -1.4662203,
              50.9377464
            ],
            [
              -1.4661843,
              50.9377165
            ],
            [
              -1.4661582,
              50.9376957
            ],
            [
              -1.4661568,
              50.9376939
            ],
            [
              -1.4661061,
              50.9377162
            ],
            [
              -1.4660527,
              50.9377398
            ],
            [
              -1.4661137,
              50.9377945
            ],
            [
              -1.4661602,
              50.9377722
            ],
            [
              -1.4662063,
              50.9378092
            ]
          ]
        ]
      },
      "properties": {
        "osid": "2f495828-50fb-4e54-b7f5-95fdb68d7143",
        "toid": "osgb1000016342667",
        "theme": "Buildings",
        "changetype": "Modified Attributes",
        "isobscured": false,
        "description": "Building",
        "versiondate": "2025-02-05",
        "geometry_area": 81.395875,
        "height_source": "Ordnance Survey",
        "physicallevel": "Surface Level",
        "oslandusetiera": "Residential Accommodation",
        "oslandusetierb": [
          "Private Residence"
        ],
        "geometry_source": "Ordnance Survey",
        "oslandcovertiera": "Constructed",
        "oslandcovertierb": [
          "Building"
        ],
        "oslanduse_source": "Ordnance Survey",
        "height_updatedate": "2025-01-17",
        "description_source": "Ordnance Survey",
        "oslandcover_source": "Ordnance Survey",
        "associatedstructure": null,
        "geometry_updatedate": "2017-04-20",
        "height_evidencedate": "2024-06-20",
        "capturespecification": "Urban",
        "oslanduse_updatedate": "2004-04-13",
        "absoluteheightmaximum": 25.4,
        "absoluteheightminimum": 18.4,
        "geometry_evidencedate": "2016-08-12",
        "heightconfidencelevel": "Moderate",
        "relativeheightmaximum": 7,
        "absoluteheightroofbase": 22.9,
        "description_updatedate": "2004-04-13",
        "oslandcover_updatedate": "2004-04-13",
        "oslanduse_evidencedate": "2004-04-13",
        "relativeheightroofbase": 4.5,
        "versionavailabletodate": null,
        "firstdigitalcapturedate": "1988-05-16",
        "description_evidencedate": "2004-04-13",
        "oslandcover_evidencedate": "2004-04-13",
        "versionavailablefromdate": "2025-02-06T00:00:00Z"
      }
    },
    {
      "id": "2f5135c4-0d05-41ad-9017-a8970ede7dde",
      "type": "Feature",
      "geometry": {
        "type": "Polygon",
        "coordinates": [
          [
            [
              -1.4659117,
              50.9399898
            ],
            [
              -1.4659834,
              50.9400115
            ],
            [
              -1.4659867,
              50.9400072
            ],
            [
              -1.4660362,
              50.939942
            ],
            [
              -1.4660394,
              50.9399377
            ],
            [
              -1.4659677,
              50.9399159
            ],
            [
              -1.4659117,
              50.9399898
            ]
          ]
        ]
      },
      "properties": {
        "osid": "2f5135c4-0d05-41ad-9017-a8970ede7dde",
        "toid": "osgb5000005232166352",
        "theme": "Buildings",
        "changetype": "Modified Attributes",
        "isobscured": false,
        "description": "Building",
        "versiondate": "2025-02-05",
        "geometry_area": 50.921146,
        "height_source": "Ordnance Survey",
        "physicallevel": "Surface Level",
        "oslandusetiera": "Residential Accommodation",
        "oslandusetierb": [
          "Private Residence"
        ],
        "geometry_source": "Ordnance Survey",
        "oslandcovertiera": "Constructed",
        "oslandcovertierb": [
          "Building"
        ],
        "oslanduse_source": "Ordnance Survey",
        "height_updatedate": "2025-01-17",
        "description_source": "Ordnance Survey",
        "oslandcover_source": "Ordnance Survey",
        "associatedstructure": null,
        "geometry_updatedate": "2018-07-10",
        "height_evidencedate": "2024-06-20",
        "capturespecification": "Urban",
        "oslanduse_updatedate": "2018-07-10",
        "absoluteheightmaximum": 30.8,
        "absoluteheightminimum": 22.6,
        "geometry_evidencedate": "2018-07-10",
        "heightconfidencelevel": "Moderate",
        "relativeheightmaximum": 8.2,
        "absoluteheightroofbase": 29.5,
        "description_updatedate": "2018-07-10",
        "oslandcover_updatedate": "2018-07-10",
        "oslanduse_evidencedate": "2018-07-10",
        "relativeheightroofbase": 6.9,
        "versionavailabletodate": null,
        "firstdigitalcapturedate": "2018-07-10",
        "description_evidencedate": "2018-07-10",
        "oslandcover_evidencedate": "2018-07-10",
        "versionavailablefromdate": "2025-02-06T00:00:00Z"
      }
    },
    {
      "id": "2f6269c5-e437-4358-a520-52736e30509a",
      "type": "Feature",
      "geometry": {
        "type": "Polygon",
        "coordinates": [
          [
            [
              -1.4663493,
              50.9364817
            ],
            [
              -1.4662661,
              50.9364809
            ],
            [
              -1.4662653,
              50.9365524
            ],
            [
              -1.4663478,
              50.9365532
            ],
            [
              -1.4663493,
              50.9364817
            ]
          ]
        ]
      },
      "properties": {
        "osid": "2f6269c5-e437-4358-a520-52736e30509a",
        "toid": "osgb1000016342812",
        "theme": "Buildings",
        "changetype": "Modified Attributes",
        "isobscured": false,
        "description": "Building",
        "versiondate": "2025-02-05",
        "geometry_area": 46.31,
        "height_source": "Ordnance Survey",
        "physicallevel": "Surface Level",
        "oslandusetiera": "Residential Accommodation",
        "oslandusetierb": [
          "Private Residence"
        ],
        "geometry_source": "Ordnance Survey",
        "oslandcovertiera": "Constructed",
        "oslandcovertierb": [
          "Building"
        ],
        "oslanduse_source": "Ordnance Survey",
        "height_updatedate": "2025-01-17",
        "description_source": "Ordnance Survey",
        "oslandcover_source": "Ordnance Survey",
        "associatedstructure": null,
        "geometry_updatedate": "2006-07-11",
        "height_evidencedate": "2024-06-20",
        "capturespecification": "Urban",
        "oslanduse_updatedate": "2006-07-11",
        "absoluteheightmaximum": 20.8,
        "absoluteheightminimum": 13.3,
        "geometry_evidencedate": "2006-07-11",
        "heightconfidencelevel": "Moderate",
        "relativeheightmaximum": 7.5,
        "absoluteheightroofbase": 19,
        "description_updatedate": "2006-07-11",
        "oslandcover_updatedate": "2006-07-11",
        "oslanduse_evidencedate": "2006-07-11",
        "relativeheightroofbase": 5.7,
        "versionavailabletodate": null,
        "firstdigitalcapturedate": "1988-05-16",
        "description_evidencedate": "2006-07-11",
        "oslandcover_evidencedate": "2006-07-11",
        "versionavailablefromdate": "2025-02-06T00:00:00Z"
      }
    },
    {
      "id": "2f6ea78f-3f20-4027-a73b-3a110a81fca8",
      "type": "Feature",
      "geometry": {
        "type": "Polygon",
        "coordinates": [
          [
            [
              -1.4656073,
              50.9377116
            ],
            [
              -1.4655246,
              50.9376645
            ],
            [
              -1.465488,
              50.9376899
            ],
            [
              -1.4655283,
              50.9377135
            ],
            [
              -1.4655672,
              50.9377344
            ],
            [
              -1.4656009,
              50.9377138
            ],
            [
              -1.4656073,
              50.9377116
            ]
          ]
        ]
      },
      "properties": {
        "osid": "2f6ea78f-3f20-4027-a73b-3a110a81fca8",
        "toid": "osgb1000016342674",
        "theme": "Buildings",
        "changetype": "Modified Attributes",
        "isobscured": false,
        "description": "Building",
        "versiondate": "2025-02-05",
        "geometry_area": 29.04,
        "height_source": "Ordnance Survey",
        "physicallevel": "Surface Level",
        "oslandusetiera": "Residential Accommodation",
        "oslandusetierb": [
          "Private Residence"
        ],
        "geometry_source": "Ordnance Survey",
        "oslandcovertiera": "Constructed",
        "oslandcovertierb": [
          "Building"
        ],
        "oslanduse_source": "Ordnance Survey",
        "height_updatedate": "2025-01-17",
        "description_source": "Ordnance Survey",
        "oslandcover_source": "Ordnance Survey",
        "associatedstructure": null,
        "geometry_updatedate": "2004-04-13",
        "height_evidencedate": "2024-06-20",
        "capturespecification": "Urban",
        "oslanduse_updatedate": "2004-04-13",
        "absoluteheightmaximum": 22,
        "absoluteheightminimum": 18.3,
        "geometry_evidencedate": "2004-04-13",
        "heightconfidencelevel": "Moderate",
        "relativeheightmaximum": 3.7,
        "absoluteheightroofbase": 21.6,
        "description_updatedate": "2004-04-13",
        "oslandcover_updatedate": "2004-04-13",
        "oslanduse_evidencedate": "2004-04-13",
        "relativeheightroofbase": 3.3,
        "versionavailabletodate": null,
        "firstdigitalcapturedate": "1988-05-16",
        "description_evidencedate": "2004-04-13",
        "oslandcover_evidencedate": "2004-04-13",
        "versionavailablefromdate": "2025-02-06T00:00:00Z"
      }
    },
    {
      "id": "31553965-8523-476b-ba78-d289197a6eb0",
      "type": "Feature",
      "geometry": {
        "type": "Polygon",
        "coordinates": [
          [
            [
              -1.4662957,
              50.9382745
            ],
            [
              -1.4664048,
              50.9383015
            ],
            [
              -1.4664286,
              50.938263
            ],
            [
              -1.4663195,
              50.938236
            ],
            [
              -1.4662957,
              50.9382745
            ]
          ]
        ]
      },
      "properties": {
        "osid": "31553965-8523-476b-ba78-d289197a6eb0",
        "toid": "osgb5000005244788271",
        "theme": "Buildings",
        "changetype": "Modified Attributes",
        "isobscured": false,
        "description": "Building",
        "versiondate": "2025-02-05",
        "geometry_area": 37.832239,
        "height_source": "Ordnance Survey",
        "physicallevel": "Surface Level",
        "oslandusetiera": "Residential Accommodation",
        "oslandusetierb": [
          "Private Residence"
        ],
        "geometry_source": "Ordnance Survey",
        "oslandcovertiera": "Constructed",
        "oslandcovertierb": [
          "Building"
        ],
        "oslanduse_source": "Ordnance Survey",
        "height_updatedate": "2025-01-17",
        "description_source": "Ordnance Survey",
        "oslandcover_source": "Ordnance Survey",
        "associatedstructure": null,
        "geometry_updatedate": "2019-04-09",
        "height_evidencedate": "2024-06-20",
        "capturespecification": "Urban",
        "oslanduse_updatedate": "2019-04-09",
        "absoluteheightmaximum": 27.3,
        "absoluteheightminimum": 19.2,
        "geometry_evidencedate": "2019-04-09",
        "heightconfidencelevel": "Moderate",
        "relativeheightmaximum": 8.1,
        "absoluteheightroofbase": 24.9,
        "description_updatedate": "2019-04-09",
        "oslandcover_updatedate": "2019-04-09",
        "oslanduse_evidencedate": "2019-04-09",
        "relativeheightroofbase": 5.7,
        "versionavailabletodate": null,
        "firstdigitalcapturedate": "2019-04-09",
        "description_evidencedate": "2019-04-09",
        "oslandcover_evidencedate": "2019-04-09",
        "versionavailablefromdate": "2025-02-06T00:00:00Z"
      }
    },
    {
      "id": "31bf0f42-783a-4518-85a8-81c036765faf",
      "type": "Feature",
      "geometry": {
        "type": "Polygon",
        "coordinates": [
          [
            [
              -1.4660592,
              50.9403589
            ],
            [
              -1.4660917,
              50.9403799
            ],
            [
              -1.466155,
              50.9403409
            ],
            [
              -1.4661522,
              50.9403391
            ],
            [
              -1.4661224,
              50.9403198
            ],
            [
              -1.4660592,
              50.9403589
            ]
          ]
        ]
      },
      "properties": {
        "osid": "31bf0f42-783a-4518-85a8-81c036765faf",
        "toid": "osgb5000005222257168",
        "theme": "Buildings",
        "changetype": "Modified Attributes",
        "isobscured": false,
        "description": "Building",
        "versiondate": "2025-02-05",
        "geometry_area": 20.347213,
        "height_source": "Ordnance Survey",
        "physicallevel": "Surface Level",
        "oslandusetiera": "Unknown Or Unused Artificial",
        "oslandusetierb": [],
        "geometry_source": "Ordnance Survey",
        "oslandcovertiera": "Constructed",
        "oslandcovertierb": [
          "Building"
        ],
        "oslanduse_source": "Ordnance Survey",
        "height_updatedate": "2025-01-17",
        "description_source": "Ordnance Survey",
        "oslandcover_source": "Ordnance Survey",
        "associatedstructure": null,
        "geometry_updatedate": "2018-07-09",
        "height_evidencedate": "2024-06-20",
        "capturespecification": "Urban",
        "oslanduse_updatedate": "2018-02-08",
        "absoluteheightmaximum": 25.6,
        "absoluteheightminimum": 21.3,
        "geometry_evidencedate": "2018-07-09",
        "heightconfidencelevel": "Moderate",
        "relativeheightmaximum": 4.3,
        "absoluteheightroofbase": 24.8,
        "description_updatedate": "2018-02-08",
        "oslandcover_updatedate": "2018-02-08",
        "oslanduse_evidencedate": "2018-02-08",
        "relativeheightroofbase": 3.5,
        "versionavailabletodate": null,
        "firstdigitalcapturedate": "2018-02-09",
        "description_evidencedate": "2018-02-08",
        "oslandcover_evidencedate": "2018-02-08",
        "versionavailablefromdate": "2025-02-06T00:00:00Z"
      }
    },
    {
      "id": "31faba43-b583-41bb-a53d-60cb5646fbcb",
      "type": "Feature",
      "geometry": {
        "type": "Polygon",
        "coordinates": [
          [
            [
              -1.469505,
              50.9398689
            ],
            [
              -1.4694099,
              50.9398687
            ],
            [
              -1.4694097,
              50.9399132
            ],
            [
              -1.4695048,
              50.9399134
            ],
            [
              -1.469505,
              50.9398689
            ]
          ]
        ]
      },
      "properties": {
        "osid": "31faba43-b583-41bb-a53d-60cb5646fbcb",
        "toid": "osgb5000005295557678",
        "theme": "Buildings",
        "changetype": "Modified Attributes",
        "isobscured": false,
        "description": "Building",
        "versiondate": "2025-02-05",
        "geometry_area": 33.090706,
        "height_source": "Ordnance Survey",
        "physicallevel": "Surface Level",
        "oslandusetiera": "Commercial Activity: Industrial Or Manufacturing",
        "oslandusetierb": [],
        "geometry_source": "Ordnance Survey",
        "oslandcovertiera": "Constructed",
        "oslandcovertierb": [
          "Building"
        ],
        "oslanduse_source": "Ordnance Survey",
        "height_updatedate": "2025-01-17",
        "description_source": "Ordnance Survey",
        "oslandcover_source": "Ordnance Survey",
        "associatedstructure": null,
        "geometry_updatedate": "2022-05-11",
        "height_evidencedate": "2024-06-20",
        "capturespecification": "Urban",
        "oslanduse_updatedate": "2022-05-11",
        "absoluteheightmaximum": 18.4,
        "absoluteheightminimum": 15.3,
        "geometry_evidencedate": "2021-04-17",
        "heightconfidencelevel": "Moderate",
        "relativeheightmaximum": 3.1,
        "absoluteheightroofbase": 17.7,
        "description_updatedate": "2022-05-11",
        "oslandcover_updatedate": "2022-05-11",
        "oslanduse_evidencedate": "2021-04-17",
        "relativeheightroofbase": 2.4,
        "versionavailabletodate": null,
        "firstdigitalcapturedate": "2022-05-11",
        "description_evidencedate": "2021-04-17",
        "oslandcover_evidencedate": "2021-04-17",
        "versionavailablefromdate": "2025-02-06T00:00:00Z"
      }
    },
    {
      "id": "3220a8f3-16b2-421f-9bd2-e5488d3b149e",
      "type": "Feature",
      "geometry": {
        "type": "Polygon",
        "coordinates": [
          [
            [
              -1.4695191,
              50.9399186
            ],
            [
              -1.4699008,
              50.9399206
            ],
            [
              -1.4699027,
              50.9397705
            ],
            [
              -1.4695211,
              50.9397686
            ],
            [
              -1.4695191,
              50.9399186
            ]
          ]
        ]
      },
      "properties": {
        "osid": "3220a8f3-16b2-421f-9bd2-e5488d3b149e",
        "toid": "osgb5000005278503039",
        "theme": "Buildings",
        "changetype": "Modified Attributes",
        "isobscured": false,
        "description": "Building",
        "versiondate": "2025-02-05",
        "geometry_area": 447.503942,
        "height_source": "Ordnance Survey",
        "physicallevel": "Surface Level",
        "oslandusetiera": "Commercial Activity: Industrial Or Manufacturing",
        "oslandusetierb": [],
        "geometry_source": "Ordnance Survey",
        "oslandcovertiera": "Constructed",
        "oslandcovertierb": [
          "Building"
        ],
        "oslanduse_source": "Ordnance Survey",
        "height_updatedate": "2025-01-17",
        "description_source": "Ordnance Survey",
        "oslandcover_source": "Ordnance Survey",
        "associatedstructure": null,
        "geometry_updatedate": "2021-03-10",
        "height_evidencedate": "2024-06-20",
        "capturespecification": "Urban",
        "oslanduse_updatedate": "2021-03-10",
        "absoluteheightmaximum": 27.8,
        "absoluteheightminimum": 14.8,
        "geometry_evidencedate": "2021-03-10",
        "heightconfidencelevel": "Moderate",
        "relativeheightmaximum": 13,
        "absoluteheightroofbase": 25.2,
        "description_updatedate": "2021-03-10",
        "oslandcover_updatedate": "2021-03-10",
        "oslanduse_evidencedate": "2021-03-10",
        "relativeheightroofbase": 10.4,
        "versionavailabletodate": null,
        "firstdigitalcapturedate": "2021-03-10",
        "description_evidencedate": "2021-03-10",
        "oslandcover_evidencedate": "2021-03-10",
        "versionavailablefromdate": "2025-02-06T00:00:00Z"
      }
    },
    {
      "id": "3288dc52-9156-4cb5-a423-6ef7a65ee25c",
      "type": "Feature",
      "geometry": {
        "type": "Polygon",
        "coordinates": [
          [
            [
              -1.4655884,
              50.9335827
            ],
            [
              -1.4655792,
              50.9335881
            ],
            [
              -1.4654995,
              50.9336355
            ],
            [
              -1.4655548,
              50.9336727
            ],
            [
              -1.465559,
              50.9336755
            ],
            [
              -1.4655694,
              50.9336693
            ],
            [
              -1.4656299,
              50.9336334
            ],
            [
              -1.4656517,
              50.9336205
            ],
            [
              -1.4655922,
              50.9335804
            ],
            [
              -1.4655884,
              50.9335827
            ]
          ]
        ]
      },
      "properties": {
        "osid": "3288dc52-9156-4cb5-a423-6ef7a65ee25c",
        "toid": "osgb5000005259164006",
        "theme": "Buildings",
        "changetype": "Modified Attributes",
        "isobscured": false,
        "description": "Building",
        "versiondate": "2025-02-05",
        "geometry_area": 54.641769,
        "height_source": "Ordnance Survey",
        "physicallevel": "Surface Level",
        "oslandusetiera": "Residential Accommodation",
        "oslandusetierb": [
          "Private Residence"
        ],
        "geometry_source": "Ordnance Survey",
        "oslandcovertiera": "Constructed",
        "oslandcovertierb": [
          "Building"
        ],
        "oslanduse_source": "Ordnance Survey",
        "height_updatedate": "2025-01-17",
        "description_source": "Ordnance Survey",
        "oslandcover_source": "Ordnance Survey",
        "associatedstructure": null,
        "geometry_updatedate": "2021-02-15",
        "height_evidencedate": "2024-06-20",
        "capturespecification": "Urban",
        "oslanduse_updatedate": "2020-01-27",
        "absoluteheightmaximum": 19.5,
        "absoluteheightminimum": 10.5,
        "geometry_evidencedate": "2021-02-15",
        "heightconfidencelevel": "Moderate",
        "relativeheightmaximum": 9,
        "absoluteheightroofbase": 17.4,
        "description_updatedate": "2020-01-27",
        "oslandcover_updatedate": "2020-01-27",
        "oslanduse_evidencedate": "2020-01-27",
        "relativeheightroofbase": 6.9,
        "versionavailabletodate": null,
        "firstdigitalcapturedate": "2020-01-27",
        "description_evidencedate": "2020-01-27",
        "oslandcover_evidencedate": "2020-01-27",
        "versionavailablefromdate": "2025-02-06T00:00:00Z"
      }
    },
    {
      "id": "32e2392c-de34-485f-ac46-b1b2ebaab3f1",
      "type": "Feature",
      "geometry": {
        "type": "Polygon",
        "coordinates": [
          [
            [
              -1.4684347,
              50.9376333
            ],
            [
              -1.4684976,
              50.9376566
            ],
            [
              -1.4685164,
              50.937637
            ],
            [
              -1.4684532,
              50.9376136
            ],
            [
              -1.4684347,
              50.9376333
            ]
          ]
        ]
      },
      "properties": {
        "osid": "32e2392c-de34-485f-ac46-b1b2ebaab3f1",
        "toid": "osgb1000016343232",
        "theme": "Buildings",
        "changetype": "Modified Attributes",
        "isobscured": false,
        "description": "Building",
        "versiondate": "2025-02-05",
        "geometry_area": 13.10225,
        "height_source": "Ordnance Survey",
        "physicallevel": "Surface Level",
        "oslandusetiera": "Unknown Or Unused Artificial",
        "oslandusetierb": [],
        "geometry_source": "Ordnance Survey",
        "oslandcovertiera": "Constructed",
        "oslandcovertierb": [
          "Building"
        ],
        "oslanduse_source": "Ordnance Survey",
        "height_updatedate": "2025-01-17",
        "description_source": "Ordnance Survey",
        "oslandcover_source": "Ordnance Survey",
        "associatedstructure": null,
        "geometry_updatedate": "2006-12-14",
        "height_evidencedate": "2024-06-20",
        "capturespecification": "Urban",
        "oslanduse_updatedate": "2006-12-14",
        "absoluteheightmaximum": null,
        "absoluteheightminimum": 12.2,
        "geometry_evidencedate": "2006-12-14",
        "heightconfidencelevel": "Incomplete",
        "relativeheightmaximum": null,
        "absoluteheightroofbase": null,
        "description_updatedate": "2006-12-14",
        "oslandcover_updatedate": "2006-12-14",
        "oslanduse_evidencedate": "2006-12-14",
        "relativeheightroofbase": null,
        "versionavailabletodate": null,
        "firstdigitalcapturedate": "1988-07-28",
        "description_evidencedate": "2006-12-14",
        "oslandcover_evidencedate": "2006-12-14",
        "versionavailablefromdate": "2025-02-06T00:00:00Z"
      }
    },
    {
      "id": "3310b9c5-0608-4440-a909-247f2a600903",
      "type": "Feature",
      "geometry": {
        "type": "Polygon",
        "coordinates": [
          [
            [
              -1.471181,
              50.9345471
            ],
            [
              -1.4711807,
              50.9345685
            ],
            [
              -1.4709982,
              50.9345676
            ],
            [
              -1.4709979,
              50.9345904
            ],
            [
              -1.4707821,
              50.9345893
            ],
            [
              -1.4707689,
              50.9356272
            ],
            [
              -1.4713701,
              50.9356303
            ],
            [
              -1.4713776,
              50.9350426
            ],
            [
              -1.4713839,
              50.9345481
            ],
            [
              -1.471372,
              50.934548
            ],
            [
              -1.471181,
              50.9345471
            ]
          ]
        ]
      },
      "properties": {
        "osid": "3310b9c5-0608-4440-a909-247f2a600903",
        "toid": "osgb5000005335824243",
        "theme": "Buildings",
        "changetype": "Modified Attributes",
        "isobscured": false,
        "description": "Building",
        "versiondate": "2025-02-15",
        "geometry_area": 4979.464952,
        "height_source": "Ordnance Survey",
        "physicallevel": "Surface Level",
        "oslandusetiera": "Construction",
        "oslandusetierb": [],
        "geometry_source": "Ordnance Survey",
        "oslandcovertiera": "Constructed",
        "oslandcovertierb": [
          "Building"
        ],
        "oslanduse_source": "Ordnance Survey",
        "height_updatedate": "2025-02-13",
        "description_source": "Ordnance Survey",
        "oslandcover_source": "Ordnance Survey",
        "associatedstructure": null,
        "geometry_updatedate": "2024-06-18",
        "height_evidencedate": "2024-06-20",
        "capturespecification": "Urban",
        "oslanduse_updatedate": "2024-06-18",
        "absoluteheightmaximum": 29.9,
        "absoluteheightminimum": 11.2,
        "geometry_evidencedate": "2024-05-30",
        "heightconfidencelevel": "Moderate",
        "relativeheightmaximum": 18.7,
        "absoluteheightroofbase": 20,
        "description_updatedate": "2024-06-18",
        "oslandcover_updatedate": "2024-06-18",
        "oslanduse_evidencedate": "2024-05-30",
        "relativeheightroofbase": 8.8,
        "versionavailabletodate": null,
        "firstdigitalcapturedate": "2024-06-18",
        "description_evidencedate": "2024-05-30",
        "oslandcover_evidencedate": "2024-05-30",
        "versionavailablefromdate": "2025-02-16T00:00:00Z"
      }
    },
    {
      "id": "33e5ea91-95fc-4b04-833b-69e68dffe84c",
      "type": "Feature",
      "geometry": {
        "type": "Polygon",
        "coordinates": [
          [
            [
              -1.4683802,
              50.9400568
            ],
            [
              -1.468379,
              50.9402036
            ],
            [
              -1.4688053,
              50.9402049
            ],
            [
              -1.4688065,
              50.9400582
            ],
            [
              -1.4683802,
              50.9400568
            ]
          ]
        ]
      },
      "properties": {
        "osid": "33e5ea91-95fc-4b04-833b-69e68dffe84c",
        "toid": "osgb5000005278503038",
        "theme": "Buildings",
        "changetype": "Modified Attributes",
        "isobscured": false,
        "description": "Building",
        "versiondate": "2025-02-05",
        "geometry_area": 488.730585,
        "height_source": "Ordnance Survey",
        "physicallevel": "Surface Level",
        "oslandusetiera": "Commercial Activity: Industrial Or Manufacturing",
        "oslandusetierb": [],
        "geometry_source": "Ordnance Survey",
        "oslandcovertiera": "Constructed",
        "oslandcovertierb": [
          "Building"
        ],
        "oslanduse_source": "Ordnance Survey",
        "height_updatedate": "2025-01-17",
        "description_source": "Ordnance Survey",
        "oslandcover_source": "Ordnance Survey",
        "associatedstructure": null,
        "geometry_updatedate": "2021-03-10",
        "height_evidencedate": "2024-06-20",
        "capturespecification": "Urban",
        "oslanduse_updatedate": "2021-03-10",
        "absoluteheightmaximum": 26.4,
        "absoluteheightminimum": 16.5,
        "geometry_evidencedate": "2021-03-10",
        "heightconfidencelevel": "Moderate",
        "relativeheightmaximum": 9.9,
        "absoluteheightroofbase": 24.8,
        "description_updatedate": "2021-03-10",
        "oslandcover_updatedate": "2021-03-10",
        "oslanduse_evidencedate": "2021-03-10",
        "relativeheightroofbase": 8.3,
        "versionavailabletodate": null,
        "firstdigitalcapturedate": "2021-03-10",
        "description_evidencedate": "2021-03-10",
        "oslandcover_evidencedate": "2021-03-10",
        "versionavailablefromdate": "2025-02-06T00:00:00Z"
      }
    },
    {
      "id": "347a9d81-18dd-4963-aabd-d5d907f1ee7a",
      "type": "Feature",
      "geometry": {
        "type": "Polygon",
        "coordinates": [
          [
            [
              -1.4652026,
              50.9406229
            ],
            [
              -1.4652594,
              50.9405538
            ],
            [
              -1.4651409,
              50.9405149
            ],
            [
              -1.4651155,
              50.9405458
            ],
            [
              -1.465121,
              50.9405476
            ],
            [
              -1.4650882,
              50.9405875
            ],
            [
              -1.4651588,
              50.9406107
            ],
            [
              -1.4651602,
              50.940609
            ],
            [
              -1.4652026,
              50.9406229
            ]
          ]
        ]
      },
      "properties": {
        "osid": "347a9d81-18dd-4963-aabd-d5d907f1ee7a",
        "toid": "osgb5000005208860454",
        "theme": "Buildings",
        "changetype": "Modified Attributes",
        "isobscured": false,
        "description": "Building",
        "versiondate": "2025-02-05",
        "geometry_area": 80.298019,
        "height_source": "Ordnance Survey",
        "physicallevel": "Surface Level",
        "oslandusetiera": "Residential Accommodation",
        "oslandusetierb": [
          "Private Residence"
        ],
        "geometry_source": "Ordnance Survey",
        "oslandcovertiera": "Constructed",
        "oslandcovertierb": [
          "Building"
        ],
        "oslanduse_source": "Ordnance Survey",
        "height_updatedate": "2025-01-17",
        "description_source": "Ordnance Survey",
        "oslandcover_source": "Ordnance Survey",
        "associatedstructure": null,
        "geometry_updatedate": "2017-08-04",
        "height_evidencedate": "2024-06-20",
        "capturespecification": "Urban",
        "oslanduse_updatedate": "2017-08-04",
        "absoluteheightmaximum": 31.5,
        "absoluteheightminimum": 22.8,
        "geometry_evidencedate": "2017-08-04",
        "heightconfidencelevel": "Moderate",
        "relativeheightmaximum": 8.7,
        "absoluteheightroofbase": 28.6,
        "description_updatedate": "2017-08-04",
        "oslandcover_updatedate": "2017-08-04",
        "oslanduse_evidencedate": "2017-08-04",
        "relativeheightroofbase": 5.8,
        "versionavailabletodate": null,
        "firstdigitalcapturedate": "2017-08-04",
        "description_evidencedate": "2017-08-04",
        "oslandcover_evidencedate": "2017-08-04",
        "versionavailablefromdate": "2025-02-06T00:00:00Z"
      }
    },
    {
      "id": "34831d1e-be5f-4192-ab9c-97f51b88ad2e",
      "type": "Feature",
      "geometry": {
        "type": "Polygon",
        "coordinates": [
          [
            [
              -1.4655259,
              50.9399413
            ],
            [
              -1.4656151,
              50.9399878
            ],
            [
              -1.465651,
              50.9399603
            ],
            [
              -1.4656429,
              50.939956
            ],
            [
              -1.4656663,
              50.9399381
            ],
            [
              -1.4655853,
              50.9398959
            ],
            [
              -1.4655259,
              50.9399413
            ]
          ]
        ]
      },
      "properties": {
        "osid": "34831d1e-be5f-4192-ab9c-97f51b88ad2e",
        "toid": "osgb5000005227734233",
        "theme": "Buildings",
        "changetype": "Modified Attributes",
        "isobscured": false,
        "description": "Building",
        "versiondate": "2025-02-05",
        "geometry_area": 51.281945,
        "height_source": "Ordnance Survey",
        "physicallevel": "Surface Level",
        "oslandusetiera": "Residential Accommodation",
        "oslandusetierb": [
          "Private Residence"
        ],
        "geometry_source": "Ordnance Survey",
        "oslandcovertiera": "Constructed",
        "oslandcovertierb": [
          "Building"
        ],
        "oslanduse_source": "Ordnance Survey",
        "height_updatedate": "2025-01-17",
        "description_source": "Ordnance Survey",
        "oslandcover_source": "Ordnance Survey",
        "associatedstructure": null,
        "geometry_updatedate": "2018-04-26",
        "height_evidencedate": "2024-06-20",
        "capturespecification": "Urban",
        "oslanduse_updatedate": "2018-04-27",
        "absoluteheightmaximum": 30.4,
        "absoluteheightminimum": 23,
        "geometry_evidencedate": "2018-04-26",
        "heightconfidencelevel": "Moderate",
        "relativeheightmaximum": 7.4,
        "absoluteheightroofbase": 28.6,
        "description_updatedate": "2018-04-27",
        "oslandcover_updatedate": "2018-04-27",
        "oslanduse_evidencedate": "2018-04-27",
        "relativeheightroofbase": 5.6,
        "versionavailabletodate": null,
        "firstdigitalcapturedate": "2018-04-30",
        "description_evidencedate": "2018-04-27",
        "oslandcover_evidencedate": "2018-04-27",
        "versionavailablefromdate": "2025-02-06T00:00:00Z"
      }
    },
    {
      "id": "34a9f309-ad2d-4790-a65f-df5d123f8159",
      "type": "Feature",
      "geometry": {
        "type": "Polygon",
        "coordinates": [
          [
            [
              -1.4666526,
              50.9388409
            ],
            [
              -1.4665564,
              50.9388821
            ],
            [
              -1.466593,
              50.9389162
            ],
            [
              -1.4666892,
              50.9388751
            ],
            [
              -1.4666526,
              50.9388409
            ]
          ]
        ]
      },
      "properties": {
        "osid": "34a9f309-ad2d-4790-a65f-df5d123f8159",
        "toid": "osgb5000005244788296",
        "theme": "Buildings",
        "changetype": "Modified Attributes",
        "isobscured": false,
        "description": "Building",
        "versiondate": "2025-02-05",
        "geometry_area": 37.452793,
        "height_source": "Ordnance Survey",
        "physicallevel": "Surface Level",
        "oslandusetiera": "Residential Accommodation",
        "oslandusetierb": [
          "Private Residence"
        ],
        "geometry_source": "Ordnance Survey",
        "oslandcovertiera": "Constructed",
        "oslandcovertierb": [
          "Building"
        ],
        "oslanduse_source": "Ordnance Survey",
        "height_updatedate": "2025-01-17",
        "description_source": "Ordnance Survey",
        "oslandcover_source": "Ordnance Survey",
        "associatedstructure": null,
        "geometry_updatedate": "2019-04-09",
        "height_evidencedate": "2024-06-20",
        "capturespecification": "Urban",
        "oslanduse_updatedate": "2019-04-09",
        "absoluteheightmaximum": 26.2,
        "absoluteheightminimum": 19,
        "geometry_evidencedate": "2019-04-09",
        "heightconfidencelevel": "Moderate",
        "relativeheightmaximum": 7.2,
        "absoluteheightroofbase": 24.2,
        "description_updatedate": "2019-04-09",
        "oslandcover_updatedate": "2019-04-09",
        "oslanduse_evidencedate": "2019-04-09",
        "relativeheightroofbase": 5.2,
        "versionavailabletodate": null,
        "firstdigitalcapturedate": "2019-04-09",
        "description_evidencedate": "2019-04-09",
        "oslandcover_evidencedate": "2019-04-09",
        "versionavailablefromdate": "2025-02-06T00:00:00Z"
      }
    },
    {
      "id": "35393c3a-09fc-4a91-9e84-dfc35b7dfe23",
      "type": "Feature",
      "geometry": {
        "type": "Polygon",
        "coordinates": [
          [
            [
              -1.464223,
              50.9399294
            ],
            [
              -1.4641904,
              50.9399721
            ],
            [
              -1.4643137,
              50.9400097
            ],
            [
              -1.4643464,
              50.939967
            ],
            [
              -1.464223,
              50.9399294
            ]
          ]
        ]
      },
      "properties": {
        "osid": "35393c3a-09fc-4a91-9e84-dfc35b7dfe23",
        "toid": "osgb5000005232124735",
        "theme": "Buildings",
        "changetype": "Modified Attributes",
        "isobscured": false,
        "description": "Building",
        "versiondate": "2025-02-05",
        "geometry_area": 50.779325,
        "height_source": "Ordnance Survey",
        "physicallevel": "Surface Level",
        "oslandusetiera": "Residential Accommodation",
        "oslandusetierb": [
          "Private Residence"
        ],
        "geometry_source": "Ordnance Survey",
        "oslandcovertiera": "Constructed",
        "oslandcovertierb": [
          "Building"
        ],
        "oslanduse_source": "Ordnance Survey",
        "height_updatedate": "2025-01-17",
        "description_source": "Ordnance Survey",
        "oslandcover_source": "Ordnance Survey",
        "associatedstructure": null,
        "geometry_updatedate": "2018-07-09",
        "height_evidencedate": "2024-06-20",
        "capturespecification": "Urban",
        "oslanduse_updatedate": "2018-07-09",
        "absoluteheightmaximum": 32.4,
        "absoluteheightminimum": 24.1,
        "geometry_evidencedate": "2018-07-09",
        "heightconfidencelevel": "Moderate",
        "relativeheightmaximum": 8.3,
        "absoluteheightroofbase": 29.1,
        "description_updatedate": "2018-07-09",
        "oslandcover_updatedate": "2018-07-09",
        "oslanduse_evidencedate": "2018-07-09",
        "relativeheightroofbase": 5,
        "versionavailabletodate": null,
        "firstdigitalcapturedate": "2018-07-10",
        "description_evidencedate": "2018-07-09",
        "oslandcover_evidencedate": "2018-07-09",
        "versionavailablefromdate": "2025-02-06T00:00:00Z"
      }
    },
    {
      "id": "3555da35-1ddf-48bd-af09-ad7c1b8ed594",
      "type": "Feature",
      "geometry": {
        "type": "Polygon",
        "coordinates": [
          [
            [
              -1.4654212,
              50.9387872
            ],
            [
              -1.465408,
              50.9388154
            ],
            [
              -1.4654924,
              50.9388311
            ],
            [
              -1.4655056,
              50.9388029
            ],
            [
              -1.4654212,
              50.9387872
            ]
          ]
        ]
      },
      "properties": {
        "osid": "3555da35-1ddf-48bd-af09-ad7c1b8ed594",
        "toid": "osgb5000005259512536",
        "theme": "Buildings",
        "changetype": "Modified Attributes",
        "isobscured": false,
        "description": "Building",
        "versiondate": "2025-02-05",
        "geometry_area": 20.203559,
        "height_source": "Ordnance Survey",
        "physicallevel": "Surface Level",
        "oslandusetiera": "Residential Accommodation",
        "oslandusetierb": [
          "Private Residence"
        ],
        "geometry_source": "Ordnance Survey",
        "oslandcovertiera": "Constructed",
        "oslandcovertierb": [
          "Building"
        ],
        "oslanduse_source": "Ordnance Survey",
        "height_updatedate": "2025-01-17",
        "description_source": "Ordnance Survey",
        "oslandcover_source": "Ordnance Survey",
        "associatedstructure": null,
        "geometry_updatedate": "2020-01-31",
        "height_evidencedate": "2024-06-20",
        "capturespecification": "Urban",
        "oslanduse_updatedate": "2020-01-31",
        "absoluteheightmaximum": 26.4,
        "absoluteheightminimum": 21.7,
        "geometry_evidencedate": "2020-01-31",
        "heightconfidencelevel": "Moderate",
        "relativeheightmaximum": 4.7,
        "absoluteheightroofbase": 25.3,
        "description_updatedate": "2020-01-31",
        "oslandcover_updatedate": "2020-01-31",
        "oslanduse_evidencedate": "2020-01-31",
        "relativeheightroofbase": 3.6,
        "versionavailabletodate": null,
        "firstdigitalcapturedate": "2020-01-31",
        "description_evidencedate": "2020-01-31",
        "oslandcover_evidencedate": "2020-01-31",
        "versionavailablefromdate": "2025-02-06T00:00:00Z"
      }
    },
    {
      "id": "357196d8-48aa-4816-ad4a-3500b97efb4e",
      "type": "Feature",
      "geometry": {
        "type": "Polygon",
        "coordinates": [
          [
            [
              -1.4663988,
              50.9393973
            ],
            [
              -1.4663756,
              50.9394079
            ],
            [
              -1.46635,
              50.9394196
            ],
            [
              -1.4663962,
              50.9394598
            ],
            [
              -1.4664466,
              50.9394367
            ],
            [
              -1.4663988,
              50.9393973
            ]
          ]
        ]
      },
      "properties": {
        "osid": "357196d8-48aa-4816-ad4a-3500b97efb4e",
        "toid": "osgb5000005340806060",
        "theme": "Buildings",
        "changetype": "Modified Attributes",
        "isobscured": false,
        "description": "Building",
        "versiondate": "2025-02-15",
        "geometry_area": 23.758296,
        "height_source": "Ordnance Survey",
        "physicallevel": "Surface Level",
        "oslandusetiera": "Residential Accommodation",
        "oslandusetierb": [
          "Private Residence"
        ],
        "geometry_source": "Ordnance Survey",
        "oslandcovertiera": "Constructed",
        "oslandcovertierb": [
          "Building"
        ],
        "oslanduse_source": "Ordnance Survey",
        "height_updatedate": "2025-02-13",
        "description_source": "Ordnance Survey",
        "oslandcover_source": "Ordnance Survey",
        "associatedstructure": null,
        "geometry_updatedate": "2024-11-27",
        "height_evidencedate": "2024-06-20",
        "capturespecification": "Urban",
        "oslanduse_updatedate": "2024-11-27",
        "absoluteheightmaximum": null,
        "absoluteheightminimum": 21.4,
        "geometry_evidencedate": "2024-06-20",
        "heightconfidencelevel": "Incomplete",
        "relativeheightmaximum": null,
        "absoluteheightroofbase": null,
        "description_updatedate": "2024-11-27",
        "oslandcover_updatedate": "2024-11-27",
        "oslanduse_evidencedate": "2024-06-20",
        "relativeheightroofbase": null,
        "versionavailabletodate": null,
        "firstdigitalcapturedate": "2024-11-27",
        "description_evidencedate": "2024-06-20",
        "oslandcover_evidencedate": "2024-06-20",
        "versionavailablefromdate": "2025-02-16T00:00:00Z"
      }
    },
    {
      "id": "357afcef-512b-43c4-9777-bffda5d18bdd",
      "type": "Feature",
      "geometry": {
        "type": "Polygon",
        "coordinates": [
          [
            [
              -1.4679476,
              50.9373542
            ],
            [
              -1.4679417,
              50.9373206
            ],
            [
              -1.4678878,
              50.9373244
            ],
            [
              -1.4678936,
              50.937358
            ],
            [
              -1.4679476,
              50.9373542
            ]
          ]
        ]
      },
      "properties": {
        "osid": "357afcef-512b-43c4-9777-bffda5d18bdd",
        "toid": "osgb5000005203977366",
        "theme": "Buildings",
        "changetype": "Modified Attributes",
        "isobscured": false,
        "description": "Building",
        "versiondate": "2025-02-05",
        "geometry_area": 14.328545,
        "height_source": "Ordnance Survey",
        "physicallevel": "Surface Level",
        "oslandusetiera": "Residential Accommodation",
        "oslandusetierb": [
          "Private Residence"
        ],
        "geometry_source": "Ordnance Survey",
        "oslandcovertiera": "Constructed",
        "oslandcovertierb": [
          "Building"
        ],
        "oslanduse_source": "Ordnance Survey",
        "height_updatedate": "2025-01-17",
        "description_source": "Ordnance Survey",
        "oslandcover_source": "Ordnance Survey",
        "associatedstructure": null,
        "geometry_updatedate": "2017-04-19",
        "height_evidencedate": "2024-06-20",
        "capturespecification": "Urban",
        "oslanduse_updatedate": "2017-04-19",
        "absoluteheightmaximum": null,
        "absoluteheightminimum": 13,
        "geometry_evidencedate": "2016-08-12",
        "heightconfidencelevel": "Incomplete",
        "relativeheightmaximum": null,
        "absoluteheightroofbase": null,
        "description_updatedate": "2017-04-19",
        "oslandcover_updatedate": "2017-04-19",
        "oslanduse_evidencedate": "2016-08-12",
        "relativeheightroofbase": null,
        "versionavailabletodate": null,
        "firstdigitalcapturedate": "2017-05-04",
        "description_evidencedate": "2016-08-12",
        "oslandcover_evidencedate": "2016-08-12",
        "versionavailablefromdate": "2025-02-06T00:00:00Z"
      }
    },
    {
      "id": "35b37483-9464-4993-9571-7bd435f2cd22",
      "type": "Feature",
      "geometry": {
        "type": "Polygon",
        "coordinates": [
          [
            [
              -1.4675432,
              50.9357616
            ],
            [
              -1.4675722,
              50.9357698
            ],
            [
              -1.4675757,
              50.9357649
            ],
            [
              -1.467579,
              50.9357602
            ],
            [
              -1.4675501,
              50.935752
            ],
            [
              -1.46755,
              50.9357521
            ],
            [
              -1.4675432,
              50.9357616
            ]
          ]
        ]
      },
      "properties": {
        "osid": "35b37483-9464-4993-9571-7bd435f2cd22",
        "toid": "osgb5000005228158665",
        "theme": "Buildings",
        "changetype": "New",
        "isobscured": false,
        "description": "Building",
        "versiondate": "2022-08-26",
        "geometry_area": 2.621386,
        "height_source": null,
        "physicallevel": "Surface Level",
        "oslandusetiera": "Residential Accommodation",
        "oslandusetierb": [
          "Private Residence"
        ],
        "geometry_source": "Ordnance Survey",
        "oslandcovertiera": "Constructed",
        "oslandcovertierb": [
          "Building"
        ],
        "oslanduse_source": "Ordnance Survey",
        "height_updatedate": null,
        "description_source": "Ordnance Survey",
        "oslandcover_source": "Ordnance Survey",
        "associatedstructure": null,
        "geometry_updatedate": "2018-05-09",
        "height_evidencedate": null,
        "capturespecification": "Urban",
        "oslanduse_updatedate": "2018-05-09",
        "absoluteheightmaximum": null,
        "absoluteheightminimum": null,
        "geometry_evidencedate": "2018-05-09",
        "heightconfidencelevel": null,
        "relativeheightmaximum": null,
        "absoluteheightroofbase": null,
        "description_updatedate": "2018-05-09",
        "oslandcover_updatedate": "2018-05-09",
        "oslanduse_evidencedate": "2018-05-09",
        "relativeheightroofbase": null,
        "versionavailabletodate": null,
        "firstdigitalcapturedate": "2018-05-09",
        "description_evidencedate": "2018-05-09",
        "oslandcover_evidencedate": "2018-05-09",
        "versionavailablefromdate": "2022-08-27T00:00:00Z"
      }
    },
    {
      "id": "3616ffb5-9c84-43c1-bf75-4a1b5bc5d157",
      "type": "Feature",
      "geometry": {
        "type": "Polygon",
        "coordinates": [
          [
            [
              -1.4719361,
              50.9341329
            ],
            [
              -1.4719584,
              50.9341195
            ],
            [
              -1.4719226,
              50.9340959
            ],
            [
              -1.4719005,
              50.9341093
            ],
            [
              -1.4719361,
              50.9341329
            ]
          ]
        ]
      },
      "properties": {
        "osid": "3616ffb5-9c84-43c1-bf75-4a1b5bc5d157",
        "toid": "osgb1000042871796",
        "theme": "Buildings",
        "changetype": "Modified Attributes",
        "isobscured": false,
        "description": "Building",
        "versiondate": "2025-02-21",
        "geometry_area": 7.8405,
        "height_source": null,
        "physicallevel": "Surface Level",
        "oslandusetiera": "Utility Or Environmental Protection",
        "oslandusetierb": [
          "Electricity Distribution"
        ],
        "geometry_source": "Ordnance Survey",
        "oslandcovertiera": "Constructed",
        "oslandcovertierb": [
          "Building"
        ],
        "oslanduse_source": "Ordnance Survey",
        "height_updatedate": null,
        "description_source": "Ordnance Survey",
        "oslandcover_source": "Ordnance Survey",
        "associatedstructure": null,
        "geometry_updatedate": "2004-02-10",
        "height_evidencedate": null,
        "capturespecification": "Urban",
        "oslanduse_updatedate": "2004-02-10",
        "absoluteheightmaximum": null,
        "absoluteheightminimum": null,
        "geometry_evidencedate": "2004-02-10",
        "heightconfidencelevel": null,
        "relativeheightmaximum": null,
        "absoluteheightroofbase": null,
        "description_updatedate": "2004-02-10",
        "oslandcover_updatedate": "2004-02-10",
        "oslanduse_evidencedate": "2004-02-10",
        "relativeheightroofbase": null,
        "versionavailabletodate": null,
        "firstdigitalcapturedate": "2001-02-05",
        "description_evidencedate": "2004-02-10",
        "oslandcover_evidencedate": "2004-02-10",
        "versionavailablefromdate": "2025-02-22T00:00:00Z"
      }
    },
    {
      "id": "36e9311b-cb0e-4251-8361-6f5174c12cdb",
      "type": "Feature",
      "geometry": {
        "type": "Polygon",
        "coordinates": [
          [
            [
              -1.4664983,
              50.9394574
            ],
            [
              -1.4665241,
              50.9394814
            ],
            [
              -1.4665973,
              50.9394499
            ],
            [
              -1.4665715,
              50.939426
            ],
            [
              -1.4664983,
              50.9394574
            ]
          ]
        ]
      },
      "properties": {
        "osid": "36e9311b-cb0e-4251-8361-6f5174c12cdb",
        "toid": "osgb5000005239289066",
        "theme": "Buildings",
        "changetype": "Modified Attributes",
        "isobscured": false,
        "description": "Building",
        "versiondate": "2025-02-05",
        "geometry_area": 20.039953,
        "height_source": "Ordnance Survey",
        "physicallevel": "Surface Level",
        "oslandusetiera": "Residential Accommodation",
        "oslandusetierb": [
          "Private Residence"
        ],
        "geometry_source": "Ordnance Survey",
        "oslandcovertiera": "Constructed",
        "oslandcovertierb": [
          "Building"
        ],
        "oslanduse_source": "Ordnance Survey",
        "height_updatedate": "2025-01-17",
        "description_source": "Ordnance Survey",
        "oslandcover_source": "Ordnance Survey",
        "associatedstructure": null,
        "geometry_updatedate": "2018-11-23",
        "height_evidencedate": "2024-06-20",
        "capturespecification": "Urban",
        "oslanduse_updatedate": "2018-11-26",
        "absoluteheightmaximum": 24.4,
        "absoluteheightminimum": 21,
        "geometry_evidencedate": "2018-11-23",
        "heightconfidencelevel": "Moderate",
        "relativeheightmaximum": 3.4,
        "absoluteheightroofbase": 23.4,
        "description_updatedate": "2018-11-26",
        "oslandcover_updatedate": "2018-11-26",
        "oslanduse_evidencedate": "2018-11-26",
        "relativeheightroofbase": 2.4,
        "versionavailabletodate": null,
        "firstdigitalcapturedate": "2018-11-26",
        "description_evidencedate": "2018-11-26",
        "oslandcover_evidencedate": "2018-11-26",
        "versionavailablefromdate": "2025-02-06T00:00:00Z"
      }
    },
    {
      "id": "36ef94da-343d-48f6-97b7-902374970b57",
      "type": "Feature",
      "geometry": {
        "type": "Polygon",
        "coordinates": [
          [
            [
              -1.4656667,
              50.9366908
            ],
            [
              -1.4656684,
              50.936667
            ],
            [
              -1.4656435,
              50.9366673
            ],
            [
              -1.4656432,
              50.9366907
            ],
            [
              -1.4656667,
              50.9366908
            ]
          ]
        ]
      },
      "properties": {
        "osid": "36ef94da-343d-48f6-97b7-902374970b57",
        "toid": "osgb1000016342836",
        "theme": "Buildings",
        "changetype": "Modified Attributes",
        "isobscured": false,
        "description": "Building",
        "versiondate": "2022-09-18",
        "geometry_area": 4.46125,
        "height_source": null,
        "physicallevel": "Surface Level",
        "oslandusetiera": "Residential Accommodation",
        "oslandusetierb": [
          "Private Residence"
        ],
        "geometry_source": "Ordnance Survey",
        "oslandcovertiera": "Constructed",
        "oslandcovertierb": [
          "Building"
        ],
        "oslanduse_source": "Ordnance Survey",
        "height_updatedate": null,
        "description_source": "Ordnance Survey",
        "oslandcover_source": "Ordnance Survey",
        "associatedstructure": null,
        "geometry_updatedate": "2006-07-11",
        "height_evidencedate": null,
        "capturespecification": "Urban",
        "oslanduse_updatedate": "2006-07-11",
        "absoluteheightmaximum": null,
        "absoluteheightminimum": null,
        "geometry_evidencedate": "2006-07-11",
        "heightconfidencelevel": null,
        "relativeheightmaximum": null,
        "absoluteheightroofbase": null,
        "description_updatedate": "2006-07-11",
        "oslandcover_updatedate": "2006-07-11",
        "oslanduse_evidencedate": "2006-07-11",
        "relativeheightroofbase": null,
        "versionavailabletodate": null,
        "firstdigitalcapturedate": "1988-05-16",
        "description_evidencedate": "2006-07-11",
        "oslandcover_evidencedate": "2006-07-11",
        "versionavailablefromdate": "2022-09-19T00:00:00Z"
      }
    },
    {
      "id": "374ae19a-3ba7-4a52-bb48-3b1f4c4beb6a",
      "type": "Feature",
      "geometry": {
        "type": "Polygon",
        "coordinates": [
          [
            [
              -1.4667991,
              50.9386239
            ],
            [
              -1.4669278,
              50.9386558
            ],
            [
              -1.4669552,
              50.9386116
            ],
            [
              -1.4668266,
              50.9385797
            ],
            [
              -1.4667991,
              50.9386239
            ]
          ]
        ]
      },
      "properties": {
        "osid": "374ae19a-3ba7-4a52-bb48-3b1f4c4beb6a",
        "toid": "osgb5000005244788299",
        "theme": "Buildings",
        "changetype": "Modified Attributes",
        "isobscured": false,
        "description": "Building",
        "versiondate": "2025-02-05",
        "geometry_area": 51.316581,
        "height_source": "Ordnance Survey",
        "physicallevel": "Surface Level",
        "oslandusetiera": "Residential Accommodation",
        "oslandusetierb": [
          "Private Residence"
        ],
        "geometry_source": "Ordnance Survey",
        "oslandcovertiera": "Constructed",
        "oslandcovertierb": [
          "Building"
        ],
        "oslanduse_source": "Ordnance Survey",
        "height_updatedate": "2025-01-17",
        "description_source": "Ordnance Survey",
        "oslandcover_source": "Ordnance Survey",
        "associatedstructure": null,
        "geometry_updatedate": "2019-04-09",
        "height_evidencedate": "2024-06-20",
        "capturespecification": "Urban",
        "oslanduse_updatedate": "2019-04-09",
        "absoluteheightmaximum": 26.3,
        "absoluteheightminimum": 17.9,
        "geometry_evidencedate": "2019-04-09",
        "heightconfidencelevel": "Moderate",
        "relativeheightmaximum": 8.4,
        "absoluteheightroofbase": 23.2,
        "description_updatedate": "2019-04-09",
        "oslandcover_updatedate": "2019-04-09",
        "oslanduse_evidencedate": "2019-04-09",
        "relativeheightroofbase": 5.3,
        "versionavailabletodate": null,
        "firstdigitalcapturedate": "2019-04-09",
        "description_evidencedate": "2019-04-09",
        "oslandcover_evidencedate": "2019-04-09",
        "versionavailablefromdate": "2025-02-06T00:00:00Z"
      }
    },
    {
      "id": "374ef7e1-8be1-47dd-991f-059e4a0613d7",
      "type": "Feature",
      "geometry": {
        "type": "Polygon",
        "coordinates": [
          [
            [
              -1.4665596,
              50.9362641
            ],
            [
              -1.4666414,
              50.9362645
            ],
            [
              -1.4666417,
              50.9362389
            ],
            [
              -1.4665606,
              50.9362385
            ],
            [
              -1.4665596,
              50.9362641
            ]
          ]
        ]
      },
      "properties": {
        "osid": "374ef7e1-8be1-47dd-991f-059e4a0613d7",
        "toid": "osgb1000016342802",
        "theme": "Buildings",
        "changetype": "Modified Attributes",
        "isobscured": false,
        "description": "Building",
        "versiondate": "2025-02-05",
        "geometry_area": 16.31625,
        "height_source": "Ordnance Survey",
        "physicallevel": "Surface Level",
        "oslandusetiera": "Unknown Or Unused Artificial",
        "oslandusetierb": [],
        "geometry_source": "Ordnance Survey",
        "oslandcovertiera": "Constructed",
        "oslandcovertierb": [
          "Building"
        ],
        "oslanduse_source": "Ordnance Survey",
        "height_updatedate": "2025-01-17",
        "description_source": "Ordnance Survey",
        "oslandcover_source": "Ordnance Survey",
        "associatedstructure": null,
        "geometry_updatedate": "2004-04-13",
        "height_evidencedate": "2024-06-20",
        "capturespecification": "Urban",
        "oslanduse_updatedate": "2004-04-13",
        "absoluteheightmaximum": 15,
        "absoluteheightminimum": 12.5,
        "geometry_evidencedate": "2004-04-13",
        "heightconfidencelevel": "Moderate",
        "relativeheightmaximum": 2.5,
        "absoluteheightroofbase": 14.8,
        "description_updatedate": "2004-04-13",
        "oslandcover_updatedate": "2004-04-13",
        "oslanduse_evidencedate": "2004-04-13",
        "relativeheightroofbase": 2.3,
        "versionavailabletodate": null,
        "firstdigitalcapturedate": "1988-05-16",
        "description_evidencedate": "2004-04-13",
        "oslandcover_evidencedate": "2004-04-13",
        "versionavailablefromdate": "2025-02-06T00:00:00Z"
      }
    },
    {
      "id": "37b05852-9f29-4156-b576-b85aa3e8de42",
      "type": "Feature",
      "geometry": {
        "type": "Polygon",
        "coordinates": [
          [
            [
              -1.4656378,
              50.9389956
            ],
            [
              -1.4657516,
              50.9390298
            ],
            [
              -1.4657835,
              50.9389876
            ],
            [
              -1.4656696,
              50.9389533
            ],
            [
              -1.4656378,
              50.9389956
            ]
          ]
        ]
      },
      "properties": {
        "osid": "37b05852-9f29-4156-b576-b85aa3e8de42",
        "toid": "osgb5000005242102829",
        "theme": "Buildings",
        "changetype": "Modified Attributes",
        "isobscured": false,
        "description": "Building",
        "versiondate": "2025-02-05",
        "geometry_area": 46.149704,
        "height_source": "Ordnance Survey",
        "physicallevel": "Surface Level",
        "oslandusetiera": "Residential Accommodation",
        "oslandusetierb": [
          "Private Residence"
        ],
        "geometry_source": "Ordnance Survey",
        "oslandcovertiera": "Constructed",
        "oslandcovertierb": [
          "Building"
        ],
        "oslanduse_source": "Ordnance Survey",
        "height_updatedate": "2025-01-17",
        "description_source": "Ordnance Survey",
        "oslandcover_source": "Ordnance Survey",
        "associatedstructure": null,
        "geometry_updatedate": "2019-02-05",
        "height_evidencedate": "2024-06-20",
        "capturespecification": "Urban",
        "oslanduse_updatedate": "2019-02-05",
        "absoluteheightmaximum": 29.8,
        "absoluteheightminimum": 21.9,
        "geometry_evidencedate": "2019-02-05",
        "heightconfidencelevel": "Moderate",
        "relativeheightmaximum": 7.9,
        "absoluteheightroofbase": 27.3,
        "description_updatedate": "2019-02-05",
        "oslandcover_updatedate": "2019-02-05",
        "oslanduse_evidencedate": "2019-02-05",
        "relativeheightroofbase": 5.4,
        "versionavailabletodate": null,
        "firstdigitalcapturedate": "2019-02-05",
        "description_evidencedate": "2019-02-05",
        "oslandcover_evidencedate": "2019-02-05",
        "versionavailablefromdate": "2025-02-06T00:00:00Z"
      }
    },
    {
      "id": "3a0091bb-1405-4155-adc9-75bc2ec62802",
      "type": "Feature",
      "geometry": {
        "type": "Polygon",
        "coordinates": [
          [
            [
              -1.4640169,
              50.9403789
            ],
            [
              -1.4640712,
              50.9404036
            ],
            [
              -1.4641437,
              50.9403398
            ],
            [
              -1.4640893,
              50.9403151
            ],
            [
              -1.4640827,
              50.9403209
            ],
            [
              -1.4640683,
              50.9403336
            ],
            [
              -1.4640169,
              50.9403789
            ]
          ]
        ]
      },
      "properties": {
        "osid": "3a0091bb-1405-4155-adc9-75bc2ec62802",
        "toid": "osgb5000005198749588",
        "theme": "Buildings",
        "changetype": "Modified Attributes",
        "isobscured": false,
        "description": "Building",
        "versiondate": "2025-02-05",
        "geometry_area": 41.03272,
        "height_source": "Ordnance Survey",
        "physicallevel": "Surface Level",
        "oslandusetiera": "Residential Accommodation",
        "oslandusetierb": [
          "Private Residence"
        ],
        "geometry_source": "Ordnance Survey",
        "oslandcovertiera": "Constructed",
        "oslandcovertierb": [
          "Building"
        ],
        "oslanduse_source": "Ordnance Survey",
        "height_updatedate": "2025-01-17",
        "description_source": "Ordnance Survey",
        "oslandcover_source": "Ordnance Survey",
        "associatedstructure": null,
        "geometry_updatedate": "2018-04-26",
        "height_evidencedate": "2024-06-20",
        "capturespecification": "Urban",
        "oslanduse_updatedate": "2017-02-07",
        "absoluteheightmaximum": 32.4,
        "absoluteheightminimum": 24.3,
        "geometry_evidencedate": "2018-04-26",
        "heightconfidencelevel": "Moderate",
        "relativeheightmaximum": 8.1,
        "absoluteheightroofbase": 29.7,
        "description_updatedate": "2017-02-07",
        "oslandcover_updatedate": "2017-02-07",
        "oslanduse_evidencedate": "2017-02-07",
        "relativeheightroofbase": 5.4,
        "versionavailabletodate": null,
        "firstdigitalcapturedate": "2017-02-07",
        "description_evidencedate": "2017-02-07",
        "oslandcover_evidencedate": "2017-02-07",
        "versionavailablefromdate": "2025-02-06T00:00:00Z"
      }
    },
    {
      "id": "3aa6719c-838f-4bcb-a757-470aae1002d7",
      "type": "Feature",
      "geometry": {
        "type": "Polygon",
        "coordinates": [
          [
            [
              -1.4741726,
              50.9359564
            ],
            [
              -1.4742556,
              50.9359525
            ],
            [
              -1.4742495,
              50.9359009
            ],
            [
              -1.4741665,
              50.9359049
            ],
            [
              -1.4741726,
              50.9359564
            ]
          ]
        ]
      },
      "properties": {
        "osid": "3aa6719c-838f-4bcb-a757-470aae1002d7",
        "toid": "osgb1000002109144898",
        "theme": "Buildings",
        "changetype": "Modified Attributes",
        "isobscured": false,
        "description": "Building",
        "versiondate": "2025-02-05",
        "geometry_area": 33.6315,
        "height_source": "Ordnance Survey",
        "physicallevel": "Surface Level",
        "oslandusetiera": "Commercial Activity: Industrial Or Manufacturing",
        "oslandusetierb": [],
        "geometry_source": "Ordnance Survey",
        "oslandcovertiera": "Constructed",
        "oslandcovertierb": [
          "Building"
        ],
        "oslanduse_source": "Ordnance Survey",
        "height_updatedate": "2025-01-17",
        "description_source": "Ordnance Survey",
        "oslandcover_source": "Ordnance Survey",
        "associatedstructure": null,
        "geometry_updatedate": "2004-02-10",
        "height_evidencedate": "2024-06-20",
        "capturespecification": "Rural",
        "oslanduse_updatedate": "2004-02-10",
        "absoluteheightmaximum": 15.6,
        "absoluteheightminimum": 9.6,
        "geometry_evidencedate": "2004-02-10",
        "heightconfidencelevel": "Moderate",
        "relativeheightmaximum": 6,
        "absoluteheightroofbase": 12.3,
        "description_updatedate": "2004-02-10",
        "oslandcover_updatedate": "2004-02-10",
        "oslanduse_evidencedate": "2004-02-10",
        "relativeheightroofbase": 2.7,
        "versionavailabletodate": null,
        "firstdigitalcapturedate": "2001-11-14",
        "description_evidencedate": "2004-02-10",
        "oslandcover_evidencedate": "2004-02-10",
        "versionavailablefromdate": "2025-02-06T00:00:00Z"
      }
    },
    {
      "id": "3b371a69-5492-449e-b908-2ab48a2e28dc",
      "type": "Feature",
      "geometry": {
        "type": "Polygon",
        "coordinates": [
          [
            [
              -1.4656849,
              50.9405945
            ],
            [
              -1.4656866,
              50.9405955
            ],
            [
              -1.4657176,
              50.9406155
            ],
            [
              -1.4657807,
              50.9405763
            ],
            [
              -1.4657481,
              50.9405553
            ],
            [
              -1.4656849,
              50.9405945
            ]
          ]
        ]
      },
      "properties": {
        "osid": "3b371a69-5492-449e-b908-2ab48a2e28dc",
        "toid": "osgb5000005208860442",
        "theme": "Buildings",
        "changetype": "Modified Attributes",
        "isobscured": false,
        "description": "Building",
        "versiondate": "2025-02-05",
        "geometry_area": 20.358785,
        "height_source": "Ordnance Survey",
        "physicallevel": "Surface Level",
        "oslandusetiera": "Residential Accommodation",
        "oslandusetierb": [
          "Private Residence"
        ],
        "geometry_source": "Ordnance Survey",
        "oslandcovertiera": "Constructed",
        "oslandcovertierb": [
          "Building"
        ],
        "oslanduse_source": "Ordnance Survey",
        "height_updatedate": "2025-01-17",
        "description_source": "Ordnance Survey",
        "oslandcover_source": "Ordnance Survey",
        "associatedstructure": null,
        "geometry_updatedate": "2018-02-08",
        "height_evidencedate": "2024-06-20",
        "capturespecification": "Urban",
        "oslanduse_updatedate": "2017-08-04",
        "absoluteheightmaximum": 25.7,
        "absoluteheightminimum": 21.4,
        "geometry_evidencedate": "2018-02-08",
        "heightconfidencelevel": "Moderate",
        "relativeheightmaximum": 4.3,
        "absoluteheightroofbase": 24.9,
        "description_updatedate": "2017-08-04",
        "oslandcover_updatedate": "2017-08-04",
        "oslanduse_evidencedate": "2017-08-04",
        "relativeheightroofbase": 3.5,
        "versionavailabletodate": null,
        "firstdigitalcapturedate": "2017-08-04",
        "description_evidencedate": "2017-08-04",
        "oslandcover_evidencedate": "2017-08-04",
        "versionavailablefromdate": "2025-02-06T00:00:00Z"
      }
    },
    {
      "id": "3d1d9cf9-e4a8-4329-b100-d255aa041ff8",
      "type": "Feature",
      "geometry": {
        "type": "Polygon",
        "coordinates": [
          [
            [
              -1.4669782,
              50.9360936
            ],
            [
              -1.4670275,
              50.9361024
            ],
            [
              -1.4670352,
              50.9360852
            ],
            [
              -1.4669859,
              50.9360765
            ],
            [
              -1.4669782,
              50.9360936
            ]
          ]
        ]
      },
      "properties": {
        "osid": "3d1d9cf9-e4a8-4329-b100-d255aa041ff8",
        "toid": "osgb5000005228158656",
        "theme": "Buildings",
        "changetype": "Modified Attributes",
        "isobscured": false,
        "description": "Building",
        "versiondate": "2022-09-18",
        "geometry_area": 7.130367,
        "height_source": null,
        "physicallevel": "Surface Level",
        "oslandusetiera": "Residential Accommodation",
        "oslandusetierb": [
          "Private Residence"
        ],
        "geometry_source": "Ordnance Survey",
        "oslandcovertiera": "Constructed",
        "oslandcovertierb": [
          "Building"
        ],
        "oslanduse_source": "Ordnance Survey",
        "height_updatedate": null,
        "description_source": "Ordnance Survey",
        "oslandcover_source": "Ordnance Survey",
        "associatedstructure": null,
        "geometry_updatedate": "2018-05-09",
        "height_evidencedate": null,
        "capturespecification": "Urban",
        "oslanduse_updatedate": "2018-05-09",
        "absoluteheightmaximum": null,
        "absoluteheightminimum": null,
        "geometry_evidencedate": "2018-05-09",
        "heightconfidencelevel": null,
        "relativeheightmaximum": null,
        "absoluteheightroofbase": null,
        "description_updatedate": "2018-05-09",
        "oslandcover_updatedate": "2018-05-09",
        "oslanduse_evidencedate": "2018-05-09",
        "relativeheightroofbase": null,
        "versionavailabletodate": null,
        "firstdigitalcapturedate": "2018-05-09",
        "description_evidencedate": "2018-05-09",
        "oslandcover_evidencedate": "2018-05-09",
        "versionavailablefromdate": "2022-09-19T00:00:00Z"
      }
    },
    {
      "id": "3d5adc06-823e-44bb-9c01-a64e6424be6c",
      "type": "Feature",
      "geometry": {
        "type": "Polygon",
        "coordinates": [
          [
            [
              -1.4686962,
              50.9355538
            ],
            [
              -1.4686577,
              50.935584
            ],
            [
              -1.4686426,
              50.9355959
            ],
            [
              -1.4685706,
              50.9356524
            ],
            [
              -1.4685913,
              50.935663
            ],
            [
              -1.4685259,
              50.9357143
            ],
            [
              -1.4685791,
              50.9357413
            ],
            [
              -1.4684674,
              50.9358291
            ],
            [
              -1.468455,
              50.9358389
            ],
            [
              -1.468466,
              50.9358445
            ],
            [
              -1.4685761,
              50.9359004
            ],
            [
              -1.4685643,
              50.9359096
            ],
            [
              -1.4685938,
              50.9359255
            ],
            [
              -1.4686176,
              50.9359068
            ],
            [
              -1.4686984,
              50.9359478
            ],
            [
              -1.4687344,
              50.9359661
            ],
            [
              -1.4687572,
              50.9359482
            ],
            [
              -1.4687722,
              50.9359558
            ],
            [
              -1.4688098,
              50.9359262
            ],
            [
              -1.4687949,
              50.9359186
            ],
            [
              -1.4688174,
              50.9359009
            ],
            [
              -1.4688075,
              50.9358958
            ],
            [
              -1.4688746,
              50.9358431
            ],
            [
              -1.4688922,
              50.9358521
            ],
            [
              -1.468926,
              50.9358255
            ],
            [
              -1.4689084,
              50.9358165
            ],
            [
              -1.4689287,
              50.9358006
            ],
            [
              -1.4689309,
              50.9358017
            ],
            [
              -1.4689542,
              50.9357834
            ],
            [
              -1.4689696,
              50.9357912
            ],
            [
              -1.4690073,
              50.9357617
            ],
            [
              -1.4689918,
              50.9357538
            ],
            [
              -1.4690153,
              50.9357354
            ],
            [
              -1.46891,
              50.9356819
            ],
            [
              -1.4689482,
              50.9356521
            ],
            [
              -1.4688266,
              50.9355899
            ],
            [
              -1.4688034,
              50.9356082
            ],
            [
              -1.4687704,
              50.9355915
            ],
            [
              -1.4687558,
              50.935584
            ],
            [
              -1.4686962,
              50.9355538
            ]
          ]
        ]
      },
      "properties": {
        "osid": "3d5adc06-823e-44bb-9c01-a64e6424be6c",
        "toid": "osgb5000005181571695",
        "theme": "Buildings",
        "changetype": "Modified Attributes",
        "isobscured": false,
        "description": "Building",
        "versiondate": "2025-02-05",
        "geometry_area": 983.124817,
        "height_source": "Ordnance Survey",
        "physicallevel": "Surface Level",
        "oslandusetiera": "Commercial Activity: Retail",
        "oslandusetierb": [],
        "geometry_source": "Ordnance Survey",
        "oslandcovertiera": "Constructed",
        "oslandcovertierb": [
          "Building"
        ],
        "oslanduse_source": "Ordnance Survey",
        "height_updatedate": "2025-01-17",
        "description_source": "Ordnance Survey",
        "oslandcover_source": "Ordnance Survey",
        "associatedstructure": null,
        "geometry_updatedate": "2019-12-29",
        "height_evidencedate": "2024-06-20",
        "capturespecification": "Urban",
        "oslanduse_updatedate": "2016-05-18",
        "absoluteheightmaximum": 22,
        "absoluteheightminimum": 12.1,
        "geometry_evidencedate": "2019-06-28",
        "heightconfidencelevel": "Moderate",
        "relativeheightmaximum": 9.9,
        "absoluteheightroofbase": 14.1,
        "description_updatedate": "2016-05-18",
        "oslandcover_updatedate": "2016-05-18",
        "oslanduse_evidencedate": "2016-05-18",
        "relativeheightroofbase": 2,
        "versionavailabletodate": null,
        "firstdigitalcapturedate": "2016-05-18",
        "description_evidencedate": "2016-05-18",
        "oslandcover_evidencedate": "2016-05-18",
        "versionavailablefromdate": "2025-02-06T00:00:00Z"
      }
    },
    {
      "id": "3d83775e-a1a2-41ad-b578-50b4c9279a62",
      "type": "Feature",
      "geometry": {
        "type": "Polygon",
        "coordinates": [
          [
            [
              -1.4651771,
              50.9362513
            ],
            [
              -1.4651914,
              50.936252
            ],
            [
              -1.4653038,
              50.936257
            ],
            [
              -1.4653101,
              50.9362009
            ],
            [
              -1.4651984,
              50.9361959
            ],
            [
              -1.4651943,
              50.9362291
            ],
            [
              -1.4651799,
              50.9362284
            ],
            [
              -1.4651771,
              50.9362513
            ]
          ]
        ]
      },
      "properties": {
        "osid": "3d83775e-a1a2-41ad-b578-50b4c9279a62",
        "toid": "osgb1000016342823",
        "theme": "Buildings",
        "changetype": "Modified Attributes",
        "isobscured": false,
        "description": "Building",
        "versiondate": "2025-02-05",
        "geometry_area": 52.01539,
        "height_source": "Ordnance Survey",
        "physicallevel": "Surface Level",
        "oslandusetiera": "Residential Accommodation",
        "oslandusetierb": [
          "Private Residence"
        ],
        "geometry_source": "Ordnance Survey",
        "oslandcovertiera": "Constructed",
        "oslandcovertierb": [
          "Building"
        ],
        "oslanduse_source": "Ordnance Survey",
        "height_updatedate": "2025-01-17",
        "description_source": "Ordnance Survey",
        "oslandcover_source": "Ordnance Survey",
        "associatedstructure": null,
        "geometry_updatedate": "2017-04-21",
        "height_evidencedate": "2024-06-20",
        "capturespecification": "Urban",
        "oslanduse_updatedate": "2006-07-11",
        "absoluteheightmaximum": 21.1,
        "absoluteheightminimum": 13.3,
        "geometry_evidencedate": "2016-08-12",
        "heightconfidencelevel": "Moderate",
        "relativeheightmaximum": 7.8,
        "absoluteheightroofbase": 18.8,
        "description_updatedate": "2006-07-11",
        "oslandcover_updatedate": "2006-07-11",
        "oslanduse_evidencedate": "2006-07-11",
        "relativeheightroofbase": 5.5,
        "versionavailabletodate": null,
        "firstdigitalcapturedate": "1988-05-16",
        "description_evidencedate": "2006-07-11",
        "oslandcover_evidencedate": "2006-07-11",
        "versionavailablefromdate": "2025-02-06T00:00:00Z"
      }
    },
    {
      "id": "3db3693e-629d-432d-be53-ac141ee68c07",
      "type": "Feature",
      "geometry": {
        "type": "Polygon",
        "coordinates": [
          [
            [
              -1.4672589,
              50.9375267
            ],
            [
              -1.4673251,
              50.93759
            ],
            [
              -1.4673887,
              50.9375633
            ],
            [
              -1.4673225,
              50.9375005
            ],
            [
              -1.4672589,
              50.9375267
            ]
          ]
        ]
      },
      "properties": {
        "osid": "3db3693e-629d-432d-be53-ac141ee68c07",
        "toid": "osgb1000016342753",
        "theme": "Buildings",
        "changetype": "Modified Attributes",
        "isobscured": false,
        "description": "Building",
        "versiondate": "2025-02-05",
        "geometry_area": 45.02125,
        "height_source": "Ordnance Survey",
        "physicallevel": "Surface Level",
        "oslandusetiera": "Residential Accommodation",
        "oslandusetierb": [
          "Private Residence"
        ],
        "geometry_source": "Ordnance Survey",
        "oslandcovertiera": "Constructed",
        "oslandcovertierb": [
          "Building"
        ],
        "oslanduse_source": "Ordnance Survey",
        "height_updatedate": "2025-01-17",
        "description_source": "Ordnance Survey",
        "oslandcover_source": "Ordnance Survey",
        "associatedstructure": null,
        "geometry_updatedate": "2006-07-01",
        "height_evidencedate": "2024-06-20",
        "capturespecification": "Urban",
        "oslanduse_updatedate": "2006-07-01",
        "absoluteheightmaximum": 21,
        "absoluteheightminimum": 14.4,
        "geometry_evidencedate": "2006-07-01",
        "heightconfidencelevel": "Moderate",
        "relativeheightmaximum": 6.6,
        "absoluteheightroofbase": 19.8,
        "description_updatedate": "2006-07-01",
        "oslandcover_updatedate": "2006-07-01",
        "oslanduse_evidencedate": "2006-07-01",
        "relativeheightroofbase": 5.4,
        "versionavailabletodate": null,
        "firstdigitalcapturedate": "1988-05-16",
        "description_evidencedate": "2006-07-01",
        "oslandcover_evidencedate": "2006-07-01",
        "versionavailablefromdate": "2025-02-06T00:00:00Z"
      }
    },
    {
      "id": "3ec12c01-f6f1-4964-8699-cf3629699979",
      "type": "Feature",
      "geometry": {
        "type": "Polygon",
        "coordinates": [
          [
            [
              -1.4653784,
              50.939074
            ],
            [
              -1.4654214,
              50.9390872
            ],
            [
              -1.465459,
              50.9390384
            ],
            [
              -1.4654372,
              50.9390317
            ],
            [
              -1.465416,
              50.9390252
            ],
            [
              -1.4653784,
              50.939074
            ]
          ]
        ]
      },
      "properties": {
        "osid": "3ec12c01-f6f1-4964-8699-cf3629699979",
        "toid": "osgb5000005247278654",
        "theme": "Buildings",
        "changetype": "Modified Attributes",
        "isobscured": false,
        "description": "Building",
        "versiondate": "2025-02-05",
        "geometry_area": 20.295312,
        "height_source": "Ordnance Survey",
        "physicallevel": "Surface Level",
        "oslandusetiera": "Residential Accommodation",
        "oslandusetierb": [
          "Private Residence"
        ],
        "geometry_source": "Ordnance Survey",
        "oslandcovertiera": "Constructed",
        "oslandcovertierb": [
          "Building"
        ],
        "oslanduse_source": "Ordnance Survey",
        "height_updatedate": "2025-01-17",
        "description_source": "Ordnance Survey",
        "oslandcover_source": "Ordnance Survey",
        "associatedstructure": null,
        "geometry_updatedate": "2019-10-28",
        "height_evidencedate": "2024-06-20",
        "capturespecification": "Urban",
        "oslanduse_updatedate": "2019-06-05",
        "absoluteheightmaximum": 26.2,
        "absoluteheightminimum": 22.3,
        "geometry_evidencedate": "2019-10-28",
        "heightconfidencelevel": "Moderate",
        "relativeheightmaximum": 3.9,
        "absoluteheightroofbase": 25.2,
        "description_updatedate": "2019-06-05",
        "oslandcover_updatedate": "2019-06-05",
        "oslanduse_evidencedate": "2019-06-05",
        "relativeheightroofbase": 2.9,
        "versionavailabletodate": null,
        "firstdigitalcapturedate": "2019-06-05",
        "description_evidencedate": "2019-06-05",
        "oslandcover_evidencedate": "2019-06-05",
        "versionavailablefromdate": "2025-02-06T00:00:00Z"
      }
    },
    {
      "id": "3ef75b81-183e-4f91-a9f0-3c8b6404a5e2",
      "type": "Feature",
      "geometry": {
        "type": "Polygon",
        "coordinates": [
          [
            [
              -1.465399,
              50.9362049
            ],
            [
              -1.4653966,
              50.9362291
            ],
            [
              -1.4654748,
              50.9362331
            ],
            [
              -1.4654779,
              50.9362088
            ],
            [
              -1.465399,
              50.9362049
            ]
          ]
        ]
      },
      "properties": {
        "osid": "3ef75b81-183e-4f91-a9f0-3c8b6404a5e2",
        "toid": "osgb1000016342819",
        "theme": "Buildings",
        "changetype": "Modified Attributes",
        "isobscured": false,
        "description": "Building",
        "versiondate": "2025-02-05",
        "geometry_area": 14.9875,
        "height_source": "Ordnance Survey",
        "physicallevel": "Surface Level",
        "oslandusetiera": "Unknown Or Unused Artificial",
        "oslandusetierb": [],
        "geometry_source": "Ordnance Survey",
        "oslandcovertiera": "Constructed",
        "oslandcovertierb": [
          "Building"
        ],
        "oslanduse_source": "Ordnance Survey",
        "height_updatedate": "2025-01-17",
        "description_source": "Ordnance Survey",
        "oslandcover_source": "Ordnance Survey",
        "associatedstructure": null,
        "geometry_updatedate": "2004-04-13",
        "height_evidencedate": "2024-06-20",
        "capturespecification": "Urban",
        "oslanduse_updatedate": "2004-04-13",
        "absoluteheightmaximum": null,
        "absoluteheightminimum": 13.5,
        "geometry_evidencedate": "2004-04-13",
        "heightconfidencelevel": "Incomplete",
        "relativeheightmaximum": null,
        "absoluteheightroofbase": null,
        "description_updatedate": "2004-04-13",
        "oslandcover_updatedate": "2004-04-13",
        "oslanduse_evidencedate": "2004-04-13",
        "relativeheightroofbase": null,
        "versionavailabletodate": null,
        "firstdigitalcapturedate": "1988-05-16",
        "description_evidencedate": "2004-04-13",
        "oslandcover_evidencedate": "2004-04-13",
        "versionavailablefromdate": "2025-02-06T00:00:00Z"
      }
    },
    {
      "id": "3f0c7479-c20c-43cc-987e-bf3ccedc0a4d",
      "type": "Feature",
      "geometry": {
        "type": "Polygon",
        "coordinates": [
          [
            [
              -1.4677957,
              50.9364832
            ],
            [
              -1.4677715,
              50.9364371
            ],
            [
              -1.4676867,
              50.9364581
            ],
            [
              -1.4676781,
              50.936459
            ],
            [
              -1.4676865,
              50.9364721
            ],
            [
              -1.4677075,
              50.936505
            ],
            [
              -1.4677957,
              50.9364832
            ]
          ]
        ]
      },
      "properties": {
        "osid": "3f0c7479-c20c-43cc-987e-bf3ccedc0a4d",
        "toid": "osgb1000016343183",
        "theme": "Buildings",
        "changetype": "Modified Attributes",
        "isobscured": false,
        "description": "Building",
        "versiondate": "2025-02-05",
        "geometry_area": 36.7953,
        "height_source": "Ordnance Survey",
        "physicallevel": "Surface Level",
        "oslandusetiera": "Residential Accommodation",
        "oslandusetierb": [
          "Private Residence"
        ],
        "geometry_source": "Ordnance Survey",
        "oslandcovertiera": "Constructed",
        "oslandcovertierb": [
          "Building"
        ],
        "oslanduse_source": "Ordnance Survey",
        "height_updatedate": "2025-01-17",
        "description_source": "Ordnance Survey",
        "oslandcover_source": "Ordnance Survey",
        "associatedstructure": null,
        "geometry_updatedate": "2004-04-13",
        "height_evidencedate": "2024-06-20",
        "capturespecification": "Urban",
        "oslanduse_updatedate": "2004-04-13",
        "absoluteheightmaximum": 19.5,
        "absoluteheightminimum": 11.9,
        "geometry_evidencedate": "2004-04-13",
        "heightconfidencelevel": "Moderate",
        "relativeheightmaximum": 7.6,
        "absoluteheightroofbase": 16.5,
        "description_updatedate": "2004-04-13",
        "oslandcover_updatedate": "2004-04-13",
        "oslanduse_evidencedate": "2004-04-13",
        "relativeheightroofbase": 4.6,
        "versionavailabletodate": null,
        "firstdigitalcapturedate": "1988-05-16",
        "description_evidencedate": "2004-04-13",
        "oslandcover_evidencedate": "2004-04-13",
        "versionavailablefromdate": "2025-02-06T00:00:00Z"
      }
    },
    {
      "id": "3f51977c-dc2e-4204-a633-00297980dfd7",
      "type": "Feature",
      "geometry": {
        "type": "Polygon",
        "coordinates": [
          [
            [
              -1.4652338,
              50.937201
            ],
            [
              -1.4653072,
              50.937204
            ],
            [
              -1.4653096,
              50.9371806
            ],
            [
              -1.4652362,
              50.9371777
            ],
            [
              -1.4652338,
              50.937201
            ]
          ]
        ]
      },
      "properties": {
        "osid": "3f51977c-dc2e-4204-a633-00297980dfd7",
        "toid": "osgb5000005203977439",
        "theme": "Buildings",
        "changetype": "Modified Attributes",
        "isobscured": false,
        "description": "Building",
        "versiondate": "2025-02-05",
        "geometry_area": 13.434958,
        "height_source": "Ordnance Survey",
        "physicallevel": "Surface Level",
        "oslandusetiera": "Residential Accommodation",
        "oslandusetierb": [
          "Private Residence"
        ],
        "geometry_source": "Ordnance Survey",
        "oslandcovertiera": "Constructed",
        "oslandcovertierb": [
          "Building"
        ],
        "oslanduse_source": "Ordnance Survey",
        "height_updatedate": "2025-01-17",
        "description_source": "Ordnance Survey",
        "oslandcover_source": "Ordnance Survey",
        "associatedstructure": null,
        "geometry_updatedate": "2017-04-21",
        "height_evidencedate": "2024-06-20",
        "capturespecification": "Urban",
        "oslanduse_updatedate": "2017-04-21",
        "absoluteheightmaximum": 20.1,
        "absoluteheightminimum": 17.5,
        "geometry_evidencedate": "2016-08-12",
        "heightconfidencelevel": "Moderate",
        "relativeheightmaximum": 2.6,
        "absoluteheightroofbase": 19.8,
        "description_updatedate": "2017-04-21",
        "oslandcover_updatedate": "2017-04-21",
        "oslanduse_evidencedate": "2016-08-12",
        "relativeheightroofbase": 2.3,
        "versionavailabletodate": null,
        "firstdigitalcapturedate": "2017-05-04",
        "description_evidencedate": "2016-08-12",
        "oslandcover_evidencedate": "2016-08-12",
        "versionavailablefromdate": "2025-02-06T00:00:00Z"
      }
    },
    {
      "id": "40508265-9156-4d9b-af42-5f949c288525",
      "type": "Feature",
      "geometry": {
        "type": "Polygon",
        "coordinates": [
          [
            [
              -1.4654719,
              50.9398605
            ],
            [
              -1.4655503,
              50.9398855
            ],
            [
              -1.4655718,
              50.9398586
            ],
            [
              -1.4654934,
              50.9398336
            ],
            [
              -1.4654719,
              50.9398605
            ]
          ]
        ]
      },
      "properties": {
        "osid": "40508265-9156-4d9b-af42-5f949c288525",
        "toid": "osgb5000005232124728",
        "theme": "Buildings",
        "changetype": "Modified Attributes",
        "isobscured": false,
        "description": "Building",
        "versiondate": "2025-02-05",
        "geometry_area": 20.678128,
        "height_source": "Ordnance Survey",
        "physicallevel": "Surface Level",
        "oslandusetiera": "Residential Accommodation",
        "oslandusetierb": [
          "Private Residence"
        ],
        "geometry_source": "Ordnance Survey",
        "oslandcovertiera": "Constructed",
        "oslandcovertierb": [
          "Building"
        ],
        "oslanduse_source": "Ordnance Survey",
        "height_updatedate": "2025-01-17",
        "description_source": "Ordnance Survey",
        "oslandcover_source": "Ordnance Survey",
        "associatedstructure": null,
        "geometry_updatedate": "2018-07-09",
        "height_evidencedate": "2024-06-20",
        "capturespecification": "Urban",
        "oslanduse_updatedate": "2018-07-09",
        "absoluteheightmaximum": 26.9,
        "absoluteheightminimum": 23.1,
        "geometry_evidencedate": "2018-07-09",
        "heightconfidencelevel": "Moderate",
        "relativeheightmaximum": 3.8,
        "absoluteheightroofbase": 26.2,
        "description_updatedate": "2018-07-09",
        "oslandcover_updatedate": "2018-07-09",
        "oslanduse_evidencedate": "2018-07-09",
        "relativeheightroofbase": 3.1,
        "versionavailabletodate": null,
        "firstdigitalcapturedate": "2018-07-10",
        "description_evidencedate": "2018-07-09",
        "oslandcover_evidencedate": "2018-07-09",
        "versionavailablefromdate": "2025-02-06T00:00:00Z"
      }
    },
    {
      "id": "40a59ad2-3da7-4283-8521-b2dbf1e136f3",
      "type": "Feature",
      "geometry": {
        "type": "Polygon",
        "coordinates": [
          [
            [
              -1.4702626,
              50.9390874
            ],
            [
              -1.4702621,
              50.9391367
            ],
            [
              -1.4703625,
              50.9391371
            ],
            [
              -1.4703629,
              50.9390878
            ],
            [
              -1.4702626,
              50.9390874
            ]
          ]
        ]
      },
      "properties": {
        "osid": "40a59ad2-3da7-4283-8521-b2dbf1e136f3",
        "toid": "osgb1000002682082398",
        "theme": "Buildings",
        "changetype": "Modified Attributes",
        "isobscured": false,
        "description": "Building",
        "versiondate": "2025-02-05",
        "geometry_area": 38.634,
        "height_source": "Ordnance Survey",
        "physicallevel": "Surface Level",
        "oslandusetiera": "Government Services",
        "oslandusetierb": [],
        "geometry_source": "Ordnance Survey",
        "oslandcovertiera": "Constructed",
        "oslandcovertierb": [
          "Building"
        ],
        "oslanduse_source": "Ordnance Survey",
        "height_updatedate": "2025-01-17",
        "description_source": "Ordnance Survey",
        "oslandcover_source": "Ordnance Survey",
        "associatedstructure": null,
        "geometry_updatedate": "2010-08-19",
        "height_evidencedate": "2024-06-20",
        "capturespecification": "Urban",
        "oslanduse_updatedate": "2010-08-19",
        "absoluteheightmaximum": 19.2,
        "absoluteheightminimum": 14.2,
        "geometry_evidencedate": "2010-08-19",
        "heightconfidencelevel": "Moderate",
        "relativeheightmaximum": 5,
        "absoluteheightroofbase": 18.9,
        "description_updatedate": "2010-08-19",
        "oslandcover_updatedate": "2010-08-19",
        "oslanduse_evidencedate": "2010-08-19",
        "relativeheightroofbase": 4.7,
        "versionavailabletodate": null,
        "firstdigitalcapturedate": "2010-08-19",
        "description_evidencedate": "2010-08-19",
        "oslandcover_evidencedate": "2010-08-19",
        "versionavailablefromdate": "2025-02-06T00:00:00Z"
      }
    },
    {
      "id": "40af4308-5d72-42bd-9c85-49c61ba1500e",
      "type": "Feature",
      "geometry": {
        "type": "Polygon",
        "coordinates": [
          [
            [
              -1.4649654,
              50.9400792
            ],
            [
              -1.4650226,
              50.9401008
            ],
            [
              -1.4650474,
              50.9400746
            ],
            [
              -1.4650853,
              50.9400344
            ],
            [
              -1.4650281,
              50.9400128
            ],
            [
              -1.4649654,
              50.9400792
            ]
          ]
        ]
      },
      "properties": {
        "osid": "40af4308-5d72-42bd-9c85-49c61ba1500e",
        "toid": "osgb5000005227734245",
        "theme": "Buildings",
        "changetype": "Modified Attributes",
        "isobscured": false,
        "description": "Building",
        "versiondate": "2025-02-05",
        "geometry_area": 40.286473,
        "height_source": "Ordnance Survey",
        "physicallevel": "Surface Level",
        "oslandusetiera": "Residential Accommodation",
        "oslandusetierb": [
          "Private Residence"
        ],
        "geometry_source": "Ordnance Survey",
        "oslandcovertiera": "Constructed",
        "oslandcovertierb": [
          "Building"
        ],
        "oslanduse_source": "Ordnance Survey",
        "height_updatedate": "2025-01-17",
        "description_source": "Ordnance Survey",
        "oslandcover_source": "Ordnance Survey",
        "associatedstructure": null,
        "geometry_updatedate": "2018-04-30",
        "height_evidencedate": "2024-06-20",
        "capturespecification": "Urban",
        "oslanduse_updatedate": "2018-04-30",
        "absoluteheightmaximum": 31.8,
        "absoluteheightminimum": 23.7,
        "geometry_evidencedate": "2018-04-30",
        "heightconfidencelevel": "Moderate",
        "relativeheightmaximum": 8.1,
        "absoluteheightroofbase": 29.6,
        "description_updatedate": "2018-04-30",
        "oslandcover_updatedate": "2018-04-30",
        "oslanduse_evidencedate": "2018-04-30",
        "relativeheightroofbase": 5.9,
        "versionavailabletodate": null,
        "firstdigitalcapturedate": "2018-04-30",
        "description_evidencedate": "2018-04-30",
        "oslandcover_evidencedate": "2018-04-30",
        "versionavailablefromdate": "2025-02-06T00:00:00Z"
      }
    },
    {
      "id": "40be6c18-577f-4be1-b60a-3ed5f06ee1b8",
      "type": "Feature",
      "geometry": {
        "type": "Polygon",
        "coordinates": [
          [
            [
              -1.4695156,
              50.9401962
            ],
            [
              -1.4698973,
              50.9401981
            ],
            [
              -1.4699008,
              50.9399206
            ],
            [
              -1.4695191,
              50.9399186
            ],
            [
              -1.4695156,
              50.9401962
            ]
          ]
        ]
      },
      "properties": {
        "osid": "40be6c18-577f-4be1-b60a-3ed5f06ee1b8",
        "toid": "osgb5000005278503018",
        "theme": "Buildings",
        "changetype": "Modified Attributes",
        "isobscured": false,
        "description": "Building",
        "versiondate": "2025-02-05",
        "geometry_area": 827.693834,
        "height_source": "Ordnance Survey",
        "physicallevel": "Surface Level",
        "oslandusetiera": "Commercial Activity: Industrial Or Manufacturing",
        "oslandusetierb": [],
        "geometry_source": "Ordnance Survey",
        "oslandcovertiera": "Constructed",
        "oslandcovertierb": [
          "Building"
        ],
        "oslanduse_source": "Ordnance Survey",
        "height_updatedate": "2025-01-17",
        "description_source": "Ordnance Survey",
        "oslandcover_source": "Ordnance Survey",
        "associatedstructure": null,
        "geometry_updatedate": "2021-03-10",
        "height_evidencedate": "2024-06-20",
        "capturespecification": "Urban",
        "oslanduse_updatedate": "2021-03-10",
        "absoluteheightmaximum": 27.8,
        "absoluteheightminimum": 14.9,
        "geometry_evidencedate": "2021-03-10",
        "heightconfidencelevel": "Moderate",
        "relativeheightmaximum": 12.9,
        "absoluteheightroofbase": 25,
        "description_updatedate": "2021-03-10",
        "oslandcover_updatedate": "2021-03-10",
        "oslanduse_evidencedate": "2021-03-10",
        "relativeheightroofbase": 10.1,
        "versionavailabletodate": null,
        "firstdigitalcapturedate": "2021-03-10",
        "description_evidencedate": "2021-03-10",
        "oslandcover_evidencedate": "2021-03-10",
        "versionavailablefromdate": "2025-02-06T00:00:00Z"
      }
    },
    {
      "id": "41146c66-3ec2-4a8e-8a10-abeea3bceb99",
      "type": "Feature",
      "geometry": {
        "type": "Polygon",
        "coordinates": [
          [
            [
              -1.4639398,
              50.9408975
            ],
            [
              -1.4638928,
              50.9408916
            ],
            [
              -1.4638756,
              50.9409463
            ],
            [
              -1.4639227,
              50.9409522
            ],
            [
              -1.4639398,
              50.9408975
            ]
          ]
        ]
      },
      "properties": {
        "osid": "41146c66-3ec2-4a8e-8a10-abeea3bceb99",
        "toid": "osgb5000005198749573",
        "theme": "Buildings",
        "changetype": "Modified Attributes",
        "isobscured": false,
        "description": "Building",
        "versiondate": "2025-02-05",
        "geometry_area": 20.879044,
        "height_source": "Ordnance Survey",
        "physicallevel": "Surface Level",
        "oslandusetiera": "Residential Accommodation",
        "oslandusetierb": [
          "Private Residence"
        ],
        "geometry_source": "Ordnance Survey",
        "oslandcovertiera": "Constructed",
        "oslandcovertierb": [
          "Building"
        ],
        "oslanduse_source": "Ordnance Survey",
        "height_updatedate": "2025-01-17",
        "description_source": "Ordnance Survey",
        "oslandcover_source": "Ordnance Survey",
        "associatedstructure": null,
        "geometry_updatedate": "2017-02-07",
        "height_evidencedate": "2024-06-20",
        "capturespecification": "Urban",
        "oslanduse_updatedate": "2017-02-07",
        "absoluteheightmaximum": 27.4,
        "absoluteheightminimum": 24.1,
        "geometry_evidencedate": "2017-02-07",
        "heightconfidencelevel": "Moderate",
        "relativeheightmaximum": 3.3,
        "absoluteheightroofbase": 26.9,
        "description_updatedate": "2017-02-07",
        "oslandcover_updatedate": "2017-02-07",
        "oslanduse_evidencedate": "2017-02-07",
        "relativeheightroofbase": 2.8,
        "versionavailabletodate": null,
        "firstdigitalcapturedate": "2017-02-07",
        "description_evidencedate": "2017-02-07",
        "oslandcover_evidencedate": "2017-02-07",
        "versionavailablefromdate": "2025-02-06T00:00:00Z"
      }
    },
    {
      "id": "42c5221d-474b-405c-b747-da3676e3fa40",
      "type": "Feature",
      "geometry": {
        "type": "Polygon",
        "coordinates": [
          [
            [
              -1.466462,
              50.939598
            ],
            [
              -1.4664072,
              50.9395477
            ],
            [
              -1.4662902,
              50.9395985
            ],
            [
              -1.4663449,
              50.9396489
            ],
            [
              -1.466462,
              50.939598
            ]
          ]
        ]
      },
      "properties": {
        "osid": "42c5221d-474b-405c-b747-da3676e3fa40",
        "toid": "osgb5000005239289060",
        "theme": "Buildings",
        "changetype": "Modified Attributes",
        "isobscured": false,
        "description": "Building",
        "versiondate": "2025-02-05",
        "geometry_area": 67.769642,
        "height_source": "Ordnance Survey",
        "physicallevel": "Surface Level",
        "oslandusetiera": "Residential Accommodation",
        "oslandusetierb": [
          "Private Residence"
        ],
        "geometry_source": "Ordnance Survey",
        "oslandcovertiera": "Constructed",
        "oslandcovertierb": [
          "Building"
        ],
        "oslanduse_source": "Ordnance Survey",
        "height_updatedate": "2025-01-17",
        "description_source": "Ordnance Survey",
        "oslandcover_source": "Ordnance Survey",
        "associatedstructure": null,
        "geometry_updatedate": "2018-11-23",
        "height_evidencedate": "2024-06-20",
        "capturespecification": "Urban",
        "oslanduse_updatedate": "2018-11-26",
        "absoluteheightmaximum": 30.2,
        "absoluteheightminimum": 21.3,
        "geometry_evidencedate": "2018-11-23",
        "heightconfidencelevel": "Moderate",
        "relativeheightmaximum": 8.9,
        "absoluteheightroofbase": 28.5,
        "description_updatedate": "2018-11-26",
        "oslandcover_updatedate": "2018-11-26",
        "oslanduse_evidencedate": "2018-11-26",
        "relativeheightroofbase": 7.2,
        "versionavailabletodate": null,
        "firstdigitalcapturedate": "2018-11-26",
        "description_evidencedate": "2018-11-26",
        "oslandcover_evidencedate": "2018-11-26",
        "versionavailablefromdate": "2025-02-06T00:00:00Z"
      }
    },
    {
      "id": "42deae70-9bc9-4d09-98d6-623093ba7b4a",
      "type": "Feature",
      "geometry": {
        "type": "Polygon",
        "coordinates": [
          [
            [
              -1.4671048,
              50.9391077
            ],
            [
              -1.4671479,
              50.9391477
            ],
            [
              -1.467263,
              50.939098
            ],
            [
              -1.4672199,
              50.9390581
            ],
            [
              -1.4671048,
              50.9391077
            ]
          ]
        ]
      },
      "properties": {
        "osid": "42deae70-9bc9-4d09-98d6-623093ba7b4a",
        "toid": "osgb5000005244788323",
        "theme": "Buildings",
        "changetype": "Modified Attributes",
        "isobscured": false,
        "description": "Building",
        "versiondate": "2025-02-05",
        "geometry_area": 52.677339,
        "height_source": "Ordnance Survey",
        "physicallevel": "Surface Level",
        "oslandusetiera": "Residential Accommodation",
        "oslandusetierb": [
          "Private Residence"
        ],
        "geometry_source": "Ordnance Survey",
        "oslandcovertiera": "Constructed",
        "oslandcovertierb": [
          "Building"
        ],
        "oslanduse_source": "Ordnance Survey",
        "height_updatedate": "2025-01-17",
        "description_source": "Ordnance Survey",
        "oslandcover_source": "Ordnance Survey",
        "associatedstructure": null,
        "geometry_updatedate": "2019-04-08",
        "height_evidencedate": "2024-06-20",
        "capturespecification": "Urban",
        "oslanduse_updatedate": "2019-04-09",
        "absoluteheightmaximum": 26.1,
        "absoluteheightminimum": 17.8,
        "geometry_evidencedate": "2019-04-08",
        "heightconfidencelevel": "Moderate",
        "relativeheightmaximum": 8.3,
        "absoluteheightroofbase": 23.5,
        "description_updatedate": "2019-04-09",
        "oslandcover_updatedate": "2019-04-09",
        "oslanduse_evidencedate": "2019-04-09",
        "relativeheightroofbase": 5.7,
        "versionavailabletodate": null,
        "firstdigitalcapturedate": "2019-04-09",
        "description_evidencedate": "2019-04-09",
        "oslandcover_evidencedate": "2019-04-09",
        "versionavailablefromdate": "2025-02-06T00:00:00Z"
      }
    },
    {
      "id": "43cea0f0-fc17-4dcd-beaf-0f4942eb0395",
      "type": "Feature",
      "geometry": {
        "type": "Polygon",
        "coordinates": [
          [
            [
              -1.4634391,
              50.94056
            ],
            [
              -1.4633684,
              50.940528
            ],
            [
              -1.4632973,
              50.9405908
            ],
            [
              -1.463368,
              50.9406228
            ],
            [
              -1.4634391,
              50.94056
            ]
          ]
        ]
      },
      "properties": {
        "osid": "43cea0f0-fc17-4dcd-beaf-0f4942eb0395",
        "toid": "osgb5000005198749569",
        "theme": "Buildings",
        "changetype": "Modified Attributes",
        "isobscured": false,
        "description": "Building",
        "versiondate": "2025-02-05",
        "geometry_area": 52.476333,
        "height_source": "Ordnance Survey",
        "physicallevel": "Surface Level",
        "oslandusetiera": "Residential Accommodation",
        "oslandusetierb": [
          "Private Residence"
        ],
        "geometry_source": "Ordnance Survey",
        "oslandcovertiera": "Constructed",
        "oslandcovertierb": [
          "Building"
        ],
        "oslanduse_source": "Ordnance Survey",
        "height_updatedate": "2025-01-17",
        "description_source": "Ordnance Survey",
        "oslandcover_source": "Ordnance Survey",
        "associatedstructure": null,
        "geometry_updatedate": "2017-02-07",
        "height_evidencedate": "2024-06-20",
        "capturespecification": "Urban",
        "oslanduse_updatedate": "2017-02-07",
        "absoluteheightmaximum": 32.2,
        "absoluteheightminimum": 24.1,
        "geometry_evidencedate": "2017-02-07",
        "heightconfidencelevel": "Moderate",
        "relativeheightmaximum": 8.1,
        "absoluteheightroofbase": 29.7,
        "description_updatedate": "2017-02-07",
        "oslandcover_updatedate": "2017-02-07",
        "oslanduse_evidencedate": "2017-02-07",
        "relativeheightroofbase": 5.6,
        "versionavailabletodate": null,
        "firstdigitalcapturedate": "2017-02-07",
        "description_evidencedate": "2017-02-07",
        "oslandcover_evidencedate": "2017-02-07",
        "versionavailablefromdate": "2025-02-06T00:00:00Z"
      }
    },
    {
      "id": "4463b2f6-1c2d-4e5c-ad4f-f6d86b39b03f",
      "type": "Feature",
      "geometry": {
        "type": "Polygon",
        "coordinates": [
          [
            [
              -1.4646016,
              50.9399546
            ],
            [
              -1.4646618,
              50.9399729
            ],
            [
              -1.4647123,
              50.9399065
            ],
            [
              -1.4646521,
              50.9398882
            ],
            [
              -1.4646324,
              50.939914
            ],
            [
              -1.4646016,
              50.9399546
            ]
          ]
        ]
      },
      "properties": {
        "osid": "4463b2f6-1c2d-4e5c-ad4f-f6d86b39b03f",
        "toid": "osgb5000005227734213",
        "theme": "Buildings",
        "changetype": "Modified Attributes",
        "isobscured": false,
        "description": "Building",
        "versiondate": "2025-02-05",
        "geometry_area": 38.49396,
        "height_source": "Ordnance Survey",
        "physicallevel": "Surface Level",
        "oslandusetiera": "Residential Accommodation",
        "oslandusetierb": [
          "Private Residence"
        ],
        "geometry_source": "Ordnance Survey",
        "oslandcovertiera": "Constructed",
        "oslandcovertierb": [
          "Building"
        ],
        "oslanduse_source": "Ordnance Survey",
        "height_updatedate": "2025-01-17",
        "description_source": "Ordnance Survey",
        "oslandcover_source": "Ordnance Survey",
        "associatedstructure": null,
        "geometry_updatedate": "2018-04-30",
        "height_evidencedate": "2024-06-20",
        "capturespecification": "Urban",
        "oslanduse_updatedate": "2018-04-30",
        "absoluteheightmaximum": 32.1,
        "absoluteheightminimum": 24.2,
        "geometry_evidencedate": "2018-04-30",
        "heightconfidencelevel": "Moderate",
        "relativeheightmaximum": 7.9,
        "absoluteheightroofbase": 29.9,
        "description_updatedate": "2018-04-30",
        "oslandcover_updatedate": "2018-04-30",
        "oslanduse_evidencedate": "2018-04-30",
        "relativeheightroofbase": 5.7,
        "versionavailabletodate": null,
        "firstdigitalcapturedate": "2018-04-30",
        "description_evidencedate": "2018-04-30",
        "oslandcover_evidencedate": "2018-04-30",
        "versionavailablefromdate": "2025-02-06T00:00:00Z"
      }
    },
    {
      "id": "44738c79-490d-43c2-bc7c-f176213e20b5",
      "type": "Feature",
      "geometry": {
        "type": "Polygon",
        "coordinates": [
          [
            [
              -1.4664189,
              50.9387178
            ],
            [
              -1.4665017,
              50.9387384
            ],
            [
              -1.4665185,
              50.9387114
            ],
            [
              -1.4664358,
              50.9386908
            ],
            [
              -1.4664189,
              50.9387178
            ]
          ]
        ]
      },
      "properties": {
        "osid": "44738c79-490d-43c2-bc7c-f176213e20b5",
        "toid": "osgb5000005244788290",
        "theme": "Buildings",
        "changetype": "Modified Attributes",
        "isobscured": false,
        "description": "Building",
        "versiondate": "2025-02-05",
        "geometry_area": 20.185638,
        "height_source": "Ordnance Survey",
        "physicallevel": "Surface Level",
        "oslandusetiera": "Unknown Or Unused Artificial",
        "oslandusetierb": [],
        "geometry_source": "Ordnance Survey",
        "oslandcovertiera": "Constructed",
        "oslandcovertierb": [
          "Building"
        ],
        "oslanduse_source": "Ordnance Survey",
        "height_updatedate": "2025-01-17",
        "description_source": "Ordnance Survey",
        "oslandcover_source": "Ordnance Survey",
        "associatedstructure": null,
        "geometry_updatedate": "2019-04-08",
        "height_evidencedate": "2024-06-20",
        "capturespecification": "Urban",
        "oslanduse_updatedate": "2019-04-09",
        "absoluteheightmaximum": 22.8,
        "absoluteheightminimum": 19.1,
        "geometry_evidencedate": "2019-04-08",
        "heightconfidencelevel": "Moderate",
        "relativeheightmaximum": 3.7,
        "absoluteheightroofbase": 21.4,
        "description_updatedate": "2019-04-09",
        "oslandcover_updatedate": "2019-04-09",
        "oslanduse_evidencedate": "2019-04-09",
        "relativeheightroofbase": 2.3,
        "versionavailabletodate": null,
        "firstdigitalcapturedate": "2019-04-09",
        "description_evidencedate": "2019-04-09",
        "oslandcover_evidencedate": "2019-04-09",
        "versionavailablefromdate": "2025-02-06T00:00:00Z"
      }
    },
    {
      "id": "44799c42-568e-4ef4-b90f-5e77bef43aad",
      "type": "Feature",
      "geometry": {
        "type": "Polygon",
        "coordinates": [
          [
            [
              -1.4668432,
              50.9355596
            ],
            [
              -1.4669008,
              50.9355724
            ],
            [
              -1.4669099,
              50.9355559
            ],
            [
              -1.4669415,
              50.9354991
            ],
            [
              -1.4668839,
              50.9354863
            ],
            [
              -1.4668432,
              50.9355596
            ]
          ]
        ]
      },
      "properties": {
        "osid": "44799c42-568e-4ef4-b90f-5e77bef43aad",
        "toid": "osgb5000005208814640",
        "theme": "Buildings",
        "changetype": "Modified Attributes",
        "isobscured": false,
        "description": "Building",
        "versiondate": "2025-02-05",
        "geometry_area": 37.061832,
        "height_source": "Ordnance Survey",
        "physicallevel": "Surface Level",
        "oslandusetiera": "Residential Accommodation",
        "oslandusetierb": [
          "Private Residence"
        ],
        "geometry_source": "Ordnance Survey",
        "oslandcovertiera": "Constructed",
        "oslandcovertierb": [
          "Building"
        ],
        "oslanduse_source": "Ordnance Survey",
        "height_updatedate": "2025-01-17",
        "description_source": "Ordnance Survey",
        "oslandcover_source": "Ordnance Survey",
        "associatedstructure": null,
        "geometry_updatedate": "2017-11-09",
        "height_evidencedate": "2024-06-20",
        "capturespecification": "Urban",
        "oslanduse_updatedate": "2017-08-03",
        "absoluteheightmaximum": 20.7,
        "absoluteheightminimum": 12.1,
        "geometry_evidencedate": "2017-11-09",
        "heightconfidencelevel": "Moderate",
        "relativeheightmaximum": 8.6,
        "absoluteheightroofbase": 17.5,
        "description_updatedate": "2017-08-03",
        "oslandcover_updatedate": "2017-08-03",
        "oslanduse_evidencedate": "2017-08-03",
        "relativeheightroofbase": 5.4,
        "versionavailabletodate": null,
        "firstdigitalcapturedate": "2017-08-03",
        "description_evidencedate": "2017-08-03",
        "oslandcover_evidencedate": "2017-08-03",
        "versionavailablefromdate": "2025-02-06T00:00:00Z"
      }
    },
    {
      "id": "44c735ac-2fb6-4ca3-a46d-bcbcfca4c732",
      "type": "Feature",
      "geometry": {
        "type": "Polygon",
        "coordinates": [
          [
            [
              -1.4693898,
              50.9371888
            ],
            [
              -1.4693891,
              50.9372212
            ],
            [
              -1.4693887,
              50.9372472
            ],
            [
              -1.4693866,
              50.9374124
            ],
            [
              -1.4693865,
              50.937416
            ],
            [
              -1.4694995,
              50.9374166
            ],
            [
              -1.4696223,
              50.9374173
            ],
            [
              -1.4696237,
              50.9373114
            ],
            [
              -1.4696245,
              50.9372485
            ],
            [
              -1.4695884,
              50.9372483
            ],
            [
              -1.4695886,
              50.9372307
            ],
            [
              -1.4695172,
              50.9372304
            ],
            [
              -1.4695173,
              50.9372219
            ],
            [
              -1.4695174,
              50.9372075
            ],
            [
              -1.4695175,
              50.9372002
            ],
            [
              -1.4695183,
              50.9371455
            ],
            [
              -1.469491,
              50.9371454
            ],
            [
              -1.4693907,
              50.9371448
            ],
            [
              -1.4693898,
              50.9371888
            ]
          ]
        ]
      },
      "properties": {
        "osid": "44c735ac-2fb6-4ca3-a46d-bcbcfca4c732",
        "toid": "osgb1000002682082039",
        "theme": "Buildings",
        "changetype": "Modified Attributes",
        "isobscured": false,
        "description": "Building",
        "versiondate": "2025-02-05",
        "geometry_area": 423.198921,
        "height_source": "Ordnance Survey",
        "physicallevel": "Surface Level",
        "oslandusetiera": "Education",
        "oslandusetierb": [],
        "geometry_source": "Ordnance Survey",
        "oslandcovertiera": "Constructed",
        "oslandcovertierb": [
          "Building"
        ],
        "oslanduse_source": "Ordnance Survey",
        "height_updatedate": "2025-01-17",
        "description_source": "Ordnance Survey",
        "oslandcover_source": "Ordnance Survey",
        "associatedstructure": null,
        "geometry_updatedate": "2016-05-18",
        "height_evidencedate": "2024-06-20",
        "capturespecification": "Urban",
        "oslanduse_updatedate": "2011-05-19",
        "absoluteheightmaximum": 16.1,
        "absoluteheightminimum": 12.7,
        "geometry_evidencedate": "2016-05-18",
        "heightconfidencelevel": "Moderate",
        "relativeheightmaximum": 3.4,
        "absoluteheightroofbase": 15.6,
        "description_updatedate": "2011-05-19",
        "oslandcover_updatedate": "2011-05-19",
        "oslanduse_evidencedate": "2011-05-19",
        "relativeheightroofbase": 2.9,
        "versionavailabletodate": null,
        "firstdigitalcapturedate": "2010-07-21",
        "description_evidencedate": "2011-05-19",
        "oslandcover_evidencedate": "2011-05-19",
        "versionavailablefromdate": "2025-02-06T00:00:00Z"
      }
    },
    {
      "id": "44f4e96a-bb62-47f0-95a7-0b575e6dd553",
      "type": "Feature",
      "geometry": {
        "type": "Polygon",
        "coordinates": [
          [
            [
              -1.464223,
              50.9399294
            ],
            [
              -1.4643464,
              50.939967
            ],
            [
              -1.464379,
              50.9399242
            ],
            [
              -1.4642557,
              50.9398866
            ],
            [
              -1.464223,
              50.9399294
            ]
          ]
        ]
      },
      "properties": {
        "osid": "44f4e96a-bb62-47f0-95a7-0b575e6dd553",
        "toid": "osgb5000005232124706",
        "theme": "Buildings",
        "changetype": "Modified Attributes",
        "isobscured": false,
        "description": "Building",
        "versiondate": "2025-02-05",
        "geometry_area": 50.78666,
        "height_source": "Ordnance Survey",
        "physicallevel": "Surface Level",
        "oslandusetiera": "Residential Accommodation",
        "oslandusetierb": [
          "Private Residence"
        ],
        "geometry_source": "Ordnance Survey",
        "oslandcovertiera": "Constructed",
        "oslandcovertierb": [
          "Building"
        ],
        "oslanduse_source": "Ordnance Survey",
        "height_updatedate": "2025-01-17",
        "description_source": "Ordnance Survey",
        "oslandcover_source": "Ordnance Survey",
        "associatedstructure": null,
        "geometry_updatedate": "2018-07-09",
        "height_evidencedate": "2024-06-20",
        "capturespecification": "Urban",
        "oslanduse_updatedate": "2018-07-09",
        "absoluteheightmaximum": 31.9,
        "absoluteheightminimum": 24.1,
        "geometry_evidencedate": "2018-07-09",
        "heightconfidencelevel": "Moderate",
        "relativeheightmaximum": 7.8,
        "absoluteheightroofbase": 28.8,
        "description_updatedate": "2018-07-09",
        "oslandcover_updatedate": "2018-07-09",
        "oslanduse_evidencedate": "2018-07-09",
        "relativeheightroofbase": 4.7,
        "versionavailabletodate": null,
        "firstdigitalcapturedate": "2018-07-10",
        "description_evidencedate": "2018-07-09",
        "oslandcover_evidencedate": "2018-07-09",
        "versionavailablefromdate": "2025-02-06T00:00:00Z"
      }
    },
    {
      "id": "450f65d3-5071-41d1-b57e-cde011271330",
      "type": "Feature",
      "geometry": {
        "type": "Polygon",
        "coordinates": [
          [
            [
              -1.4686427,
              50.937273
            ],
            [
              -1.4686109,
              50.9372821
            ],
            [
              -1.468644,
              50.9373283
            ],
            [
              -1.4686758,
              50.9373192
            ],
            [
              -1.4686427,
              50.937273
            ]
          ]
        ]
      },
      "properties": {
        "osid": "450f65d3-5071-41d1-b57e-cde011271330",
        "toid": "osgb5000005340806058",
        "theme": "Buildings",
        "changetype": "Modified Attributes",
        "isobscured": false,
        "description": "Building",
        "versiondate": "2025-02-15",
        "geometry_area": 13.818396,
        "height_source": "Ordnance Survey",
        "physicallevel": "Surface Level",
        "oslandusetiera": "Residential Accommodation",
        "oslandusetierb": [
          "Private Residence"
        ],
        "geometry_source": "Ordnance Survey",
        "oslandcovertiera": "Constructed",
        "oslandcovertierb": [
          "Building"
        ],
        "oslanduse_source": "Ordnance Survey",
        "height_updatedate": "2025-02-13",
        "description_source": "Ordnance Survey",
        "oslandcover_source": "Ordnance Survey",
        "associatedstructure": null,
        "geometry_updatedate": "2024-11-27",
        "height_evidencedate": "2024-06-20",
        "capturespecification": "Urban",
        "oslanduse_updatedate": "2024-11-27",
        "absoluteheightmaximum": 14.5,
        "absoluteheightminimum": 12.2,
        "geometry_evidencedate": "2024-06-20",
        "heightconfidencelevel": "Moderate",
        "relativeheightmaximum": 2.3,
        "absoluteheightroofbase": 14.2,
        "description_updatedate": "2024-11-27",
        "oslandcover_updatedate": "2024-11-27",
        "oslanduse_evidencedate": "2024-06-20",
        "relativeheightroofbase": 2,
        "versionavailabletodate": null,
        "firstdigitalcapturedate": "2024-11-27",
        "description_evidencedate": "2024-06-20",
        "oslandcover_evidencedate": "2024-06-20",
        "versionavailablefromdate": "2025-02-16T00:00:00Z"
      }
    },
    {
      "id": "4574d205-bfec-4475-b700-55bc3a885e7d",
      "type": "Feature",
      "geometry": {
        "type": "Polygon",
        "coordinates": [
          [
            [
              -1.465013,
              50.9394039
            ],
            [
              -1.4650637,
              50.9394219
            ],
            [
              -1.465092,
              50.9393902
            ],
            [
              -1.4650413,
              50.9393722
            ],
            [
              -1.465013,
              50.9394039
            ]
          ]
        ]
      },
      "properties": {
        "osid": "4574d205-bfec-4475-b700-55bc3a885e7d",
        "toid": "osgb5000005295453562",
        "theme": "Buildings",
        "changetype": "Modified Attributes",
        "isobscured": false,
        "description": "Building",
        "versiondate": "2025-02-05",
        "geometry_area": 16.551264,
        "height_source": "Ordnance Survey",
        "physicallevel": "Surface Level",
        "oslandusetiera": "Residential Accommodation",
        "oslandusetierb": [
          "Private Residence"
        ],
        "geometry_source": "Ordnance Survey",
        "oslandcovertiera": "Constructed",
        "oslandcovertierb": [
          "Building"
        ],
        "oslanduse_source": "Ordnance Survey",
        "height_updatedate": "2025-01-17",
        "description_source": "Ordnance Survey",
        "oslandcover_source": "Ordnance Survey",
        "associatedstructure": null,
        "geometry_updatedate": "2022-05-06",
        "height_evidencedate": "2024-06-20",
        "capturespecification": "Urban",
        "oslanduse_updatedate": "2022-05-06",
        "absoluteheightmaximum": 25.5,
        "absoluteheightminimum": 23.2,
        "geometry_evidencedate": "2021-04-17",
        "heightconfidencelevel": "Moderate",
        "relativeheightmaximum": 2.3,
        "absoluteheightroofbase": 25.2,
        "description_updatedate": "2022-05-06",
        "oslandcover_updatedate": "2022-05-06",
        "oslanduse_evidencedate": "2021-04-17",
        "relativeheightroofbase": 2,
        "versionavailabletodate": null,
        "firstdigitalcapturedate": "2022-05-06",
        "description_evidencedate": "2021-04-17",
        "oslandcover_evidencedate": "2021-04-17",
        "versionavailablefromdate": "2025-02-06T00:00:00Z"
      }
    },
    {
      "id": "45b8cddb-e44f-4a3a-8f20-9e6267c4d35b",
      "type": "Feature",
      "geometry": {
        "type": "Polygon",
        "coordinates": [
          [
            [
              -1.4707201,
              50.93388
            ],
            [
              -1.4704805,
              50.9339058
            ],
            [
              -1.4704865,
              50.9339279
            ],
            [
              -1.4704959,
              50.9339628
            ],
            [
              -1.4704882,
              50.9339636
            ],
            [
              -1.4704983,
              50.9340009
            ],
            [
              -1.4706805,
              50.9339813
            ],
            [
              -1.4706844,
              50.9339958
            ],
            [
              -1.4707494,
              50.9339888
            ],
            [
              -1.4707455,
              50.9339743
            ],
            [
              -1.470765,
              50.9339722
            ],
            [
              -1.4707455,
              50.9339
            ],
            [
              -1.470726,
              50.9339021
            ],
            [
              -1.4707201,
              50.93388
            ]
          ]
        ]
      },
      "properties": {
        "osid": "45b8cddb-e44f-4a3a-8f20-9e6267c4d35b",
        "toid": "osgb5000005341930803",
        "theme": "Buildings",
        "changetype": "Modified Attributes",
        "isobscured": false,
        "description": "Building",
        "versiondate": "2025-07-22",
        "geometry_area": 202.749647,
        "height_source": "Ordnance Survey",
        "physicallevel": "Surface Level",
        "oslandusetiera": "Commercial Activity: Retail",
        "oslandusetierb": [],
        "geometry_source": "Ordnance Survey",
        "oslandcovertiera": "Constructed",
        "oslandcovertierb": [
          "Building"
        ],
        "oslanduse_source": "Ordnance Survey",
        "height_updatedate": "2025-07-22",
        "description_source": "Ordnance Survey",
        "oslandcover_source": "Ordnance Survey",
        "associatedstructure": null,
        "geometry_updatedate": "2025-01-03",
        "height_evidencedate": "2024-06-20",
        "capturespecification": "Urban",
        "oslanduse_updatedate": "2025-01-03",
        "absoluteheightmaximum": 17,
        "absoluteheightminimum": 11.4,
        "geometry_evidencedate": "2025-01-03",
        "heightconfidencelevel": "Low",
        "relativeheightmaximum": 5.6,
        "absoluteheightroofbase": 15.2,
        "description_updatedate": "2025-01-03",
        "oslandcover_updatedate": "2025-01-03",
        "oslanduse_evidencedate": "2025-01-03",
        "relativeheightroofbase": 3.8,
        "versionavailabletodate": null,
        "firstdigitalcapturedate": "2025-01-03",
        "description_evidencedate": "2025-01-03",
        "oslandcover_evidencedate": "2025-01-03",
        "versionavailablefromdate": "2025-07-23T00:00:00Z"
      }
    },
    {
      "id": "45c2e9c1-b182-48b1-ae44-b3bf6cfefb5a",
      "type": "Feature",
      "geometry": {
        "type": "Polygon",
        "coordinates": [
          [
            [
              -1.4684214,
              50.937475
            ],
            [
              -1.4684556,
              50.9374334
            ],
            [
              -1.4684245,
              50.9374234
            ],
            [
              -1.4683909,
              50.9374651
            ],
            [
              -1.4684214,
              50.937475
            ]
          ]
        ]
      },
      "properties": {
        "osid": "45c2e9c1-b182-48b1-ae44-b3bf6cfefb5a",
        "toid": "osgb1000016343226",
        "theme": "Buildings",
        "changetype": "Modified Attributes",
        "isobscured": false,
        "description": "Building",
        "versiondate": "2025-02-05",
        "geometry_area": 12.6529,
        "height_source": "Ordnance Survey",
        "physicallevel": "Surface Level",
        "oslandusetiera": "Unknown Or Unused Artificial",
        "oslandusetierb": [],
        "geometry_source": "Ordnance Survey",
        "oslandcovertiera": "Constructed",
        "oslandcovertierb": [
          "Building"
        ],
        "oslanduse_source": "Ordnance Survey",
        "height_updatedate": "2025-01-17",
        "description_source": "Ordnance Survey",
        "oslandcover_source": "Ordnance Survey",
        "associatedstructure": null,
        "geometry_updatedate": "2004-02-10",
        "height_evidencedate": "2024-06-20",
        "capturespecification": "Urban",
        "oslanduse_updatedate": "2004-02-10",
        "absoluteheightmaximum": null,
        "absoluteheightminimum": 12.3,
        "geometry_evidencedate": "2004-02-10",
        "heightconfidencelevel": "Incomplete",
        "relativeheightmaximum": null,
        "absoluteheightroofbase": null,
        "description_updatedate": "2004-02-10",
        "oslandcover_updatedate": "2004-02-10",
        "oslanduse_evidencedate": "2004-02-10",
        "relativeheightroofbase": null,
        "versionavailabletodate": null,
        "firstdigitalcapturedate": "1988-07-28",
        "description_evidencedate": "2004-02-10",
        "oslandcover_evidencedate": "2004-02-10",
        "versionavailablefromdate": "2025-02-06T00:00:00Z"
      }
    },
    {
      "id": "45cfccd7-0916-4a43-8bcd-3acc1b6b0727",
      "type": "Feature",
      "geometry": {
        "type": "Polygon",
        "coordinates": [
          [
            [
              -1.4685463,
              50.9367413
            ],
            [
              -1.4685851,
              50.9367531
            ],
            [
              -1.4686114,
              50.9367184
            ],
            [
              -1.4685726,
              50.9367067
            ],
            [
              -1.4685463,
              50.9367413
            ]
          ]
        ]
      },
      "properties": {
        "osid": "45cfccd7-0916-4a43-8bcd-3acc1b6b0727",
        "toid": "osgb5000005277344201",
        "theme": "Buildings",
        "changetype": "Modified Attributes",
        "isobscured": false,
        "description": "Building",
        "versiondate": "2025-02-05",
        "geometry_area": 12.94409,
        "height_source": "Ordnance Survey",
        "physicallevel": "Surface Level",
        "oslandusetiera": "Residential Accommodation",
        "oslandusetierb": [
          "Private Residence"
        ],
        "geometry_source": "Ordnance Survey",
        "oslandcovertiera": "Constructed",
        "oslandcovertierb": [
          "Building"
        ],
        "oslanduse_source": "Ordnance Survey",
        "height_updatedate": "2025-01-17",
        "description_source": "Ordnance Survey",
        "oslandcover_source": "Ordnance Survey",
        "associatedstructure": null,
        "geometry_updatedate": "2021-02-18",
        "height_evidencedate": "2024-06-20",
        "capturespecification": "Urban",
        "oslanduse_updatedate": "2021-02-18",
        "absoluteheightmaximum": null,
        "absoluteheightminimum": 11.7,
        "geometry_evidencedate": "2020-09-20",
        "heightconfidencelevel": "Incomplete",
        "relativeheightmaximum": null,
        "absoluteheightroofbase": null,
        "description_updatedate": "2021-02-18",
        "oslandcover_updatedate": "2021-02-18",
        "oslanduse_evidencedate": "2020-09-20",
        "relativeheightroofbase": null,
        "versionavailabletodate": null,
        "firstdigitalcapturedate": "2021-02-22",
        "description_evidencedate": "2020-09-20",
        "oslandcover_evidencedate": "2020-09-20",
        "versionavailablefromdate": "2025-02-06T00:00:00Z"
      }
    },
    {
      "id": "4693faa9-901c-4991-af9f-4f5b190ae396",
      "type": "Feature",
      "geometry": {
        "type": "Polygon",
        "coordinates": [
          [
            [
              -1.4661573,
              50.9384977
            ],
            [
              -1.4662741,
              50.9385265
            ],
            [
              -1.4663013,
              50.9384826
            ],
            [
              -1.4661845,
              50.9384538
            ],
            [
              -1.4661573,
              50.9384977
            ]
          ]
        ]
      },
      "properties": {
        "osid": "4693faa9-901c-4991-af9f-4f5b190ae396",
        "toid": "osgb5000005247278664",
        "theme": "Buildings",
        "changetype": "Modified Attributes",
        "isobscured": false,
        "description": "Building",
        "versiondate": "2025-02-05",
        "geometry_area": 46.206868,
        "height_source": "Ordnance Survey",
        "physicallevel": "Surface Level",
        "oslandusetiera": "Residential Accommodation",
        "oslandusetierb": [
          "Private Residence"
        ],
        "geometry_source": "Ordnance Survey",
        "oslandcovertiera": "Constructed",
        "oslandcovertierb": [
          "Building"
        ],
        "oslanduse_source": "Ordnance Survey",
        "height_updatedate": "2025-01-17",
        "description_source": "Ordnance Survey",
        "oslandcover_source": "Ordnance Survey",
        "associatedstructure": null,
        "geometry_updatedate": "2019-06-05",
        "height_evidencedate": "2024-06-20",
        "capturespecification": "Urban",
        "oslanduse_updatedate": "2019-06-05",
        "absoluteheightmaximum": 27.6,
        "absoluteheightminimum": 19.1,
        "geometry_evidencedate": "2019-06-05",
        "heightconfidencelevel": "Moderate",
        "relativeheightmaximum": 8.5,
        "absoluteheightroofbase": 25.8,
        "description_updatedate": "2019-06-05",
        "oslandcover_updatedate": "2019-06-05",
        "oslanduse_evidencedate": "2019-06-05",
        "relativeheightroofbase": 6.7,
        "versionavailabletodate": null,
        "firstdigitalcapturedate": "2019-06-05",
        "description_evidencedate": "2019-06-05",
        "oslandcover_evidencedate": "2019-06-05",
        "versionavailablefromdate": "2025-02-06T00:00:00Z"
      }
    },
    {
      "id": "4725c018-8112-4421-9a7b-c9f9c5511ade",
      "type": "Feature",
      "geometry": {
        "type": "Polygon",
        "coordinates": [
          [
            [
              -1.4665812,
              50.9359858
            ],
            [
              -1.4667664,
              50.9360412
            ],
            [
              -1.4667725,
              50.936043
            ],
            [
              -1.4668051,
              50.9360007
            ],
            [
              -1.4667982,
              50.9359986
            ],
            [
              -1.4666132,
              50.9359431
            ],
            [
              -1.4665812,
              50.9359858
            ]
          ]
        ]
      },
      "properties": {
        "osid": "4725c018-8112-4421-9a7b-c9f9c5511ade",
        "toid": "osgb1000016342736",
        "theme": "Buildings",
        "changetype": "Modified Attributes",
        "isobscured": false,
        "description": "Building",
        "versiondate": "2025-02-05",
        "geometry_area": 78.156001,
        "height_source": "Ordnance Survey",
        "physicallevel": "Surface Level",
        "oslandusetiera": "Residential Accommodation",
        "oslandusetierb": [
          "Private Residence"
        ],
        "geometry_source": "Ordnance Survey",
        "oslandcovertiera": "Constructed",
        "oslandcovertierb": [
          "Building"
        ],
        "oslanduse_source": "Ordnance Survey",
        "height_updatedate": "2025-01-17",
        "description_source": "Ordnance Survey",
        "oslandcover_source": "Ordnance Survey",
        "associatedstructure": null,
        "geometry_updatedate": "2017-08-03",
        "height_evidencedate": "2024-06-20",
        "capturespecification": "Urban",
        "oslanduse_updatedate": "2006-07-01",
        "absoluteheightmaximum": 19.2,
        "absoluteheightminimum": 12.2,
        "geometry_evidencedate": "2017-08-03",
        "heightconfidencelevel": "Moderate",
        "relativeheightmaximum": 7,
        "absoluteheightroofbase": 15.4,
        "description_updatedate": "2006-07-01",
        "oslandcover_updatedate": "2006-07-01",
        "oslanduse_evidencedate": "2006-07-01",
        "relativeheightroofbase": 3.2,
        "versionavailabletodate": null,
        "firstdigitalcapturedate": "1988-05-16",
        "description_evidencedate": "2006-07-01",
        "oslandcover_evidencedate": "2006-07-01",
        "versionavailablefromdate": "2025-02-06T00:00:00Z"
      }
    },
    {
      "id": "47db6347-6b27-454e-9a23-a71b71255c6a",
      "type": "Feature",
      "geometry": {
        "type": "Polygon",
        "coordinates": [
          [
            [
              -1.4665223,
              50.9369766
            ],
            [
              -1.4665234,
              50.93688
            ],
            [
              -1.4664216,
              50.9368795
            ],
            [
              -1.4664216,
              50.9369424
            ],
            [
              -1.4664223,
              50.9369496
            ],
            [
              -1.4664564,
              50.9369498
            ],
            [
              -1.4664554,
              50.9369772
            ],
            [
              -1.4665223,
              50.9369766
            ]
          ]
        ]
      },
      "properties": {
        "osid": "47db6347-6b27-454e-9a23-a71b71255c6a",
        "toid": "osgb1000016342788",
        "theme": "Buildings",
        "changetype": "Modified Attributes",
        "isobscured": false,
        "description": "Building",
        "versiondate": "2025-02-05",
        "geometry_area": 69.55875,
        "height_source": "Ordnance Survey",
        "physicallevel": "Surface Level",
        "oslandusetiera": "Residential Accommodation",
        "oslandusetierb": [
          "Private Residence"
        ],
        "geometry_source": "Ordnance Survey",
        "oslandcovertiera": "Constructed",
        "oslandcovertierb": [
          "Building"
        ],
        "oslanduse_source": "Ordnance Survey",
        "height_updatedate": "2025-01-17",
        "description_source": "Ordnance Survey",
        "oslandcover_source": "Ordnance Survey",
        "associatedstructure": null,
        "geometry_updatedate": "2006-07-01",
        "height_evidencedate": "2024-06-20",
        "capturespecification": "Urban",
        "oslanduse_updatedate": "2006-07-01",
        "absoluteheightmaximum": 21.8,
        "absoluteheightminimum": 14.1,
        "geometry_evidencedate": "2006-07-01",
        "heightconfidencelevel": "Moderate",
        "relativeheightmaximum": 7.7,
        "absoluteheightroofbase": 19.7,
        "description_updatedate": "2006-07-01",
        "oslandcover_updatedate": "2006-07-01",
        "oslanduse_evidencedate": "2006-07-01",
        "relativeheightroofbase": 5.6,
        "versionavailabletodate": null,
        "firstdigitalcapturedate": "1988-05-16",
        "description_evidencedate": "2006-07-01",
        "oslandcover_evidencedate": "2006-07-01",
        "versionavailablefromdate": "2025-02-06T00:00:00Z"
      }
    },
    {
      "id": "48adf8e4-3d55-4d96-8bdf-b03b650a7df6",
      "type": "Feature",
      "geometry": {
        "type": "Polygon",
        "coordinates": [
          [
            [
              -1.4627755,
              50.9367476
            ],
            [
              -1.4627903,
              50.936751
            ],
            [
              -1.4628143,
              50.9367565
            ],
            [
              -1.4632755,
              50.9368624
            ],
            [
              -1.4631846,
              50.9370195
            ],
            [
              -1.463121,
              50.9371294
            ],
            [
              -1.4631428,
              50.9371344
            ],
            [
              -1.4638748,
              50.9373028
            ],
            [
              -1.4641325,
              50.937362
            ],
            [
              -1.4642244,
              50.9372022
            ],
            [
              -1.4645295,
              50.9366722
            ],
            [
              -1.4645305,
              50.9366705
            ],
            [
              -1.4644463,
              50.9366522
            ],
            [
              -1.4644677,
              50.936615
            ],
            [
              -1.4643567,
              50.9365896
            ],
            [
              -1.4644833,
              50.9363686
            ],
            [
              -1.4642624,
              50.9363182
            ],
            [
              -1.4642774,
              50.9362921
            ],
            [
              -1.4642973,
              50.9362575
            ],
            [
              -1.4642933,
              50.9362565
            ],
            [
              -1.4642258,
              50.936241
            ],
            [
              -1.4642011,
              50.9362353
            ],
            [
              -1.464104,
              50.936213
            ],
            [
              -1.4639044,
              50.9361668
            ],
            [
              -1.4637732,
              50.9362053
            ],
            [
              -1.4635517,
              50.9361549
            ],
            [
              -1.4634272,
              50.9363757
            ],
            [
              -1.4633642,
              50.9363615
            ],
            [
              -1.463311,
              50.9363493
            ],
            [
              -1.4633068,
              50.9363566
            ],
            [
              -1.4632905,
              50.9363855
            ],
            [
              -1.463019,
              50.9363243
            ],
            [
              -1.4627755,
              50.9367476
            ]
          ]
        ]
      },
      "properties": {
        "osid": "48adf8e4-3d55-4d96-8bdf-b03b650a7df6",
        "toid": "osgb1000042957796",
        "theme": "Buildings",
        "changetype": "Modified Attributes",
        "isobscured": false,
        "description": "Building",
        "versiondate": "2025-02-05",
        "geometry_area": 10484.45429,
        "height_source": "Ordnance Survey",
        "physicallevel": "Surface Level",
        "oslandusetiera": "Sports Attraction Or Facility",
        "oslandusetierb": [],
        "geometry_source": "Ordnance Survey",
        "oslandcovertiera": "Constructed",
        "oslandcovertierb": [
          "Building"
        ],
        "oslanduse_source": "Ordnance Survey",
        "height_updatedate": "2025-01-17",
        "description_source": "Ordnance Survey",
        "oslandcover_source": "Ordnance Survey",
        "associatedstructure": null,
        "geometry_updatedate": "2017-04-21",
        "height_evidencedate": "2024-06-20",
        "capturespecification": "Urban",
        "oslanduse_updatedate": "2004-04-13",
        "absoluteheightmaximum": 32,
        "absoluteheightminimum": 18.1,
        "geometry_evidencedate": "2016-08-12",
        "heightconfidencelevel": "Moderate",
        "relativeheightmaximum": 13.9,
        "absoluteheightroofbase": 22.6,
        "description_updatedate": "2004-04-13",
        "oslandcover_updatedate": "2004-04-13",
        "oslanduse_evidencedate": "2004-04-13",
        "relativeheightroofbase": 4.5,
        "versionavailabletodate": null,
        "firstdigitalcapturedate": "2001-04-10",
        "description_evidencedate": "2004-04-13",
        "oslandcover_evidencedate": "2004-04-13",
        "versionavailablefromdate": "2025-02-06T00:00:00Z"
      }
    },
    {
      "id": "48c4cfd5-487d-4c3e-a5ef-706baa749aad",
      "type": "Feature",
      "geometry": {
        "type": "Polygon",
        "coordinates": [
          [
            [
              -1.467814,
              50.9357038
            ],
            [
              -1.4677744,
              50.9357282
            ],
            [
              -1.4678216,
              50.9357587
            ],
            [
              -1.467816,
              50.9357622
            ],
            [
              -1.4678594,
              50.9357903
            ],
            [
              -1.4678984,
              50.9357584
            ],
            [
              -1.467814,
              50.9357038
            ]
          ]
        ]
      },
      "properties": {
        "osid": "48c4cfd5-487d-4c3e-a5ef-706baa749aad",
        "toid": "osgb5000005341089695",
        "theme": "Buildings",
        "changetype": "Modified Attributes",
        "isobscured": false,
        "description": "Building",
        "versiondate": "2025-02-15",
        "geometry_area": 36.405949,
        "height_source": "Ordnance Survey",
        "physicallevel": "Surface Level",
        "oslandusetiera": "Residential Accommodation",
        "oslandusetierb": [
          "Private Residence"
        ],
        "geometry_source": "Ordnance Survey",
        "oslandcovertiera": "Constructed",
        "oslandcovertierb": [
          "Building"
        ],
        "oslanduse_source": "Ordnance Survey",
        "height_updatedate": "2025-02-13",
        "description_source": "Ordnance Survey",
        "oslandcover_source": "Ordnance Survey",
        "associatedstructure": null,
        "geometry_updatedate": "2024-12-06",
        "height_evidencedate": "2024-06-20",
        "capturespecification": "Urban",
        "oslanduse_updatedate": "2024-12-06",
        "absoluteheightmaximum": null,
        "absoluteheightminimum": 11.9,
        "geometry_evidencedate": "2024-06-20",
        "heightconfidencelevel": "Incomplete",
        "relativeheightmaximum": null,
        "absoluteheightroofbase": null,
        "description_updatedate": "2024-12-06",
        "oslandcover_updatedate": "2024-12-06",
        "oslanduse_evidencedate": "2024-06-20",
        "relativeheightroofbase": null,
        "versionavailabletodate": null,
        "firstdigitalcapturedate": "2024-12-07",
        "description_evidencedate": "2024-06-20",
        "oslandcover_evidencedate": "2024-06-20",
        "versionavailablefromdate": "2025-02-16T00:00:00Z"
      }
    },
    {
      "id": "48fbfe1c-f00a-4e4a-846a-151e83e9c8e2",
      "type": "Feature",
      "geometry": {
        "type": "Polygon",
        "coordinates": [
          [
            [
              -1.4683186,
              50.9374292
            ],
            [
              -1.4683676,
              50.9374456
            ],
            [
              -1.4683945,
              50.9374137
            ],
            [
              -1.4683455,
              50.9373972
            ],
            [
              -1.4683186,
              50.9374292
            ]
          ]
        ]
      },
      "properties": {
        "osid": "48fbfe1c-f00a-4e4a-846a-151e83e9c8e2",
        "toid": "osgb5000005257941640",
        "theme": "Buildings",
        "changetype": "Modified Attributes",
        "isobscured": false,
        "description": "Building",
        "versiondate": "2025-02-05",
        "geometry_area": 15.705799,
        "height_source": "Ordnance Survey",
        "physicallevel": "Surface Level",
        "oslandusetiera": "Residential Accommodation",
        "oslandusetierb": [
          "Private Residence"
        ],
        "geometry_source": "Ordnance Survey",
        "oslandcovertiera": "Constructed",
        "oslandcovertierb": [
          "Building"
        ],
        "oslanduse_source": "Ordnance Survey",
        "height_updatedate": "2025-01-17",
        "description_source": "Ordnance Survey",
        "oslandcover_source": "Ordnance Survey",
        "associatedstructure": null,
        "geometry_updatedate": "2019-12-29",
        "height_evidencedate": "2024-06-20",
        "capturespecification": "Urban",
        "oslanduse_updatedate": "2019-12-29",
        "absoluteheightmaximum": 14.9,
        "absoluteheightminimum": 12.4,
        "geometry_evidencedate": "2019-06-28",
        "heightconfidencelevel": "Moderate",
        "relativeheightmaximum": 2.5,
        "absoluteheightroofbase": 14.4,
        "description_updatedate": "2019-12-29",
        "oslandcover_updatedate": "2019-12-29",
        "oslanduse_evidencedate": "2019-06-28",
        "relativeheightroofbase": 2,
        "versionavailabletodate": null,
        "firstdigitalcapturedate": "2019-12-30",
        "description_evidencedate": "2019-06-28",
        "oslandcover_evidencedate": "2019-06-28",
        "versionavailablefromdate": "2025-02-06T00:00:00Z"
      }
    },
    {
      "id": "491976a2-bab4-4405-bbf5-3692ffa4c42f",
      "type": "Feature",
      "geometry": {
        "type": "Polygon",
        "coordinates": [
          [
            [
              -1.4669298,
              50.9365005
            ],
            [
              -1.4669296,
              50.9365202
            ],
            [
              -1.4668862,
              50.93652
            ],
            [
              -1.4668858,
              50.9365565
            ],
            [
              -1.4669291,
              50.9365567
            ],
            [
              -1.4670451,
              50.9365568
            ],
            [
              -1.4670458,
              50.9365002
            ],
            [
              -1.4669298,
              50.9365005
            ]
          ]
        ]
      },
      "properties": {
        "osid": "491976a2-bab4-4405-bbf5-3692ffa4c42f",
        "toid": "osgb1000016342795",
        "theme": "Buildings",
        "changetype": "Modified Attributes",
        "isobscured": false,
        "description": "Building",
        "versiondate": "2025-02-05",
        "geometry_area": 63.518154,
        "height_source": "Ordnance Survey",
        "physicallevel": "Surface Level",
        "oslandusetiera": "Residential Accommodation",
        "oslandusetierb": [
          "Private Residence"
        ],
        "geometry_source": "Ordnance Survey",
        "oslandcovertiera": "Constructed",
        "oslandcovertierb": [
          "Building"
        ],
        "oslanduse_source": "Ordnance Survey",
        "height_updatedate": "2025-01-17",
        "description_source": "Ordnance Survey",
        "oslandcover_source": "Ordnance Survey",
        "associatedstructure": null,
        "geometry_updatedate": "2017-04-21",
        "height_evidencedate": "2024-06-20",
        "capturespecification": "Urban",
        "oslanduse_updatedate": "2004-04-13",
        "absoluteheightmaximum": 19.9,
        "absoluteheightminimum": 13,
        "geometry_evidencedate": "2016-08-12",
        "heightconfidencelevel": "Moderate",
        "relativeheightmaximum": 6.9,
        "absoluteheightroofbase": 18,
        "description_updatedate": "2004-04-13",
        "oslandcover_updatedate": "2004-04-13",
        "oslanduse_evidencedate": "2004-04-13",
        "relativeheightroofbase": 5,
        "versionavailabletodate": null,
        "firstdigitalcapturedate": "1988-05-16",
        "description_evidencedate": "2004-04-13",
        "oslandcover_evidencedate": "2004-04-13",
        "versionavailablefromdate": "2025-02-06T00:00:00Z"
      }
    },
    {
      "id": "4978bbb5-8484-4192-973e-fca05ba1a291",
      "type": "Feature",
      "geometry": {
        "type": "Polygon",
        "coordinates": [
          [
            [
              -1.4680703,
              50.9378214
            ],
            [
              -1.4681368,
              50.9378237
            ],
            [
              -1.468139,
              50.9377982
            ],
            [
              -1.4680841,
              50.9377962
            ],
            [
              -1.4680726,
              50.9377958
            ],
            [
              -1.4680703,
              50.9378214
            ]
          ]
        ]
      },
      "properties": {
        "osid": "4978bbb5-8484-4192-973e-fca05ba1a291",
        "toid": "osgb5000005203977124",
        "theme": "Buildings",
        "changetype": "Modified Attributes",
        "isobscured": false,
        "description": "Building",
        "versiondate": "2025-02-05",
        "geometry_area": 13.306842,
        "height_source": "Ordnance Survey",
        "physicallevel": "Surface Level",
        "oslandusetiera": "Residential Accommodation",
        "oslandusetierb": [
          "Private Residence"
        ],
        "geometry_source": "Ordnance Survey",
        "oslandcovertiera": "Constructed",
        "oslandcovertierb": [
          "Building"
        ],
        "oslanduse_source": "Ordnance Survey",
        "height_updatedate": "2025-01-17",
        "description_source": "Ordnance Survey",
        "oslandcover_source": "Ordnance Survey",
        "associatedstructure": null,
        "geometry_updatedate": "2017-04-19",
        "height_evidencedate": "2024-06-20",
        "capturespecification": "Urban",
        "oslanduse_updatedate": "2017-04-19",
        "absoluteheightmaximum": null,
        "absoluteheightminimum": 12.9,
        "geometry_evidencedate": "2016-08-12",
        "heightconfidencelevel": "Incomplete",
        "relativeheightmaximum": null,
        "absoluteheightroofbase": null,
        "description_updatedate": "2017-04-19",
        "oslandcover_updatedate": "2017-04-19",
        "oslanduse_evidencedate": "2016-08-12",
        "relativeheightroofbase": null,
        "versionavailabletodate": null,
        "firstdigitalcapturedate": "2017-05-04",
        "description_evidencedate": "2016-08-12",
        "oslandcover_evidencedate": "2016-08-12",
        "versionavailablefromdate": "2025-02-06T00:00:00Z"
      }
    },
    {
      "id": "49eb7321-5656-49a1-a6b8-c22025714109",
      "type": "Feature",
      "geometry": {
        "type": "Polygon",
        "coordinates": [
          [
            [
              -1.4651503,
              50.9396001
            ],
            [
              -1.4652647,
              50.939648
            ],
            [
              -1.4653063,
              50.9396084
            ],
            [
              -1.4651919,
              50.9395604
            ],
            [
              -1.4651503,
              50.9396001
            ]
          ]
        ]
      },
      "properties": {
        "osid": "49eb7321-5656-49a1-a6b8-c22025714109",
        "toid": "osgb5000005236335757",
        "theme": "Buildings",
        "changetype": "Modified Attributes",
        "isobscured": false,
        "description": "Building",
        "versiondate": "2025-02-05",
        "geometry_area": 51.005886,
        "height_source": "Ordnance Survey",
        "physicallevel": "Surface Level",
        "oslandusetiera": "Residential Accommodation",
        "oslandusetierb": [
          "Private Residence"
        ],
        "geometry_source": "Ordnance Survey",
        "oslandcovertiera": "Constructed",
        "oslandcovertierb": [
          "Building"
        ],
        "oslanduse_source": "Ordnance Survey",
        "height_updatedate": "2025-01-17",
        "description_source": "Ordnance Survey",
        "oslandcover_source": "Ordnance Survey",
        "associatedstructure": null,
        "geometry_updatedate": "2018-09-17",
        "height_evidencedate": "2024-06-20",
        "capturespecification": "Urban",
        "oslanduse_updatedate": "2018-09-17",
        "absoluteheightmaximum": 31.6,
        "absoluteheightminimum": 23.3,
        "geometry_evidencedate": "2018-09-17",
        "heightconfidencelevel": "Moderate",
        "relativeheightmaximum": 8.3,
        "absoluteheightroofbase": 28.7,
        "description_updatedate": "2018-09-17",
        "oslandcover_updatedate": "2018-09-17",
        "oslanduse_evidencedate": "2018-09-17",
        "relativeheightroofbase": 5.4,
        "versionavailabletodate": null,
        "firstdigitalcapturedate": "2018-09-17",
        "description_evidencedate": "2018-09-17",
        "oslandcover_evidencedate": "2018-09-17",
        "versionavailablefromdate": "2025-02-06T00:00:00Z"
      }
    },
    {
      "id": "4b495e53-19e1-4216-9ab6-97a62eebefcd",
      "type": "Feature",
      "geometry": {
        "type": "Polygon",
        "coordinates": [
          [
            [
              -1.4655153,
              50.9383202
            ],
            [
              -1.4654904,
              50.9383599
            ],
            [
              -1.4655326,
              50.9383705
            ],
            [
              -1.465536,
              50.9383651
            ],
            [
              -1.4655574,
              50.9383308
            ],
            [
              -1.4655153,
              50.9383202
            ]
          ]
        ]
      },
      "properties": {
        "osid": "4b495e53-19e1-4216-9ab6-97a62eebefcd",
        "toid": "osgb5000005295453091",
        "theme": "Buildings",
        "changetype": "Modified Attributes",
        "isobscured": false,
        "description": "Building",
        "versiondate": "2025-02-05",
        "geometry_area": 15.122199,
        "height_source": "Ordnance Survey",
        "physicallevel": "Surface Level",
        "oslandusetiera": "Unknown Or Unused Artificial",
        "oslandusetierb": [],
        "geometry_source": "Ordnance Survey",
        "oslandcovertiera": "Constructed",
        "oslandcovertierb": [
          "Building"
        ],
        "oslanduse_source": "Ordnance Survey",
        "height_updatedate": "2025-01-17",
        "description_source": "Ordnance Survey",
        "oslandcover_source": "Ordnance Survey",
        "associatedstructure": null,
        "geometry_updatedate": "2022-05-06",
        "height_evidencedate": "2024-06-20",
        "capturespecification": "Urban",
        "oslanduse_updatedate": "2022-05-06",
        "absoluteheightmaximum": 23.9,
        "absoluteheightminimum": 21.1,
        "geometry_evidencedate": "2021-04-17",
        "heightconfidencelevel": "Moderate",
        "relativeheightmaximum": 2.8,
        "absoluteheightroofbase": 23.5,
        "description_updatedate": "2022-05-06",
        "oslandcover_updatedate": "2022-05-06",
        "oslanduse_evidencedate": "2021-04-17",
        "relativeheightroofbase": 2.4,
        "versionavailabletodate": null,
        "firstdigitalcapturedate": "2022-05-06",
        "description_evidencedate": "2021-04-17",
        "oslandcover_evidencedate": "2021-04-17",
        "versionavailablefromdate": "2025-02-06T00:00:00Z"
      }
    },
    {
      "id": "4b6e4790-8b9e-42dc-a381-8901e761aca8",
      "type": "Feature",
      "geometry": {
        "type": "Polygon",
        "coordinates": [
          [
            [
              -1.4659996,
              50.9382904
            ],
            [
              -1.4660611,
              50.9383057
            ],
            [
              -1.466107,
              50.9382322
            ],
            [
              -1.4660456,
              50.9382169
            ],
            [
              -1.4659996,
              50.9382904
            ]
          ]
        ]
      },
      "properties": {
        "osid": "4b6e4790-8b9e-42dc-a381-8901e761aca8",
        "toid": "osgb5000005250530109",
        "theme": "Buildings",
        "changetype": "Modified Attributes",
        "isobscured": false,
        "description": "Building",
        "versiondate": "2025-02-05",
        "geometry_area": 40.780496,
        "height_source": "Ordnance Survey",
        "physicallevel": "Surface Level",
        "oslandusetiera": "Residential Accommodation",
        "oslandusetierb": [
          "Private Residence"
        ],
        "geometry_source": "Ordnance Survey",
        "oslandcovertiera": "Constructed",
        "oslandcovertierb": [
          "Building"
        ],
        "oslanduse_source": "Ordnance Survey",
        "height_updatedate": "2025-01-17",
        "description_source": "Ordnance Survey",
        "oslandcover_source": "Ordnance Survey",
        "associatedstructure": null,
        "geometry_updatedate": "2019-08-06",
        "height_evidencedate": "2024-06-20",
        "capturespecification": "Urban",
        "oslanduse_updatedate": "2019-08-06",
        "absoluteheightmaximum": 28.2,
        "absoluteheightminimum": 19.9,
        "geometry_evidencedate": "2019-08-06",
        "heightconfidencelevel": "Moderate",
        "relativeheightmaximum": 8.3,
        "absoluteheightroofbase": 25.7,
        "description_updatedate": "2019-08-06",
        "oslandcover_updatedate": "2019-08-06",
        "oslanduse_evidencedate": "2019-08-06",
        "relativeheightroofbase": 5.8,
        "versionavailabletodate": null,
        "firstdigitalcapturedate": "2019-08-06",
        "description_evidencedate": "2019-08-06",
        "oslandcover_evidencedate": "2019-08-06",
        "versionavailablefromdate": "2025-02-06T00:00:00Z"
      }
    },
    {
      "id": "4b76c353-50d0-4465-93a0-509127d4b31c",
      "type": "Feature",
      "geometry": {
        "type": "Polygon",
        "coordinates": [
          [
            [
              -1.4690258,
              50.9370339
            ],
            [
              -1.4690223,
              50.9370377
            ],
            [
              -1.4689817,
              50.9370818
            ],
            [
              -1.4690179,
              50.9370951
            ],
            [
              -1.4690585,
              50.9370509
            ],
            [
              -1.4690619,
              50.9370471
            ],
            [
              -1.4690258,
              50.9370339
            ]
          ]
        ]
      },
      "properties": {
        "osid": "4b76c353-50d0-4465-93a0-509127d4b31c",
        "toid": "osgb5000005257941631",
        "theme": "Buildings",
        "changetype": "Modified Attributes",
        "isobscured": false,
        "description": "Building",
        "versiondate": "2025-02-05",
        "geometry_area": 18.106918,
        "height_source": "Ordnance Survey",
        "physicallevel": "Surface Level",
        "oslandusetiera": "Residential Accommodation",
        "oslandusetierb": [
          "Private Residence"
        ],
        "geometry_source": "Ordnance Survey",
        "oslandcovertiera": "Constructed",
        "oslandcovertierb": [
          "Building"
        ],
        "oslanduse_source": "Ordnance Survey",
        "height_updatedate": "2025-01-17",
        "description_source": "Ordnance Survey",
        "oslandcover_source": "Ordnance Survey",
        "associatedstructure": null,
        "geometry_updatedate": "2019-12-29",
        "height_evidencedate": "2024-06-20",
        "capturespecification": "Urban",
        "oslanduse_updatedate": "2019-12-29",
        "absoluteheightmaximum": null,
        "absoluteheightminimum": 12.4,
        "geometry_evidencedate": "2019-06-28",
        "heightconfidencelevel": "Incomplete",
        "relativeheightmaximum": null,
        "absoluteheightroofbase": null,
        "description_updatedate": "2019-12-29",
        "oslandcover_updatedate": "2019-12-29",
        "oslanduse_evidencedate": "2019-06-28",
        "relativeheightroofbase": null,
        "versionavailabletodate": null,
        "firstdigitalcapturedate": "2019-12-30",
        "description_evidencedate": "2019-06-28",
        "oslandcover_evidencedate": "2019-06-28",
        "versionavailablefromdate": "2025-02-06T00:00:00Z"
      }
    },
    {
      "id": "4c23619c-fa84-471b-825e-01103ac673bb",
      "type": "Feature",
      "geometry": {
        "type": "Polygon",
        "coordinates": [
          [
            [
              -1.4675511,
              50.936618
            ],
            [
              -1.4675984,
              50.936652
            ],
            [
              -1.4676054,
              50.9366482
            ],
            [
              -1.4676381,
              50.9366724
            ],
            [
              -1.4676972,
              50.9366405
            ],
            [
              -1.4676646,
              50.9366163
            ],
            [
              -1.4676778,
              50.9366092
            ],
            [
              -1.4676334,
              50.9365748
            ],
            [
              -1.4675511,
              50.936618
            ]
          ]
        ]
      },
      "properties": {
        "osid": "4c23619c-fa84-471b-825e-01103ac673bb",
        "toid": "osgb1000016342745",
        "theme": "Buildings",
        "changetype": "Modified Attributes",
        "isobscured": false,
        "description": "Building",
        "versiondate": "2025-02-05",
        "geometry_area": 56.321044,
        "height_source": "Ordnance Survey",
        "physicallevel": "Surface Level",
        "oslandusetiera": "Residential Accommodation",
        "oslandusetierb": [
          "Private Residence"
        ],
        "geometry_source": "Ordnance Survey",
        "oslandcovertiera": "Constructed",
        "oslandcovertierb": [
          "Building"
        ],
        "oslanduse_source": "Ordnance Survey",
        "height_updatedate": "2025-01-17",
        "description_source": "Ordnance Survey",
        "oslandcover_source": "Ordnance Survey",
        "associatedstructure": null,
        "geometry_updatedate": "2017-04-19",
        "height_evidencedate": "2024-06-20",
        "capturespecification": "Urban",
        "oslanduse_updatedate": "2006-07-11",
        "absoluteheightmaximum": 19.9,
        "absoluteheightminimum": 12.3,
        "geometry_evidencedate": "2016-08-12",
        "heightconfidencelevel": "Moderate",
        "relativeheightmaximum": 7.6,
        "absoluteheightroofbase": 16.3,
        "description_updatedate": "2006-07-11",
        "oslandcover_updatedate": "2006-07-11",
        "oslanduse_evidencedate": "2006-07-11",
        "relativeheightroofbase": 4,
        "versionavailabletodate": null,
        "firstdigitalcapturedate": "1988-05-16",
        "description_evidencedate": "2006-07-11",
        "oslandcover_evidencedate": "2006-07-11",
        "versionavailablefromdate": "2025-02-06T00:00:00Z"
      }
    },
    {
      "id": "4c34e72e-c430-4a6f-97df-c17e764975e4",
      "type": "Feature",
      "geometry": {
        "type": "Polygon",
        "coordinates": [
          [
            [
              -1.4668279,
              50.937453
            ],
            [
              -1.4667797,
              50.9374731
            ],
            [
              -1.4668033,
              50.9374957
            ],
            [
              -1.4668515,
              50.9374755
            ],
            [
              -1.4668279,
              50.937453
            ]
          ]
        ]
      },
      "properties": {
        "osid": "4c34e72e-c430-4a6f-97df-c17e764975e4",
        "toid": "osgb5000005203977458",
        "theme": "Buildings",
        "changetype": "Modified Attributes",
        "isobscured": false,
        "description": "Building",
        "versiondate": "2025-02-05",
        "geometry_area": 12.199262,
        "height_source": "Ordnance Survey",
        "physicallevel": "Surface Level",
        "oslandusetiera": "Residential Accommodation",
        "oslandusetierb": [
          "Private Residence"
        ],
        "geometry_source": "Ordnance Survey",
        "oslandcovertiera": "Constructed",
        "oslandcovertierb": [
          "Building"
        ],
        "oslanduse_source": "Ordnance Survey",
        "height_updatedate": "2025-01-17",
        "description_source": "Ordnance Survey",
        "oslandcover_source": "Ordnance Survey",
        "associatedstructure": null,
        "geometry_updatedate": "2017-04-19",
        "height_evidencedate": "2024-06-20",
        "capturespecification": "Urban",
        "oslanduse_updatedate": "2017-04-19",
        "absoluteheightmaximum": null,
        "absoluteheightminimum": 15.5,
        "geometry_evidencedate": "2016-08-12",
        "heightconfidencelevel": "Incomplete",
        "relativeheightmaximum": null,
        "absoluteheightroofbase": null,
        "description_updatedate": "2017-04-19",
        "oslandcover_updatedate": "2017-04-19",
        "oslanduse_evidencedate": "2016-08-12",
        "relativeheightroofbase": null,
        "versionavailabletodate": null,
        "firstdigitalcapturedate": "2017-05-04",
        "description_evidencedate": "2016-08-12",
        "oslandcover_evidencedate": "2016-08-12",
        "versionavailablefromdate": "2025-02-06T00:00:00Z"
      }
    },
    {
      "id": "4ce2e6a4-f749-43e1-82a4-cb31a2bcf9b9",
      "type": "Feature",
      "geometry": {
        "type": "Polygon",
        "coordinates": [
          [
            [
              -1.4665715,
              50.939426
            ],
            [
              -1.4665458,
              50.939402
            ],
            [
              -1.4664725,
              50.9394335
            ],
            [
              -1.4664983,
              50.9394574
            ],
            [
              -1.4665715,
              50.939426
            ]
          ]
        ]
      },
      "properties": {
        "osid": "4ce2e6a4-f749-43e1-82a4-cb31a2bcf9b9",
        "toid": "osgb5000005239289073",
        "theme": "Buildings",
        "changetype": "Modified Attributes",
        "isobscured": false,
        "description": "Building",
        "versiondate": "2025-02-05",
        "geometry_area": 20.041597,
        "height_source": "Ordnance Survey",
        "physicallevel": "Surface Level",
        "oslandusetiera": "Residential Accommodation",
        "oslandusetierb": [
          "Private Residence"
        ],
        "geometry_source": "Ordnance Survey",
        "oslandcovertiera": "Constructed",
        "oslandcovertierb": [
          "Building"
        ],
        "oslanduse_source": "Ordnance Survey",
        "height_updatedate": "2025-01-17",
        "description_source": "Ordnance Survey",
        "oslandcover_source": "Ordnance Survey",
        "associatedstructure": null,
        "geometry_updatedate": "2018-11-23",
        "height_evidencedate": "2024-06-20",
        "capturespecification": "Urban",
        "oslanduse_updatedate": "2018-11-26",
        "absoluteheightmaximum": 24.4,
        "absoluteheightminimum": 21,
        "geometry_evidencedate": "2018-11-23",
        "heightconfidencelevel": "Moderate",
        "relativeheightmaximum": 3.4,
        "absoluteheightroofbase": 23.4,
        "description_updatedate": "2018-11-26",
        "oslandcover_updatedate": "2018-11-26",
        "oslanduse_evidencedate": "2018-11-26",
        "relativeheightroofbase": 2.4,
        "versionavailabletodate": null,
        "firstdigitalcapturedate": "2018-11-26",
        "description_evidencedate": "2018-11-26",
        "oslandcover_evidencedate": "2018-11-26",
        "versionavailablefromdate": "2025-02-06T00:00:00Z"
      }
    },
    {
      "id": "4d0c2994-e52e-4009-ba87-15e9ab1badf3",
      "type": "Feature",
      "geometry": {
        "type": "Polygon",
        "coordinates": [
          [
            [
              -1.4677663,
              50.9372116
            ],
            [
              -1.467751,
              50.9372307
            ],
            [
              -1.4677848,
              50.9372415
            ],
            [
              -1.4677851,
              50.9372411
            ],
            [
              -1.4678189,
              50.9371991
            ],
            [
              -1.4678266,
              50.9371896
            ],
            [
              -1.4677928,
              50.9371787
            ],
            [
              -1.4677663,
              50.9372116
            ]
          ]
        ]
      },
      "properties": {
        "osid": "4d0c2994-e52e-4009-ba87-15e9ab1badf3",
        "toid": "osgb1000016343211",
        "theme": "Buildings",
        "changetype": "Modified Attributes",
        "isobscured": false,
        "description": "Building",
        "versiondate": "2025-02-05",
        "geometry_area": 17.276545,
        "height_source": "Ordnance Survey",
        "physicallevel": "Surface Level",
        "oslandusetiera": "Residential Accommodation",
        "oslandusetierb": [
          "Private Residence"
        ],
        "geometry_source": "Ordnance Survey",
        "oslandcovertiera": "Constructed",
        "oslandcovertierb": [
          "Building"
        ],
        "oslanduse_source": "Ordnance Survey",
        "height_updatedate": "2025-01-17",
        "description_source": "Ordnance Survey",
        "oslandcover_source": "Ordnance Survey",
        "associatedstructure": null,
        "geometry_updatedate": "2017-04-19",
        "height_evidencedate": "2024-06-20",
        "capturespecification": "Urban",
        "oslanduse_updatedate": "2006-12-14",
        "absoluteheightmaximum": null,
        "absoluteheightminimum": 13.2,
        "geometry_evidencedate": "2016-08-12",
        "heightconfidencelevel": "Incomplete",
        "relativeheightmaximum": null,
        "absoluteheightroofbase": null,
        "description_updatedate": "2006-12-14",
        "oslandcover_updatedate": "2006-12-14",
        "oslanduse_evidencedate": "2006-12-14",
        "relativeheightroofbase": null,
        "versionavailabletodate": null,
        "firstdigitalcapturedate": "1988-07-28",
        "description_evidencedate": "2006-12-14",
        "oslandcover_evidencedate": "2006-12-14",
        "versionavailablefromdate": "2025-02-06T00:00:00Z"
      }
    },
    {
      "id": "4d3cde59-4678-49ab-b40f-fe2ce8ecdab5",
      "type": "Feature",
      "geometry": {
        "type": "Polygon",
        "coordinates": [
          [
            [
              -1.4639572,
              50.940262
            ],
            [
              -1.4639803,
              50.9402725
            ],
            [
              -1.4639898,
              50.9402641
            ],
            [
              -1.4639667,
              50.9402536
            ],
            [
              -1.4639572,
              50.940262
            ]
          ]
        ]
      },
      "properties": {
        "osid": "4d3cde59-4678-49ab-b40f-fe2ce8ecdab5",
        "toid": "osgb5000005208860455",
        "theme": "Buildings",
        "changetype": "New",
        "isobscured": false,
        "description": "Building",
        "versiondate": "2022-08-26",
        "geometry_area": 2.300814,
        "height_source": null,
        "physicallevel": "Surface Level",
        "oslandusetiera": "Unknown Or Unused Artificial",
        "oslandusetierb": [],
        "geometry_source": "Ordnance Survey",
        "oslandcovertiera": "Constructed",
        "oslandcovertierb": [
          "Building"
        ],
        "oslanduse_source": "Ordnance Survey",
        "height_updatedate": null,
        "description_source": "Ordnance Survey",
        "oslandcover_source": "Ordnance Survey",
        "associatedstructure": null,
        "geometry_updatedate": "2017-08-04",
        "height_evidencedate": null,
        "capturespecification": "Urban",
        "oslanduse_updatedate": "2017-08-04",
        "absoluteheightmaximum": null,
        "absoluteheightminimum": null,
        "geometry_evidencedate": "2017-08-04",
        "heightconfidencelevel": null,
        "relativeheightmaximum": null,
        "absoluteheightroofbase": null,
        "description_updatedate": "2017-08-04",
        "oslandcover_updatedate": "2017-08-04",
        "oslanduse_evidencedate": "2017-08-04",
        "relativeheightroofbase": null,
        "versionavailabletodate": null,
        "firstdigitalcapturedate": "2017-08-04",
        "description_evidencedate": "2017-08-04",
        "oslandcover_evidencedate": "2017-08-04",
        "versionavailablefromdate": "2022-08-27T00:00:00Z"
      }
    },
    {
      "id": "4f07d286-bc38-4297-ade8-1eadf6ef8bc6",
      "type": "Feature",
      "geometry": {
        "type": "Polygon",
        "coordinates": [
          [
            [
              -1.4643357,
              50.9335507
            ],
            [
              -1.4642763,
              50.933579
            ],
            [
              -1.4643021,
              50.9336006
            ],
            [
              -1.4642732,
              50.9336144
            ],
            [
              -1.4643394,
              50.9336691
            ],
            [
              -1.4643559,
              50.9336633
            ],
            [
              -1.4643518,
              50.9336485
            ],
            [
              -1.464389,
              50.9336306
            ],
            [
              -1.4644031,
              50.9336415
            ],
            [
              -1.4644267,
              50.9336295
            ],
            [
              -1.4643612,
              50.9335725
            ],
            [
              -1.4643445,
              50.9335589
            ],
            [
              -1.4643411,
              50.9335553
            ],
            [
              -1.4643357,
              50.9335507
            ]
          ]
        ]
      },
      "properties": {
        "osid": "4f07d286-bc38-4297-ade8-1eadf6ef8bc6",
        "toid": "osgb1000016342862",
        "theme": "Buildings",
        "changetype": "Modified Attributes",
        "isobscured": false,
        "description": "Building",
        "versiondate": "2025-02-05",
        "geometry_area": 69.990722,
        "height_source": "Ordnance Survey",
        "physicallevel": "Surface Level",
        "oslandusetiera": "Residential Accommodation",
        "oslandusetierb": [
          "Private Residence"
        ],
        "geometry_source": "Ordnance Survey",
        "oslandcovertiera": "Constructed",
        "oslandcovertierb": [
          "Building"
        ],
        "oslanduse_source": "Ordnance Survey",
        "height_updatedate": "2025-01-17",
        "description_source": "Ordnance Survey",
        "oslandcover_source": "Ordnance Survey",
        "associatedstructure": null,
        "geometry_updatedate": "2024-11-28",
        "height_evidencedate": "2024-06-20",
        "capturespecification": "Urban",
        "oslanduse_updatedate": "2006-07-01",
        "absoluteheightmaximum": 18.8,
        "absoluteheightminimum": 11.7,
        "geometry_evidencedate": "2024-06-20",
        "heightconfidencelevel": "Moderate",
        "relativeheightmaximum": 7.1,
        "absoluteheightroofbase": 16,
        "description_updatedate": "2006-07-01",
        "oslandcover_updatedate": "2006-07-01",
        "oslanduse_evidencedate": "2006-07-01",
        "relativeheightroofbase": 4.3,
        "versionavailabletodate": null,
        "firstdigitalcapturedate": "1988-05-16",
        "description_evidencedate": "2006-07-01",
        "oslandcover_evidencedate": "2006-07-01",
        "versionavailablefromdate": "2025-02-06T00:00:00Z"
      }
    },
    {
      "id": "4f192c16-f3df-474c-9bb9-257cf3d60961",
      "type": "Feature",
      "geometry": {
        "type": "Polygon",
        "coordinates": [
          [
            [
              -1.4696393,
              50.9374281
            ],
            [
              -1.4696393,
              50.9374277
            ],
            [
              -1.4696394,
              50.9374173
            ],
            [
              -1.4696408,
              50.9373115
            ],
            [
              -1.4696419,
              50.9372225
            ],
            [
              -1.4696248,
              50.9372224
            ],
            [
              -1.4695635,
              50.9372221
            ],
            [
              -1.4695333,
              50.9372219
            ],
            [
              -1.4695336,
              50.9372002
            ],
            [
              -1.4695344,
              50.9371355
            ],
            [
              -1.4694911,
              50.9371353
            ],
            [
              -1.4693728,
              50.9371347
            ],
            [
              -1.4693723,
              50.9372211
            ],
            [
              -1.4693478,
              50.937221
            ],
            [
              -1.4693453,
              50.9374121
            ],
            [
              -1.4693451,
              50.9374266
            ],
            [
              -1.4693864,
              50.9374268
            ],
            [
              -1.4694374,
              50.937427
            ],
            [
              -1.4694994,
              50.9374274
            ],
            [
              -1.4695327,
              50.9374276
            ],
            [
              -1.4696393,
              50.9374281
            ]
          ],
          [
            [
              -1.4695172,
              50.9372304
            ],
            [
              -1.4695886,
              50.9372307
            ],
            [
              -1.4695884,
              50.9372483
            ],
            [
              -1.4696245,
              50.9372485
            ],
            [
              -1.4696237,
              50.9373114
            ],
            [
              -1.4696223,
              50.9374173
            ],
            [
              -1.4694995,
              50.9374166
            ],
            [
              -1.4693865,
              50.937416
            ],
            [
              -1.4693866,
              50.9374124
            ],
            [
              -1.4693887,
              50.9372472
            ],
            [
              -1.4693891,
              50.9372212
            ],
            [
              -1.4693898,
              50.9371888
            ],
            [
              -1.4693907,
              50.9371448
            ],
            [
              -1.469491,
              50.9371454
            ],
            [
              -1.4695183,
              50.9371455
            ],
            [
              -1.4695175,
              50.9372002
            ],
            [
              -1.4695174,
              50.9372075
            ],
            [
              -1.4695173,
              50.9372219
            ],
            [
              -1.4695172,
              50.9372304
            ]
          ]
        ]
      },
      "properties": {
        "osid": "4f192c16-f3df-474c-9bb9-257cf3d60961",
        "toid": "osgb1000002682118041",
        "theme": "Buildings",
        "changetype": "Modified Attributes",
        "isobscured": false,
        "description": "Building",
        "versiondate": "2025-02-05",
        "geometry_area": 158.402354,
        "height_source": "Ordnance Survey",
        "physicallevel": "Surface Level",
        "oslandusetiera": "Education",
        "oslandusetierb": [],
        "geometry_source": "Ordnance Survey",
        "oslandcovertiera": "Constructed",
        "oslandcovertierb": [
          "Building"
        ],
        "oslanduse_source": "Ordnance Survey",
        "height_updatedate": "2025-01-17",
        "description_source": "Ordnance Survey",
        "oslandcover_source": "Ordnance Survey",
        "associatedstructure": null,
        "geometry_updatedate": "2016-05-18",
        "height_evidencedate": "2024-06-20",
        "capturespecification": "Urban",
        "oslanduse_updatedate": "2010-12-01",
        "absoluteheightmaximum": 16,
        "absoluteheightminimum": 12.6,
        "geometry_evidencedate": "2016-05-18",
        "heightconfidencelevel": "Moderate",
        "relativeheightmaximum": 3.4,
        "absoluteheightroofbase": 15.6,
        "description_updatedate": "2010-12-01",
        "oslandcover_updatedate": "2010-12-01",
        "oslanduse_evidencedate": "2010-12-01",
        "relativeheightroofbase": 3,
        "versionavailabletodate": null,
        "firstdigitalcapturedate": "2010-12-01",
        "description_evidencedate": "2010-12-01",
        "oslandcover_evidencedate": "2010-12-01",
        "versionavailablefromdate": "2025-02-06T00:00:00Z"
      }
    },
    {
      "id": "5050c5ec-239f-4ccb-9f7d-83ab8a7151a5",
      "type": "Feature",
      "geometry": {
        "type": "Polygon",
        "coordinates": [
          [
            [
              -1.4643488,
              50.9397628
            ],
            [
              -1.4644619,
              50.9397969
            ],
            [
              -1.4644903,
              50.9397593
            ],
            [
              -1.4643771,
              50.9397253
            ],
            [
              -1.4643488,
              50.9397628
            ]
          ]
        ]
      },
      "properties": {
        "osid": "5050c5ec-239f-4ccb-9f7d-83ab8a7151a5",
        "toid": "osgb5000005232124717",
        "theme": "Buildings",
        "changetype": "Modified Attributes",
        "isobscured": false,
        "description": "Building",
        "versiondate": "2025-02-05",
        "geometry_area": 40.782549,
        "height_source": "Ordnance Survey",
        "physicallevel": "Surface Level",
        "oslandusetiera": "Residential Accommodation",
        "oslandusetierb": [
          "Private Residence"
        ],
        "geometry_source": "Ordnance Survey",
        "oslandcovertiera": "Constructed",
        "oslandcovertierb": [
          "Building"
        ],
        "oslanduse_source": "Ordnance Survey",
        "height_updatedate": "2025-01-17",
        "description_source": "Ordnance Survey",
        "oslandcover_source": "Ordnance Survey",
        "associatedstructure": null,
        "geometry_updatedate": "2018-07-09",
        "height_evidencedate": "2024-06-20",
        "capturespecification": "Urban",
        "oslanduse_updatedate": "2018-07-09",
        "absoluteheightmaximum": 31.8,
        "absoluteheightminimum": 24,
        "geometry_evidencedate": "2018-07-09",
        "heightconfidencelevel": "Moderate",
        "relativeheightmaximum": 7.8,
        "absoluteheightroofbase": 28.8,
        "description_updatedate": "2018-07-09",
        "oslandcover_updatedate": "2018-07-09",
        "oslanduse_evidencedate": "2018-07-09",
        "relativeheightroofbase": 4.8,
        "versionavailabletodate": null,
        "firstdigitalcapturedate": "2018-07-10",
        "description_evidencedate": "2018-07-09",
        "oslandcover_evidencedate": "2018-07-09",
        "versionavailablefromdate": "2025-02-06T00:00:00Z"
      }
    },
    {
      "id": "509620cb-41ab-41c0-a7fd-289f584862e1",
      "type": "Feature",
      "geometry": {
        "type": "Polygon",
        "coordinates": [
          [
            [
              -1.4649141,
              50.939385
            ],
            [
              -1.4649024,
              50.9393985
            ],
            [
              -1.4649822,
              50.939426
            ],
            [
              -1.465004,
              50.9394008
            ],
            [
              -1.4650055,
              50.9393991
            ],
            [
              -1.4649257,
              50.9393715
            ],
            [
              -1.4649141,
              50.939385
            ]
          ]
        ]
      },
      "properties": {
        "osid": "509620cb-41ab-41c0-a7fd-289f584862e1",
        "toid": "osgb5000005236335830",
        "theme": "Buildings",
        "changetype": "Modified Attributes",
        "isobscured": false,
        "description": "Building",
        "versiondate": "2025-02-05",
        "geometry_area": 21.821735,
        "height_source": "Ordnance Survey",
        "physicallevel": "Surface Level",
        "oslandusetiera": "Residential Accommodation",
        "oslandusetierb": [
          "Private Residence"
        ],
        "geometry_source": "Ordnance Survey",
        "oslandcovertiera": "Constructed",
        "oslandcovertierb": [
          "Building"
        ],
        "oslanduse_source": "Ordnance Survey",
        "height_updatedate": "2025-01-17",
        "description_source": "Ordnance Survey",
        "oslandcover_source": "Ordnance Survey",
        "associatedstructure": null,
        "geometry_updatedate": "2018-11-22",
        "height_evidencedate": "2024-06-20",
        "capturespecification": "Urban",
        "oslanduse_updatedate": "2018-09-14",
        "absoluteheightmaximum": 26.9,
        "absoluteheightminimum": 23.2,
        "geometry_evidencedate": "2018-11-22",
        "heightconfidencelevel": "Moderate",
        "relativeheightmaximum": 3.7,
        "absoluteheightroofbase": 25.5,
        "description_updatedate": "2018-09-14",
        "oslandcover_updatedate": "2018-09-14",
        "oslanduse_evidencedate": "2018-09-14",
        "relativeheightroofbase": 2.3,
        "versionavailabletodate": null,
        "firstdigitalcapturedate": "2018-09-17",
        "description_evidencedate": "2018-09-14",
        "oslandcover_evidencedate": "2018-09-14",
        "versionavailablefromdate": "2025-02-06T00:00:00Z"
      }
    },
    {
      "id": "50a84963-c886-40f5-8763-9e3c64202ccf",
      "type": "Feature",
      "geometry": {
        "type": "Polygon",
        "coordinates": [
          [
            [
              -1.4651781,
              50.936359
            ],
            [
              -1.4651739,
              50.9363913
            ],
            [
              -1.4651596,
              50.9363906
            ],
            [
              -1.4651567,
              50.9364135
            ],
            [
              -1.465171,
              50.9364143
            ],
            [
              -1.4652834,
              50.9364202
            ],
            [
              -1.4652904,
              50.9363644
            ],
            [
              -1.4651781,
              50.936359
            ]
          ]
        ]
      },
      "properties": {
        "osid": "50a84963-c886-40f5-8763-9e3c64202ccf",
        "toid": "osgb1000016342826",
        "theme": "Buildings",
        "changetype": "Modified Attributes",
        "isobscured": false,
        "description": "Building",
        "versiondate": "2025-02-05",
        "geometry_area": 51.622901,
        "height_source": "Ordnance Survey",
        "physicallevel": "Surface Level",
        "oslandusetiera": "Residential Accommodation",
        "oslandusetierb": [
          "Private Residence"
        ],
        "geometry_source": "Ordnance Survey",
        "oslandcovertiera": "Constructed",
        "oslandcovertierb": [
          "Building"
        ],
        "oslanduse_source": "Ordnance Survey",
        "height_updatedate": "2025-01-17",
        "description_source": "Ordnance Survey",
        "oslandcover_source": "Ordnance Survey",
        "associatedstructure": null,
        "geometry_updatedate": "2017-04-21",
        "height_evidencedate": "2024-06-20",
        "capturespecification": "Urban",
        "oslanduse_updatedate": "2006-07-01",
        "absoluteheightmaximum": 21.1,
        "absoluteheightminimum": 13.6,
        "geometry_evidencedate": "2016-08-12",
        "heightconfidencelevel": "Moderate",
        "relativeheightmaximum": 7.5,
        "absoluteheightroofbase": 19.2,
        "description_updatedate": "2006-07-01",
        "oslandcover_updatedate": "2006-07-01",
        "oslanduse_evidencedate": "2006-07-01",
        "relativeheightroofbase": 5.6,
        "versionavailabletodate": null,
        "firstdigitalcapturedate": "1988-05-16",
        "description_evidencedate": "2006-07-01",
        "oslandcover_evidencedate": "2006-07-01",
        "versionavailablefromdate": "2025-02-06T00:00:00Z"
      }
    }
  ]
}