{
  "type": "FeatureCollection",
  "links": [
    {
      "href": "https://api.os.uk/features/ngd/ofa/v1/collections/bld-fts-buildingpart-1/items?offset=400&limit=100&bbox=-1.47483339,50.93365735,-1.46336657,50.94090276&key=ALZCQtABtiUvfdlGkrF7cHxaFBHhoh9j",
      "rel": "self",
      "type": "application/geo+json",
      "title": "All features from the 'Building Part v1' collection within bounding box: -1.47483339,50.93365735,-1.46336657,50.94090276"
    },
    {
      "href": "https://api.os.uk/features/ngd/ofa/v1/collections/bld-fts-buildingpart-1/items?offset=300&limit=100&bbox=-1.47483339,50.93365735,-1.46336657,50.94090276&key=ALZCQtABtiUvfdlGkrF7cHxaFBHhoh9j",
      "rel": "prev",
      "type": "application/geo+json",
      "title": "Previous page"
    },
    {
      "href": "https://api.os.uk/features/ngd/ofa/v1/collections/bld-fts-buildingpart-1/items?offset=500&limit=100&bbox=-1.47483339,50.93365735,-1.46336657,50.94090276&key=ALZCQtABtiUvfdlGkrF7cHxaFBHhoh9j",
      "rel": "next",
      "type": "application/geo+json",
      "title": "Next page"
    }
  ],
  "timeStamp": "2025-10-13T23:39:06.779389452Z",
  "numberReturned": 100,
  "features": [
    {
      "id": "9c63c9dd-16cf-4eb2-9f1c-f58367bb6509",
      "type": "Feature",
      "geometry": {
        "type": "Polygon",
        "coordinates": [
          [
            [
              -1.4657767,
              50.9362183
            ],
            [
              -1.4657746,
              50.9362785
            ],
            [
              -1.4658863,
              50.9362804
            ],
            [
              -1.4658889,
              50.9362438
            ],
            [
              -1.4659074,
              50.9362443
            ],
            [
              -1.4659091,
              50.9362216
            ],
            [
              -1.4658905,
              50.9362211
            ],
            [
              -1.4657767,
              50.9362183
            ]
          ]
        ]
      },
      "properties": {
        "osid": "9c63c9dd-16cf-4eb2-9f1c-f58367bb6509",
        "toid": "osgb1000016342815",
        "theme": "Buildings",
        "changetype": "Modified Attributes",
        "isobscured": false,
        "description": "Building",
        "versiondate": "2025-02-05",
        "geometry_area": 56.039524,
        "height_source": "Ordnance Survey",
        "physicallevel": "Surface Level",
        "oslandusetiera": "Residential Accommodation",
        "oslandusetierb": [
          "Private Residence"
        ],
        "geometry_source": "Ordnance Survey",
        "oslandcovertiera": "Constructed",
        "oslandcovertierb": [
          "Building"
        ],
        "oslanduse_source": "Ordnance Survey",
        "height_updatedate": "2025-01-17",
        "description_source": "Ordnance Survey",
        "oslandcover_source": "Ordnance Survey",
        "associatedstructure": null,
        "geometry_updatedate": "2017-04-21",
        "height_evidencedate": "2024-06-20",
        "capturespecification": "Urban",
        "oslanduse_updatedate": "2004-04-13",
        "absoluteheightmaximum": 20.8,
        "absoluteheightminimum": 13.3,
        "geometry_evidencedate": "2016-08-12",
        "heightconfidencelevel": "Moderate",
        "relativeheightmaximum": 7.5,
        "absoluteheightroofbase": 19,
        "description_updatedate": "2004-04-13",
        "oslandcover_updatedate": "2004-04-13",
        "oslanduse_evidencedate": "2004-04-13",
        "relativeheightroofbase": 5.7,
        "versionavailabletodate": null,
        "firstdigitalcapturedate": "1988-05-16",
        "description_evidencedate": "2004-04-13",
        "oslandcover_evidencedate": "2004-04-13",
        "versionavailablefromdate": "2025-02-06T00:00:00Z"
      }
    },
    {
      "id": "9c8fa931-9b84-4048-8dd1-e43f51f58bea",
      "type": "Feature",
      "geometry": {
        "type": "Polygon",
        "coordinates": [
          [
            [
              -1.471806,
              50.935925
            ],
            [
              -1.4717701,
              50.9359316
            ],
            [
              -1.4717979,
              50.9359911
            ],
            [
              -1.4718338,
              50.9359844
            ],
            [
              -1.471806,
              50.935925
            ]
          ]
        ]
      },
      "properties": {
        "osid": "9c8fa931-9b84-4048-8dd1-e43f51f58bea",
        "toid": "osgb1000016343254",
        "theme": "Buildings",
        "changetype": "Modified Attributes",
        "isobscured": false,
        "description": "Building",
        "versiondate": "2025-02-05",
        "geometry_area": 18.152,
        "height_source": "Ordnance Survey",
        "physicallevel": "Surface Level",
        "oslandusetiera": "Unknown Or Unused Artificial",
        "oslandusetierb": [],
        "geometry_source": "Ordnance Survey",
        "oslandcovertiera": "Constructed",
        "oslandcovertierb": [
          "Building"
        ],
        "oslanduse_source": "Ordnance Survey",
        "height_updatedate": "2025-01-17",
        "description_source": "Ordnance Survey",
        "oslandcover_source": "Ordnance Survey",
        "associatedstructure": null,
        "geometry_updatedate": "2004-02-10",
        "height_evidencedate": "2024-06-20",
        "capturespecification": "Urban",
        "oslanduse_updatedate": "2004-02-10",
        "absoluteheightmaximum": null,
        "absoluteheightminimum": 10.5,
        "geometry_evidencedate": "2004-02-10",
        "heightconfidencelevel": "Incomplete",
        "relativeheightmaximum": null,
        "absoluteheightroofbase": null,
        "description_updatedate": "2004-02-10",
        "oslandcover_updatedate": "2004-02-10",
        "oslanduse_evidencedate": "2004-02-10",
        "relativeheightroofbase": null,
        "versionavailabletodate": null,
        "firstdigitalcapturedate": "1999-02-26",
        "description_evidencedate": "2004-02-10",
        "oslandcover_evidencedate": "2004-02-10",
        "versionavailablefromdate": "2025-02-06T00:00:00Z"
      }
    },
    {
      "id": "9cc7d6b4-f411-4e2c-ac3a-59f2e63e5d79",
      "type": "Feature",
      "geometry": {
        "type": "Polygon",
        "coordinates": [
          [
            [
              -1.4653753,
              50.9404731
            ],
            [
              -1.4654434,
              50.9405089
            ],
            [
              -1.4654741,
              50.9404856
            ],
            [
              -1.4654061,
              50.9404498
            ],
            [
              -1.4653753,
              50.9404731
            ]
          ]
        ]
      },
      "properties": {
        "osid": "9cc7d6b4-f411-4e2c-ac3a-59f2e63e5d79",
        "toid": "osgb5000005208860439",
        "theme": "Buildings",
        "changetype": "Modified Attributes",
        "isobscured": false,
        "description": "Building",
        "versiondate": "2025-02-05",
        "geometry_area": 21.008775,
        "height_source": "Ordnance Survey",
        "physicallevel": "Surface Level",
        "oslandusetiera": "Residential Accommodation",
        "oslandusetierb": [
          "Private Residence"
        ],
        "geometry_source": "Ordnance Survey",
        "oslandcovertiera": "Constructed",
        "oslandcovertierb": [
          "Building"
        ],
        "oslanduse_source": "Ordnance Survey",
        "height_updatedate": "2025-01-17",
        "description_source": "Ordnance Survey",
        "oslandcover_source": "Ordnance Survey",
        "associatedstructure": null,
        "geometry_updatedate": "2017-08-04",
        "height_evidencedate": "2024-06-20",
        "capturespecification": "Urban",
        "oslanduse_updatedate": "2017-08-04",
        "absoluteheightmaximum": 26.6,
        "absoluteheightminimum": 22.3,
        "geometry_evidencedate": "2017-08-04",
        "heightconfidencelevel": "Moderate",
        "relativeheightmaximum": 4.3,
        "absoluteheightroofbase": 26.4,
        "description_updatedate": "2017-08-04",
        "oslandcover_updatedate": "2017-08-04",
        "oslanduse_evidencedate": "2017-08-04",
        "relativeheightroofbase": 4.1,
        "versionavailabletodate": null,
        "firstdigitalcapturedate": "2017-08-04",
        "description_evidencedate": "2017-08-04",
        "oslandcover_evidencedate": "2017-08-04",
        "versionavailablefromdate": "2025-02-06T00:00:00Z"
      }
    },
    {
      "id": "9d1370f5-52c6-47a9-8fc5-db68d01f89eb",
      "type": "Feature",
      "geometry": {
        "type": "Polygon",
        "coordinates": [
          [
            [
              -1.4657303,
              50.9340203
            ],
            [
              -1.4654408,
              50.9340762
            ],
            [
              -1.4653676,
              50.9340904
            ],
            [
              -1.4653329,
              50.9340974
            ],
            [
              -1.4654454,
              50.934328
            ],
            [
              -1.4655035,
              50.9343167
            ],
            [
              -1.4654056,
              50.9341159
            ],
            [
              -1.4657724,
              50.9340444
            ],
            [
              -1.465758,
              50.9340149
            ],
            [
              -1.4657303,
              50.9340203
            ]
          ]
        ]
      },
      "properties": {
        "osid": "9d1370f5-52c6-47a9-8fc5-db68d01f89eb",
        "toid": "osgb5000005276414830",
        "theme": "Buildings",
        "changetype": "Modified Attributes",
        "isobscured": false,
        "description": "Building",
        "versiondate": "2025-02-05",
        "geometry_area": 208.083395,
        "height_source": "Ordnance Survey",
        "physicallevel": "Surface Level",
        "oslandusetiera": "Commercial Activity: Retail",
        "oslandusetierb": [],
        "geometry_source": "Ordnance Survey",
        "oslandcovertiera": "Constructed",
        "oslandcovertierb": [
          "Building"
        ],
        "oslanduse_source": "Ordnance Survey",
        "height_updatedate": "2025-01-17",
        "description_source": "Ordnance Survey",
        "oslandcover_source": "Ordnance Survey",
        "associatedstructure": null,
        "geometry_updatedate": "2021-02-03",
        "height_evidencedate": "2024-06-20",
        "capturespecification": "Urban",
        "oslanduse_updatedate": "2021-02-03",
        "absoluteheightmaximum": 17.3,
        "absoluteheightminimum": 10.6,
        "geometry_evidencedate": "2021-02-03",
        "heightconfidencelevel": "Moderate",
        "relativeheightmaximum": 6.7,
        "absoluteheightroofbase": 14.6,
        "description_updatedate": "2021-02-03",
        "oslandcover_updatedate": "2021-02-03",
        "oslanduse_evidencedate": "2021-02-03",
        "relativeheightroofbase": 4,
        "versionavailabletodate": null,
        "firstdigitalcapturedate": "2021-02-03",
        "description_evidencedate": "2021-02-03",
        "oslandcover_evidencedate": "2021-02-03",
        "versionavailablefromdate": "2025-02-06T00:00:00Z"
      }
    },
    {
      "id": "9d2c5f73-943e-4a8b-bb98-9ef0d115055a",
      "type": "Feature",
      "geometry": {
        "type": "Polygon",
        "coordinates": [
          [
            [
              -1.4671958,
              50.9373803
            ],
            [
              -1.4671304,
              50.9373175
            ],
            [
              -1.4670674,
              50.9373447
            ],
            [
              -1.4671322,
              50.9374066
            ],
            [
              -1.4671958,
              50.9373803
            ]
          ]
        ]
      },
      "properties": {
        "osid": "9d2c5f73-943e-4a8b-bb98-9ef0d115055a",
        "toid": "osgb1000016342756",
        "theme": "Buildings",
        "changetype": "Modified Attributes",
        "isobscured": false,
        "description": "Building",
        "versiondate": "2025-02-05",
        "geometry_area": 44.4075,
        "height_source": "Ordnance Survey",
        "physicallevel": "Surface Level",
        "oslandusetiera": "Residential Accommodation",
        "oslandusetierb": [
          "Private Residence"
        ],
        "geometry_source": "Ordnance Survey",
        "oslandcovertiera": "Constructed",
        "oslandcovertierb": [
          "Building"
        ],
        "oslanduse_source": "Ordnance Survey",
        "height_updatedate": "2025-01-17",
        "description_source": "Ordnance Survey",
        "oslandcover_source": "Ordnance Survey",
        "associatedstructure": null,
        "geometry_updatedate": "2006-07-11",
        "height_evidencedate": "2024-06-20",
        "capturespecification": "Urban",
        "oslanduse_updatedate": "2006-07-11",
        "absoluteheightmaximum": 21,
        "absoluteheightminimum": 14.4,
        "geometry_evidencedate": "2006-07-11",
        "heightconfidencelevel": "Moderate",
        "relativeheightmaximum": 6.6,
        "absoluteheightroofbase": 19.6,
        "description_updatedate": "2006-07-11",
        "oslandcover_updatedate": "2006-07-11",
        "oslanduse_evidencedate": "2006-07-11",
        "relativeheightroofbase": 5.2,
        "versionavailabletodate": null,
        "firstdigitalcapturedate": "1988-05-16",
        "description_evidencedate": "2006-07-11",
        "oslandcover_evidencedate": "2006-07-11",
        "versionavailablefromdate": "2025-02-06T00:00:00Z"
      }
    },
    {
      "id": "9d86fc86-e0ff-4062-95ea-e92b55bb1042",
      "type": "Feature",
      "geometry": {
        "type": "Polygon",
        "coordinates": [
          [
            [
              -1.4711466,
              50.9397305
            ],
            [
              -1.4712047,
              50.9397311
            ],
            [
              -1.4712052,
              50.9397094
            ],
            [
              -1.4711471,
              50.939709
            ],
            [
              -1.4711466,
              50.9397305
            ]
          ]
        ]
      },
      "properties": {
        "osid": "9d86fc86-e0ff-4062-95ea-e92b55bb1042",
        "toid": "osgb5000005274099661",
        "theme": "Buildings",
        "changetype": "Modified Attributes",
        "isobscured": false,
        "description": "Building",
        "versiondate": "2025-02-05",
        "geometry_area": 9.824742,
        "height_source": "Ordnance Survey",
        "physicallevel": "Surface Level",
        "oslandusetiera": "Commercial Activity: Industrial Or Manufacturing",
        "oslandusetierb": [],
        "geometry_source": "Ordnance Survey",
        "oslandcovertiera": "Constructed",
        "oslandcovertierb": [
          "Building"
        ],
        "oslanduse_source": "Ordnance Survey",
        "height_updatedate": "2025-01-17",
        "description_source": "Ordnance Survey",
        "oslandcover_source": "Ordnance Survey",
        "associatedstructure": null,
        "geometry_updatedate": "2020-12-15",
        "height_evidencedate": "2024-06-20",
        "capturespecification": "Urban",
        "oslanduse_updatedate": "2020-12-15",
        "absoluteheightmaximum": null,
        "absoluteheightminimum": 14.9,
        "geometry_evidencedate": "2020-09-20",
        "heightconfidencelevel": "Incomplete",
        "relativeheightmaximum": null,
        "absoluteheightroofbase": null,
        "description_updatedate": "2020-12-15",
        "oslandcover_updatedate": "2020-12-15",
        "oslanduse_evidencedate": "2020-09-20",
        "relativeheightroofbase": null,
        "versionavailabletodate": null,
        "firstdigitalcapturedate": "2020-12-15",
        "description_evidencedate": "2020-09-20",
        "oslandcover_evidencedate": "2020-09-20",
        "versionavailablefromdate": "2025-02-06T00:00:00Z"
      }
    },
    {
      "id": "9d971006-d091-4c6e-a2c6-7298daedb909",
      "type": "Feature",
      "geometry": {
        "type": "Polygon",
        "coordinates": [
          [
            [
              -1.4696834,
              50.9395029
            ],
            [
              -1.4696829,
              50.9395453
            ],
            [
              -1.4697044,
              50.9395454
            ],
            [
              -1.4697049,
              50.9395029
            ],
            [
              -1.4696834,
              50.9395029
            ]
          ]
        ]
      },
      "properties": {
        "osid": "9d971006-d091-4c6e-a2c6-7298daedb909",
        "toid": "osgb5000005333760718",
        "theme": "Buildings",
        "changetype": "New",
        "isobscured": false,
        "description": "Building",
        "versiondate": "2024-04-13",
        "geometry_area": 7.130592,
        "height_source": null,
        "physicallevel": "Surface Level",
        "oslandusetiera": "Commercial Activity: Industrial Or Manufacturing",
        "oslandusetierb": [],
        "geometry_source": "Ordnance Survey",
        "oslandcovertiera": "Constructed",
        "oslandcovertierb": [
          "Building"
        ],
        "oslanduse_source": "Ordnance Survey",
        "height_updatedate": null,
        "description_source": "Ordnance Survey",
        "oslandcover_source": "Ordnance Survey",
        "associatedstructure": null,
        "geometry_updatedate": "2024-04-09",
        "height_evidencedate": null,
        "capturespecification": "Urban",
        "oslanduse_updatedate": "2024-04-09",
        "absoluteheightmaximum": null,
        "absoluteheightminimum": null,
        "geometry_evidencedate": "2024-04-02",
        "heightconfidencelevel": null,
        "relativeheightmaximum": null,
        "absoluteheightroofbase": null,
        "description_updatedate": "2024-04-09",
        "oslandcover_updatedate": "2024-04-09",
        "oslanduse_evidencedate": "2024-04-02",
        "relativeheightroofbase": null,
        "versionavailabletodate": null,
        "firstdigitalcapturedate": "2024-04-10",
        "description_evidencedate": "2024-04-02",
        "oslandcover_evidencedate": "2024-04-02",
        "versionavailablefromdate": "2024-04-14T00:00:00Z"
      }
    },
    {
      "id": "9e00840a-a751-49cd-8a13-4b88a7cb74e9",
      "type": "Feature",
      "geometry": {
        "type": "Polygon",
        "coordinates": [
          [
            [
              -1.4691685,
              50.9367587
            ],
            [
              -1.4691854,
              50.9367607
            ],
            [
              -1.4691932,
              50.9367348
            ],
            [
              -1.4691762,
              50.9367328
            ],
            [
              -1.4691685,
              50.9367587
            ]
          ]
        ]
      },
      "properties": {
        "osid": "9e00840a-a751-49cd-8a13-4b88a7cb74e9",
        "toid": "osgb5000005257941622",
        "theme": "Buildings",
        "changetype": "Modified Attributes",
        "isobscured": false,
        "description": "Building",
        "versiondate": "2022-09-18",
        "geometry_area": 3.554551,
        "height_source": null,
        "physicallevel": "Surface Level",
        "oslandusetiera": "Residential Accommodation",
        "oslandusetierb": [
          "Private Residence"
        ],
        "geometry_source": "Ordnance Survey",
        "oslandcovertiera": "Constructed",
        "oslandcovertierb": [
          "Building"
        ],
        "oslanduse_source": "Ordnance Survey",
        "height_updatedate": null,
        "description_source": "Ordnance Survey",
        "oslandcover_source": "Ordnance Survey",
        "associatedstructure": null,
        "geometry_updatedate": "2019-12-29",
        "height_evidencedate": null,
        "capturespecification": "Urban",
        "oslanduse_updatedate": "2019-12-29",
        "absoluteheightmaximum": null,
        "absoluteheightminimum": null,
        "geometry_evidencedate": "2019-06-28",
        "heightconfidencelevel": null,
        "relativeheightmaximum": null,
        "absoluteheightroofbase": null,
        "description_updatedate": "2019-12-29",
        "oslandcover_updatedate": "2019-12-29",
        "oslanduse_evidencedate": "2019-06-28",
        "relativeheightroofbase": null,
        "versionavailabletodate": null,
        "firstdigitalcapturedate": "2019-12-30",
        "description_evidencedate": "2019-06-28",
        "oslandcover_evidencedate": "2019-06-28",
        "versionavailablefromdate": "2022-09-19T00:00:00Z"
      }
    },
    {
      "id": "9e1cbf42-70b2-4d76-a193-4c9226113311",
      "type": "Feature",
      "geometry": {
        "type": "Polygon",
        "coordinates": [
          [
            [
              -1.4678812,
              50.937219
            ],
            [
              -1.4678728,
              50.9372295
            ],
            [
              -1.4679457,
              50.9372525
            ],
            [
              -1.4679482,
              50.9372494
            ],
            [
              -1.4679676,
              50.9372261
            ],
            [
              -1.4678941,
              50.9372029
            ],
            [
              -1.4678812,
              50.937219
            ]
          ]
        ]
      },
      "properties": {
        "osid": "9e1cbf42-70b2-4d76-a193-4c9226113311",
        "toid": "osgb5000005277344202",
        "theme": "Buildings",
        "changetype": "Modified Attributes",
        "isobscured": false,
        "description": "Building",
        "versiondate": "2025-02-05",
        "geometry_area": 19.047785,
        "height_source": "Ordnance Survey",
        "physicallevel": "Surface Level",
        "oslandusetiera": "Residential Accommodation",
        "oslandusetierb": [
          "Private Residence"
        ],
        "geometry_source": "Ordnance Survey",
        "oslandcovertiera": "Constructed",
        "oslandcovertierb": [
          "Building"
        ],
        "oslanduse_source": "Ordnance Survey",
        "height_updatedate": "2025-01-17",
        "description_source": "Ordnance Survey",
        "oslandcover_source": "Ordnance Survey",
        "associatedstructure": null,
        "geometry_updatedate": "2021-02-18",
        "height_evidencedate": "2024-06-20",
        "capturespecification": "Urban",
        "oslanduse_updatedate": "2021-02-18",
        "absoluteheightmaximum": null,
        "absoluteheightminimum": 13,
        "geometry_evidencedate": "2020-09-20",
        "heightconfidencelevel": "Incomplete",
        "relativeheightmaximum": null,
        "absoluteheightroofbase": null,
        "description_updatedate": "2021-02-18",
        "oslandcover_updatedate": "2021-02-18",
        "oslanduse_evidencedate": "2020-09-20",
        "relativeheightroofbase": null,
        "versionavailabletodate": null,
        "firstdigitalcapturedate": "2021-02-22",
        "description_evidencedate": "2020-09-20",
        "oslandcover_evidencedate": "2020-09-20",
        "versionavailablefromdate": "2025-02-06T00:00:00Z"
      }
    },
    {
      "id": "9ef49b3c-42b0-453c-89bf-55e8dab65b8d",
      "type": "Feature",
      "geometry": {
        "type": "Polygon",
        "coordinates": [
          [
            [
              -1.4688922,
              50.9358521
            ],
            [
              -1.4689051,
              50.9358586
            ],
            [
              -1.4689389,
              50.935832
            ],
            [
              -1.468926,
              50.9358255
            ],
            [
              -1.4688922,
              50.9358521
            ]
          ]
        ]
      },
      "properties": {
        "osid": "9ef49b3c-42b0-453c-89bf-55e8dab65b8d",
        "toid": "osgb5000005181571694",
        "theme": "Buildings",
        "changetype": "New",
        "isobscured": false,
        "description": "Building",
        "versiondate": "2022-08-26",
        "geometry_area": 4.395116,
        "height_source": null,
        "physicallevel": "Surface Level",
        "oslandusetiera": "Commercial Activity: Retail",
        "oslandusetierb": [],
        "geometry_source": "Ordnance Survey",
        "oslandcovertiera": "Constructed",
        "oslandcovertierb": [
          "Building"
        ],
        "oslanduse_source": "Ordnance Survey",
        "height_updatedate": null,
        "description_source": "Ordnance Survey",
        "oslandcover_source": "Ordnance Survey",
        "associatedstructure": null,
        "geometry_updatedate": "2016-05-18",
        "height_evidencedate": null,
        "capturespecification": "Urban",
        "oslanduse_updatedate": "2016-05-18",
        "absoluteheightmaximum": null,
        "absoluteheightminimum": null,
        "geometry_evidencedate": "2016-05-18",
        "heightconfidencelevel": null,
        "relativeheightmaximum": null,
        "absoluteheightroofbase": null,
        "description_updatedate": "2016-05-18",
        "oslandcover_updatedate": "2016-05-18",
        "oslanduse_evidencedate": "2016-05-18",
        "relativeheightroofbase": null,
        "versionavailabletodate": null,
        "firstdigitalcapturedate": "2016-05-18",
        "description_evidencedate": "2016-05-18",
        "oslandcover_evidencedate": "2016-05-18",
        "versionavailablefromdate": "2022-08-27T00:00:00Z"
      }
    },
    {
      "id": "9f0607a4-b28a-406e-a394-d47ebe5855b4",
      "type": "Feature",
      "geometry": {
        "type": "Polygon",
        "coordinates": [
          [
            [
              -1.4640236,
              50.9408302
            ],
            [
              -1.4640441,
              50.9408394
            ],
            [
              -1.4641255,
              50.9407678
            ],
            [
              -1.4640461,
              50.9407318
            ],
            [
              -1.4639647,
              50.9408035
            ],
            [
              -1.4640236,
              50.9408302
            ]
          ]
        ]
      },
      "properties": {
        "osid": "9f0607a4-b28a-406e-a394-d47ebe5855b4",
        "toid": "osgb5000005198749583",
        "theme": "Buildings",
        "changetype": "Modified Attributes",
        "isobscured": false,
        "description": "Building",
        "versiondate": "2025-02-05",
        "geometry_area": 67.290453,
        "height_source": "Ordnance Survey",
        "physicallevel": "Surface Level",
        "oslandusetiera": "Residential Accommodation",
        "oslandusetierb": [
          "Private Residence"
        ],
        "geometry_source": "Ordnance Survey",
        "oslandcovertiera": "Constructed",
        "oslandcovertierb": [
          "Building"
        ],
        "oslanduse_source": "Ordnance Survey",
        "height_updatedate": "2025-01-17",
        "description_source": "Ordnance Survey",
        "oslandcover_source": "Ordnance Survey",
        "associatedstructure": null,
        "geometry_updatedate": "2017-08-04",
        "height_evidencedate": "2024-06-20",
        "capturespecification": "Urban",
        "oslanduse_updatedate": "2017-02-07",
        "absoluteheightmaximum": 33,
        "absoluteheightminimum": 24.2,
        "geometry_evidencedate": "2017-08-04",
        "heightconfidencelevel": "Moderate",
        "relativeheightmaximum": 8.8,
        "absoluteheightroofbase": 30.1,
        "description_updatedate": "2017-02-07",
        "oslandcover_updatedate": "2017-02-07",
        "oslanduse_evidencedate": "2017-02-07",
        "relativeheightroofbase": 5.9,
        "versionavailabletodate": null,
        "firstdigitalcapturedate": "2017-02-07",
        "description_evidencedate": "2017-02-07",
        "oslandcover_evidencedate": "2017-02-07",
        "versionavailablefromdate": "2025-02-06T00:00:00Z"
      }
    },
    {
      "id": "9f1c4444-efa5-4c48-baf0-62f3a7674dae",
      "type": "Feature",
      "geometry": {
        "type": "Polygon",
        "coordinates": [
          [
            [
              -1.4670842,
              50.9387016
            ],
            [
              -1.4670472,
              50.9386673
            ],
            [
              -1.4669524,
              50.9387083
            ],
            [
              -1.4669894,
              50.9387425
            ],
            [
              -1.4670842,
              50.9387016
            ]
          ]
        ]
      },
      "properties": {
        "osid": "9f1c4444-efa5-4c48-baf0-62f3a7674dae",
        "toid": "osgb5000005244788315",
        "theme": "Buildings",
        "changetype": "Modified Attributes",
        "isobscured": false,
        "description": "Building",
        "versiondate": "2025-02-05",
        "geometry_area": 37.198771,
        "height_source": "Ordnance Survey",
        "physicallevel": "Surface Level",
        "oslandusetiera": "Residential Accommodation",
        "oslandusetierb": [
          "Private Residence"
        ],
        "geometry_source": "Ordnance Survey",
        "oslandcovertiera": "Constructed",
        "oslandcovertierb": [
          "Building"
        ],
        "oslanduse_source": "Ordnance Survey",
        "height_updatedate": "2025-01-17",
        "description_source": "Ordnance Survey",
        "oslandcover_source": "Ordnance Survey",
        "associatedstructure": null,
        "geometry_updatedate": "2019-04-09",
        "height_evidencedate": "2024-06-20",
        "capturespecification": "Urban",
        "oslanduse_updatedate": "2019-04-09",
        "absoluteheightmaximum": 25.3,
        "absoluteheightminimum": 17.9,
        "geometry_evidencedate": "2019-04-09",
        "heightconfidencelevel": "Moderate",
        "relativeheightmaximum": 7.4,
        "absoluteheightroofbase": 23.3,
        "description_updatedate": "2019-04-09",
        "oslandcover_updatedate": "2019-04-09",
        "oslanduse_evidencedate": "2019-04-09",
        "relativeheightroofbase": 5.4,
        "versionavailabletodate": null,
        "firstdigitalcapturedate": "2019-04-09",
        "description_evidencedate": "2019-04-09",
        "oslandcover_evidencedate": "2019-04-09",
        "versionavailablefromdate": "2025-02-06T00:00:00Z"
      }
    },
    {
      "id": "9f9b37e4-9da3-40e9-8fad-3a91c7ed4e42",
      "type": "Feature",
      "geometry": {
        "type": "Polygon",
        "coordinates": [
          [
            [
              -1.4677882,
              50.9339589
            ],
            [
              -1.4675702,
              50.9339846
            ],
            [
              -1.467606,
              50.9341011
            ],
            [
              -1.4676316,
              50.9341846
            ],
            [
              -1.4677112,
              50.9344441
            ],
            [
              -1.4677553,
              50.9344387
            ],
            [
              -1.4680559,
              50.9344019
            ],
            [
              -1.4686307,
              50.9343315
            ],
            [
              -1.4686036,
              50.9342431
            ],
            [
              -1.4685074,
              50.9342549
            ],
            [
              -1.4684659,
              50.9341197
            ],
            [
              -1.4684651,
              50.9341171
            ],
            [
              -1.4684293,
              50.9340002
            ],
            [
              -1.4683087,
              50.934015
            ],
            [
              -1.468318,
              50.9340451
            ],
            [
              -1.4679144,
              50.9340946
            ],
            [
              -1.4679052,
              50.9340644
            ],
            [
              -1.4678417,
              50.9340722
            ],
            [
              -1.4677736,
              50.9340806
            ],
            [
              -1.4677673,
              50.9340602
            ],
            [
              -1.4678346,
              50.9340519
            ],
            [
              -1.4678324,
              50.9340456
            ],
            [
              -1.4678262,
              50.9340278
            ],
            [
              -1.4678251,
              50.9340244
            ],
            [
              -1.4678046,
              50.9339658
            ],
            [
              -1.4677882,
              50.9339589
            ]
          ]
        ]
      },
      "properties": {
        "osid": "9f9b37e4-9da3-40e9-8fad-3a91c7ed4e42",
        "toid": "osgb5000005350267479",
        "theme": "Buildings",
        "changetype": "New",
        "isobscured": false,
        "description": "Building",
        "versiondate": "2025-10-03",
        "geometry_area": 2468.022716,
        "height_source": "Ordnance Survey",
        "physicallevel": "Surface Level",
        "oslandusetiera": "Medical Or Health Care",
        "oslandusetierb": [],
        "geometry_source": "Ordnance Survey",
        "oslandcovertiera": "Constructed",
        "oslandcovertierb": [
          "Building"
        ],
        "oslanduse_source": "Ordnance Survey",
        "height_updatedate": "2025-10-03",
        "description_source": "Ordnance Survey",
        "oslandcover_source": "Ordnance Survey",
        "associatedstructure": null,
        "geometry_updatedate": "2025-10-02",
        "height_evidencedate": "2024-06-20",
        "capturespecification": "Urban",
        "oslanduse_updatedate": "2025-10-02",
        "absoluteheightmaximum": null,
        "absoluteheightminimum": 10.2,
        "geometry_evidencedate": "2025-10-02",
        "heightconfidencelevel": "Incomplete",
        "relativeheightmaximum": null,
        "absoluteheightroofbase": null,
        "description_updatedate": "2025-10-02",
        "oslandcover_updatedate": "2025-10-02",
        "oslanduse_evidencedate": "2025-10-02",
        "relativeheightroofbase": null,
        "versionavailabletodate": null,
        "firstdigitalcapturedate": "2025-10-02",
        "description_evidencedate": "2025-10-02",
        "oslandcover_evidencedate": "2025-10-02",
        "versionavailablefromdate": "2025-10-04T00:00:00Z"
      }
    },
    {
      "id": "9fdf097b-8ca6-4984-ba6f-6a39535969f8",
      "type": "Feature",
      "geometry": {
        "type": "Polygon",
        "coordinates": [
          [
            [
              -1.4663807,
              50.9403303
            ],
            [
              -1.46634,
              50.9403494
            ],
            [
              -1.4663282,
              50.9403544
            ],
            [
              -1.4663562,
              50.9403781
            ],
            [
              -1.466407,
              50.9403529
            ],
            [
              -1.4663807,
              50.9403303
            ]
          ]
        ]
      },
      "properties": {
        "osid": "9fdf097b-8ca6-4984-ba6f-6a39535969f8",
        "toid": "osgb5000005340806032",
        "theme": "Buildings",
        "changetype": "Modified Attributes",
        "isobscured": false,
        "description": "Building",
        "versiondate": "2025-02-15",
        "geometry_area": 14.473638,
        "height_source": "Ordnance Survey",
        "physicallevel": "Surface Level",
        "oslandusetiera": "Residential Accommodation",
        "oslandusetierb": [
          "Private Residence"
        ],
        "geometry_source": "Ordnance Survey",
        "oslandcovertiera": "Constructed",
        "oslandcovertierb": [
          "Building"
        ],
        "oslanduse_source": "Ordnance Survey",
        "height_updatedate": "2025-02-13",
        "description_source": "Ordnance Survey",
        "oslandcover_source": "Ordnance Survey",
        "associatedstructure": null,
        "geometry_updatedate": "2024-11-27",
        "height_evidencedate": "2024-06-20",
        "capturespecification": "Urban",
        "oslanduse_updatedate": "2024-11-27",
        "absoluteheightmaximum": 24.5,
        "absoluteheightminimum": 21.3,
        "geometry_evidencedate": "2024-06-20",
        "heightconfidencelevel": "Moderate",
        "relativeheightmaximum": 3.2,
        "absoluteheightroofbase": 23.9,
        "description_updatedate": "2024-11-27",
        "oslandcover_updatedate": "2024-11-27",
        "oslanduse_evidencedate": "2024-06-20",
        "relativeheightroofbase": 2.6,
        "versionavailabletodate": null,
        "firstdigitalcapturedate": "2024-11-27",
        "description_evidencedate": "2024-06-20",
        "oslandcover_evidencedate": "2024-06-20",
        "versionavailablefromdate": "2025-02-16T00:00:00Z"
      }
    },
    {
      "id": "a112941e-3377-4517-9d97-32affb32a808",
      "type": "Feature",
      "geometry": {
        "type": "Polygon",
        "coordinates": [
          [
            [
              -1.4659867,
              50.9400072
            ],
            [
              -1.4660437,
              50.9400245
            ],
            [
              -1.466071,
              50.9399884
            ],
            [
              -1.4660932,
              50.9399592
            ],
            [
              -1.4660362,
              50.939942
            ],
            [
              -1.4659867,
              50.9400072
            ]
          ]
        ]
      },
      "properties": {
        "osid": "a112941e-3377-4517-9d97-32affb32a808",
        "toid": "osgb5000005232159767",
        "theme": "Buildings",
        "changetype": "Modified Attributes",
        "isobscured": false,
        "description": "Building",
        "versiondate": "2025-02-05",
        "geometry_area": 35.73928,
        "height_source": "Ordnance Survey",
        "physicallevel": "Surface Level",
        "oslandusetiera": "Residential Accommodation",
        "oslandusetierb": [
          "Private Residence"
        ],
        "geometry_source": "Ordnance Survey",
        "oslandcovertiera": "Constructed",
        "oslandcovertierb": [
          "Building"
        ],
        "oslanduse_source": "Ordnance Survey",
        "height_updatedate": "2025-01-17",
        "description_source": "Ordnance Survey",
        "oslandcover_source": "Ordnance Survey",
        "associatedstructure": null,
        "geometry_updatedate": "2018-07-10",
        "height_evidencedate": "2024-06-20",
        "capturespecification": "Urban",
        "oslanduse_updatedate": "2018-07-10",
        "absoluteheightmaximum": 30.3,
        "absoluteheightminimum": 22.5,
        "geometry_evidencedate": "2018-07-10",
        "heightconfidencelevel": "Moderate",
        "relativeheightmaximum": 7.8,
        "absoluteheightroofbase": 27.7,
        "description_updatedate": "2018-07-10",
        "oslandcover_updatedate": "2018-07-10",
        "oslanduse_evidencedate": "2018-07-10",
        "relativeheightroofbase": 5.2,
        "versionavailabletodate": null,
        "firstdigitalcapturedate": "2018-07-10",
        "description_evidencedate": "2018-07-10",
        "oslandcover_evidencedate": "2018-07-10",
        "versionavailablefromdate": "2025-02-06T00:00:00Z"
      }
    },
    {
      "id": "a1e583d5-ab98-4a67-8734-665d850c3615",
      "type": "Feature",
      "geometry": {
        "type": "Polygon",
        "coordinates": [
          [
            [
              -1.4752573,
              50.9406905
            ],
            [
              -1.4751961,
              50.9406911
            ],
            [
              -1.4749612,
              50.9406963
            ],
            [
              -1.4747545,
              50.9407012
            ],
            [
              -1.4745858,
              50.9407056
            ],
            [
              -1.4744433,
              50.9407078
            ],
            [
              -1.4743844,
              50.9407086
            ],
            [
              -1.474394,
              50.9408649
            ],
            [
              -1.4744515,
              50.9408647
            ],
            [
              -1.4744585,
              50.9410009
            ],
            [
              -1.4744603,
              50.9410346
            ],
            [
              -1.4747508,
              50.94103
            ],
            [
              -1.4752784,
              50.9410177
            ],
            [
              -1.4752613,
              50.9407157
            ],
            [
              -1.4752573,
              50.9406905
            ]
          ]
        ]
      },
      "properties": {
        "osid": "a1e583d5-ab98-4a67-8734-665d850c3615",
        "toid": "osgb1000002109402490",
        "theme": "Buildings",
        "changetype": "Modified Attributes",
        "isobscured": false,
        "description": "Building",
        "versiondate": "2025-02-05",
        "geometry_area": 2167.1207,
        "height_source": "Ordnance Survey",
        "physicallevel": "Surface Level",
        "oslandusetiera": "Commercial Activity: Industrial Or Manufacturing",
        "oslandusetierb": [],
        "geometry_source": "Ordnance Survey",
        "oslandcovertiera": "Constructed",
        "oslandcovertierb": [
          "Building"
        ],
        "oslanduse_source": "Ordnance Survey",
        "height_updatedate": "2025-01-17",
        "description_source": "Ordnance Survey",
        "oslandcover_source": "Ordnance Survey",
        "associatedstructure": null,
        "geometry_updatedate": "2006-12-14",
        "height_evidencedate": "2024-06-20",
        "capturespecification": "Rural",
        "oslanduse_updatedate": "2006-12-14",
        "absoluteheightmaximum": 21.3,
        "absoluteheightminimum": 10.7,
        "geometry_evidencedate": "2006-12-14",
        "heightconfidencelevel": "Moderate",
        "relativeheightmaximum": 10.6,
        "absoluteheightroofbase": 17.1,
        "description_updatedate": "2006-12-14",
        "oslandcover_updatedate": "2006-12-14",
        "oslanduse_evidencedate": "2006-12-14",
        "relativeheightroofbase": 6.4,
        "versionavailabletodate": null,
        "firstdigitalcapturedate": "2003-04-24",
        "description_evidencedate": "2006-12-14",
        "oslandcover_evidencedate": "2006-12-14",
        "versionavailablefromdate": "2025-02-06T00:00:00Z"
      }
    },
    {
      "id": "a2f7e20f-249b-4d91-9416-1fe7cd98ca4e",
      "type": "Feature",
      "geometry": {
        "type": "Polygon",
        "coordinates": [
          [
            [
              -1.4658318,
              50.9381675
            ],
            [
              -1.4658715,
              50.9381774
            ],
            [
              -1.4659054,
              50.9381232
            ],
            [
              -1.4658657,
              50.9381131
            ],
            [
              -1.4658318,
              50.9381675
            ]
          ]
        ]
      },
      "properties": {
        "osid": "a2f7e20f-249b-4d91-9416-1fe7cd98ca4e",
        "toid": "osgb5000005259512494",
        "theme": "Buildings",
        "changetype": "Modified Attributes",
        "isobscured": false,
        "description": "Building",
        "versiondate": "2025-02-05",
        "geometry_area": 19.492853,
        "height_source": "Ordnance Survey",
        "physicallevel": "Surface Level",
        "oslandusetiera": "Residential Accommodation",
        "oslandusetierb": [
          "Private Residence"
        ],
        "geometry_source": "Ordnance Survey",
        "oslandcovertiera": "Constructed",
        "oslandcovertierb": [
          "Building"
        ],
        "oslanduse_source": "Ordnance Survey",
        "height_updatedate": "2025-01-17",
        "description_source": "Ordnance Survey",
        "oslandcover_source": "Ordnance Survey",
        "associatedstructure": null,
        "geometry_updatedate": "2020-01-31",
        "height_evidencedate": "2024-06-20",
        "capturespecification": "Urban",
        "oslanduse_updatedate": "2020-01-31",
        "absoluteheightmaximum": null,
        "absoluteheightminimum": 20.2,
        "geometry_evidencedate": "2020-01-31",
        "heightconfidencelevel": "Incomplete",
        "relativeheightmaximum": null,
        "absoluteheightroofbase": null,
        "description_updatedate": "2020-01-31",
        "oslandcover_updatedate": "2020-01-31",
        "oslanduse_evidencedate": "2020-01-31",
        "relativeheightroofbase": null,
        "versionavailabletodate": null,
        "firstdigitalcapturedate": "2020-01-31",
        "description_evidencedate": "2020-01-31",
        "oslandcover_evidencedate": "2020-01-31",
        "versionavailablefromdate": "2025-02-06T00:00:00Z"
      }
    },
    {
      "id": "a35f1a76-3954-4046-8284-5b6f0076fcfc",
      "type": "Feature",
      "geometry": {
        "type": "Polygon",
        "coordinates": [
          [
            [
              -1.4656981,
              50.9347134
            ],
            [
              -1.4659567,
              50.9346628
            ],
            [
              -1.466003,
              50.9346537
            ],
            [
              -1.4660103,
              50.9346685
            ],
            [
              -1.4660255,
              50.9346996
            ],
            [
              -1.4661385,
              50.9346776
            ],
            [
              -1.4660911,
              50.9345808
            ],
            [
              -1.4658178,
              50.9340225
            ],
            [
              -1.4658092,
              50.934005
            ],
            [
              -1.465758,
              50.9340149
            ],
            [
              -1.4657724,
              50.9340444
            ],
            [
              -1.4654056,
              50.9341159
            ],
            [
              -1.4655035,
              50.9343167
            ],
            [
              -1.4656981,
              50.9347134
            ]
          ]
        ]
      },
      "properties": {
        "osid": "a35f1a76-3954-4046-8284-5b6f0076fcfc",
        "toid": "osgb5000005276414825",
        "theme": "Buildings",
        "changetype": "Modified Attributes",
        "isobscured": false,
        "description": "Building",
        "versiondate": "2025-02-05",
        "geometry_area": 2195.97033,
        "height_source": "Ordnance Survey",
        "physicallevel": "Surface Level",
        "oslandusetiera": "Commercial Activity: Retail",
        "oslandusetierb": [],
        "geometry_source": "Ordnance Survey",
        "oslandcovertiera": "Constructed",
        "oslandcovertierb": [
          "Building"
        ],
        "oslanduse_source": "Ordnance Survey",
        "height_updatedate": "2025-01-17",
        "description_source": "Ordnance Survey",
        "oslandcover_source": "Ordnance Survey",
        "associatedstructure": null,
        "geometry_updatedate": "2021-02-03",
        "height_evidencedate": "2024-06-20",
        "capturespecification": "Urban",
        "oslanduse_updatedate": "2021-02-03",
        "absoluteheightmaximum": 18,
        "absoluteheightminimum": 10.5,
        "geometry_evidencedate": "2021-02-03",
        "heightconfidencelevel": "Moderate",
        "relativeheightmaximum": 7.5,
        "absoluteheightroofbase": 15.1,
        "description_updatedate": "2021-02-03",
        "oslandcover_updatedate": "2021-02-03",
        "oslanduse_evidencedate": "2021-02-03",
        "relativeheightroofbase": 4.6,
        "versionavailabletodate": null,
        "firstdigitalcapturedate": "2021-02-03",
        "description_evidencedate": "2021-02-03",
        "oslandcover_evidencedate": "2021-02-03",
        "versionavailablefromdate": "2025-02-06T00:00:00Z"
      }
    },
    {
      "id": "a35f455c-c717-4c3b-9faf-5007b4867636",
      "type": "Feature",
      "geometry": {
        "type": "Polygon",
        "coordinates": [
          [
            [
              -1.4695109,
              50.9405702
            ],
            [
              -1.4698925,
              50.9405721
            ],
            [
              -1.4698949,
              50.9403851
            ],
            [
              -1.4695133,
              50.9403832
            ],
            [
              -1.4695109,
              50.9405702
            ]
          ]
        ]
      },
      "properties": {
        "osid": "a35f455c-c717-4c3b-9faf-5007b4867636",
        "toid": "osgb5000005278503014",
        "theme": "Buildings",
        "changetype": "Modified Attributes",
        "isobscured": false,
        "description": "Building",
        "versiondate": "2025-02-05",
        "geometry_area": 557.655505,
        "height_source": "Ordnance Survey",
        "physicallevel": "Surface Level",
        "oslandusetiera": "Commercial Activity: Industrial Or Manufacturing",
        "oslandusetierb": [],
        "geometry_source": "Ordnance Survey",
        "oslandcovertiera": "Constructed",
        "oslandcovertierb": [
          "Building"
        ],
        "oslanduse_source": "Ordnance Survey",
        "height_updatedate": "2025-01-17",
        "description_source": "Ordnance Survey",
        "oslandcover_source": "Ordnance Survey",
        "associatedstructure": null,
        "geometry_updatedate": "2021-03-10",
        "height_evidencedate": "2024-06-20",
        "capturespecification": "Urban",
        "oslanduse_updatedate": "2021-03-10",
        "absoluteheightmaximum": 27.8,
        "absoluteheightminimum": 15.9,
        "geometry_evidencedate": "2021-03-10",
        "heightconfidencelevel": "Moderate",
        "relativeheightmaximum": 11.9,
        "absoluteheightroofbase": 25.2,
        "description_updatedate": "2021-03-10",
        "oslandcover_updatedate": "2021-03-10",
        "oslanduse_evidencedate": "2021-03-10",
        "relativeheightroofbase": 9.3,
        "versionavailabletodate": null,
        "firstdigitalcapturedate": "2021-03-10",
        "description_evidencedate": "2021-03-10",
        "oslandcover_evidencedate": "2021-03-10",
        "versionavailablefromdate": "2025-02-06T00:00:00Z"
      }
    },
    {
      "id": "a3655b36-4c57-46ee-9ca6-3a2c3dabd173",
      "type": "Feature",
      "geometry": {
        "type": "Polygon",
        "coordinates": [
          [
            [
              -1.4669219,
              50.9392686
            ],
            [
              -1.466873,
              50.9392239
            ],
            [
              -1.4667736,
              50.9392673
            ],
            [
              -1.4668224,
              50.939312
            ],
            [
              -1.4669219,
              50.9392686
            ]
          ]
        ]
      },
      "properties": {
        "osid": "a3655b36-4c57-46ee-9ca6-3a2c3dabd173",
        "toid": "osgb5000005239289070",
        "theme": "Buildings",
        "changetype": "Modified Attributes",
        "isobscured": false,
        "description": "Building",
        "versiondate": "2025-02-05",
        "geometry_area": 51.27589,
        "height_source": "Ordnance Survey",
        "physicallevel": "Surface Level",
        "oslandusetiera": "Residential Accommodation",
        "oslandusetierb": [
          "Private Residence"
        ],
        "geometry_source": "Ordnance Survey",
        "oslandcovertiera": "Constructed",
        "oslandcovertierb": [
          "Building"
        ],
        "oslanduse_source": "Ordnance Survey",
        "height_updatedate": "2025-01-17",
        "description_source": "Ordnance Survey",
        "oslandcover_source": "Ordnance Survey",
        "associatedstructure": null,
        "geometry_updatedate": "2018-11-23",
        "height_evidencedate": "2024-06-20",
        "capturespecification": "Urban",
        "oslanduse_updatedate": "2018-11-26",
        "absoluteheightmaximum": 28.6,
        "absoluteheightminimum": 19.7,
        "geometry_evidencedate": "2018-11-23",
        "heightconfidencelevel": "Moderate",
        "relativeheightmaximum": 8.9,
        "absoluteheightroofbase": 27,
        "description_updatedate": "2018-11-26",
        "oslandcover_updatedate": "2018-11-26",
        "oslanduse_evidencedate": "2018-11-26",
        "relativeheightroofbase": 7.3,
        "versionavailabletodate": null,
        "firstdigitalcapturedate": "2018-11-26",
        "description_evidencedate": "2018-11-26",
        "oslandcover_evidencedate": "2018-11-26",
        "versionavailablefromdate": "2025-02-06T00:00:00Z"
      }
    },
    {
      "id": "a45e52b4-da96-46ef-bab5-b7ea5d4703d8",
      "type": "Feature",
      "geometry": {
        "type": "Polygon",
        "coordinates": [
          [
            [
              -1.4643393,
              50.9404751
            ],
            [
              -1.4643406,
              50.940474
            ],
            [
              -1.464279,
              50.9404461
            ],
            [
              -1.4642034,
              50.9405129
            ],
            [
              -1.464265,
              50.9405407
            ],
            [
              -1.4642662,
              50.9405396
            ],
            [
              -1.4643393,
              50.9404751
            ]
          ]
        ]
      },
      "properties": {
        "osid": "a45e52b4-da96-46ef-bab5-b7ea5d4703d8",
        "toid": "osgb5000005198749589",
        "theme": "Buildings",
        "changetype": "Modified Attributes",
        "isobscured": false,
        "description": "Building",
        "versiondate": "2025-02-05",
        "geometry_area": 48.578487,
        "height_source": "Ordnance Survey",
        "physicallevel": "Surface Level",
        "oslandusetiera": "Residential Accommodation",
        "oslandusetierb": [
          "Private Residence"
        ],
        "geometry_source": "Ordnance Survey",
        "oslandcovertiera": "Constructed",
        "oslandcovertierb": [
          "Building"
        ],
        "oslanduse_source": "Ordnance Survey",
        "height_updatedate": "2025-01-17",
        "description_source": "Ordnance Survey",
        "oslandcover_source": "Ordnance Survey",
        "associatedstructure": null,
        "geometry_updatedate": "2017-02-07",
        "height_evidencedate": "2024-06-20",
        "capturespecification": "Urban",
        "oslanduse_updatedate": "2017-02-07",
        "absoluteheightmaximum": 32,
        "absoluteheightminimum": 24.2,
        "geometry_evidencedate": "2017-02-07",
        "heightconfidencelevel": "Moderate",
        "relativeheightmaximum": 7.8,
        "absoluteheightroofbase": 31.2,
        "description_updatedate": "2017-02-07",
        "oslandcover_updatedate": "2017-02-07",
        "oslanduse_evidencedate": "2017-02-07",
        "relativeheightroofbase": 7,
        "versionavailabletodate": null,
        "firstdigitalcapturedate": "2017-02-07",
        "description_evidencedate": "2017-02-07",
        "oslandcover_evidencedate": "2017-02-07",
        "versionavailablefromdate": "2025-02-06T00:00:00Z"
      }
    },
    {
      "id": "a4c4ab3e-c92d-4e39-88fe-337f8ecdc939",
      "type": "Feature",
      "geometry": {
        "type": "Polygon",
        "coordinates": [
          [
            [
              -1.468139,
              50.9375421
            ],
            [
              -1.4682141,
              50.9375548
            ],
            [
              -1.4682229,
              50.9375332
            ],
            [
              -1.4681478,
              50.9375205
            ],
            [
              -1.468139,
              50.9375421
            ]
          ]
        ]
      },
      "properties": {
        "osid": "a4c4ab3e-c92d-4e39-88fe-337f8ecdc939",
        "toid": "osgb1000016343241",
        "theme": "Buildings",
        "changetype": "Modified Attributes",
        "isobscured": false,
        "description": "Building",
        "versiondate": "2025-02-05",
        "geometry_area": 13.54745,
        "height_source": "Ordnance Survey",
        "physicallevel": "Surface Level",
        "oslandusetiera": "Unknown Or Unused Artificial",
        "oslandusetierb": [],
        "geometry_source": "Ordnance Survey",
        "oslandcovertiera": "Constructed",
        "oslandcovertierb": [
          "Building"
        ],
        "oslanduse_source": "Ordnance Survey",
        "height_updatedate": "2025-01-17",
        "description_source": "Ordnance Survey",
        "oslandcover_source": "Ordnance Survey",
        "associatedstructure": null,
        "geometry_updatedate": "2004-02-10",
        "height_evidencedate": "2024-06-20",
        "capturespecification": "Urban",
        "oslanduse_updatedate": "2004-02-10",
        "absoluteheightmaximum": 14.7,
        "absoluteheightminimum": 12.5,
        "geometry_evidencedate": "2004-02-10",
        "heightconfidencelevel": "Moderate",
        "relativeheightmaximum": 2.2,
        "absoluteheightroofbase": 14.6,
        "description_updatedate": "2004-02-10",
        "oslandcover_updatedate": "2004-02-10",
        "oslanduse_evidencedate": "2004-02-10",
        "relativeheightroofbase": 2.1,
        "versionavailabletodate": null,
        "firstdigitalcapturedate": "1988-07-28",
        "description_evidencedate": "2004-02-10",
        "oslandcover_evidencedate": "2004-02-10",
        "versionavailablefromdate": "2025-02-06T00:00:00Z"
      }
    },
    {
      "id": "a4d8906c-0fa9-4d65-8dc1-947bf1fd8d55",
      "type": "Feature",
      "geometry": {
        "type": "Polygon",
        "coordinates": [
          [
            [
              -1.4668577,
              50.9390346
            ],
            [
              -1.4669318,
              50.9391045
            ],
            [
              -1.4669943,
              50.939078
            ],
            [
              -1.4669201,
              50.9390081
            ],
            [
              -1.4668577,
              50.9390346
            ]
          ]
        ]
      },
      "properties": {
        "osid": "a4d8906c-0fa9-4d65-8dc1-947bf1fd8d55",
        "toid": "osgb5000005242102822",
        "theme": "Buildings",
        "changetype": "Modified Attributes",
        "isobscured": false,
        "description": "Building",
        "versiondate": "2025-02-05",
        "geometry_area": 49.454906,
        "height_source": "Ordnance Survey",
        "physicallevel": "Surface Level",
        "oslandusetiera": "Residential Accommodation",
        "oslandusetierb": [
          "Private Residence"
        ],
        "geometry_source": "Ordnance Survey",
        "oslandcovertiera": "Constructed",
        "oslandcovertierb": [
          "Building"
        ],
        "oslanduse_source": "Ordnance Survey",
        "height_updatedate": "2025-01-17",
        "description_source": "Ordnance Survey",
        "oslandcover_source": "Ordnance Survey",
        "associatedstructure": null,
        "geometry_updatedate": "2019-02-05",
        "height_evidencedate": "2024-06-20",
        "capturespecification": "Urban",
        "oslanduse_updatedate": "2019-02-05",
        "absoluteheightmaximum": 27.2,
        "absoluteheightminimum": 18.9,
        "geometry_evidencedate": "2019-02-05",
        "heightconfidencelevel": "Moderate",
        "relativeheightmaximum": 8.3,
        "absoluteheightroofbase": 23.8,
        "description_updatedate": "2019-02-05",
        "oslandcover_updatedate": "2019-02-05",
        "oslanduse_evidencedate": "2019-02-05",
        "relativeheightroofbase": 4.9,
        "versionavailabletodate": null,
        "firstdigitalcapturedate": "2019-02-05",
        "description_evidencedate": "2019-02-05",
        "oslandcover_evidencedate": "2019-02-05",
        "versionavailablefromdate": "2025-02-06T00:00:00Z"
      }
    },
    {
      "id": "a4daa468-4d49-4979-89c3-910553d66424",
      "type": "Feature",
      "geometry": {
        "type": "Polygon",
        "coordinates": [
          [
            [
              -1.4685536,
              50.9359176
            ],
            [
              -1.4685831,
              50.9359334
            ],
            [
              -1.4685848,
              50.9359322
            ],
            [
              -1.4685938,
              50.9359255
            ],
            [
              -1.4685643,
              50.9359096
            ],
            [
              -1.4685546,
              50.9359168
            ],
            [
              -1.4685536,
              50.9359176
            ]
          ]
        ]
      },
      "properties": {
        "osid": "a4daa468-4d49-4979-89c3-910553d66424",
        "toid": "osgb5000005181571698",
        "theme": "Buildings",
        "changetype": "New",
        "isobscured": false,
        "description": "Building",
        "versiondate": "2022-08-26",
        "geometry_area": 3.155484,
        "height_source": null,
        "physicallevel": "Surface Level",
        "oslandusetiera": "Commercial Activity: Retail",
        "oslandusetierb": [],
        "geometry_source": "Ordnance Survey",
        "oslandcovertiera": "Constructed",
        "oslandcovertierb": [
          "Building"
        ],
        "oslanduse_source": "Ordnance Survey",
        "height_updatedate": null,
        "description_source": "Ordnance Survey",
        "oslandcover_source": "Ordnance Survey",
        "associatedstructure": null,
        "geometry_updatedate": "2016-08-02",
        "height_evidencedate": null,
        "capturespecification": "Urban",
        "oslanduse_updatedate": "2016-05-18",
        "absoluteheightmaximum": null,
        "absoluteheightminimum": null,
        "geometry_evidencedate": "2016-08-02",
        "heightconfidencelevel": null,
        "relativeheightmaximum": null,
        "absoluteheightroofbase": null,
        "description_updatedate": "2016-05-18",
        "oslandcover_updatedate": "2016-05-18",
        "oslanduse_evidencedate": "2016-05-18",
        "relativeheightroofbase": null,
        "versionavailabletodate": null,
        "firstdigitalcapturedate": "2016-05-18",
        "description_evidencedate": "2016-05-18",
        "oslandcover_evidencedate": "2016-05-18",
        "versionavailablefromdate": "2022-08-27T00:00:00Z"
      }
    },
    {
      "id": "a6435a87-d9dc-4edc-a164-909eb847be6d",
      "type": "Feature",
      "geometry": {
        "type": "Polygon",
        "coordinates": [
          [
            [
              -1.4722257,
              50.9349058
            ],
            [
              -1.4722358,
              50.934447
            ],
            [
              -1.4721384,
              50.9344461
            ],
            [
              -1.4717301,
              50.9344422
            ],
            [
              -1.4717271,
              50.9345782
            ],
            [
              -1.4720162,
              50.9345813
            ],
            [
              -1.4720128,
              50.9347437
            ],
            [
              -1.4719886,
              50.9347435
            ],
            [
              -1.4719889,
              50.9347363
            ],
            [
              -1.4718803,
              50.9347356
            ],
            [
              -1.4718792,
              50.934785
            ],
            [
              -1.4718518,
              50.9347849
            ],
            [
              -1.471851,
              50.9348215
            ],
            [
              -1.4718487,
              50.9349253
            ],
            [
              -1.4721062,
              50.9349276
            ],
            [
              -1.4721068,
              50.9349042
            ],
            [
              -1.4721596,
              50.9349049
            ],
            [
              -1.4722257,
              50.9349058
            ]
          ]
        ]
      },
      "properties": {
        "osid": "a6435a87-d9dc-4edc-a164-909eb847be6d",
        "toid": "osgb1000042871798",
        "theme": "Buildings",
        "changetype": "Modified Attributes",
        "isobscured": false,
        "description": "Building",
        "versiondate": "2025-02-05",
        "geometry_area": 1327.1029,
        "height_source": "Ordnance Survey",
        "physicallevel": "Surface Level",
        "oslandusetiera": "Temporary Or Holiday Accommodation",
        "oslandusetierb": [],
        "geometry_source": "Ordnance Survey",
        "oslandcovertiera": "Constructed",
        "oslandcovertierb": [
          "Building"
        ],
        "oslanduse_source": "Ordnance Survey",
        "height_updatedate": "2025-01-17",
        "description_source": "Ordnance Survey",
        "oslandcover_source": "Ordnance Survey",
        "associatedstructure": null,
        "geometry_updatedate": "2004-02-10",
        "height_evidencedate": "2024-06-20",
        "capturespecification": "Urban",
        "oslanduse_updatedate": "2004-02-10",
        "absoluteheightmaximum": 23.3,
        "absoluteheightminimum": 10.4,
        "geometry_evidencedate": "2004-02-10",
        "heightconfidencelevel": "Moderate",
        "relativeheightmaximum": 12.9,
        "absoluteheightroofbase": 18.6,
        "description_updatedate": "2004-02-10",
        "oslandcover_updatedate": "2004-02-10",
        "oslanduse_evidencedate": "2004-02-10",
        "relativeheightroofbase": 8.2,
        "versionavailabletodate": null,
        "firstdigitalcapturedate": "2001-02-08",
        "description_evidencedate": "2004-02-10",
        "oslandcover_evidencedate": "2004-02-10",
        "versionavailablefromdate": "2025-02-06T00:00:00Z"
      }
    },
    {
      "id": "a65c4c4b-e92e-4bf8-b898-0b23d3c37aa1",
      "type": "Feature",
      "geometry": {
        "type": "Polygon",
        "coordinates": [
          [
            [
              -1.465581,
              50.9388954
            ],
            [
              -1.465561,
              50.9389219
            ],
            [
              -1.4656409,
              50.9389461
            ],
            [
              -1.4656609,
              50.9389196
            ],
            [
              -1.465581,
              50.9388954
            ]
          ]
        ]
      },
      "properties": {
        "osid": "a65c4c4b-e92e-4bf8-b898-0b23d3c37aa1",
        "toid": "osgb5000005247278681",
        "theme": "Buildings",
        "changetype": "Modified Attributes",
        "isobscured": false,
        "description": "Building",
        "versiondate": "2025-02-05",
        "geometry_area": 20.279363,
        "height_source": "Ordnance Survey",
        "physicallevel": "Surface Level",
        "oslandusetiera": "Residential Accommodation",
        "oslandusetierb": [
          "Private Residence"
        ],
        "geometry_source": "Ordnance Survey",
        "oslandcovertiera": "Constructed",
        "oslandcovertierb": [
          "Building"
        ],
        "oslanduse_source": "Ordnance Survey",
        "height_updatedate": "2025-01-17",
        "description_source": "Ordnance Survey",
        "oslandcover_source": "Ordnance Survey",
        "associatedstructure": null,
        "geometry_updatedate": "2019-06-04",
        "height_evidencedate": "2024-06-20",
        "capturespecification": "Urban",
        "oslanduse_updatedate": "2019-06-04",
        "absoluteheightmaximum": 26.1,
        "absoluteheightminimum": 21.8,
        "geometry_evidencedate": "2019-06-04",
        "heightconfidencelevel": "Moderate",
        "relativeheightmaximum": 4.3,
        "absoluteheightroofbase": 23.9,
        "description_updatedate": "2019-06-04",
        "oslandcover_updatedate": "2019-06-04",
        "oslanduse_evidencedate": "2019-06-04",
        "relativeheightroofbase": 2.1,
        "versionavailabletodate": null,
        "firstdigitalcapturedate": "2019-06-05",
        "description_evidencedate": "2019-06-04",
        "oslandcover_evidencedate": "2019-06-04",
        "versionavailablefromdate": "2025-02-06T00:00:00Z"
      }
    },
    {
      "id": "a661aed8-ba56-4960-993b-ab12acd81f76",
      "type": "Feature",
      "geometry": {
        "type": "Polygon",
        "coordinates": [
          [
            [
              -1.4651997,
              50.9368901
            ],
            [
              -1.4651928,
              50.9369184
            ],
            [
              -1.4651903,
              50.9369285
            ],
            [
              -1.4651761,
              50.9369271
            ],
            [
              -1.4651736,
              50.9369377
            ],
            [
              -1.4651878,
              50.936939
            ],
            [
              -1.4652104,
              50.9369414
            ],
            [
              -1.4652816,
              50.9369489
            ],
            [
              -1.4652832,
              50.9369425
            ],
            [
              -1.4653256,
              50.9369467
            ],
            [
              -1.4653311,
              50.9369235
            ],
            [
              -1.4653365,
              50.9369018
            ],
            [
              -1.4652943,
              50.9368977
            ],
            [
              -1.4651997,
              50.9368901
            ]
          ]
        ]
      },
      "properties": {
        "osid": "a661aed8-ba56-4960-993b-ab12acd81f76",
        "toid": "osgb1000016342778",
        "theme": "Buildings",
        "changetype": "Modified Attributes",
        "isobscured": false,
        "description": "Building",
        "versiondate": "2025-02-05",
        "geometry_area": 54.052335,
        "height_source": "Ordnance Survey",
        "physicallevel": "Surface Level",
        "oslandusetiera": "Residential Accommodation",
        "oslandusetierb": [
          "Private Residence"
        ],
        "geometry_source": "Ordnance Survey",
        "oslandcovertiera": "Constructed",
        "oslandcovertierb": [
          "Building"
        ],
        "oslanduse_source": "Ordnance Survey",
        "height_updatedate": "2025-01-17",
        "description_source": "Ordnance Survey",
        "oslandcover_source": "Ordnance Survey",
        "associatedstructure": null,
        "geometry_updatedate": "2022-05-06",
        "height_evidencedate": "2024-06-20",
        "capturespecification": "Urban",
        "oslanduse_updatedate": "2004-04-13",
        "absoluteheightmaximum": 23.8,
        "absoluteheightminimum": 16,
        "geometry_evidencedate": "2021-04-17",
        "heightconfidencelevel": "Moderate",
        "relativeheightmaximum": 7.8,
        "absoluteheightroofbase": 21.4,
        "description_updatedate": "2004-04-13",
        "oslandcover_updatedate": "2004-04-13",
        "oslanduse_evidencedate": "2004-04-13",
        "relativeheightroofbase": 5.4,
        "versionavailabletodate": null,
        "firstdigitalcapturedate": "1988-05-16",
        "description_evidencedate": "2004-04-13",
        "oslandcover_evidencedate": "2004-04-13",
        "versionavailablefromdate": "2025-02-06T00:00:00Z"
      }
    },
    {
      "id": "a66ce2fc-6121-4211-9676-49f8f58999df",
      "type": "Feature",
      "geometry": {
        "type": "Polygon",
        "coordinates": [
          [
            [
              -1.465729,
              50.9398691
            ],
            [
              -1.4657558,
              50.9398187
            ],
            [
              -1.4657706,
              50.9398218
            ],
            [
              -1.4657845,
              50.9397957
            ],
            [
              -1.4657473,
              50.9397878
            ],
            [
              -1.4657495,
              50.9397836
            ],
            [
              -1.4656767,
              50.9397681
            ],
            [
              -1.4656337,
              50.9398488
            ],
            [
              -1.465729,
              50.9398691
            ]
          ]
        ]
      },
      "properties": {
        "osid": "a66ce2fc-6121-4211-9676-49f8f58999df",
        "toid": "osgb5000005227734249",
        "theme": "Buildings",
        "changetype": "Modified Attributes",
        "isobscured": false,
        "description": "Building",
        "versiondate": "2025-02-05",
        "geometry_area": 69.421463,
        "height_source": "Ordnance Survey",
        "physicallevel": "Surface Level",
        "oslandusetiera": "Residential Accommodation",
        "oslandusetierb": [
          "Private Residence"
        ],
        "geometry_source": "Ordnance Survey",
        "oslandcovertiera": "Constructed",
        "oslandcovertierb": [
          "Building"
        ],
        "oslanduse_source": "Ordnance Survey",
        "height_updatedate": "2025-01-17",
        "description_source": "Ordnance Survey",
        "oslandcover_source": "Ordnance Survey",
        "associatedstructure": null,
        "geometry_updatedate": "2018-04-30",
        "height_evidencedate": "2024-06-20",
        "capturespecification": "Urban",
        "oslanduse_updatedate": "2018-04-30",
        "absoluteheightmaximum": 30.8,
        "absoluteheightminimum": 22.6,
        "geometry_evidencedate": "2018-04-30",
        "heightconfidencelevel": "Moderate",
        "relativeheightmaximum": 8.2,
        "absoluteheightroofbase": 27.7,
        "description_updatedate": "2018-04-30",
        "oslandcover_updatedate": "2018-04-30",
        "oslanduse_evidencedate": "2018-04-30",
        "relativeheightroofbase": 5.1,
        "versionavailabletodate": null,
        "firstdigitalcapturedate": "2018-04-30",
        "description_evidencedate": "2018-04-30",
        "oslandcover_evidencedate": "2018-04-30",
        "versionavailablefromdate": "2025-02-06T00:00:00Z"
      }
    },
    {
      "id": "a68b5414-989b-4d14-bd24-a4f9caae601d",
      "type": "Feature",
      "geometry": {
        "type": "Polygon",
        "coordinates": [
          [
            [
              -1.4685356,
              50.9371956
            ],
            [
              -1.4685709,
              50.9372454
            ],
            [
              -1.4686099,
              50.937235
            ],
            [
              -1.4686642,
              50.9372206
            ],
            [
              -1.4686321,
              50.9371701
            ],
            [
              -1.4685356,
              50.9371956
            ]
          ]
        ]
      },
      "properties": {
        "osid": "a68b5414-989b-4d14-bd24-a4f9caae601d",
        "toid": "osgb1000016343197",
        "theme": "Buildings",
        "changetype": "Modified Attributes",
        "isobscured": false,
        "description": "Building",
        "versiondate": "2025-02-05",
        "geometry_area": 43.81449,
        "height_source": "Ordnance Survey",
        "physicallevel": "Surface Level",
        "oslandusetiera": "Residential Accommodation",
        "oslandusetierb": [
          "Private Residence"
        ],
        "geometry_source": "Ordnance Survey",
        "oslandcovertiera": "Constructed",
        "oslandcovertierb": [
          "Building"
        ],
        "oslanduse_source": "Ordnance Survey",
        "height_updatedate": "2025-01-17",
        "description_source": "Ordnance Survey",
        "oslandcover_source": "Ordnance Survey",
        "associatedstructure": null,
        "geometry_updatedate": "2017-04-19",
        "height_evidencedate": "2024-06-20",
        "capturespecification": "Urban",
        "oslanduse_updatedate": "2004-02-10",
        "absoluteheightmaximum": 19.6,
        "absoluteheightminimum": 12.2,
        "geometry_evidencedate": "2016-08-12",
        "heightconfidencelevel": "Moderate",
        "relativeheightmaximum": 7.4,
        "absoluteheightroofbase": 16,
        "description_updatedate": "2004-02-10",
        "oslandcover_updatedate": "2004-02-10",
        "oslanduse_evidencedate": "2004-02-10",
        "relativeheightroofbase": 3.8,
        "versionavailabletodate": null,
        "firstdigitalcapturedate": "1988-07-28",
        "description_evidencedate": "2004-02-10",
        "oslandcover_evidencedate": "2004-02-10",
        "versionavailablefromdate": "2025-02-06T00:00:00Z"
      }
    },
    {
      "id": "a6bbaccc-964c-4429-bdc0-cbd5bc60b7ea",
      "type": "Feature",
      "geometry": {
        "type": "Polygon",
        "coordinates": [
          [
            [
              -1.4664945,
              50.9393563
            ],
            [
              -1.4664691,
              50.9393326
            ],
            [
              -1.4663956,
              50.9393641
            ],
            [
              -1.466421,
              50.9393878
            ],
            [
              -1.4664945,
              50.9393563
            ]
          ]
        ]
      },
      "properties": {
        "osid": "a6bbaccc-964c-4429-bdc0-cbd5bc60b7ea",
        "toid": "osgb5000005239289071",
        "theme": "Buildings",
        "changetype": "Modified Attributes",
        "isobscured": false,
        "description": "Building",
        "versiondate": "2025-02-05",
        "geometry_area": 19.872008,
        "height_source": "Ordnance Survey",
        "physicallevel": "Surface Level",
        "oslandusetiera": "Residential Accommodation",
        "oslandusetierb": [
          "Private Residence"
        ],
        "geometry_source": "Ordnance Survey",
        "oslandcovertiera": "Constructed",
        "oslandcovertierb": [
          "Building"
        ],
        "oslanduse_source": "Ordnance Survey",
        "height_updatedate": "2025-01-17",
        "description_source": "Ordnance Survey",
        "oslandcover_source": "Ordnance Survey",
        "associatedstructure": null,
        "geometry_updatedate": "2018-11-23",
        "height_evidencedate": "2024-06-20",
        "capturespecification": "Urban",
        "oslanduse_updatedate": "2018-11-26",
        "absoluteheightmaximum": 24.1,
        "absoluteheightminimum": 21.1,
        "geometry_evidencedate": "2018-11-23",
        "heightconfidencelevel": "Moderate",
        "relativeheightmaximum": 3,
        "absoluteheightroofbase": 23.5,
        "description_updatedate": "2018-11-26",
        "oslandcover_updatedate": "2018-11-26",
        "oslanduse_evidencedate": "2018-11-26",
        "relativeheightroofbase": 2.4,
        "versionavailabletodate": null,
        "firstdigitalcapturedate": "2018-11-26",
        "description_evidencedate": "2018-11-26",
        "oslandcover_evidencedate": "2018-11-26",
        "versionavailablefromdate": "2025-02-06T00:00:00Z"
      }
    },
    {
      "id": "a73c6116-3205-4c71-b588-a5b7abb078fa",
      "type": "Feature",
      "geometry": {
        "type": "Polygon",
        "coordinates": [
          [
            [
              -1.4670267,
              50.9385886
            ],
            [
              -1.4670048,
              50.9386239
            ],
            [
              -1.4670769,
              50.9386418
            ],
            [
              -1.4670986,
              50.9386061
            ],
            [
              -1.4670267,
              50.9385886
            ]
          ]
        ]
      },
      "properties": {
        "osid": "a73c6116-3205-4c71-b588-a5b7abb078fa",
        "toid": "osgb5000005340806054",
        "theme": "Buildings",
        "changetype": "Modified Attributes",
        "isobscured": false,
        "description": "Building",
        "versiondate": "2025-02-15",
        "geometry_area": 22.978538,
        "height_source": "Ordnance Survey",
        "physicallevel": "Surface Level",
        "oslandusetiera": "Residential Accommodation",
        "oslandusetierb": [
          "Private Residence"
        ],
        "geometry_source": "Ordnance Survey",
        "oslandcovertiera": "Constructed",
        "oslandcovertierb": [
          "Building"
        ],
        "oslanduse_source": "Ordnance Survey",
        "height_updatedate": "2025-02-13",
        "description_source": "Ordnance Survey",
        "oslandcover_source": "Ordnance Survey",
        "associatedstructure": null,
        "geometry_updatedate": "2024-11-27",
        "height_evidencedate": "2024-06-20",
        "capturespecification": "Urban",
        "oslanduse_updatedate": "2024-11-27",
        "absoluteheightmaximum": 20.3,
        "absoluteheightminimum": 17.6,
        "geometry_evidencedate": "2024-06-20",
        "heightconfidencelevel": "Moderate",
        "relativeheightmaximum": 2.7,
        "absoluteheightroofbase": 19.6,
        "description_updatedate": "2024-11-27",
        "oslandcover_updatedate": "2024-11-27",
        "oslanduse_evidencedate": "2024-06-20",
        "relativeheightroofbase": 2,
        "versionavailabletodate": null,
        "firstdigitalcapturedate": "2024-11-27",
        "description_evidencedate": "2024-06-20",
        "oslandcover_evidencedate": "2024-06-20",
        "versionavailablefromdate": "2025-02-16T00:00:00Z"
      }
    },
    {
      "id": "a753c1a7-c41a-4bc9-8ad6-2aeab245217d",
      "type": "Feature",
      "geometry": {
        "type": "Polygon",
        "coordinates": [
          [
            [
              -1.468818,
              50.9372753
            ],
            [
              -1.4688474,
              50.9372583
            ],
            [
              -1.4687627,
              50.9371995
            ],
            [
              -1.468733,
              50.9372156
            ],
            [
              -1.468818,
              50.9372753
            ]
          ]
        ]
      },
      "properties": {
        "osid": "a753c1a7-c41a-4bc9-8ad6-2aeab245217d",
        "toid": "osgb1000016343222",
        "theme": "Buildings",
        "changetype": "Modified Attributes",
        "isobscured": false,
        "description": "Building",
        "versiondate": "2025-02-05",
        "geometry_area": 24.6115,
        "height_source": "Ordnance Survey",
        "physicallevel": "Surface Level",
        "oslandusetiera": "Residential Accommodation",
        "oslandusetierb": [
          "Private Residence"
        ],
        "geometry_source": "Ordnance Survey",
        "oslandcovertiera": "Constructed",
        "oslandcovertierb": [
          "Building"
        ],
        "oslanduse_source": "Ordnance Survey",
        "height_updatedate": "2025-01-17",
        "description_source": "Ordnance Survey",
        "oslandcover_source": "Ordnance Survey",
        "associatedstructure": null,
        "geometry_updatedate": "2004-02-10",
        "height_evidencedate": "2024-06-20",
        "capturespecification": "Urban",
        "oslanduse_updatedate": "2004-02-10",
        "absoluteheightmaximum": 24.8,
        "absoluteheightminimum": 12.4,
        "geometry_evidencedate": "2004-02-10",
        "heightconfidencelevel": "Moderate",
        "relativeheightmaximum": 12.4,
        "absoluteheightroofbase": 20.2,
        "description_updatedate": "2004-02-10",
        "oslandcover_updatedate": "2004-02-10",
        "oslanduse_evidencedate": "2004-02-10",
        "relativeheightroofbase": 7.8,
        "versionavailabletodate": null,
        "firstdigitalcapturedate": "1988-07-28",
        "description_evidencedate": "2004-02-10",
        "oslandcover_evidencedate": "2004-02-10",
        "versionavailablefromdate": "2025-02-06T00:00:00Z"
      }
    },
    {
      "id": "a83911a4-4de2-4014-aa12-54910ded66cb",
      "type": "Feature",
      "geometry": {
        "type": "Polygon",
        "coordinates": [
          [
            [
              -1.4750507,
              50.9353836
            ],
            [
              -1.4750194,
              50.9353853
            ],
            [
              -1.4750232,
              50.9354257
            ],
            [
              -1.4755031,
              50.9354027
            ],
            [
              -1.4755239,
              50.9355737
            ],
            [
              -1.4757945,
              50.9355596
            ],
            [
              -1.4758714,
              50.9355554
            ],
            [
              -1.4758716,
              50.9355366
            ],
            [
              -1.475967,
              50.9355334
            ],
            [
              -1.4759682,
              50.9355523
            ],
            [
              -1.4760707,
              50.9355474
            ],
            [
              -1.476327,
              50.9355341
            ],
            [
              -1.4763654,
              50.9359174
            ],
            [
              -1.4761148,
              50.9359288
            ],
            [
              -1.4758386,
              50.9359411
            ],
            [
              -1.4755609,
              50.9359542
            ],
            [
              -1.4755882,
              50.9361881
            ],
            [
              -1.474805,
              50.9362224
            ],
            [
              -1.4745338,
              50.9362339
            ],
            [
              -1.4745367,
              50.9362583
            ],
            [
              -1.4745411,
              50.9362961
            ],
            [
              -1.4745666,
              50.9362951
            ],
            [
              -1.4748043,
              50.9362853
            ],
            [
              -1.4749182,
              50.9362805
            ],
            [
              -1.4749158,
              50.9362418
            ],
            [
              -1.4751451,
              50.936232
            ],
            [
              -1.4756249,
              50.9362108
            ],
            [
              -1.4756223,
              50.9361874
            ],
            [
              -1.4756006,
              50.9359706
            ],
            [
              -1.4763937,
              50.9359337
            ],
            [
              -1.4764079,
              50.9359337
            ],
            [
              -1.4763858,
              50.935755
            ],
            [
              -1.4763789,
              50.9356991
            ],
            [
              -1.4763557,
              50.9355109
            ],
            [
              -1.4762774,
              50.935515
            ],
            [
              -1.4762247,
              50.9355175
            ],
            [
              -1.4761251,
              50.9355215
            ],
            [
              -1.4759869,
              50.9355281
            ],
            [
              -1.4758488,
              50.9355347
            ],
            [
              -1.4757022,
              50.9355421
            ],
            [
              -1.4755584,
              50.9355486
            ],
            [
              -1.4755585,
              50.9355352
            ],
            [
              -1.4755389,
              50.9353777
            ],
            [
              -1.475398,
              50.9353843
            ],
            [
              -1.4753042,
              50.9353722
            ],
            [
              -1.4750507,
              50.9353836
            ]
          ]
        ]
      },
      "properties": {
        "osid": "a83911a4-4de2-4014-aa12-54910ded66cb",
        "toid": "osgb1000002109144902",
        "theme": "Buildings",
        "changetype": "Modified Attributes",
        "isobscured": false,
        "description": "Building",
        "versiondate": "2025-02-05",
        "geometry_area": 925.201408,
        "height_source": "Ordnance Survey",
        "physicallevel": "Surface Level",
        "oslandusetiera": "Commercial Activity: Industrial Or Manufacturing",
        "oslandusetierb": [],
        "geometry_source": "Ordnance Survey",
        "oslandcovertiera": "Constructed",
        "oslandcovertierb": [
          "Building"
        ],
        "oslanduse_source": "Ordnance Survey",
        "height_updatedate": "2025-01-17",
        "description_source": "Ordnance Survey",
        "oslandcover_source": "Ordnance Survey",
        "associatedstructure": null,
        "geometry_updatedate": "2019-12-22",
        "height_evidencedate": "2024-06-20",
        "capturespecification": "Rural",
        "oslanduse_updatedate": "2004-06-10",
        "absoluteheightmaximum": 20.3,
        "absoluteheightminimum": 8.4,
        "geometry_evidencedate": "2019-06-28",
        "heightconfidencelevel": "Moderate",
        "relativeheightmaximum": 11.9,
        "absoluteheightroofbase": 12.8,
        "description_updatedate": "2004-06-10",
        "oslandcover_updatedate": "2004-06-10",
        "oslanduse_evidencedate": "2004-06-10",
        "relativeheightroofbase": 4.4,
        "versionavailabletodate": null,
        "firstdigitalcapturedate": "1986-09-18",
        "description_evidencedate": "2004-06-10",
        "oslandcover_evidencedate": "2004-06-10",
        "versionavailablefromdate": "2025-02-06T00:00:00Z"
      }
    },
    {
      "id": "a8c0c1e6-66e5-43bf-b8b9-81b57bb11018",
      "type": "Feature",
      "geometry": {
        "type": "Polygon",
        "coordinates": [
          [
            [
              -1.4653383,
              50.937526
            ],
            [
              -1.4652315,
              50.9375337
            ],
            [
              -1.4652529,
              50.937652
            ],
            [
              -1.465359,
              50.9376453
            ],
            [
              -1.4653383,
              50.937526
            ]
          ]
        ]
      },
      "properties": {
        "osid": "a8c0c1e6-66e5-43bf-b8b9-81b57bb11018",
        "toid": "osgb1000016342769",
        "theme": "Buildings",
        "changetype": "Modified Attributes",
        "isobscured": false,
        "description": "Building",
        "versiondate": "2025-02-05",
        "geometry_area": 100.00875,
        "height_source": "Ordnance Survey",
        "physicallevel": "Surface Level",
        "oslandusetiera": "Residential Accommodation",
        "oslandusetierb": [
          "Private Residence"
        ],
        "geometry_source": "Ordnance Survey",
        "oslandcovertiera": "Constructed",
        "oslandcovertierb": [
          "Building"
        ],
        "oslanduse_source": "Ordnance Survey",
        "height_updatedate": "2025-01-17",
        "description_source": "Ordnance Survey",
        "oslandcover_source": "Ordnance Survey",
        "associatedstructure": null,
        "geometry_updatedate": "2004-04-13",
        "height_evidencedate": "2024-06-20",
        "capturespecification": "Urban",
        "oslanduse_updatedate": "2004-04-13",
        "absoluteheightmaximum": 23.6,
        "absoluteheightminimum": 18.7,
        "geometry_evidencedate": "2004-04-13",
        "heightconfidencelevel": "Moderate",
        "relativeheightmaximum": 4.9,
        "absoluteheightroofbase": 21.5,
        "description_updatedate": "2004-04-13",
        "oslandcover_updatedate": "2004-04-13",
        "oslanduse_evidencedate": "2004-04-13",
        "relativeheightroofbase": 2.8,
        "versionavailabletodate": null,
        "firstdigitalcapturedate": "1988-05-16",
        "description_evidencedate": "2004-04-13",
        "oslandcover_evidencedate": "2004-04-13",
        "versionavailablefromdate": "2025-02-06T00:00:00Z"
      }
    },
    {
      "id": "a9050e01-e888-496b-9d02-ecee44e09621",
      "type": "Feature",
      "geometry": {
        "type": "Polygon",
        "coordinates": [
          [
            [
              -1.4666719,
              50.9388964
            ],
            [
              -1.4666155,
              50.9389211
            ],
            [
              -1.4666576,
              50.9389596
            ],
            [
              -1.466714,
              50.9389349
            ],
            [
              -1.4667704,
              50.9389103
            ],
            [
              -1.4667283,
              50.9388718
            ],
            [
              -1.4666719,
              50.9388964
            ]
          ]
        ]
      },
      "properties": {
        "osid": "a9050e01-e888-496b-9d02-ecee44e09621",
        "toid": "osgb5000005244788279",
        "theme": "Buildings",
        "changetype": "Modified Attributes",
        "isobscured": false,
        "description": "Building",
        "versiondate": "2025-02-05",
        "geometry_area": 50.184271,
        "height_source": "Ordnance Survey",
        "physicallevel": "Surface Level",
        "oslandusetiera": "Residential Accommodation",
        "oslandusetierb": [
          "Private Residence"
        ],
        "geometry_source": "Ordnance Survey",
        "oslandcovertiera": "Constructed",
        "oslandcovertierb": [
          "Building"
        ],
        "oslanduse_source": "Ordnance Survey",
        "height_updatedate": "2025-01-17",
        "description_source": "Ordnance Survey",
        "oslandcover_source": "Ordnance Survey",
        "associatedstructure": null,
        "geometry_updatedate": "2019-04-09",
        "height_evidencedate": "2024-06-20",
        "capturespecification": "Urban",
        "oslanduse_updatedate": "2019-04-09",
        "absoluteheightmaximum": 26.8,
        "absoluteheightminimum": 18.9,
        "geometry_evidencedate": "2019-04-09",
        "heightconfidencelevel": "Moderate",
        "relativeheightmaximum": 7.9,
        "absoluteheightroofbase": 23.6,
        "description_updatedate": "2019-04-09",
        "oslandcover_updatedate": "2019-04-09",
        "oslanduse_evidencedate": "2019-04-09",
        "relativeheightroofbase": 4.7,
        "versionavailabletodate": null,
        "firstdigitalcapturedate": "2019-04-09",
        "description_evidencedate": "2019-04-09",
        "oslandcover_evidencedate": "2019-04-09",
        "versionavailablefromdate": "2025-02-06T00:00:00Z"
      }
    },
    {
      "id": "aa67afec-668a-4248-bf06-fa634f460907",
      "type": "Feature",
      "geometry": {
        "type": "Polygon",
        "coordinates": [
          [
            [
              -1.4670638,
              50.9359195
            ],
            [
              -1.4670532,
              50.9359337
            ],
            [
              -1.4671354,
              50.9359583
            ],
            [
              -1.4671453,
              50.9359451
            ],
            [
              -1.4671555,
              50.9359314
            ],
            [
              -1.4670734,
              50.9359068
            ],
            [
              -1.4670638,
              50.9359195
            ]
          ]
        ]
      },
      "properties": {
        "osid": "aa67afec-668a-4248-bf06-fa634f460907",
        "toid": "osgb5000005208814629",
        "theme": "Buildings",
        "changetype": "Modified Attributes",
        "isobscured": false,
        "description": "Building",
        "versiondate": "2025-02-05",
        "geometry_area": 21.123516,
        "height_source": "Ordnance Survey",
        "physicallevel": "Surface Level",
        "oslandusetiera": "Unknown Or Unused Artificial",
        "oslandusetierb": [],
        "geometry_source": "Ordnance Survey",
        "oslandcovertiera": "Constructed",
        "oslandcovertierb": [
          "Building"
        ],
        "oslanduse_source": "Ordnance Survey",
        "height_updatedate": "2025-01-17",
        "description_source": "Ordnance Survey",
        "oslandcover_source": "Ordnance Survey",
        "associatedstructure": null,
        "geometry_updatedate": "2017-08-03",
        "height_evidencedate": "2024-06-20",
        "capturespecification": "Urban",
        "oslanduse_updatedate": "2017-08-03",
        "absoluteheightmaximum": null,
        "absoluteheightminimum": 11.9,
        "geometry_evidencedate": "2017-08-03",
        "heightconfidencelevel": "Incomplete",
        "relativeheightmaximum": null,
        "absoluteheightroofbase": null,
        "description_updatedate": "2017-08-03",
        "oslandcover_updatedate": "2017-08-03",
        "oslanduse_evidencedate": "2017-08-03",
        "relativeheightroofbase": null,
        "versionavailabletodate": null,
        "firstdigitalcapturedate": "2017-08-03",
        "description_evidencedate": "2017-08-03",
        "oslandcover_evidencedate": "2017-08-03",
        "versionavailablefromdate": "2025-02-06T00:00:00Z"
      }
    },
    {
      "id": "ab267322-8d4e-4f9a-bf56-5ce51d9dfa6e",
      "type": "Feature",
      "geometry": {
        "type": "Polygon",
        "coordinates": [
          [
            [
              -1.4659355,
              50.9400698
            ],
            [
              -1.4659329,
              50.9400726
            ],
            [
              -1.4659057,
              50.9400923
            ],
            [
              -1.4659351,
              50.9401114
            ],
            [
              -1.4659445,
              50.9401176
            ],
            [
              -1.4659776,
              50.9400973
            ],
            [
              -1.4659355,
              50.9400698
            ]
          ]
        ]
      },
      "properties": {
        "osid": "ab267322-8d4e-4f9a-bf56-5ce51d9dfa6e",
        "toid": "osgb5000005340806053",
        "theme": "Buildings",
        "changetype": "Modified Attributes",
        "isobscured": false,
        "description": "Building",
        "versiondate": "2025-02-15",
        "geometry_area": 13.147072,
        "height_source": "Ordnance Survey",
        "physicallevel": "Surface Level",
        "oslandusetiera": "Residential Accommodation",
        "oslandusetierb": [
          "Private Residence"
        ],
        "geometry_source": "Ordnance Survey",
        "oslandcovertiera": "Constructed",
        "oslandcovertierb": [
          "Building"
        ],
        "oslanduse_source": "Ordnance Survey",
        "height_updatedate": "2025-02-13",
        "description_source": "Ordnance Survey",
        "oslandcover_source": "Ordnance Survey",
        "associatedstructure": null,
        "geometry_updatedate": "2024-11-27",
        "height_evidencedate": "2024-06-20",
        "capturespecification": "Urban",
        "oslanduse_updatedate": "2024-11-27",
        "absoluteheightmaximum": 25.4,
        "absoluteheightminimum": 22.5,
        "geometry_evidencedate": "2024-06-20",
        "heightconfidencelevel": "Moderate",
        "relativeheightmaximum": 2.9,
        "absoluteheightroofbase": 24.9,
        "description_updatedate": "2024-11-27",
        "oslandcover_updatedate": "2024-11-27",
        "oslanduse_evidencedate": "2024-06-20",
        "relativeheightroofbase": 2.4,
        "versionavailabletodate": null,
        "firstdigitalcapturedate": "2024-11-27",
        "description_evidencedate": "2024-06-20",
        "oslandcover_evidencedate": "2024-06-20",
        "versionavailablefromdate": "2025-02-16T00:00:00Z"
      }
    },
    {
      "id": "ab6d1f28-2311-4c35-9726-1679658082d6",
      "type": "Feature",
      "geometry": {
        "type": "Polygon",
        "coordinates": [
          [
            [
              -1.4656393,
              50.9405877
            ],
            [
              -1.4656001,
              50.9405718
            ],
            [
              -1.4655524,
              50.9406189
            ],
            [
              -1.4655916,
              50.9406347
            ],
            [
              -1.4656393,
              50.9405877
            ]
          ]
        ]
      },
      "properties": {
        "osid": "ab6d1f28-2311-4c35-9726-1679658082d6",
        "toid": "osgb5000005208860461",
        "theme": "Buildings",
        "changetype": "Modified Attributes",
        "isobscured": false,
        "description": "Building",
        "versiondate": "2025-02-05",
        "geometry_area": 20.294608,
        "height_source": "Ordnance Survey",
        "physicallevel": "Surface Level",
        "oslandusetiera": "Residential Accommodation",
        "oslandusetierb": [
          "Private Residence"
        ],
        "geometry_source": "Ordnance Survey",
        "oslandcovertiera": "Constructed",
        "oslandcovertierb": [
          "Building"
        ],
        "oslanduse_source": "Ordnance Survey",
        "height_updatedate": "2025-01-17",
        "description_source": "Ordnance Survey",
        "oslandcover_source": "Ordnance Survey",
        "associatedstructure": null,
        "geometry_updatedate": "2017-08-04",
        "height_evidencedate": "2024-06-20",
        "capturespecification": "Urban",
        "oslanduse_updatedate": "2017-08-04",
        "absoluteheightmaximum": 25.6,
        "absoluteheightminimum": 21.6,
        "geometry_evidencedate": "2017-08-04",
        "heightconfidencelevel": "Moderate",
        "relativeheightmaximum": 4,
        "absoluteheightroofbase": 24.6,
        "description_updatedate": "2017-08-04",
        "oslandcover_updatedate": "2017-08-04",
        "oslanduse_evidencedate": "2017-08-04",
        "relativeheightroofbase": 3,
        "versionavailabletodate": null,
        "firstdigitalcapturedate": "2017-08-04",
        "description_evidencedate": "2017-08-04",
        "oslandcover_evidencedate": "2017-08-04",
        "versionavailablefromdate": "2025-02-06T00:00:00Z"
      }
    },
    {
      "id": "ac290817-f36b-4cc4-ad90-829389d36f77",
      "type": "Feature",
      "geometry": {
        "type": "Polygon",
        "coordinates": [
          [
            [
              -1.4651615,
              50.938987
            ],
            [
              -1.4652935,
              50.939007
            ],
            [
              -1.4653153,
              50.9389495
            ],
            [
              -1.4651833,
              50.9389295
            ],
            [
              -1.4651615,
              50.938987
            ]
          ]
        ]
      },
      "properties": {
        "osid": "ac290817-f36b-4cc4-ad90-829389d36f77",
        "toid": "osgb5000005264686423",
        "theme": "Buildings",
        "changetype": "Modified Attributes",
        "isobscured": false,
        "description": "Building",
        "versiondate": "2025-02-05",
        "geometry_area": 62.678345,
        "height_source": "Ordnance Survey",
        "physicallevel": "Surface Level",
        "oslandusetiera": "Residential Accommodation",
        "oslandusetierb": [
          "Private Residence"
        ],
        "geometry_source": "Ordnance Survey",
        "oslandcovertiera": "Constructed",
        "oslandcovertierb": [
          "Building"
        ],
        "oslanduse_source": "Ordnance Survey",
        "height_updatedate": "2025-01-17",
        "description_source": "Ordnance Survey",
        "oslandcover_source": "Ordnance Survey",
        "associatedstructure": null,
        "geometry_updatedate": "2020-05-21",
        "height_evidencedate": "2024-06-20",
        "capturespecification": "Urban",
        "oslanduse_updatedate": "2020-05-21",
        "absoluteheightmaximum": 31.2,
        "absoluteheightminimum": 22.3,
        "geometry_evidencedate": "2020-05-21",
        "heightconfidencelevel": "Moderate",
        "relativeheightmaximum": 8.9,
        "absoluteheightroofbase": 28.1,
        "description_updatedate": "2020-05-21",
        "oslandcover_updatedate": "2020-05-21",
        "oslanduse_evidencedate": "2020-05-21",
        "relativeheightroofbase": 5.8,
        "versionavailabletodate": null,
        "firstdigitalcapturedate": "2020-05-21",
        "description_evidencedate": "2020-05-21",
        "oslandcover_evidencedate": "2020-05-21",
        "versionavailablefromdate": "2025-02-06T00:00:00Z"
      }
    },
    {
      "id": "ac7b1ccf-5999-4e01-9dbb-160cd8e326f9",
      "type": "Feature",
      "geometry": {
        "type": "Polygon",
        "coordinates": [
          [
            [
              -1.4654189,
              50.9394542
            ],
            [
              -1.4654513,
              50.9394743
            ],
            [
              -1.46544,
              50.9394816
            ],
            [
              -1.465477,
              50.9395046
            ],
            [
              -1.4655739,
              50.9394422
            ],
            [
              -1.4655045,
              50.9393991
            ],
            [
              -1.4654189,
              50.9394542
            ]
          ]
        ]
      },
      "properties": {
        "osid": "ac7b1ccf-5999-4e01-9dbb-160cd8e326f9",
        "toid": "osgb5000005236335753",
        "theme": "Buildings",
        "changetype": "Modified Attributes",
        "isobscured": false,
        "description": "Building",
        "versiondate": "2025-02-05",
        "geometry_area": 62.848953,
        "height_source": "Ordnance Survey",
        "physicallevel": "Surface Level",
        "oslandusetiera": "Residential Accommodation",
        "oslandusetierb": [
          "Private Residence"
        ],
        "geometry_source": "Ordnance Survey",
        "oslandcovertiera": "Constructed",
        "oslandcovertierb": [
          "Building"
        ],
        "oslanduse_source": "Ordnance Survey",
        "height_updatedate": "2025-01-17",
        "description_source": "Ordnance Survey",
        "oslandcover_source": "Ordnance Survey",
        "associatedstructure": null,
        "geometry_updatedate": "2018-09-17",
        "height_evidencedate": "2024-06-20",
        "capturespecification": "Urban",
        "oslanduse_updatedate": "2018-09-17",
        "absoluteheightmaximum": 31.9,
        "absoluteheightminimum": 22.8,
        "geometry_evidencedate": "2018-09-17",
        "heightconfidencelevel": "Moderate",
        "relativeheightmaximum": 9.1,
        "absoluteheightroofbase": 27.6,
        "description_updatedate": "2018-09-17",
        "oslandcover_updatedate": "2018-09-17",
        "oslanduse_evidencedate": "2018-09-17",
        "relativeheightroofbase": 4.8,
        "versionavailabletodate": null,
        "firstdigitalcapturedate": "2018-09-17",
        "description_evidencedate": "2018-09-17",
        "oslandcover_evidencedate": "2018-09-17",
        "versionavailablefromdate": "2025-02-06T00:00:00Z"
      }
    },
    {
      "id": "ac88aecf-cc7e-415c-b0ca-67bd798a58f3",
      "type": "Feature",
      "geometry": {
        "type": "Polygon",
        "coordinates": [
          [
            [
              -1.4668305,
              50.9356921
            ],
            [
              -1.4667937,
              50.9357382
            ],
            [
              -1.4668183,
              50.9357461
            ],
            [
              -1.466931,
              50.9357819
            ],
            [
              -1.4669333,
              50.9357827
            ],
            [
              -1.4669702,
              50.9357365
            ],
            [
              -1.4668552,
              50.9356999
            ],
            [
              -1.4668305,
              50.9356921
            ]
          ]
        ]
      },
      "properties": {
        "osid": "ac88aecf-cc7e-415c-b0ca-67bd798a58f3",
        "toid": "osgb5000005208814551",
        "theme": "Buildings",
        "changetype": "Modified Attributes",
        "isobscured": false,
        "description": "Building",
        "versiondate": "2025-02-05",
        "geometry_area": 63.183523,
        "height_source": "Ordnance Survey",
        "physicallevel": "Surface Level",
        "oslandusetiera": "Residential Accommodation",
        "oslandusetierb": [
          "Private Residence"
        ],
        "geometry_source": "Ordnance Survey",
        "oslandcovertiera": "Constructed",
        "oslandcovertierb": [
          "Building"
        ],
        "oslanduse_source": "Ordnance Survey",
        "height_updatedate": "2025-01-17",
        "description_source": "Ordnance Survey",
        "oslandcover_source": "Ordnance Survey",
        "associatedstructure": null,
        "geometry_updatedate": "2024-12-06",
        "height_evidencedate": "2024-06-20",
        "capturespecification": "Urban",
        "oslanduse_updatedate": "2017-08-03",
        "absoluteheightmaximum": 19.2,
        "absoluteheightminimum": 12.2,
        "geometry_evidencedate": "2024-06-20",
        "heightconfidencelevel": "Moderate",
        "relativeheightmaximum": 7,
        "absoluteheightroofbase": 17.2,
        "description_updatedate": "2017-08-03",
        "oslandcover_updatedate": "2017-08-03",
        "oslanduse_evidencedate": "2017-08-03",
        "relativeheightroofbase": 5,
        "versionavailabletodate": null,
        "firstdigitalcapturedate": "2017-08-03",
        "description_evidencedate": "2017-08-03",
        "oslandcover_evidencedate": "2017-08-03",
        "versionavailablefromdate": "2025-02-06T00:00:00Z"
      }
    },
    {
      "id": "adac35b9-f1d0-44d9-bcc5-b7bff6dc12be",
      "type": "Feature",
      "geometry": {
        "type": "Polygon",
        "coordinates": [
          [
            [
              -1.4665789,
              50.936565
            ],
            [
              -1.4666195,
              50.9365652
            ],
            [
              -1.4666201,
              50.9365126
            ],
            [
              -1.4665795,
              50.9365124
            ],
            [
              -1.4665789,
              50.936565
            ]
          ]
        ]
      },
      "properties": {
        "osid": "adac35b9-f1d0-44d9-bcc5-b7bff6dc12be",
        "toid": "osgb1000016342808",
        "theme": "Buildings",
        "changetype": "Modified Attributes",
        "isobscured": false,
        "description": "Building",
        "versiondate": "2025-02-05",
        "geometry_area": 16.6725,
        "height_source": "Ordnance Survey",
        "physicallevel": "Surface Level",
        "oslandusetiera": "Unknown Or Unused Artificial",
        "oslandusetierb": [],
        "geometry_source": "Ordnance Survey",
        "oslandcovertiera": "Constructed",
        "oslandcovertierb": [
          "Building"
        ],
        "oslanduse_source": "Ordnance Survey",
        "height_updatedate": "2025-01-17",
        "description_source": "Ordnance Survey",
        "oslandcover_source": "Ordnance Survey",
        "associatedstructure": null,
        "geometry_updatedate": "2004-04-13",
        "height_evidencedate": "2024-06-20",
        "capturespecification": "Urban",
        "oslanduse_updatedate": "2004-04-13",
        "absoluteheightmaximum": null,
        "absoluteheightminimum": 13.1,
        "geometry_evidencedate": "2004-04-13",
        "heightconfidencelevel": "Incomplete",
        "relativeheightmaximum": null,
        "absoluteheightroofbase": null,
        "description_updatedate": "2004-04-13",
        "oslandcover_updatedate": "2004-04-13",
        "oslanduse_evidencedate": "2004-04-13",
        "relativeheightroofbase": null,
        "versionavailabletodate": null,
        "firstdigitalcapturedate": "1988-05-16",
        "description_evidencedate": "2004-04-13",
        "oslandcover_evidencedate": "2004-04-13",
        "versionavailablefromdate": "2025-02-06T00:00:00Z"
      }
    },
    {
      "id": "ae1eca97-69cf-45b9-b9b6-05445f0f1e17",
      "type": "Feature",
      "geometry": {
        "type": "Polygon",
        "coordinates": [
          [
            [
              -1.4655117,
              50.937646
            ],
            [
              -1.4655071,
              50.9376393
            ],
            [
              -1.465499,
              50.9376273
            ],
            [
              -1.4654918,
              50.9376292
            ],
            [
              -1.4654131,
              50.9376505
            ],
            [
              -1.4654258,
              50.9376692
            ],
            [
              -1.4655117,
              50.937646
            ]
          ]
        ]
      },
      "properties": {
        "osid": "ae1eca97-69cf-45b9-b9b6-05445f0f1e17",
        "toid": "osgb5000005203977261",
        "theme": "Buildings",
        "changetype": "Modified Attributes",
        "isobscured": false,
        "description": "Building",
        "versiondate": "2025-02-05",
        "geometry_area": 14.898887,
        "height_source": "Ordnance Survey",
        "physicallevel": "Surface Level",
        "oslandusetiera": "Residential Accommodation",
        "oslandusetierb": [
          "Private Residence"
        ],
        "geometry_source": "Ordnance Survey",
        "oslandcovertiera": "Constructed",
        "oslandcovertierb": [
          "Building"
        ],
        "oslanduse_source": "Ordnance Survey",
        "height_updatedate": "2025-01-17",
        "description_source": "Ordnance Survey",
        "oslandcover_source": "Ordnance Survey",
        "associatedstructure": null,
        "geometry_updatedate": "2017-04-24",
        "height_evidencedate": "2024-06-20",
        "capturespecification": "Urban",
        "oslanduse_updatedate": "2017-04-24",
        "absoluteheightmaximum": 21.7,
        "absoluteheightminimum": 18.5,
        "geometry_evidencedate": "2016-08-12",
        "heightconfidencelevel": "Moderate",
        "relativeheightmaximum": 3.2,
        "absoluteheightroofbase": 21.3,
        "description_updatedate": "2017-04-24",
        "oslandcover_updatedate": "2017-04-24",
        "oslanduse_evidencedate": "2016-08-12",
        "relativeheightroofbase": 2.8,
        "versionavailabletodate": null,
        "firstdigitalcapturedate": "2017-05-04",
        "description_evidencedate": "2016-08-12",
        "oslandcover_evidencedate": "2016-08-12",
        "versionavailablefromdate": "2025-02-06T00:00:00Z"
      }
    },
    {
      "id": "ae3a010b-20b9-4f6b-a4d2-7c4db1ce53f3",
      "type": "Feature",
      "geometry": {
        "type": "Polygon",
        "coordinates": [
          [
            [
              -1.46474,
              50.939572
            ],
            [
              -1.4647683,
              50.9395816
            ],
            [
              -1.4648199,
              50.9395991
            ],
            [
              -1.4648234,
              50.939595
            ],
            [
              -1.4648418,
              50.9395734
            ],
            [
              -1.4647619,
              50.9395463
            ],
            [
              -1.4647475,
              50.9395632
            ],
            [
              -1.46474,
              50.939572
            ]
          ]
        ]
      },
      "properties": {
        "osid": "ae3a010b-20b9-4f6b-a4d2-7c4db1ce53f3",
        "toid": "osgb5000005232124763",
        "theme": "Buildings",
        "changetype": "Modified Attributes",
        "isobscured": false,
        "description": "Building",
        "versiondate": "2025-02-05",
        "geometry_area": 20.660265,
        "height_source": "Ordnance Survey",
        "physicallevel": "Surface Level",
        "oslandusetiera": "Unknown Or Unused Artificial",
        "oslandusetierb": [],
        "geometry_source": "Ordnance Survey",
        "oslandcovertiera": "Constructed",
        "oslandcovertierb": [
          "Building"
        ],
        "oslanduse_source": "Ordnance Survey",
        "height_updatedate": "2025-01-17",
        "description_source": "Ordnance Survey",
        "oslandcover_source": "Ordnance Survey",
        "associatedstructure": null,
        "geometry_updatedate": "2018-07-09",
        "height_evidencedate": "2024-06-20",
        "capturespecification": "Urban",
        "oslanduse_updatedate": "2018-07-09",
        "absoluteheightmaximum": 27.9,
        "absoluteheightminimum": 23.6,
        "geometry_evidencedate": "2018-07-09",
        "heightconfidencelevel": "Moderate",
        "relativeheightmaximum": 4.3,
        "absoluteheightroofbase": 26.3,
        "description_updatedate": "2018-07-09",
        "oslandcover_updatedate": "2018-07-09",
        "oslanduse_evidencedate": "2018-07-09",
        "relativeheightroofbase": 2.7,
        "versionavailabletodate": null,
        "firstdigitalcapturedate": "2018-07-10",
        "description_evidencedate": "2018-07-09",
        "oslandcover_evidencedate": "2018-07-09",
        "versionavailablefromdate": "2025-02-06T00:00:00Z"
      }
    },
    {
      "id": "aeabe287-2109-47f3-9265-0c16290d3038",
      "type": "Feature",
      "geometry": {
        "type": "Polygon",
        "coordinates": [
          [
            [
              -1.4644538,
              50.9400874
            ],
            [
              -1.4644969,
              50.9401007
            ],
            [
              -1.4645358,
              50.9400504
            ],
            [
              -1.4645117,
              50.940043
            ],
            [
              -1.4644927,
              50.9400371
            ],
            [
              -1.4644538,
              50.9400874
            ]
          ]
        ]
      },
      "properties": {
        "osid": "aeabe287-2109-47f3-9265-0c16290d3038",
        "toid": "osgb5000005208860398",
        "theme": "Buildings",
        "changetype": "Modified Attributes",
        "isobscured": false,
        "description": "Building",
        "versiondate": "2025-02-05",
        "geometry_area": 20.986461,
        "height_source": "Ordnance Survey",
        "physicallevel": "Surface Level",
        "oslandusetiera": "Residential Accommodation",
        "oslandusetierb": [
          "Private Residence"
        ],
        "geometry_source": "Ordnance Survey",
        "oslandcovertiera": "Constructed",
        "oslandcovertierb": [
          "Building"
        ],
        "oslanduse_source": "Ordnance Survey",
        "height_updatedate": "2025-01-17",
        "description_source": "Ordnance Survey",
        "oslandcover_source": "Ordnance Survey",
        "associatedstructure": null,
        "geometry_updatedate": "2018-02-08",
        "height_evidencedate": "2024-06-20",
        "capturespecification": "Urban",
        "oslanduse_updatedate": "2017-08-04",
        "absoluteheightmaximum": 27.8,
        "absoluteheightminimum": 24.3,
        "geometry_evidencedate": "2018-02-08",
        "heightconfidencelevel": "Moderate",
        "relativeheightmaximum": 3.5,
        "absoluteheightroofbase": 27.4,
        "description_updatedate": "2017-08-04",
        "oslandcover_updatedate": "2017-08-04",
        "oslanduse_evidencedate": "2017-08-04",
        "relativeheightroofbase": 3.1,
        "versionavailabletodate": null,
        "firstdigitalcapturedate": "2017-08-04",
        "description_evidencedate": "2017-08-04",
        "oslandcover_evidencedate": "2017-08-04",
        "versionavailablefromdate": "2025-02-06T00:00:00Z"
      }
    },
    {
      "id": "af5758c6-ec98-4031-91de-e7d9e364a4c5",
      "type": "Feature",
      "geometry": {
        "type": "Polygon",
        "coordinates": [
          [
            [
              -1.4713752,
              50.9361581
            ],
            [
              -1.4714436,
              50.9362962
            ],
            [
              -1.4715032,
              50.936285
            ],
            [
              -1.4714351,
              50.9361467
            ],
            [
              -1.4713752,
              50.9361581
            ]
          ]
        ]
      },
      "properties": {
        "osid": "af5758c6-ec98-4031-91de-e7d9e364a4c5",
        "toid": "osgb1000016343246",
        "theme": "Buildings",
        "changetype": "Modified Attributes",
        "isobscured": false,
        "description": "Building",
        "versiondate": "2025-02-05",
        "geometry_area": 70.582524,
        "height_source": "Ordnance Survey",
        "physicallevel": "Surface Level",
        "oslandusetiera": "Unknown Or Unused Artificial",
        "oslandusetierb": [],
        "geometry_source": "Ordnance Survey",
        "oslandcovertiera": "Constructed",
        "oslandcovertierb": [
          "Building"
        ],
        "oslanduse_source": "Ordnance Survey",
        "height_updatedate": "2025-01-17",
        "description_source": "Ordnance Survey",
        "oslandcover_source": "Ordnance Survey",
        "associatedstructure": null,
        "geometry_updatedate": "2019-12-29",
        "height_evidencedate": "2024-06-20",
        "capturespecification": "Urban",
        "oslanduse_updatedate": "2004-02-10",
        "absoluteheightmaximum": null,
        "absoluteheightminimum": 10.2,
        "geometry_evidencedate": "2019-06-28",
        "heightconfidencelevel": "Incomplete",
        "relativeheightmaximum": null,
        "absoluteheightroofbase": null,
        "description_updatedate": "2004-02-10",
        "oslandcover_updatedate": "2004-02-10",
        "oslanduse_evidencedate": "2004-02-10",
        "relativeheightroofbase": null,
        "versionavailabletodate": null,
        "firstdigitalcapturedate": "1988-07-28",
        "description_evidencedate": "2004-02-10",
        "oslandcover_evidencedate": "2004-02-10",
        "versionavailablefromdate": "2025-02-06T00:00:00Z"
      }
    },
    {
      "id": "b006b108-a6c2-49b9-8759-f94f0bee795a",
      "type": "Feature",
      "geometry": {
        "type": "Polygon",
        "coordinates": [
          [
            [
              -1.468379,
              50.9402036
            ],
            [
              -1.4683779,
              50.9403503
            ],
            [
              -1.4688041,
              50.9403516
            ],
            [
              -1.4688053,
              50.9402049
            ],
            [
              -1.468379,
              50.9402036
            ]
          ]
        ]
      },
      "properties": {
        "osid": "b006b108-a6c2-49b9-8759-f94f0bee795a",
        "toid": "osgb5000005278503032",
        "theme": "Buildings",
        "changetype": "Modified Attributes",
        "isobscured": false,
        "description": "Building",
        "versiondate": "2025-02-05",
        "geometry_area": 488.745513,
        "height_source": "Ordnance Survey",
        "physicallevel": "Surface Level",
        "oslandusetiera": "Commercial Activity: Industrial Or Manufacturing",
        "oslandusetierb": [],
        "geometry_source": "Ordnance Survey",
        "oslandcovertiera": "Constructed",
        "oslandcovertierb": [
          "Building"
        ],
        "oslanduse_source": "Ordnance Survey",
        "height_updatedate": "2025-01-17",
        "description_source": "Ordnance Survey",
        "oslandcover_source": "Ordnance Survey",
        "associatedstructure": null,
        "geometry_updatedate": "2021-03-10",
        "height_evidencedate": "2024-06-20",
        "capturespecification": "Urban",
        "oslanduse_updatedate": "2021-03-10",
        "absoluteheightmaximum": 26.4,
        "absoluteheightminimum": 16.7,
        "geometry_evidencedate": "2021-03-10",
        "heightconfidencelevel": "Moderate",
        "relativeheightmaximum": 9.7,
        "absoluteheightroofbase": 24.7,
        "description_updatedate": "2021-03-10",
        "oslandcover_updatedate": "2021-03-10",
        "oslanduse_evidencedate": "2021-03-10",
        "relativeheightroofbase": 8,
        "versionavailabletodate": null,
        "firstdigitalcapturedate": "2021-03-10",
        "description_evidencedate": "2021-03-10",
        "oslandcover_evidencedate": "2021-03-10",
        "versionavailablefromdate": "2025-02-06T00:00:00Z"
      }
    },
    {
      "id": "b0f7c945-4e2d-4199-9595-0a3947196443",
      "type": "Feature",
      "geometry": {
        "type": "Polygon",
        "coordinates": [
          [
            [
              -1.4652334,
              50.9388331
            ],
            [
              -1.4653559,
              50.9388522
            ],
            [
              -1.4653739,
              50.9388064
            ],
            [
              -1.4652513,
              50.9387873
            ],
            [
              -1.4652334,
              50.9388331
            ]
          ]
        ]
      },
      "properties": {
        "osid": "b0f7c945-4e2d-4199-9595-0a3947196443",
        "toid": "osgb5000005264686429",
        "theme": "Buildings",
        "changetype": "Modified Attributes",
        "isobscured": false,
        "description": "Building",
        "versiondate": "2025-02-05",
        "geometry_area": 46.566149,
        "height_source": "Ordnance Survey",
        "physicallevel": "Surface Level",
        "oslandusetiera": "Residential Accommodation",
        "oslandusetierb": [
          "Private Residence"
        ],
        "geometry_source": "Ordnance Survey",
        "oslandcovertiera": "Constructed",
        "oslandcovertierb": [
          "Building"
        ],
        "oslanduse_source": "Ordnance Survey",
        "height_updatedate": "2025-01-17",
        "description_source": "Ordnance Survey",
        "oslandcover_source": "Ordnance Survey",
        "associatedstructure": null,
        "geometry_updatedate": "2020-05-21",
        "height_evidencedate": "2024-06-20",
        "capturespecification": "Urban",
        "oslanduse_updatedate": "2020-05-21",
        "absoluteheightmaximum": 30,
        "absoluteheightminimum": 21.9,
        "geometry_evidencedate": "2020-05-21",
        "heightconfidencelevel": "Moderate",
        "relativeheightmaximum": 8.1,
        "absoluteheightroofbase": 27.5,
        "description_updatedate": "2020-05-21",
        "oslandcover_updatedate": "2020-05-21",
        "oslanduse_evidencedate": "2020-05-21",
        "relativeheightroofbase": 5.6,
        "versionavailabletodate": null,
        "firstdigitalcapturedate": "2020-05-21",
        "description_evidencedate": "2020-05-21",
        "oslandcover_evidencedate": "2020-05-21",
        "versionavailablefromdate": "2025-02-06T00:00:00Z"
      }
    },
    {
      "id": "b1026411-5c9e-4199-8ae4-e92c673f5f9b",
      "type": "Feature",
      "geometry": {
        "type": "Polygon",
        "coordinates": [
          [
            [
              -1.4670531,
              50.9378788
            ],
            [
              -1.4670604,
              50.9379066
            ],
            [
              -1.4670609,
              50.9379083
            ],
            [
              -1.4670978,
              50.9379044
            ],
            [
              -1.4670961,
              50.9378981
            ],
            [
              -1.4670899,
              50.9378749
            ],
            [
              -1.4670531,
              50.9378788
            ]
          ]
        ]
      },
      "properties": {
        "osid": "b1026411-5c9e-4199-8ae4-e92c673f5f9b",
        "toid": "osgb5000005257941609",
        "theme": "Buildings",
        "changetype": "Modified Attributes",
        "isobscured": false,
        "description": "Building",
        "versiondate": "2025-02-05",
        "geometry_area": 8.755842,
        "height_source": "Ordnance Survey",
        "physicallevel": "Surface Level",
        "oslandusetiera": "Residential Accommodation",
        "oslandusetierb": [
          "Private Residence"
        ],
        "geometry_source": "Ordnance Survey",
        "oslandcovertiera": "Constructed",
        "oslandcovertierb": [
          "Building"
        ],
        "oslanduse_source": "Ordnance Survey",
        "height_updatedate": "2025-01-17",
        "description_source": "Ordnance Survey",
        "oslandcover_source": "Ordnance Survey",
        "associatedstructure": null,
        "geometry_updatedate": "2019-12-29",
        "height_evidencedate": "2024-06-20",
        "capturespecification": "Urban",
        "oslanduse_updatedate": "2019-12-29",
        "absoluteheightmaximum": 18.3,
        "absoluteheightminimum": 15.5,
        "geometry_evidencedate": "2019-06-28",
        "heightconfidencelevel": "Moderate",
        "relativeheightmaximum": 2.8,
        "absoluteheightroofbase": 17.5,
        "description_updatedate": "2019-12-29",
        "oslandcover_updatedate": "2019-12-29",
        "oslanduse_evidencedate": "2019-06-28",
        "relativeheightroofbase": 2,
        "versionavailabletodate": null,
        "firstdigitalcapturedate": "2019-12-30",
        "description_evidencedate": "2019-06-28",
        "oslandcover_evidencedate": "2019-06-28",
        "versionavailablefromdate": "2025-02-06T00:00:00Z"
      }
    },
    {
      "id": "b167a8fc-7c6e-437a-b84f-7c84c58b367d",
      "type": "Feature",
      "geometry": {
        "type": "Polygon",
        "coordinates": [
          [
            [
              -1.4749403,
              50.9366463
            ],
            [
              -1.4748002,
              50.9366501
            ],
            [
              -1.4738228,
              50.9366772
            ],
            [
              -1.4738447,
              50.9370091
            ],
            [
              -1.4741037,
              50.9370022
            ],
            [
              -1.4741137,
              50.9370019
            ],
            [
              -1.4743333,
              50.9369961
            ],
            [
              -1.474569,
              50.9369897
            ],
            [
              -1.4746431,
              50.9369877
            ],
            [
              -1.4747948,
              50.9369836
            ],
            [
              -1.4747959,
              50.9369836
            ],
            [
              -1.4747965,
              50.9369836
            ],
            [
              -1.4749636,
              50.9369782
            ],
            [
              -1.4749403,
              50.9366463
            ]
          ]
        ]
      },
      "properties": {
        "osid": "b167a8fc-7c6e-437a-b84f-7c84c58b367d",
        "toid": "osgb1000016320271",
        "theme": "Buildings",
        "changetype": "Modified Attributes",
        "isobscured": false,
        "description": "Building",
        "versiondate": "2025-02-05",
        "geometry_area": 2909.800947,
        "height_source": "Ordnance Survey",
        "physicallevel": "Surface Level",
        "oslandusetiera": "Commercial Activity: Industrial Or Manufacturing",
        "oslandusetierb": [],
        "geometry_source": "Ordnance Survey",
        "oslandcovertiera": "Constructed",
        "oslandcovertierb": [
          "Building"
        ],
        "oslanduse_source": "Ordnance Survey",
        "height_updatedate": "2025-01-17",
        "description_source": "Ordnance Survey",
        "oslandcover_source": "Ordnance Survey",
        "associatedstructure": null,
        "geometry_updatedate": "2024-12-04",
        "height_evidencedate": "2024-06-20",
        "capturespecification": "Rural",
        "oslanduse_updatedate": "2010-08-22",
        "absoluteheightmaximum": 24.7,
        "absoluteheightminimum": 9.2,
        "geometry_evidencedate": "2024-06-20",
        "heightconfidencelevel": "Moderate",
        "relativeheightmaximum": 15.5,
        "absoluteheightroofbase": 16.4,
        "description_updatedate": "2010-08-22",
        "oslandcover_updatedate": "2010-08-22",
        "oslanduse_evidencedate": "2010-08-22",
        "relativeheightroofbase": 7.2,
        "versionavailabletodate": null,
        "firstdigitalcapturedate": "1986-09-18",
        "description_evidencedate": "2010-08-22",
        "oslandcover_evidencedate": "2010-08-22",
        "versionavailablefromdate": "2025-02-06T00:00:00Z"
      }
    },
    {
      "id": "b1749999-79a7-4f8e-a213-75ad5386fd9f",
      "type": "Feature",
      "geometry": {
        "type": "Polygon",
        "coordinates": [
          [
            [
              -1.4705799,
              50.9391267
            ],
            [
              -1.4705802,
              50.9391052
            ],
            [
              -1.4704075,
              50.9391045
            ],
            [
              -1.4704073,
              50.939126
            ],
            [
              -1.4705799,
              50.9391267
            ]
          ]
        ]
      },
      "properties": {
        "osid": "b1749999-79a7-4f8e-a213-75ad5386fd9f",
        "toid": "osgb1000002682082966",
        "theme": "Buildings",
        "changetype": "Modified Attributes",
        "isobscured": false,
        "description": "Building",
        "versiondate": "2025-02-05",
        "geometry_area": 28.9907,
        "height_source": "Ordnance Survey",
        "physicallevel": "Surface Level",
        "oslandusetiera": "Government Services",
        "oslandusetierb": [],
        "geometry_source": "Ordnance Survey",
        "oslandcovertiera": "Constructed",
        "oslandcovertierb": [
          "Building"
        ],
        "oslanduse_source": "Ordnance Survey",
        "height_updatedate": "2025-01-17",
        "description_source": "Ordnance Survey",
        "oslandcover_source": "Ordnance Survey",
        "associatedstructure": null,
        "geometry_updatedate": "2010-09-22",
        "height_evidencedate": "2024-06-20",
        "capturespecification": "Urban",
        "oslanduse_updatedate": "2010-09-22",
        "absoluteheightmaximum": 17.2,
        "absoluteheightminimum": 14.2,
        "geometry_evidencedate": "2010-09-22",
        "heightconfidencelevel": "Moderate",
        "relativeheightmaximum": 3,
        "absoluteheightroofbase": 16.7,
        "description_updatedate": "2010-09-22",
        "oslandcover_updatedate": "2010-09-22",
        "oslanduse_evidencedate": "2010-09-22",
        "relativeheightroofbase": 2.5,
        "versionavailabletodate": null,
        "firstdigitalcapturedate": "2010-09-22",
        "description_evidencedate": "2010-09-22",
        "oslandcover_evidencedate": "2010-09-22",
        "versionavailablefromdate": "2025-02-06T00:00:00Z"
      }
    },
    {
      "id": "b19acc56-63e6-4faa-9890-009ca2550b61",
      "type": "Feature",
      "geometry": {
        "type": "Polygon",
        "coordinates": [
          [
            [
              -1.4647619,
              50.9395463
            ],
            [
              -1.4648418,
              50.9395734
            ],
            [
              -1.4648636,
              50.9395478
            ],
            [
              -1.4647838,
              50.9395206
            ],
            [
              -1.4647619,
              50.9395463
            ]
          ]
        ]
      },
      "properties": {
        "osid": "b19acc56-63e6-4faa-9890-009ca2550b61",
        "toid": "osgb5000005232124762",
        "theme": "Buildings",
        "changetype": "Modified Attributes",
        "isobscured": false,
        "description": "Building",
        "versiondate": "2025-02-05",
        "geometry_area": 20.656598,
        "height_source": "Ordnance Survey",
        "physicallevel": "Surface Level",
        "oslandusetiera": "Unknown Or Unused Artificial",
        "oslandusetierb": [],
        "geometry_source": "Ordnance Survey",
        "oslandcovertiera": "Constructed",
        "oslandcovertierb": [
          "Building"
        ],
        "oslanduse_source": "Ordnance Survey",
        "height_updatedate": "2025-01-17",
        "description_source": "Ordnance Survey",
        "oslandcover_source": "Ordnance Survey",
        "associatedstructure": null,
        "geometry_updatedate": "2018-07-09",
        "height_evidencedate": "2024-06-20",
        "capturespecification": "Urban",
        "oslanduse_updatedate": "2018-07-09",
        "absoluteheightmaximum": 27.9,
        "absoluteheightminimum": 23.5,
        "geometry_evidencedate": "2018-07-09",
        "heightconfidencelevel": "Moderate",
        "relativeheightmaximum": 4.4,
        "absoluteheightroofbase": 26.2,
        "description_updatedate": "2018-07-09",
        "oslandcover_updatedate": "2018-07-09",
        "oslanduse_evidencedate": "2018-07-09",
        "relativeheightroofbase": 2.7,
        "versionavailabletodate": null,
        "firstdigitalcapturedate": "2018-07-10",
        "description_evidencedate": "2018-07-09",
        "oslandcover_evidencedate": "2018-07-09",
        "versionavailablefromdate": "2025-02-06T00:00:00Z"
      }
    },
    {
      "id": "b1a4e4f7-5207-4380-b8a2-b03538a730bc",
      "type": "Feature",
      "geometry": {
        "type": "Polygon",
        "coordinates": [
          [
            [
              -1.4661989,
              50.9390987
            ],
            [
              -1.4661685,
              50.9391116
            ],
            [
              -1.4662166,
              50.9391568
            ],
            [
              -1.466223,
              50.9391541
            ],
            [
              -1.4662568,
              50.9391398
            ],
            [
              -1.4662087,
              50.9390946
            ],
            [
              -1.4661989,
              50.9390987
            ]
          ]
        ]
      },
      "properties": {
        "osid": "b1a4e4f7-5207-4380-b8a2-b03538a730bc",
        "toid": "osgb5000005242102832",
        "theme": "Buildings",
        "changetype": "Modified Attributes",
        "isobscured": false,
        "description": "Building",
        "versiondate": "2025-02-05",
        "geometry_area": 20.58645,
        "height_source": "Ordnance Survey",
        "physicallevel": "Surface Level",
        "oslandusetiera": "Residential Accommodation",
        "oslandusetierb": [
          "Private Residence"
        ],
        "geometry_source": "Ordnance Survey",
        "oslandcovertiera": "Constructed",
        "oslandcovertierb": [
          "Building"
        ],
        "oslanduse_source": "Ordnance Survey",
        "height_updatedate": "2025-01-17",
        "description_source": "Ordnance Survey",
        "oslandcover_source": "Ordnance Survey",
        "associatedstructure": null,
        "geometry_updatedate": "2019-02-05",
        "height_evidencedate": "2024-06-20",
        "capturespecification": "Urban",
        "oslanduse_updatedate": "2019-02-05",
        "absoluteheightmaximum": 24.5,
        "absoluteheightminimum": 21.1,
        "geometry_evidencedate": "2019-02-05",
        "heightconfidencelevel": "Moderate",
        "relativeheightmaximum": 3.4,
        "absoluteheightroofbase": 23.4,
        "description_updatedate": "2019-02-05",
        "oslandcover_updatedate": "2019-02-05",
        "oslanduse_evidencedate": "2019-02-05",
        "relativeheightroofbase": 2.3,
        "versionavailabletodate": null,
        "firstdigitalcapturedate": "2019-02-05",
        "description_evidencedate": "2019-02-05",
        "oslandcover_evidencedate": "2019-02-05",
        "versionavailablefromdate": "2025-02-06T00:00:00Z"
      }
    },
    {
      "id": "b2722887-94de-4735-91a2-5dbd99a800a1",
      "type": "Feature",
      "geometry": {
        "type": "Polygon",
        "coordinates": [
          [
            [
              -1.4646618,
              50.9399729
            ],
            [
              -1.464722,
              50.9399912
            ],
            [
              -1.4647725,
              50.9399247
            ],
            [
              -1.4647123,
              50.9399065
            ],
            [
              -1.4646618,
              50.9399729
            ]
          ]
        ]
      },
      "properties": {
        "osid": "b2722887-94de-4735-91a2-5dbd99a800a1",
        "toid": "osgb5000005227734244",
        "theme": "Buildings",
        "changetype": "Modified Attributes",
        "isobscured": false,
        "description": "Building",
        "versiondate": "2025-02-05",
        "geometry_area": 38.486338,
        "height_source": "Ordnance Survey",
        "physicallevel": "Surface Level",
        "oslandusetiera": "Residential Accommodation",
        "oslandusetierb": [
          "Private Residence"
        ],
        "geometry_source": "Ordnance Survey",
        "oslandcovertiera": "Constructed",
        "oslandcovertierb": [
          "Building"
        ],
        "oslanduse_source": "Ordnance Survey",
        "height_updatedate": "2025-01-17",
        "description_source": "Ordnance Survey",
        "oslandcover_source": "Ordnance Survey",
        "associatedstructure": null,
        "geometry_updatedate": "2018-04-30",
        "height_evidencedate": "2024-06-20",
        "capturespecification": "Urban",
        "oslanduse_updatedate": "2018-04-30",
        "absoluteheightmaximum": 32.2,
        "absoluteheightminimum": 24.2,
        "geometry_evidencedate": "2018-04-30",
        "heightconfidencelevel": "Moderate",
        "relativeheightmaximum": 8,
        "absoluteheightroofbase": 31.2,
        "description_updatedate": "2018-04-30",
        "oslandcover_updatedate": "2018-04-30",
        "oslanduse_evidencedate": "2018-04-30",
        "relativeheightroofbase": 7,
        "versionavailabletodate": null,
        "firstdigitalcapturedate": "2018-04-30",
        "description_evidencedate": "2018-04-30",
        "oslandcover_evidencedate": "2018-04-30",
        "versionavailablefromdate": "2025-02-06T00:00:00Z"
      }
    },
    {
      "id": "b29d47e4-01af-4f99-bb96-fa15cd2568c8",
      "type": "Feature",
      "geometry": {
        "type": "Polygon",
        "coordinates": [
          [
            [
              -1.4655119,
              50.9385581
            ],
            [
              -1.465547,
              50.9385023
            ],
            [
              -1.4654282,
              50.9384725
            ],
            [
              -1.4654148,
              50.9384938
            ],
            [
              -1.4654072,
              50.9384919
            ],
            [
              -1.4653856,
              50.9385265
            ],
            [
              -1.4655119,
              50.9385581
            ]
          ]
        ]
      },
      "properties": {
        "osid": "b29d47e4-01af-4f99-bb96-fa15cd2568c8",
        "toid": "osgb5000005264686422",
        "theme": "Buildings",
        "changetype": "Modified Attributes",
        "isobscured": false,
        "description": "Building",
        "versiondate": "2025-02-05",
        "geometry_area": 62.343377,
        "height_source": "Ordnance Survey",
        "physicallevel": "Surface Level",
        "oslandusetiera": "Residential Accommodation",
        "oslandusetierb": [
          "Private Residence"
        ],
        "geometry_source": "Ordnance Survey",
        "oslandcovertiera": "Constructed",
        "oslandcovertierb": [
          "Building"
        ],
        "oslanduse_source": "Ordnance Survey",
        "height_updatedate": "2025-01-17",
        "description_source": "Ordnance Survey",
        "oslandcover_source": "Ordnance Survey",
        "associatedstructure": null,
        "geometry_updatedate": "2020-05-21",
        "height_evidencedate": "2024-06-20",
        "capturespecification": "Urban",
        "oslanduse_updatedate": "2020-05-21",
        "absoluteheightmaximum": 30,
        "absoluteheightminimum": 21.1,
        "geometry_evidencedate": "2020-05-21",
        "heightconfidencelevel": "Moderate",
        "relativeheightmaximum": 8.9,
        "absoluteheightroofbase": 26.9,
        "description_updatedate": "2020-05-21",
        "oslandcover_updatedate": "2020-05-21",
        "oslanduse_evidencedate": "2020-05-21",
        "relativeheightroofbase": 5.8,
        "versionavailabletodate": null,
        "firstdigitalcapturedate": "2020-05-21",
        "description_evidencedate": "2020-05-21",
        "oslandcover_evidencedate": "2020-05-21",
        "versionavailablefromdate": "2025-02-06T00:00:00Z"
      }
    },
    {
      "id": "b2b8cf28-812a-4813-9f98-b062a7587553",
      "type": "Feature",
      "geometry": {
        "type": "Polygon",
        "coordinates": [
          [
            [
              -1.463672,
              50.9406619
            ],
            [
              -1.4636022,
              50.9406299
            ],
            [
              -1.46353,
              50.9406928
            ],
            [
              -1.4635999,
              50.9407248
            ],
            [
              -1.463672,
              50.9406619
            ]
          ]
        ]
      },
      "properties": {
        "osid": "b2b8cf28-812a-4813-9f98-b062a7587553",
        "toid": "osgb5000005198749612",
        "theme": "Buildings",
        "changetype": "Modified Attributes",
        "isobscured": false,
        "description": "Building",
        "versiondate": "2025-02-05",
        "geometry_area": 52.364182,
        "height_source": "Ordnance Survey",
        "physicallevel": "Surface Level",
        "oslandusetiera": "Residential Accommodation",
        "oslandusetierb": [
          "Private Residence"
        ],
        "geometry_source": "Ordnance Survey",
        "oslandcovertiera": "Constructed",
        "oslandcovertierb": [
          "Building"
        ],
        "oslanduse_source": "Ordnance Survey",
        "height_updatedate": "2025-01-17",
        "description_source": "Ordnance Survey",
        "oslandcover_source": "Ordnance Survey",
        "associatedstructure": null,
        "geometry_updatedate": "2017-02-07",
        "height_evidencedate": "2024-06-20",
        "capturespecification": "Urban",
        "oslanduse_updatedate": "2017-02-07",
        "absoluteheightmaximum": 32.5,
        "absoluteheightminimum": 24.2,
        "geometry_evidencedate": "2017-02-07",
        "heightconfidencelevel": "Moderate",
        "relativeheightmaximum": 8.3,
        "absoluteheightroofbase": 29.7,
        "description_updatedate": "2017-02-07",
        "oslandcover_updatedate": "2017-02-07",
        "oslanduse_evidencedate": "2017-02-07",
        "relativeheightroofbase": 5.5,
        "versionavailabletodate": null,
        "firstdigitalcapturedate": "2017-02-07",
        "description_evidencedate": "2017-02-07",
        "oslandcover_evidencedate": "2017-02-07",
        "versionavailablefromdate": "2025-02-06T00:00:00Z"
      }
    },
    {
      "id": "b37b5d6c-5ae3-485e-9ace-fb528169764c",
      "type": "Feature",
      "geometry": {
        "type": "Polygon",
        "coordinates": [
          [
            [
              -1.4678013,
              50.9376211
            ],
            [
              -1.4678261,
              50.937692
            ],
            [
              -1.4678981,
              50.9376803
            ],
            [
              -1.4678722,
              50.9376056
            ],
            [
              -1.4678013,
              50.9376211
            ]
          ]
        ]
      },
      "properties": {
        "osid": "b37b5d6c-5ae3-485e-9ace-fb528169764c",
        "toid": "osgb1000016343206",
        "theme": "Buildings",
        "changetype": "Modified Attributes",
        "isobscured": false,
        "description": "Building",
        "versiondate": "2025-02-05",
        "geometry_area": 43.3328,
        "height_source": "Ordnance Survey",
        "physicallevel": "Surface Level",
        "oslandusetiera": "Residential Accommodation",
        "oslandusetierb": [
          "Private Residence"
        ],
        "geometry_source": "Ordnance Survey",
        "oslandcovertiera": "Constructed",
        "oslandcovertierb": [
          "Building"
        ],
        "oslanduse_source": "Ordnance Survey",
        "height_updatedate": "2025-01-17",
        "description_source": "Ordnance Survey",
        "oslandcover_source": "Ordnance Survey",
        "associatedstructure": null,
        "geometry_updatedate": "2004-02-10",
        "height_evidencedate": "2024-06-20",
        "capturespecification": "Urban",
        "oslanduse_updatedate": "2004-02-10",
        "absoluteheightmaximum": 19.9,
        "absoluteheightminimum": 13.2,
        "geometry_evidencedate": "2004-02-10",
        "heightconfidencelevel": "Moderate",
        "relativeheightmaximum": 6.7,
        "absoluteheightroofbase": 18.6,
        "description_updatedate": "2004-02-10",
        "oslandcover_updatedate": "2004-02-10",
        "oslanduse_evidencedate": "2004-02-10",
        "relativeheightroofbase": 5.4,
        "versionavailabletodate": null,
        "firstdigitalcapturedate": "1991-09-01",
        "description_evidencedate": "2004-02-10",
        "oslandcover_evidencedate": "2004-02-10",
        "versionavailablefromdate": "2025-02-06T00:00:00Z"
      }
    },
    {
      "id": "b3b2fdcf-bace-4ad2-bc4e-1a4ce0feed26",
      "type": "Feature",
      "geometry": {
        "type": "Polygon",
        "coordinates": [
          [
            [
              -1.4653307,
              50.9386526
            ],
            [
              -1.465447,
              50.938676
            ],
            [
              -1.46547,
              50.9386302
            ],
            [
              -1.4653538,
              50.9386068
            ],
            [
              -1.4653307,
              50.9386526
            ]
          ]
        ]
      },
      "properties": {
        "osid": "b3b2fdcf-bace-4ad2-bc4e-1a4ce0feed26",
        "toid": "osgb5000005264686412",
        "theme": "Buildings",
        "changetype": "Modified Attributes",
        "isobscured": false,
        "description": "Building",
        "versiondate": "2025-02-05",
        "geometry_area": 45.825361,
        "height_source": "Ordnance Survey",
        "physicallevel": "Surface Level",
        "oslandusetiera": "Residential Accommodation",
        "oslandusetierb": [
          "Private Residence"
        ],
        "geometry_source": "Ordnance Survey",
        "oslandcovertiera": "Constructed",
        "oslandcovertierb": [
          "Building"
        ],
        "oslanduse_source": "Ordnance Survey",
        "height_updatedate": "2025-01-17",
        "description_source": "Ordnance Survey",
        "oslandcover_source": "Ordnance Survey",
        "associatedstructure": null,
        "geometry_updatedate": "2020-05-21",
        "height_evidencedate": "2024-06-20",
        "capturespecification": "Urban",
        "oslanduse_updatedate": "2020-05-21",
        "absoluteheightmaximum": 29.5,
        "absoluteheightminimum": 21.3,
        "geometry_evidencedate": "2020-05-21",
        "heightconfidencelevel": "Moderate",
        "relativeheightmaximum": 8.2,
        "absoluteheightroofbase": 24.8,
        "description_updatedate": "2020-05-21",
        "oslandcover_updatedate": "2020-05-21",
        "oslanduse_evidencedate": "2020-05-21",
        "relativeheightroofbase": 3.5,
        "versionavailabletodate": null,
        "firstdigitalcapturedate": "2020-05-21",
        "description_evidencedate": "2020-05-21",
        "oslandcover_evidencedate": "2020-05-21",
        "versionavailablefromdate": "2025-02-06T00:00:00Z"
      }
    },
    {
      "id": "b454feac-08b6-4759-b9d8-8eb10a629034",
      "type": "Feature",
      "geometry": {
        "type": "Polygon",
        "coordinates": [
          [
            [
              -1.4666201,
              50.9365126
            ],
            [
              -1.4666195,
              50.9365652
            ],
            [
              -1.4666608,
              50.9365654
            ],
            [
              -1.4666614,
              50.9365128
            ],
            [
              -1.4666201,
              50.9365126
            ]
          ]
        ]
      },
      "properties": {
        "osid": "b454feac-08b6-4759-b9d8-8eb10a629034",
        "toid": "osgb1000016342807",
        "theme": "Buildings",
        "changetype": "Modified Attributes",
        "isobscured": false,
        "description": "Building",
        "versiondate": "2025-02-05",
        "geometry_area": 16.965,
        "height_source": "Ordnance Survey",
        "physicallevel": "Surface Level",
        "oslandusetiera": "Unknown Or Unused Artificial",
        "oslandusetierb": [],
        "geometry_source": "Ordnance Survey",
        "oslandcovertiera": "Constructed",
        "oslandcovertierb": [
          "Building"
        ],
        "oslanduse_source": "Ordnance Survey",
        "height_updatedate": "2025-01-17",
        "description_source": "Ordnance Survey",
        "oslandcover_source": "Ordnance Survey",
        "associatedstructure": null,
        "geometry_updatedate": "2004-04-13",
        "height_evidencedate": "2024-06-20",
        "capturespecification": "Urban",
        "oslanduse_updatedate": "2004-04-13",
        "absoluteheightmaximum": null,
        "absoluteheightminimum": 13.1,
        "geometry_evidencedate": "2004-04-13",
        "heightconfidencelevel": "Incomplete",
        "relativeheightmaximum": null,
        "absoluteheightroofbase": null,
        "description_updatedate": "2004-04-13",
        "oslandcover_updatedate": "2004-04-13",
        "oslanduse_evidencedate": "2004-04-13",
        "relativeheightroofbase": null,
        "versionavailabletodate": null,
        "firstdigitalcapturedate": "1988-05-16",
        "description_evidencedate": "2004-04-13",
        "oslandcover_evidencedate": "2004-04-13",
        "versionavailablefromdate": "2025-02-06T00:00:00Z"
      }
    },
    {
      "id": "b4a1f5f1-ef3b-4c88-a7f8-8f825a91d153",
      "type": "Feature",
      "geometry": {
        "type": "Polygon",
        "coordinates": [
          [
            [
              -1.4664379,
              50.9379574
            ],
            [
              -1.4663523,
              50.9379673
            ],
            [
              -1.4663598,
              50.9379929
            ],
            [
              -1.4664453,
              50.937983
            ],
            [
              -1.4664379,
              50.9379574
            ]
          ]
        ]
      },
      "properties": {
        "osid": "b4a1f5f1-ef3b-4c88-a7f8-8f825a91d153",
        "toid": "osgb5000005295453093",
        "theme": "Buildings",
        "changetype": "Modified Attributes",
        "isobscured": false,
        "description": "Building",
        "versiondate": "2025-02-05",
        "geometry_area": 17.686383,
        "height_source": "Ordnance Survey",
        "physicallevel": "Surface Level",
        "oslandusetiera": "Residential Accommodation",
        "oslandusetierb": [
          "Private Residence"
        ],
        "geometry_source": "Ordnance Survey",
        "oslandcovertiera": "Constructed",
        "oslandcovertierb": [
          "Building"
        ],
        "oslanduse_source": "Ordnance Survey",
        "height_updatedate": "2025-01-17",
        "description_source": "Ordnance Survey",
        "oslandcover_source": "Ordnance Survey",
        "associatedstructure": null,
        "geometry_updatedate": "2022-05-06",
        "height_evidencedate": "2024-06-20",
        "capturespecification": "Urban",
        "oslanduse_updatedate": "2022-05-06",
        "absoluteheightmaximum": 21,
        "absoluteheightminimum": 18.2,
        "geometry_evidencedate": "2021-04-17",
        "heightconfidencelevel": "Moderate",
        "relativeheightmaximum": 2.8,
        "absoluteheightroofbase": 20.5,
        "description_updatedate": "2022-05-06",
        "oslandcover_updatedate": "2022-05-06",
        "oslanduse_evidencedate": "2021-04-17",
        "relativeheightroofbase": 2.3,
        "versionavailabletodate": null,
        "firstdigitalcapturedate": "2022-05-06",
        "description_evidencedate": "2021-04-17",
        "oslandcover_evidencedate": "2021-04-17",
        "versionavailablefromdate": "2025-02-06T00:00:00Z"
      }
    },
    {
      "id": "b4e483f5-f0d2-4aac-a5cc-f2187b8fab3a",
      "type": "Feature",
      "geometry": {
        "type": "Polygon",
        "coordinates": [
          [
            [
              -1.4656059,
              50.9390379
            ],
            [
              -1.4657198,
              50.9390721
            ],
            [
              -1.4657516,
              50.9390298
            ],
            [
              -1.4656378,
              50.9389956
            ],
            [
              -1.4656059,
              50.9390379
            ]
          ]
        ]
      },
      "properties": {
        "osid": "b4e483f5-f0d2-4aac-a5cc-f2187b8fab3a",
        "toid": "osgb5000005242102826",
        "theme": "Buildings",
        "changetype": "Modified Attributes",
        "isobscured": false,
        "description": "Building",
        "versiondate": "2025-02-05",
        "geometry_area": 46.144587,
        "height_source": "Ordnance Survey",
        "physicallevel": "Surface Level",
        "oslandusetiera": "Residential Accommodation",
        "oslandusetierb": [
          "Private Residence"
        ],
        "geometry_source": "Ordnance Survey",
        "oslandcovertiera": "Constructed",
        "oslandcovertierb": [
          "Building"
        ],
        "oslanduse_source": "Ordnance Survey",
        "height_updatedate": "2025-01-17",
        "description_source": "Ordnance Survey",
        "oslandcover_source": "Ordnance Survey",
        "associatedstructure": null,
        "geometry_updatedate": "2019-02-05",
        "height_evidencedate": "2024-06-20",
        "capturespecification": "Urban",
        "oslanduse_updatedate": "2019-02-05",
        "absoluteheightmaximum": 29.8,
        "absoluteheightminimum": 22,
        "geometry_evidencedate": "2019-02-05",
        "heightconfidencelevel": "Moderate",
        "relativeheightmaximum": 7.8,
        "absoluteheightroofbase": 27.3,
        "description_updatedate": "2019-02-05",
        "oslandcover_updatedate": "2019-02-05",
        "oslanduse_evidencedate": "2019-02-05",
        "relativeheightroofbase": 5.3,
        "versionavailabletodate": null,
        "firstdigitalcapturedate": "2019-02-05",
        "description_evidencedate": "2019-02-05",
        "oslandcover_evidencedate": "2019-02-05",
        "versionavailablefromdate": "2025-02-06T00:00:00Z"
      }
    },
    {
      "id": "b6683e0f-283d-4249-81a2-d8011f6f40b9",
      "type": "Feature",
      "geometry": {
        "type": "Polygon",
        "coordinates": [
          [
            [
              -1.4685093,
              50.9375544
            ],
            [
              -1.4685732,
              50.937578
            ],
            [
              -1.4685921,
              50.9375584
            ],
            [
              -1.4685287,
              50.9375339
            ],
            [
              -1.4685093,
              50.9375544
            ]
          ]
        ]
      },
      "properties": {
        "osid": "b6683e0f-283d-4249-81a2-d8011f6f40b9",
        "toid": "osgb1000016343228",
        "theme": "Buildings",
        "changetype": "Modified Attributes",
        "isobscured": false,
        "description": "Building",
        "versiondate": "2025-02-05",
        "geometry_area": 13.5821,
        "height_source": "Ordnance Survey",
        "physicallevel": "Surface Level",
        "oslandusetiera": "Unknown Or Unused Artificial",
        "oslandusetierb": [],
        "geometry_source": "Ordnance Survey",
        "oslandcovertiera": "Constructed",
        "oslandcovertierb": [
          "Building"
        ],
        "oslanduse_source": "Ordnance Survey",
        "height_updatedate": "2025-01-17",
        "description_source": "Ordnance Survey",
        "oslandcover_source": "Ordnance Survey",
        "associatedstructure": null,
        "geometry_updatedate": "2004-02-10",
        "height_evidencedate": "2024-06-20",
        "capturespecification": "Urban",
        "oslanduse_updatedate": "2004-02-10",
        "absoluteheightmaximum": null,
        "absoluteheightminimum": 12.2,
        "geometry_evidencedate": "2004-02-10",
        "heightconfidencelevel": "Incomplete",
        "relativeheightmaximum": null,
        "absoluteheightroofbase": null,
        "description_updatedate": "2004-02-10",
        "oslandcover_updatedate": "2004-02-10",
        "oslanduse_evidencedate": "2004-02-10",
        "relativeheightroofbase": null,
        "versionavailabletodate": null,
        "firstdigitalcapturedate": "1988-07-28",
        "description_evidencedate": "2004-02-10",
        "oslandcover_evidencedate": "2004-02-10",
        "versionavailablefromdate": "2025-02-06T00:00:00Z"
      }
    },
    {
      "id": "b6a1b305-a8ef-4cff-b0d6-030443f9955b",
      "type": "Feature",
      "geometry": {
        "type": "Polygon",
        "coordinates": [
          [
            [
              -1.4648901,
              50.9393413
            ],
            [
              -1.4649121,
              50.9393489
            ],
            [
              -1.4649325,
              50.939356
            ],
            [
              -1.4649751,
              50.9393068
            ],
            [
              -1.4649327,
              50.9392921
            ],
            [
              -1.4648901,
              50.9393413
            ]
          ]
        ]
      },
      "properties": {
        "osid": "b6a1b305-a8ef-4cff-b0d6-030443f9955b",
        "toid": "osgb5000005239289068",
        "theme": "Buildings",
        "changetype": "Modified Attributes",
        "isobscured": false,
        "description": "Building",
        "versiondate": "2025-02-05",
        "geometry_area": 21.180928,
        "height_source": "Ordnance Survey",
        "physicallevel": "Surface Level",
        "oslandusetiera": "Residential Accommodation",
        "oslandusetierb": [
          "Private Residence"
        ],
        "geometry_source": "Ordnance Survey",
        "oslandcovertiera": "Constructed",
        "oslandcovertierb": [
          "Building"
        ],
        "oslanduse_source": "Ordnance Survey",
        "height_updatedate": "2025-01-17",
        "description_source": "Ordnance Survey",
        "oslandcover_source": "Ordnance Survey",
        "associatedstructure": null,
        "geometry_updatedate": "2018-11-23",
        "height_evidencedate": "2024-06-20",
        "capturespecification": "Urban",
        "oslanduse_updatedate": "2018-11-26",
        "absoluteheightmaximum": null,
        "absoluteheightminimum": 23.1,
        "geometry_evidencedate": "2018-11-23",
        "heightconfidencelevel": "Incomplete",
        "relativeheightmaximum": null,
        "absoluteheightroofbase": null,
        "description_updatedate": "2018-11-26",
        "oslandcover_updatedate": "2018-11-26",
        "oslanduse_evidencedate": "2018-11-26",
        "relativeheightroofbase": null,
        "versionavailabletodate": null,
        "firstdigitalcapturedate": "2018-11-26",
        "description_evidencedate": "2018-11-26",
        "oslandcover_evidencedate": "2018-11-26",
        "versionavailablefromdate": "2025-02-06T00:00:00Z"
      }
    },
    {
      "id": "b71abd70-5bd1-488a-8e68-7ea160ca0fbd",
      "type": "Feature",
      "geometry": {
        "type": "Polygon",
        "coordinates": [
          [
            [
              -1.4646963,
              50.9405867
            ],
            [
              -1.4646124,
              50.9405555
            ],
            [
              -1.4645429,
              50.9406302
            ],
            [
              -1.4645871,
              50.9406466
            ],
            [
              -1.4645952,
              50.9406379
            ],
            [
              -1.4646349,
              50.9406527
            ],
            [
              -1.4646963,
              50.9405867
            ]
          ]
        ]
      },
      "properties": {
        "osid": "b71abd70-5bd1-488a-8e68-7ea160ca0fbd",
        "toid": "osgb5000005204350790",
        "theme": "Buildings",
        "changetype": "Modified Attributes",
        "isobscured": false,
        "description": "Building",
        "versiondate": "2025-02-05",
        "geometry_area": 62.279716,
        "height_source": "Ordnance Survey",
        "physicallevel": "Surface Level",
        "oslandusetiera": "Residential Accommodation",
        "oslandusetierb": [
          "Private Residence"
        ],
        "geometry_source": "Ordnance Survey",
        "oslandcovertiera": "Constructed",
        "oslandcovertierb": [
          "Building"
        ],
        "oslanduse_source": "Ordnance Survey",
        "height_updatedate": "2025-01-17",
        "description_source": "Ordnance Survey",
        "oslandcover_source": "Ordnance Survey",
        "associatedstructure": null,
        "geometry_updatedate": "2017-05-11",
        "height_evidencedate": "2024-06-20",
        "capturespecification": "Urban",
        "oslanduse_updatedate": "2017-05-11",
        "absoluteheightmaximum": 32.7,
        "absoluteheightminimum": 23.3,
        "geometry_evidencedate": "2017-05-11",
        "heightconfidencelevel": "Moderate",
        "relativeheightmaximum": 9.4,
        "absoluteheightroofbase": 28.9,
        "description_updatedate": "2017-05-11",
        "oslandcover_updatedate": "2017-05-11",
        "oslanduse_evidencedate": "2017-05-11",
        "relativeheightroofbase": 5.6,
        "versionavailabletodate": null,
        "firstdigitalcapturedate": "2017-05-12",
        "description_evidencedate": "2017-05-11",
        "oslandcover_evidencedate": "2017-05-11",
        "versionavailablefromdate": "2025-02-06T00:00:00Z"
      }
    },
    {
      "id": "b7206555-699b-4987-9339-22ef87d259fa",
      "type": "Feature",
      "geometry": {
        "type": "Polygon",
        "coordinates": [
          [
            [
              -1.467428,
              50.937099
            ],
            [
              -1.4674639,
              50.9371078
            ],
            [
              -1.4674871,
              50.9370699
            ],
            [
              -1.4674512,
              50.9370611
            ],
            [
              -1.467428,
              50.937099
            ]
          ]
        ]
      },
      "properties": {
        "osid": "b7206555-699b-4987-9339-22ef87d259fa",
        "toid": "osgb5000005257941623",
        "theme": "Buildings",
        "changetype": "Modified Attributes",
        "isobscured": false,
        "description": "Building",
        "versiondate": "2025-02-05",
        "geometry_area": 12.227666,
        "height_source": "Ordnance Survey",
        "physicallevel": "Surface Level",
        "oslandusetiera": "Residential Accommodation",
        "oslandusetierb": [
          "Private Residence"
        ],
        "geometry_source": "Ordnance Survey",
        "oslandcovertiera": "Constructed",
        "oslandcovertierb": [
          "Building"
        ],
        "oslanduse_source": "Ordnance Survey",
        "height_updatedate": "2025-01-17",
        "description_source": "Ordnance Survey",
        "oslandcover_source": "Ordnance Survey",
        "associatedstructure": null,
        "geometry_updatedate": "2019-12-29",
        "height_evidencedate": "2024-06-20",
        "capturespecification": "Urban",
        "oslanduse_updatedate": "2019-12-29",
        "absoluteheightmaximum": null,
        "absoluteheightminimum": 13.3,
        "geometry_evidencedate": "2019-06-28",
        "heightconfidencelevel": "Incomplete",
        "relativeheightmaximum": null,
        "absoluteheightroofbase": null,
        "description_updatedate": "2019-12-29",
        "oslandcover_updatedate": "2019-12-29",
        "oslanduse_evidencedate": "2019-06-28",
        "relativeheightroofbase": null,
        "versionavailabletodate": null,
        "firstdigitalcapturedate": "2019-12-30",
        "description_evidencedate": "2019-06-28",
        "oslandcover_evidencedate": "2019-06-28",
        "versionavailablefromdate": "2025-02-06T00:00:00Z"
      }
    },
    {
      "id": "b7279d13-ef7b-4f25-8753-9392c4a37963",
      "type": "Feature",
      "geometry": {
        "type": "Polygon",
        "coordinates": [
          [
            [
              -1.464722,
              50.9399912
            ],
            [
              -1.4647822,
              50.9400095
            ],
            [
              -1.4648328,
              50.939943
            ],
            [
              -1.4647725,
              50.9399247
            ],
            [
              -1.464722,
              50.9399912
            ]
          ]
        ]
      },
      "properties": {
        "osid": "b7279d13-ef7b-4f25-8753-9392c4a37963",
        "toid": "osgb5000005227734184",
        "theme": "Buildings",
        "changetype": "Modified Attributes",
        "isobscured": false,
        "description": "Building",
        "versiondate": "2025-02-05",
        "geometry_area": 38.49725,
        "height_source": "Ordnance Survey",
        "physicallevel": "Surface Level",
        "oslandusetiera": "Residential Accommodation",
        "oslandusetierb": [
          "Private Residence"
        ],
        "geometry_source": "Ordnance Survey",
        "oslandcovertiera": "Constructed",
        "oslandcovertierb": [
          "Building"
        ],
        "oslanduse_source": "Ordnance Survey",
        "height_updatedate": "2025-01-17",
        "description_source": "Ordnance Survey",
        "oslandcover_source": "Ordnance Survey",
        "associatedstructure": null,
        "geometry_updatedate": "2018-04-30",
        "height_evidencedate": "2024-06-20",
        "capturespecification": "Urban",
        "oslanduse_updatedate": "2018-04-30",
        "absoluteheightmaximum": 32.3,
        "absoluteheightminimum": 24.1,
        "geometry_evidencedate": "2018-04-30",
        "heightconfidencelevel": "Moderate",
        "relativeheightmaximum": 8.2,
        "absoluteheightroofbase": 30.5,
        "description_updatedate": "2018-04-30",
        "oslandcover_updatedate": "2018-04-30",
        "oslanduse_evidencedate": "2018-04-30",
        "relativeheightroofbase": 6.4,
        "versionavailabletodate": null,
        "firstdigitalcapturedate": "2018-04-30",
        "description_evidencedate": "2018-04-30",
        "oslandcover_evidencedate": "2018-04-30",
        "versionavailablefromdate": "2025-02-06T00:00:00Z"
      }
    },
    {
      "id": "b739e735-2c1a-43ba-80e1-f6ec8e607e27",
      "type": "Feature",
      "geometry": {
        "type": "Polygon",
        "coordinates": [
          [
            [
              -1.4702784,
              50.939726
            ],
            [
              -1.470338,
              50.9397261
            ],
            [
              -1.4703375,
              50.939704
            ],
            [
              -1.4702787,
              50.9397037
            ],
            [
              -1.4702784,
              50.939726
            ]
          ]
        ]
      },
      "properties": {
        "osid": "b739e735-2c1a-43ba-80e1-f6ec8e607e27",
        "toid": "osgb5000005274099651",
        "theme": "Buildings",
        "changetype": "Modified Attributes",
        "isobscured": false,
        "description": "Building",
        "versiondate": "2025-02-05",
        "geometry_area": 10.256554,
        "height_source": "Ordnance Survey",
        "physicallevel": "Surface Level",
        "oslandusetiera": "Commercial Activity: Industrial Or Manufacturing",
        "oslandusetierb": [],
        "geometry_source": "Ordnance Survey",
        "oslandcovertiera": "Constructed",
        "oslandcovertierb": [
          "Building"
        ],
        "oslanduse_source": "Ordnance Survey",
        "height_updatedate": "2025-01-17",
        "description_source": "Ordnance Survey",
        "oslandcover_source": "Ordnance Survey",
        "associatedstructure": null,
        "geometry_updatedate": "2020-12-15",
        "height_evidencedate": "2024-06-20",
        "capturespecification": "Urban",
        "oslanduse_updatedate": "2020-12-15",
        "absoluteheightmaximum": null,
        "absoluteheightminimum": 14.5,
        "geometry_evidencedate": "2020-09-20",
        "heightconfidencelevel": "Incomplete",
        "relativeheightmaximum": null,
        "absoluteheightroofbase": null,
        "description_updatedate": "2020-12-15",
        "oslandcover_updatedate": "2020-12-15",
        "oslanduse_evidencedate": "2020-09-20",
        "relativeheightroofbase": null,
        "versionavailabletodate": null,
        "firstdigitalcapturedate": "2020-12-15",
        "description_evidencedate": "2020-09-20",
        "oslandcover_evidencedate": "2020-09-20",
        "versionavailablefromdate": "2025-02-06T00:00:00Z"
      }
    },
    {
      "id": "b763cf3e-b12f-4519-8b2b-7a544228ff62",
      "type": "Feature",
      "geometry": {
        "type": "Polygon",
        "coordinates": [
          [
            [
              -1.4648631,
              50.9392494
            ],
            [
              -1.4649458,
              50.9392778
            ],
            [
              -1.4650115,
              50.9392015
            ],
            [
              -1.4649287,
              50.9391731
            ],
            [
              -1.4648631,
              50.9392494
            ]
          ]
        ]
      },
      "properties": {
        "osid": "b763cf3e-b12f-4519-8b2b-7a544228ff62",
        "toid": "osgb5000005236335826",
        "theme": "Buildings",
        "changetype": "Modified Attributes",
        "isobscured": false,
        "description": "Building",
        "versiondate": "2025-02-05",
        "geometry_area": 63.920501,
        "height_source": "Ordnance Survey",
        "physicallevel": "Surface Level",
        "oslandusetiera": "Residential Accommodation",
        "oslandusetierb": [
          "Private Residence"
        ],
        "geometry_source": "Ordnance Survey",
        "oslandcovertiera": "Constructed",
        "oslandcovertierb": [
          "Building"
        ],
        "oslanduse_source": "Ordnance Survey",
        "height_updatedate": "2025-01-17",
        "description_source": "Ordnance Survey",
        "oslandcover_source": "Ordnance Survey",
        "associatedstructure": null,
        "geometry_updatedate": "2018-09-17",
        "height_evidencedate": "2024-06-20",
        "capturespecification": "Urban",
        "oslanduse_updatedate": "2018-09-17",
        "absoluteheightmaximum": 31.4,
        "absoluteheightminimum": 22.9,
        "geometry_evidencedate": "2018-09-17",
        "heightconfidencelevel": "Moderate",
        "relativeheightmaximum": 8.5,
        "absoluteheightroofbase": 28.4,
        "description_updatedate": "2018-09-17",
        "oslandcover_updatedate": "2018-09-17",
        "oslanduse_evidencedate": "2018-09-17",
        "relativeheightroofbase": 5.5,
        "versionavailabletodate": null,
        "firstdigitalcapturedate": "2018-09-17",
        "description_evidencedate": "2018-09-17",
        "oslandcover_evidencedate": "2018-09-17",
        "versionavailablefromdate": "2025-02-06T00:00:00Z"
      }
    },
    {
      "id": "b78672e4-dcb7-43f0-bc36-a488f56e8a6d",
      "type": "Feature",
      "geometry": {
        "type": "Polygon",
        "coordinates": [
          [
            [
              -1.4644114,
              50.9383835
            ],
            [
              -1.46446,
              50.9384044
            ],
            [
              -1.4645022,
              50.9383652
            ],
            [
              -1.4644536,
              50.9383443
            ],
            [
              -1.4644114,
              50.9383835
            ]
          ]
        ]
      },
      "properties": {
        "osid": "b78672e4-dcb7-43f0-bc36-a488f56e8a6d",
        "toid": "osgb5000005257330952",
        "theme": "Buildings",
        "changetype": "Modified Attributes",
        "isobscured": false,
        "description": "Building",
        "versiondate": "2025-02-05",
        "geometry_area": 21.76828,
        "height_source": "Ordnance Survey",
        "physicallevel": "Surface Level",
        "oslandusetiera": "Sports Attraction Or Facility",
        "oslandusetierb": [
          "Football"
        ],
        "geometry_source": "Ordnance Survey",
        "oslandcovertiera": "Constructed",
        "oslandcovertierb": [
          "Building"
        ],
        "oslanduse_source": "Ordnance Survey",
        "height_updatedate": "2025-01-17",
        "description_source": "Ordnance Survey",
        "oslandcover_source": "Ordnance Survey",
        "associatedstructure": null,
        "geometry_updatedate": "2019-12-20",
        "height_evidencedate": "2024-06-20",
        "capturespecification": "Urban",
        "oslanduse_updatedate": "2019-12-19",
        "absoluteheightmaximum": null,
        "absoluteheightminimum": 22.7,
        "geometry_evidencedate": "2019-06-28",
        "heightconfidencelevel": "Incomplete",
        "relativeheightmaximum": null,
        "absoluteheightroofbase": null,
        "description_updatedate": "2019-12-19",
        "oslandcover_updatedate": "2019-12-19",
        "oslanduse_evidencedate": "2019-06-28",
        "relativeheightroofbase": null,
        "versionavailabletodate": null,
        "firstdigitalcapturedate": "2019-12-23",
        "description_evidencedate": "2019-06-28",
        "oslandcover_evidencedate": "2019-06-28",
        "versionavailablefromdate": "2025-02-06T00:00:00Z"
      }
    },
    {
      "id": "b8875701-5eea-443d-ac75-6b5a01149efb",
      "type": "Feature",
      "geometry": {
        "type": "Polygon",
        "coordinates": [
          [
            [
              -1.4667909,
              50.9344784
            ],
            [
              -1.4668058,
              50.934524
            ],
            [
              -1.4671759,
              50.9344789
            ],
            [
              -1.4671724,
              50.9344674
            ],
            [
              -1.4671619,
              50.9344332
            ],
            [
              -1.4667909,
              50.9344784
            ]
          ]
        ]
      },
      "properties": {
        "osid": "b8875701-5eea-443d-ac75-6b5a01149efb",
        "toid": "osgb5000005297598674",
        "theme": "Buildings",
        "changetype": "Modified Attributes",
        "isobscured": false,
        "description": "Multistorey Car Park",
        "versiondate": "2025-02-05",
        "geometry_area": 137.261395,
        "height_source": "Ordnance Survey",
        "physicallevel": "Surface Level",
        "oslandusetiera": "Transport: Road, Track Or Path",
        "oslandusetierb": [],
        "geometry_source": "Ordnance Survey",
        "oslandcovertiera": "Constructed",
        "oslandcovertierb": [
          "Building"
        ],
        "oslanduse_source": "Ordnance Survey",
        "height_updatedate": "2025-01-17",
        "description_source": "Ordnance Survey",
        "oslandcover_source": "Ordnance Survey",
        "associatedstructure": null,
        "geometry_updatedate": "2022-07-27",
        "height_evidencedate": "2024-06-20",
        "capturespecification": "Urban",
        "oslanduse_updatedate": "2022-07-28",
        "absoluteheightmaximum": 17.8,
        "absoluteheightminimum": 11.2,
        "geometry_evidencedate": "2022-07-27",
        "heightconfidencelevel": "Moderate",
        "relativeheightmaximum": 6.6,
        "absoluteheightroofbase": 14.4,
        "description_updatedate": "2022-07-28",
        "oslandcover_updatedate": "2022-07-28",
        "oslanduse_evidencedate": "2022-07-28",
        "relativeheightroofbase": 3.2,
        "versionavailabletodate": null,
        "firstdigitalcapturedate": "2022-07-28",
        "description_evidencedate": "2022-07-28",
        "oslandcover_evidencedate": "2022-07-28",
        "versionavailablefromdate": "2025-02-06T00:00:00Z"
      }
    },
    {
      "id": "b9316de7-c572-456a-a060-7eefd66ae9f7",
      "type": "Feature",
      "geometry": {
        "type": "Polygon",
        "coordinates": [
          [
            [
              -1.4681956,
              50.9376794
            ],
            [
              -1.4681936,
              50.9376825
            ],
            [
              -1.4682309,
              50.937692
            ],
            [
              -1.4682608,
              50.9376434
            ],
            [
              -1.468224,
              50.9376341
            ],
            [
              -1.4681956,
              50.9376794
            ]
          ]
        ]
      },
      "properties": {
        "osid": "b9316de7-c572-456a-a060-7eefd66ae9f7",
        "toid": "osgb1000016343237",
        "theme": "Buildings",
        "changetype": "Modified Attributes",
        "isobscured": false,
        "description": "Building",
        "versiondate": "2025-02-05",
        "geometry_area": 16.252,
        "height_source": "Ordnance Survey",
        "physicallevel": "Surface Level",
        "oslandusetiera": "Unknown Or Unused Artificial",
        "oslandusetierb": [],
        "geometry_source": "Ordnance Survey",
        "oslandcovertiera": "Constructed",
        "oslandcovertierb": [
          "Building"
        ],
        "oslanduse_source": "Ordnance Survey",
        "height_updatedate": "2025-01-17",
        "description_source": "Ordnance Survey",
        "oslandcover_source": "Ordnance Survey",
        "associatedstructure": null,
        "geometry_updatedate": "2004-02-10",
        "height_evidencedate": "2024-06-20",
        "capturespecification": "Urban",
        "oslanduse_updatedate": "2004-02-10",
        "absoluteheightmaximum": null,
        "absoluteheightminimum": 12.5,
        "geometry_evidencedate": "2004-02-10",
        "heightconfidencelevel": "Incomplete",
        "relativeheightmaximum": null,
        "absoluteheightroofbase": null,
        "description_updatedate": "2004-02-10",
        "oslandcover_updatedate": "2004-02-10",
        "oslanduse_evidencedate": "2004-02-10",
        "relativeheightroofbase": null,
        "versionavailabletodate": null,
        "firstdigitalcapturedate": "1988-07-28",
        "description_evidencedate": "2004-02-10",
        "oslandcover_evidencedate": "2004-02-10",
        "versionavailablefromdate": "2025-02-06T00:00:00Z"
      }
    },
    {
      "id": "b934e4a7-e91c-4028-9b1b-da2ed73dbecf",
      "type": "Feature",
      "geometry": {
        "type": "Polygon",
        "coordinates": [
          [
            [
              -1.4645274,
              50.9394971
            ],
            [
              -1.4646396,
              50.9395308
            ],
            [
              -1.4646685,
              50.9394924
            ],
            [
              -1.4645563,
              50.9394587
            ],
            [
              -1.4645274,
              50.9394971
            ]
          ]
        ]
      },
      "properties": {
        "osid": "b934e4a7-e91c-4028-9b1b-da2ed73dbecf",
        "toid": "osgb5000005232124747",
        "theme": "Buildings",
        "changetype": "Modified Attributes",
        "isobscured": false,
        "description": "Building",
        "versiondate": "2025-02-05",
        "geometry_area": 41.297712,
        "height_source": "Ordnance Survey",
        "physicallevel": "Surface Level",
        "oslandusetiera": "Residential Accommodation",
        "oslandusetierb": [
          "Private Residence"
        ],
        "geometry_source": "Ordnance Survey",
        "oslandcovertiera": "Constructed",
        "oslandcovertierb": [
          "Building"
        ],
        "oslanduse_source": "Ordnance Survey",
        "height_updatedate": "2025-01-17",
        "description_source": "Ordnance Survey",
        "oslandcover_source": "Ordnance Survey",
        "associatedstructure": null,
        "geometry_updatedate": "2018-07-09",
        "height_evidencedate": "2024-06-20",
        "capturespecification": "Urban",
        "oslanduse_updatedate": "2018-07-09",
        "absoluteheightmaximum": 31.4,
        "absoluteheightminimum": 23.5,
        "geometry_evidencedate": "2018-07-09",
        "heightconfidencelevel": "Moderate",
        "relativeheightmaximum": 7.9,
        "absoluteheightroofbase": 28.9,
        "description_updatedate": "2018-07-09",
        "oslandcover_updatedate": "2018-07-09",
        "oslanduse_evidencedate": "2018-07-09",
        "relativeheightroofbase": 5.4,
        "versionavailabletodate": null,
        "firstdigitalcapturedate": "2018-07-10",
        "description_evidencedate": "2018-07-09",
        "oslandcover_evidencedate": "2018-07-09",
        "versionavailablefromdate": "2025-02-06T00:00:00Z"
      }
    },
    {
      "id": "b9ff8ca3-88e4-4c60-a437-4326459c500a",
      "type": "Feature",
      "geometry": {
        "type": "Polygon",
        "coordinates": [
          [
            [
              -1.4669151,
              50.9374101
            ],
            [
              -1.4669394,
              50.937433
            ],
            [
              -1.4669709,
              50.9374197
            ],
            [
              -1.4669465,
              50.9373966
            ],
            [
              -1.4669151,
              50.9374101
            ]
          ]
        ]
      },
      "properties": {
        "osid": "b9ff8ca3-88e4-4c60-a437-4326459c500a",
        "toid": "osgb5000005203977224",
        "theme": "Buildings",
        "changetype": "Modified Attributes",
        "isobscured": false,
        "description": "Building",
        "versiondate": "2025-02-05",
        "geometry_area": 8.211266,
        "height_source": "Ordnance Survey",
        "physicallevel": "Surface Level",
        "oslandusetiera": "Residential Accommodation",
        "oslandusetierb": [
          "Private Residence"
        ],
        "geometry_source": "Ordnance Survey",
        "oslandcovertiera": "Constructed",
        "oslandcovertierb": [
          "Building"
        ],
        "oslanduse_source": "Ordnance Survey",
        "height_updatedate": "2025-01-17",
        "description_source": "Ordnance Survey",
        "oslandcover_source": "Ordnance Survey",
        "associatedstructure": null,
        "geometry_updatedate": "2017-04-19",
        "height_evidencedate": "2024-06-20",
        "capturespecification": "Urban",
        "oslanduse_updatedate": "2017-04-19",
        "absoluteheightmaximum": null,
        "absoluteheightminimum": 15,
        "geometry_evidencedate": "2016-08-12",
        "heightconfidencelevel": "Incomplete",
        "relativeheightmaximum": null,
        "absoluteheightroofbase": null,
        "description_updatedate": "2017-04-19",
        "oslandcover_updatedate": "2017-04-19",
        "oslanduse_evidencedate": "2016-08-12",
        "relativeheightroofbase": null,
        "versionavailabletodate": null,
        "firstdigitalcapturedate": "2017-05-04",
        "description_evidencedate": "2016-08-12",
        "oslandcover_evidencedate": "2016-08-12",
        "versionavailablefromdate": "2025-02-06T00:00:00Z"
      }
    },
    {
      "id": "ba06a3e8-7995-4fe0-a4f4-f78d6c0b4678",
      "type": "Feature",
      "geometry": {
        "type": "Polygon",
        "coordinates": [
          [
            [
              -1.466263,
              50.9390057
            ],
            [
              -1.4662791,
              50.9390208
            ],
            [
              -1.4663118,
              50.9390516
            ],
            [
              -1.4663511,
              50.939035
            ],
            [
              -1.4663024,
              50.938989
            ],
            [
              -1.466263,
              50.9390057
            ]
          ]
        ]
      },
      "properties": {
        "osid": "ba06a3e8-7995-4fe0-a4f4-f78d6c0b4678",
        "toid": "osgb5000005242102819",
        "theme": "Buildings",
        "changetype": "Modified Attributes",
        "isobscured": false,
        "description": "Building",
        "versiondate": "2025-02-05",
        "geometry_area": 20.469756,
        "height_source": "Ordnance Survey",
        "physicallevel": "Surface Level",
        "oslandusetiera": "Residential Accommodation",
        "oslandusetierb": [
          "Private Residence"
        ],
        "geometry_source": "Ordnance Survey",
        "oslandcovertiera": "Constructed",
        "oslandcovertierb": [
          "Building"
        ],
        "oslanduse_source": "Ordnance Survey",
        "height_updatedate": "2025-01-17",
        "description_source": "Ordnance Survey",
        "oslandcover_source": "Ordnance Survey",
        "associatedstructure": null,
        "geometry_updatedate": "2019-02-05",
        "height_evidencedate": "2024-06-20",
        "capturespecification": "Urban",
        "oslanduse_updatedate": "2019-02-05",
        "absoluteheightmaximum": 24,
        "absoluteheightminimum": 20.5,
        "geometry_evidencedate": "2019-02-05",
        "heightconfidencelevel": "Moderate",
        "relativeheightmaximum": 3.5,
        "absoluteheightroofbase": 23.4,
        "description_updatedate": "2019-02-05",
        "oslandcover_updatedate": "2019-02-05",
        "oslanduse_evidencedate": "2019-02-05",
        "relativeheightroofbase": 2.9,
        "versionavailabletodate": null,
        "firstdigitalcapturedate": "2019-02-05",
        "description_evidencedate": "2019-02-05",
        "oslandcover_evidencedate": "2019-02-05",
        "versionavailablefromdate": "2025-02-06T00:00:00Z"
      }
    },
    {
      "id": "ba7e328a-ee92-4ef9-9651-5fd0e65abac3",
      "type": "Feature",
      "geometry": {
        "type": "Polygon",
        "coordinates": [
          [
            [
              -1.4693678,
              50.9406565
            ],
            [
              -1.4694084,
              50.9406568
            ],
            [
              -1.4694087,
              50.9406295
            ],
            [
              -1.4693681,
              50.9406293
            ],
            [
              -1.4693678,
              50.9406565
            ]
          ]
        ]
      },
      "properties": {
        "osid": "ba7e328a-ee92-4ef9-9651-5fd0e65abac3",
        "toid": "osgb5000005274099672",
        "theme": "Buildings",
        "changetype": "Modified Attributes",
        "isobscured": false,
        "description": "Building",
        "versiondate": "2025-02-05",
        "geometry_area": 8.648785,
        "height_source": "Ordnance Survey",
        "physicallevel": "Surface Level",
        "oslandusetiera": "Utility Or Environmental Protection",
        "oslandusetierb": [
          "Electricity Distribution"
        ],
        "geometry_source": "Ordnance Survey",
        "oslandcovertiera": "Constructed",
        "oslandcovertierb": [
          "Building"
        ],
        "oslanduse_source": "Ordnance Survey",
        "height_updatedate": "2025-01-17",
        "description_source": "Ordnance Survey",
        "oslandcover_source": "Ordnance Survey",
        "associatedstructure": null,
        "geometry_updatedate": "2020-12-14",
        "height_evidencedate": "2024-06-20",
        "capturespecification": "Urban",
        "oslanduse_updatedate": "2020-12-14",
        "absoluteheightmaximum": null,
        "absoluteheightminimum": 17,
        "geometry_evidencedate": "2020-09-20",
        "heightconfidencelevel": "Incomplete",
        "relativeheightmaximum": null,
        "absoluteheightroofbase": null,
        "description_updatedate": "2020-12-14",
        "oslandcover_updatedate": "2020-12-14",
        "oslanduse_evidencedate": "2020-09-20",
        "relativeheightroofbase": null,
        "versionavailabletodate": null,
        "firstdigitalcapturedate": "2020-12-14",
        "description_evidencedate": "2020-09-20",
        "oslandcover_evidencedate": "2020-09-20",
        "versionavailablefromdate": "2025-02-06T00:00:00Z"
      }
    },
    {
      "id": "ba89d719-3feb-45f1-b167-94b47c24cfe6",
      "type": "Feature",
      "geometry": {
        "type": "Polygon",
        "coordinates": [
          [
            [
              -1.4663008,
              50.9358788
            ],
            [
              -1.4664183,
              50.9359129
            ],
            [
              -1.4664195,
              50.9359111
            ],
            [
              -1.466452,
              50.9358664
            ],
            [
              -1.4664022,
              50.935852
            ],
            [
              -1.4663346,
              50.9358324
            ],
            [
              -1.4663008,
              50.9358788
            ]
          ]
        ]
      },
      "properties": {
        "osid": "ba89d719-3feb-45f1-b167-94b47c24cfe6",
        "toid": "osgb5000005208814534",
        "theme": "Buildings",
        "changetype": "Modified Attributes",
        "isobscured": false,
        "description": "Building",
        "versiondate": "2025-02-05",
        "geometry_area": 51.640037,
        "height_source": "Ordnance Survey",
        "physicallevel": "Surface Level",
        "oslandusetiera": "Residential Accommodation",
        "oslandusetierb": [
          "Private Residence"
        ],
        "geometry_source": "Ordnance Survey",
        "oslandcovertiera": "Constructed",
        "oslandcovertierb": [
          "Building"
        ],
        "oslanduse_source": "Ordnance Survey",
        "height_updatedate": "2025-01-17",
        "description_source": "Ordnance Survey",
        "oslandcover_source": "Ordnance Survey",
        "associatedstructure": null,
        "geometry_updatedate": "2017-08-03",
        "height_evidencedate": "2024-06-20",
        "capturespecification": "Urban",
        "oslanduse_updatedate": "2017-08-03",
        "absoluteheightmaximum": 20.6,
        "absoluteheightminimum": 12.3,
        "geometry_evidencedate": "2017-08-03",
        "heightconfidencelevel": "Moderate",
        "relativeheightmaximum": 8.3,
        "absoluteheightroofbase": 17.4,
        "description_updatedate": "2017-08-03",
        "oslandcover_updatedate": "2017-08-03",
        "oslanduse_evidencedate": "2017-08-03",
        "relativeheightroofbase": 5.1,
        "versionavailabletodate": null,
        "firstdigitalcapturedate": "2017-08-03",
        "description_evidencedate": "2017-08-03",
        "oslandcover_evidencedate": "2017-08-03",
        "versionavailablefromdate": "2025-02-06T00:00:00Z"
      }
    },
    {
      "id": "ba9eb8aa-e1d7-41e4-9cc1-694db3ec7a0e",
      "type": "Feature",
      "geometry": {
        "type": "Polygon",
        "coordinates": [
          [
            [
              -1.4645697,
              50.9349766
            ],
            [
              -1.4645596,
              50.9349523
            ],
            [
              -1.4645215,
              50.9349586
            ],
            [
              -1.4645317,
              50.9349829
            ],
            [
              -1.4645697,
              50.9349766
            ]
          ]
        ]
      },
      "properties": {
        "osid": "ba9eb8aa-e1d7-41e4-9cc1-694db3ec7a0e",
        "toid": "osgb5000005276414826",
        "theme": "Buildings",
        "changetype": "New",
        "isobscured": false,
        "description": "Building",
        "versiondate": "2022-08-26",
        "geometry_area": 7.73093,
        "height_source": null,
        "physicallevel": "Surface Level",
        "oslandusetiera": "Utility Or Environmental Protection",
        "oslandusetierb": [
          "Electricity Distribution"
        ],
        "geometry_source": "Ordnance Survey",
        "oslandcovertiera": "Constructed",
        "oslandcovertierb": [
          "Building"
        ],
        "oslanduse_source": "Ordnance Survey",
        "height_updatedate": null,
        "description_source": "Ordnance Survey",
        "oslandcover_source": "Ordnance Survey",
        "associatedstructure": null,
        "geometry_updatedate": "2021-02-03",
        "height_evidencedate": null,
        "capturespecification": "Urban",
        "oslanduse_updatedate": "2021-02-03",
        "absoluteheightmaximum": null,
        "absoluteheightminimum": null,
        "geometry_evidencedate": "2021-02-03",
        "heightconfidencelevel": null,
        "relativeheightmaximum": null,
        "absoluteheightroofbase": null,
        "description_updatedate": "2021-02-03",
        "oslandcover_updatedate": "2021-02-03",
        "oslanduse_evidencedate": "2021-02-03",
        "relativeheightroofbase": null,
        "versionavailabletodate": null,
        "firstdigitalcapturedate": "2021-02-03",
        "description_evidencedate": "2021-02-03",
        "oslandcover_evidencedate": "2021-02-03",
        "versionavailablefromdate": "2022-08-27T00:00:00Z"
      }
    },
    {
      "id": "bb525ecc-ef1a-4e09-95bd-df807987ab91",
      "type": "Feature",
      "geometry": {
        "type": "Polygon",
        "coordinates": [
          [
            [
              -1.4684765,
              50.9352023
            ],
            [
              -1.4684323,
              50.9352076
            ],
            [
              -1.4684356,
              50.9352184
            ],
            [
              -1.4684797,
              50.9352131
            ],
            [
              -1.4684765,
              50.9352023
            ]
          ]
        ]
      },
      "properties": {
        "osid": "bb525ecc-ef1a-4e09-95bd-df807987ab91",
        "toid": "osgb5000005329667124",
        "theme": "Buildings",
        "changetype": "Modified Attributes",
        "isobscured": false,
        "description": "Building",
        "versiondate": "2024-01-29",
        "geometry_area": 3.86969,
        "height_source": null,
        "physicallevel": "Surface Level",
        "oslandusetiera": "Commercial Activity: Retail",
        "oslandusetierb": [],
        "geometry_source": "Ordnance Survey",
        "oslandcovertiera": "Constructed",
        "oslandcovertierb": [
          "Building"
        ],
        "oslanduse_source": "Ordnance Survey",
        "height_updatedate": null,
        "description_source": "Ordnance Survey",
        "oslandcover_source": "Ordnance Survey",
        "associatedstructure": null,
        "geometry_updatedate": "2023-10-27",
        "height_evidencedate": null,
        "capturespecification": "Urban",
        "oslanduse_updatedate": "2023-10-27",
        "absoluteheightmaximum": null,
        "absoluteheightminimum": null,
        "geometry_evidencedate": "2023-10-27",
        "heightconfidencelevel": null,
        "relativeheightmaximum": null,
        "absoluteheightroofbase": null,
        "description_updatedate": "2023-10-27",
        "oslandcover_updatedate": "2023-10-27",
        "oslanduse_evidencedate": "2023-10-27",
        "relativeheightroofbase": null,
        "versionavailabletodate": null,
        "firstdigitalcapturedate": "2023-10-27",
        "description_evidencedate": "2023-10-27",
        "oslandcover_evidencedate": "2023-10-27",
        "versionavailablefromdate": "2024-01-30T00:00:00Z"
      }
    },
    {
      "id": "bbd3bd6e-aa88-45e4-b201-f9e7dd177c87",
      "type": "Feature",
      "geometry": {
        "type": "Polygon",
        "coordinates": [
          [
            [
              -1.465256,
              50.9396562
            ],
            [
              -1.4652395,
              50.939672
            ],
            [
              -1.4652288,
              50.9396822
            ],
            [
              -1.465296,
              50.9397127
            ],
            [
              -1.4653263,
              50.9396859
            ],
            [
              -1.465256,
              50.9396562
            ]
          ]
        ]
      },
      "properties": {
        "osid": "bbd3bd6e-aa88-45e4-b201-f9e7dd177c87",
        "toid": "osgb5000005341076224",
        "theme": "Buildings",
        "changetype": "Modified Attributes",
        "isobscured": false,
        "description": "Building",
        "versiondate": "2025-02-15",
        "geometry_area": 20.919272,
        "height_source": "Ordnance Survey",
        "physicallevel": "Surface Level",
        "oslandusetiera": "Residential Accommodation",
        "oslandusetierb": [
          "Private Residence"
        ],
        "geometry_source": "Ordnance Survey",
        "oslandcovertiera": "Constructed",
        "oslandcovertierb": [
          "Building"
        ],
        "oslanduse_source": "Ordnance Survey",
        "height_updatedate": "2025-02-13",
        "description_source": "Ordnance Survey",
        "oslandcover_source": "Ordnance Survey",
        "associatedstructure": null,
        "geometry_updatedate": "2024-12-06",
        "height_evidencedate": "2024-06-20",
        "capturespecification": "Urban",
        "oslanduse_updatedate": "2024-12-06",
        "absoluteheightmaximum": null,
        "absoluteheightminimum": 23.3,
        "geometry_evidencedate": "2024-06-20",
        "heightconfidencelevel": "Incomplete",
        "relativeheightmaximum": null,
        "absoluteheightroofbase": null,
        "description_updatedate": "2024-12-06",
        "oslandcover_updatedate": "2024-12-06",
        "oslanduse_evidencedate": "2024-06-20",
        "relativeheightroofbase": null,
        "versionavailabletodate": null,
        "firstdigitalcapturedate": "2024-12-06",
        "description_evidencedate": "2024-06-20",
        "oslandcover_evidencedate": "2024-06-20",
        "versionavailablefromdate": "2025-02-16T00:00:00Z"
      }
    },
    {
      "id": "bbd44aba-0705-4ffc-b489-0034ca31ef0f",
      "type": "Feature",
      "geometry": {
        "type": "Polygon",
        "coordinates": [
          [
            [
              -1.4649383,
              50.9402614
            ],
            [
              -1.4649763,
              50.9402787
            ],
            [
              -1.4650281,
              50.9402331
            ],
            [
              -1.4649901,
              50.9402159
            ],
            [
              -1.4649383,
              50.9402614
            ]
          ]
        ]
      },
      "properties": {
        "osid": "bbd44aba-0705-4ffc-b489-0034ca31ef0f",
        "toid": "osgb5000005208860427",
        "theme": "Buildings",
        "changetype": "Modified Attributes",
        "isobscured": false,
        "description": "Building",
        "versiondate": "2025-02-05",
        "geometry_area": 20.544656,
        "height_source": "Ordnance Survey",
        "physicallevel": "Surface Level",
        "oslandusetiera": "Residential Accommodation",
        "oslandusetierb": [
          "Private Residence"
        ],
        "geometry_source": "Ordnance Survey",
        "oslandcovertiera": "Constructed",
        "oslandcovertierb": [
          "Building"
        ],
        "oslanduse_source": "Ordnance Survey",
        "height_updatedate": "2025-01-17",
        "description_source": "Ordnance Survey",
        "oslandcover_source": "Ordnance Survey",
        "associatedstructure": null,
        "geometry_updatedate": "2017-08-04",
        "height_evidencedate": "2024-06-20",
        "capturespecification": "Urban",
        "oslanduse_updatedate": "2017-08-04",
        "absoluteheightmaximum": 27.9,
        "absoluteheightminimum": 23.5,
        "geometry_evidencedate": "2017-08-04",
        "heightconfidencelevel": "Moderate",
        "relativeheightmaximum": 4.4,
        "absoluteheightroofbase": 27.1,
        "description_updatedate": "2017-08-04",
        "oslandcover_updatedate": "2017-08-04",
        "oslanduse_evidencedate": "2017-08-04",
        "relativeheightroofbase": 3.6,
        "versionavailabletodate": null,
        "firstdigitalcapturedate": "2017-08-04",
        "description_evidencedate": "2017-08-04",
        "oslandcover_evidencedate": "2017-08-04",
        "versionavailablefromdate": "2025-02-06T00:00:00Z"
      }
    },
    {
      "id": "bc948a74-1254-4cda-b7bc-bc19dfc5db56",
      "type": "Feature",
      "geometry": {
        "type": "Polygon",
        "coordinates": [
          [
            [
              -1.4658398,
              50.936733
            ],
            [
              -1.4658398,
              50.9366682
            ],
            [
              -1.4656684,
              50.936667
            ],
            [
              -1.4656667,
              50.9366908
            ],
            [
              -1.4656809,
              50.9366913
            ],
            [
              -1.46568,
              50.9367111
            ],
            [
              -1.4657283,
              50.9367118
            ],
            [
              -1.4657281,
              50.936732
            ],
            [
              -1.4658398,
              50.936733
            ]
          ]
        ]
      },
      "properties": {
        "osid": "bc948a74-1254-4cda-b7bc-bc19dfc5db56",
        "toid": "osgb1000016342834",
        "theme": "Buildings",
        "changetype": "Modified Attributes",
        "isobscured": false,
        "description": "Building",
        "versiondate": "2025-02-05",
        "geometry_area": 75.33,
        "height_source": "Ordnance Survey",
        "physicallevel": "Surface Level",
        "oslandusetiera": "Residential Accommodation",
        "oslandusetierb": [
          "Private Residence"
        ],
        "geometry_source": "Ordnance Survey",
        "oslandcovertiera": "Constructed",
        "oslandcovertierb": [
          "Building"
        ],
        "oslanduse_source": "Ordnance Survey",
        "height_updatedate": "2025-01-17",
        "description_source": "Ordnance Survey",
        "oslandcover_source": "Ordnance Survey",
        "associatedstructure": null,
        "geometry_updatedate": "2006-07-11",
        "height_evidencedate": "2024-06-20",
        "capturespecification": "Urban",
        "oslanduse_updatedate": "2006-07-11",
        "absoluteheightmaximum": 22.3,
        "absoluteheightminimum": 14.5,
        "geometry_evidencedate": "2006-07-11",
        "heightconfidencelevel": "Moderate",
        "relativeheightmaximum": 7.8,
        "absoluteheightroofbase": 20.1,
        "description_updatedate": "2006-07-11",
        "oslandcover_updatedate": "2006-07-11",
        "oslanduse_evidencedate": "2006-07-11",
        "relativeheightroofbase": 5.6,
        "versionavailabletodate": null,
        "firstdigitalcapturedate": "1988-05-16",
        "description_evidencedate": "2006-07-11",
        "oslandcover_evidencedate": "2006-07-11",
        "versionavailablefromdate": "2025-02-06T00:00:00Z"
      }
    },
    {
      "id": "bd7452aa-1625-45c8-9d9a-cf13a9babf71",
      "type": "Feature",
      "geometry": {
        "type": "Polygon",
        "coordinates": [
          [
            [
              -1.4672451,
              50.9356549
            ],
            [
              -1.4672735,
              50.9356744
            ],
            [
              -1.4672761,
              50.9356729
            ],
            [
              -1.4673373,
              50.9356373
            ],
            [
              -1.4672463,
              50.9355739
            ],
            [
              -1.4671815,
              50.9356111
            ],
            [
              -1.467212,
              50.9356321
            ],
            [
              -1.4672451,
              50.9356549
            ]
          ]
        ]
      },
      "properties": {
        "osid": "bd7452aa-1625-45c8-9d9a-cf13a9babf71",
        "toid": "osgb5000005208814520",
        "theme": "Buildings",
        "changetype": "Modified Attributes",
        "isobscured": false,
        "description": "Building",
        "versiondate": "2025-02-05",
        "geometry_area": 58.405097,
        "height_source": "Ordnance Survey",
        "physicallevel": "Surface Level",
        "oslandusetiera": "Residential Accommodation",
        "oslandusetierb": [
          "Private Residence"
        ],
        "geometry_source": "Ordnance Survey",
        "oslandcovertiera": "Constructed",
        "oslandcovertierb": [
          "Building"
        ],
        "oslanduse_source": "Ordnance Survey",
        "height_updatedate": "2025-01-17",
        "description_source": "Ordnance Survey",
        "oslandcover_source": "Ordnance Survey",
        "associatedstructure": null,
        "geometry_updatedate": "2018-02-19",
        "height_evidencedate": "2024-06-20",
        "capturespecification": "Urban",
        "oslanduse_updatedate": "2017-08-03",
        "absoluteheightmaximum": 20.8,
        "absoluteheightminimum": 11.9,
        "geometry_evidencedate": "2018-02-19",
        "heightconfidencelevel": "Moderate",
        "relativeheightmaximum": 8.9,
        "absoluteheightroofbase": 17.5,
        "description_updatedate": "2017-08-03",
        "oslandcover_updatedate": "2017-08-03",
        "oslanduse_evidencedate": "2017-08-03",
        "relativeheightroofbase": 5.6,
        "versionavailabletodate": null,
        "firstdigitalcapturedate": "2017-08-03",
        "description_evidencedate": "2017-08-03",
        "oslandcover_evidencedate": "2017-08-03",
        "versionavailablefromdate": "2025-02-06T00:00:00Z"
      }
    },
    {
      "id": "bd77c875-d9b0-4e28-88f6-27ee7248b19c",
      "type": "Feature",
      "geometry": {
        "type": "Polygon",
        "coordinates": [
          [
            [
              -1.4639665,
              50.933863
            ],
            [
              -1.4639376,
              50.9338399
            ],
            [
              -1.4639362,
              50.9338385
            ],
            [
              -1.4639191,
              50.9338362
            ],
            [
              -1.463955,
              50.9338683
            ],
            [
              -1.4639665,
              50.933863
            ]
          ]
        ]
      },
      "properties": {
        "osid": "bd77c875-d9b0-4e28-88f6-27ee7248b19c",
        "toid": "osgb1000016342722",
        "theme": "Buildings",
        "changetype": "New",
        "isobscured": false,
        "description": "Building",
        "versiondate": "2022-08-26",
        "geometry_area": 3.51,
        "height_source": null,
        "physicallevel": "Surface Level",
        "oslandusetiera": "Residential Accommodation",
        "oslandusetierb": [
          "Private Residence"
        ],
        "geometry_source": "Ordnance Survey",
        "oslandcovertiera": "Constructed",
        "oslandcovertierb": [
          "Building"
        ],
        "oslanduse_source": "Ordnance Survey",
        "height_updatedate": null,
        "description_source": "Ordnance Survey",
        "oslandcover_source": "Ordnance Survey",
        "associatedstructure": null,
        "geometry_updatedate": "2004-04-13",
        "height_evidencedate": null,
        "capturespecification": "Urban",
        "oslanduse_updatedate": "2004-04-13",
        "absoluteheightmaximum": null,
        "absoluteheightminimum": null,
        "geometry_evidencedate": "2004-04-13",
        "heightconfidencelevel": null,
        "relativeheightmaximum": null,
        "absoluteheightroofbase": null,
        "description_updatedate": "2004-04-13",
        "oslandcover_updatedate": "2004-04-13",
        "oslanduse_evidencedate": "2004-04-13",
        "relativeheightroofbase": null,
        "versionavailabletodate": null,
        "firstdigitalcapturedate": "1988-05-16",
        "description_evidencedate": "2004-04-13",
        "oslandcover_evidencedate": "2004-04-13",
        "versionavailablefromdate": "2022-08-27T00:00:00Z"
      }
    },
    {
      "id": "bd80933c-32eb-4667-98cb-c817cb5f6294",
      "type": "Feature",
      "geometry": {
        "type": "Polygon",
        "coordinates": [
          [
            [
              -1.4671509,
              50.9369686
            ],
            [
              -1.467165,
              50.9369795
            ],
            [
              -1.4671433,
              50.9369907
            ],
            [
              -1.4671466,
              50.9369932
            ],
            [
              -1.4671077,
              50.9370138
            ],
            [
              -1.4672035,
              50.9370859
            ],
            [
              -1.4672595,
              50.9371281
            ],
            [
              -1.4673282,
              50.9370917
            ],
            [
              -1.4672822,
              50.9370571
            ],
            [
              -1.4672723,
              50.9370495
            ],
            [
              -1.467302,
              50.9370338
            ],
            [
              -1.4673269,
              50.9370207
            ],
            [
              -1.4673177,
              50.9370138
            ],
            [
              -1.4672779,
              50.9369837
            ],
            [
              -1.4672285,
              50.9369466
            ],
            [
              -1.4671953,
              50.9369638
            ],
            [
              -1.4671812,
              50.9369529
            ],
            [
              -1.4671509,
              50.9369686
            ]
          ]
        ]
      },
      "properties": {
        "osid": "bd80933c-32eb-4667-98cb-c817cb5f6294",
        "toid": "osgb5000005203977135",
        "theme": "Buildings",
        "changetype": "Modified Attributes",
        "isobscured": false,
        "description": "Building",
        "versiondate": "2025-02-05",
        "geometry_area": 163.788814,
        "height_source": "Ordnance Survey",
        "physicallevel": "Surface Level",
        "oslandusetiera": "Residential Accommodation",
        "oslandusetierb": [
          "Private Residence"
        ],
        "geometry_source": "Ordnance Survey",
        "oslandcovertiera": "Constructed",
        "oslandcovertierb": [
          "Building"
        ],
        "oslanduse_source": "Ordnance Survey",
        "height_updatedate": "2025-01-17",
        "description_source": "Ordnance Survey",
        "oslandcover_source": "Ordnance Survey",
        "associatedstructure": null,
        "geometry_updatedate": "2017-04-21",
        "height_evidencedate": "2024-06-20",
        "capturespecification": "Urban",
        "oslanduse_updatedate": "2017-04-21",
        "absoluteheightmaximum": 21,
        "absoluteheightminimum": 13.5,
        "geometry_evidencedate": "2016-08-12",
        "heightconfidencelevel": "Moderate",
        "relativeheightmaximum": 7.5,
        "absoluteheightroofbase": 15.9,
        "description_updatedate": "2017-04-21",
        "oslandcover_updatedate": "2017-04-21",
        "oslanduse_evidencedate": "2016-08-12",
        "relativeheightroofbase": 2.4,
        "versionavailabletodate": null,
        "firstdigitalcapturedate": "2017-05-04",
        "description_evidencedate": "2016-08-12",
        "oslandcover_evidencedate": "2016-08-12",
        "versionavailablefromdate": "2025-02-06T00:00:00Z"
      }
    },
    {
      "id": "be0055f7-c136-48b5-8dfd-683142cabf54",
      "type": "Feature",
      "geometry": {
        "type": "Polygon",
        "coordinates": [
          [
            [
              -1.4652203,
              50.9370795
            ],
            [
              -1.4652146,
              50.9371049
            ],
            [
              -1.465213,
              50.9371123
            ],
            [
              -1.4651954,
              50.9371108
            ],
            [
              -1.4651907,
              50.9371318
            ],
            [
              -1.4651833,
              50.9371652
            ],
            [
              -1.465226,
              50.9371688
            ],
            [
              -1.4652981,
              50.9371747
            ],
            [
              -1.465305,
              50.9371415
            ],
            [
              -1.4653064,
              50.9371347
            ],
            [
              -1.4653078,
              50.9371279
            ],
            [
              -1.4653447,
              50.9371309
            ],
            [
              -1.465353,
              50.9371255
            ],
            [
              -1.465356,
              50.9371111
            ],
            [
              -1.465359,
              50.9370968
            ],
            [
              -1.4653531,
              50.9370902
            ],
            [
              -1.4653163,
              50.9370871
            ],
            [
              -1.4652203,
              50.9370795
            ]
          ]
        ]
      },
      "properties": {
        "osid": "be0055f7-c136-48b5-8dfd-683142cabf54",
        "toid": "osgb1000016342775",
        "theme": "Buildings",
        "changetype": "Modified Attributes",
        "isobscured": false,
        "description": "Building",
        "versiondate": "2025-02-05",
        "geometry_area": 88.678244,
        "height_source": "Ordnance Survey",
        "physicallevel": "Surface Level",
        "oslandusetiera": "Residential Accommodation",
        "oslandusetierb": [
          "Private Residence"
        ],
        "geometry_source": "Ordnance Survey",
        "oslandcovertiera": "Constructed",
        "oslandcovertierb": [
          "Building"
        ],
        "oslanduse_source": "Ordnance Survey",
        "height_updatedate": "2025-01-17",
        "description_source": "Ordnance Survey",
        "oslandcover_source": "Ordnance Survey",
        "associatedstructure": null,
        "geometry_updatedate": "2024-11-27",
        "height_evidencedate": "2024-06-20",
        "capturespecification": "Urban",
        "oslanduse_updatedate": "2004-04-13",
        "absoluteheightmaximum": 24.5,
        "absoluteheightminimum": 17,
        "geometry_evidencedate": "2024-06-20",
        "heightconfidencelevel": "Moderate",
        "relativeheightmaximum": 7.5,
        "absoluteheightroofbase": 21.5,
        "description_updatedate": "2004-04-13",
        "oslandcover_updatedate": "2004-04-13",
        "oslanduse_evidencedate": "2004-04-13",
        "relativeheightroofbase": 4.5,
        "versionavailabletodate": null,
        "firstdigitalcapturedate": "1988-05-16",
        "description_evidencedate": "2004-04-13",
        "oslandcover_evidencedate": "2004-04-13",
        "versionavailablefromdate": "2025-02-06T00:00:00Z"
      }
    },
    {
      "id": "bf20a2a7-dc62-4e51-8436-73b502ca4205",
      "type": "Feature",
      "geometry": {
        "type": "Polygon",
        "coordinates": [
          [
            [
              -1.4666651,
              50.939183
            ],
            [
              -1.4667727,
              50.939137
            ],
            [
              -1.4667307,
              50.9390978
            ],
            [
              -1.4666231,
              50.9391438
            ],
            [
              -1.4666651,
              50.939183
            ]
          ]
        ]
      },
      "properties": {
        "osid": "bf20a2a7-dc62-4e51-8436-73b502ca4205",
        "toid": "osgb5000005242102813",
        "theme": "Buildings",
        "changetype": "Modified Attributes",
        "isobscured": false,
        "description": "Building",
        "versiondate": "2025-02-05",
        "geometry_area": 48.032198,
        "height_source": "Ordnance Survey",
        "physicallevel": "Surface Level",
        "oslandusetiera": "Residential Accommodation",
        "oslandusetierb": [
          "Private Residence"
        ],
        "geometry_source": "Ordnance Survey",
        "oslandcovertiera": "Constructed",
        "oslandcovertierb": [
          "Building"
        ],
        "oslanduse_source": "Ordnance Survey",
        "height_updatedate": "2025-01-17",
        "description_source": "Ordnance Survey",
        "oslandcover_source": "Ordnance Survey",
        "associatedstructure": null,
        "geometry_updatedate": "2019-02-05",
        "height_evidencedate": "2024-06-20",
        "capturespecification": "Urban",
        "oslanduse_updatedate": "2019-02-05",
        "absoluteheightmaximum": 28.7,
        "absoluteheightminimum": 19.7,
        "geometry_evidencedate": "2019-02-05",
        "heightconfidencelevel": "Moderate",
        "relativeheightmaximum": 9,
        "absoluteheightroofbase": 25.2,
        "description_updatedate": "2019-02-05",
        "oslandcover_updatedate": "2019-02-05",
        "oslanduse_evidencedate": "2019-02-05",
        "relativeheightroofbase": 5.5,
        "versionavailabletodate": null,
        "firstdigitalcapturedate": "2019-02-05",
        "description_evidencedate": "2019-02-05",
        "oslandcover_evidencedate": "2019-02-05",
        "versionavailablefromdate": "2025-02-06T00:00:00Z"
      }
    },
    {
      "id": "bf4181ee-3841-4bc5-adbe-5749e4a182a4",
      "type": "Feature",
      "geometry": {
        "type": "Polygon",
        "coordinates": [
          [
            [
              -1.4648339,
              50.9394732
            ],
            [
              -1.4649119,
              50.9394997
            ],
            [
              -1.4649346,
              50.9394732
            ],
            [
              -1.4649006,
              50.9394616
            ],
            [
              -1.4648566,
              50.9394466
            ],
            [
              -1.4648339,
              50.9394732
            ]
          ]
        ]
      },
      "properties": {
        "osid": "bf4181ee-3841-4bc5-adbe-5749e4a182a4",
        "toid": "osgb5000005236335818",
        "theme": "Buildings",
        "changetype": "Modified Attributes",
        "isobscured": false,
        "description": "Building",
        "versiondate": "2025-02-05",
        "geometry_area": 20.886445,
        "height_source": "Ordnance Survey",
        "physicallevel": "Surface Level",
        "oslandusetiera": "Residential Accommodation",
        "oslandusetierb": [
          "Private Residence"
        ],
        "geometry_source": "Ordnance Survey",
        "oslandcovertiera": "Constructed",
        "oslandcovertierb": [
          "Building"
        ],
        "oslanduse_source": "Ordnance Survey",
        "height_updatedate": "2025-01-17",
        "description_source": "Ordnance Survey",
        "oslandcover_source": "Ordnance Survey",
        "associatedstructure": null,
        "geometry_updatedate": "2024-12-05",
        "height_evidencedate": "2024-06-20",
        "capturespecification": "Urban",
        "oslanduse_updatedate": "2018-09-17",
        "absoluteheightmaximum": 26.8,
        "absoluteheightminimum": 23.4,
        "geometry_evidencedate": "2024-06-20",
        "heightconfidencelevel": "Moderate",
        "relativeheightmaximum": 3.4,
        "absoluteheightroofbase": 26.2,
        "description_updatedate": "2018-09-17",
        "oslandcover_updatedate": "2018-09-17",
        "oslanduse_evidencedate": "2018-09-17",
        "relativeheightroofbase": 2.8,
        "versionavailabletodate": null,
        "firstdigitalcapturedate": "2018-09-17",
        "description_evidencedate": "2018-09-17",
        "oslandcover_evidencedate": "2018-09-17",
        "versionavailablefromdate": "2025-02-06T00:00:00Z"
      }
    },
    {
      "id": "bff9e70f-8af7-41f1-a319-45d1acd39711",
      "type": "Feature",
      "geometry": {
        "type": "Polygon",
        "coordinates": [
          [
            [
              -1.4664205,
              50.9390158
            ],
            [
              -1.4664904,
              50.939081
            ],
            [
              -1.4665519,
              50.9390546
            ],
            [
              -1.466482,
              50.9389895
            ],
            [
              -1.4664205,
              50.9390158
            ]
          ]
        ]
      },
      "properties": {
        "osid": "bff9e70f-8af7-41f1-a319-45d1acd39711",
        "toid": "osgb5000005239289059",
        "theme": "Buildings",
        "changetype": "Modified Attributes",
        "isobscured": false,
        "description": "Building",
        "versiondate": "2025-02-05",
        "geometry_area": 45.672867,
        "height_source": "Ordnance Survey",
        "physicallevel": "Surface Level",
        "oslandusetiera": "Residential Accommodation",
        "oslandusetierb": [
          "Private Residence"
        ],
        "geometry_source": "Ordnance Survey",
        "oslandcovertiera": "Constructed",
        "oslandcovertierb": [
          "Building"
        ],
        "oslanduse_source": "Ordnance Survey",
        "height_updatedate": "2025-01-17",
        "description_source": "Ordnance Survey",
        "oslandcover_source": "Ordnance Survey",
        "associatedstructure": null,
        "geometry_updatedate": "2018-11-23",
        "height_evidencedate": "2024-06-20",
        "capturespecification": "Urban",
        "oslanduse_updatedate": "2018-11-26",
        "absoluteheightmaximum": 28.1,
        "absoluteheightminimum": 20,
        "geometry_evidencedate": "2018-11-23",
        "heightconfidencelevel": "Moderate",
        "relativeheightmaximum": 8.1,
        "absoluteheightroofbase": 25.8,
        "description_updatedate": "2018-11-26",
        "oslandcover_updatedate": "2018-11-26",
        "oslanduse_evidencedate": "2018-11-26",
        "relativeheightroofbase": 5.8,
        "versionavailabletodate": null,
        "firstdigitalcapturedate": "2018-11-26",
        "description_evidencedate": "2018-11-26",
        "oslandcover_evidencedate": "2018-11-26",
        "versionavailablefromdate": "2025-02-06T00:00:00Z"
      }
    },
    {
      "id": "c124c516-13ef-4b26-9622-959d47463443",
      "type": "Feature",
      "geometry": {
        "type": "Polygon",
        "coordinates": [
          [
            [
              -1.4653401,
              50.93979
            ],
            [
              -1.4652801,
              50.9397627
            ],
            [
              -1.4652005,
              50.9398327
            ],
            [
              -1.4652604,
              50.9398599
            ],
            [
              -1.4653401,
              50.93979
            ]
          ]
        ]
      },
      "properties": {
        "osid": "c124c516-13ef-4b26-9622-959d47463443",
        "toid": "osgb5000005227734234",
        "theme": "Buildings",
        "changetype": "Modified Attributes",
        "isobscured": false,
        "description": "Building",
        "versiondate": "2025-02-05",
        "geometry_area": 49.722792,
        "height_source": "Ordnance Survey",
        "physicallevel": "Surface Level",
        "oslandusetiera": "Residential Accommodation",
        "oslandusetierb": [
          "Private Residence"
        ],
        "geometry_source": "Ordnance Survey",
        "oslandcovertiera": "Constructed",
        "oslandcovertierb": [
          "Building"
        ],
        "oslanduse_source": "Ordnance Survey",
        "height_updatedate": "2025-01-17",
        "description_source": "Ordnance Survey",
        "oslandcover_source": "Ordnance Survey",
        "associatedstructure": null,
        "geometry_updatedate": "2018-04-30",
        "height_evidencedate": "2024-06-20",
        "capturespecification": "Urban",
        "oslanduse_updatedate": "2018-04-30",
        "absoluteheightmaximum": 31.6,
        "absoluteheightminimum": 23.4,
        "geometry_evidencedate": "2018-04-30",
        "heightconfidencelevel": "Moderate",
        "relativeheightmaximum": 8.2,
        "absoluteheightroofbase": 28.5,
        "description_updatedate": "2018-04-30",
        "oslandcover_updatedate": "2018-04-30",
        "oslanduse_evidencedate": "2018-04-30",
        "relativeheightroofbase": 5.1,
        "versionavailabletodate": null,
        "firstdigitalcapturedate": "2018-04-30",
        "description_evidencedate": "2018-04-30",
        "oslandcover_evidencedate": "2018-04-30",
        "versionavailablefromdate": "2025-02-06T00:00:00Z"
      }
    },
    {
      "id": "c1272cd3-1f57-4cf9-aecd-a4b4fab15bf0",
      "type": "Feature",
      "geometry": {
        "type": "Polygon",
        "coordinates": [
          [
            [
              -1.4669479,
              50.9380057
            ],
            [
              -1.4668783,
              50.9380147
            ],
            [
              -1.4669005,
              50.9380881
            ],
            [
              -1.4669699,
              50.9380786
            ],
            [
              -1.4669479,
              50.9380057
            ]
          ]
        ]
      },
      "properties": {
        "osid": "c1272cd3-1f57-4cf9-aecd-a4b4fab15bf0",
        "toid": "osgb1000016342658",
        "theme": "Buildings",
        "changetype": "Modified Attributes",
        "isobscured": false,
        "description": "Building",
        "versiondate": "2025-02-05",
        "geometry_area": 41.32935,
        "height_source": "Ordnance Survey",
        "physicallevel": "Surface Level",
        "oslandusetiera": "Residential Accommodation",
        "oslandusetierb": [
          "Private Residence"
        ],
        "geometry_source": "Ordnance Survey",
        "oslandcovertiera": "Constructed",
        "oslandcovertierb": [
          "Building"
        ],
        "oslanduse_source": "Ordnance Survey",
        "height_updatedate": "2025-01-17",
        "description_source": "Ordnance Survey",
        "oslandcover_source": "Ordnance Survey",
        "associatedstructure": null,
        "geometry_updatedate": "2006-12-14",
        "height_evidencedate": "2024-06-20",
        "capturespecification": "Urban",
        "oslanduse_updatedate": "2006-12-14",
        "absoluteheightmaximum": 22.5,
        "absoluteheightminimum": 16.5,
        "geometry_evidencedate": "2006-12-14",
        "heightconfidencelevel": "Moderate",
        "relativeheightmaximum": 6,
        "absoluteheightroofbase": 21.2,
        "description_updatedate": "2006-12-14",
        "oslandcover_updatedate": "2006-12-14",
        "oslanduse_evidencedate": "2006-12-14",
        "relativeheightroofbase": 4.7,
        "versionavailabletodate": null,
        "firstdigitalcapturedate": "1988-07-28",
        "description_evidencedate": "2006-12-14",
        "oslandcover_evidencedate": "2006-12-14",
        "versionavailablefromdate": "2025-02-06T00:00:00Z"
      }
    },
    {
      "id": "c2ebac37-6f32-4043-8305-c28c70953426",
      "type": "Feature",
      "geometry": {
        "type": "Polygon",
        "coordinates": [
          [
            [
              -1.4675714,
              50.9381928
            ],
            [
              -1.4675711,
              50.9382116
            ],
            [
              -1.467571,
              50.9382201
            ],
            [
              -1.4675866,
              50.9382201
            ],
            [
              -1.4676299,
              50.9382203
            ],
            [
              -1.4676303,
              50.9381844
            ],
            [
              -1.4676458,
              50.9381845
            ],
            [
              -1.4676634,
              50.9381846
            ],
            [
              -1.4676635,
              50.9381765
            ],
            [
              -1.467667,
              50.9381765
            ],
            [
              -1.4677126,
              50.9381767
            ],
            [
              -1.467713,
              50.9381407
            ],
            [
              -1.4676675,
              50.9381405
            ],
            [
              -1.4676646,
              50.9381405
            ],
            [
              -1.4676648,
              50.9381225
            ],
            [
              -1.4676614,
              50.9381225
            ],
            [
              -1.4676615,
              50.9381115
            ],
            [
              -1.4676305,
              50.9381114
            ],
            [
              -1.4676303,
              50.9381224
            ],
            [
              -1.4675716,
              50.9381221
            ],
            [
              -1.4675715,
              50.9381842
            ],
            [
              -1.4675714,
              50.9381928
            ]
          ]
        ]
      },
      "properties": {
        "osid": "c2ebac37-6f32-4043-8305-c28c70953426",
        "toid": "osgb1000016342666",
        "theme": "Buildings",
        "changetype": "Modified Attributes",
        "isobscured": false,
        "description": "Building",
        "versiondate": "2025-02-05",
        "geometry_area": 77.787885,
        "height_source": "Ordnance Survey",
        "physicallevel": "Surface Level",
        "oslandusetiera": "Residential Accommodation",
        "oslandusetierb": [
          "Private Residence"
        ],
        "geometry_source": "Ordnance Survey",
        "oslandcovertiera": "Constructed",
        "oslandcovertierb": [
          "Building"
        ],
        "oslanduse_source": "Ordnance Survey",
        "height_updatedate": "2025-01-17",
        "description_source": "Ordnance Survey",
        "oslandcover_source": "Ordnance Survey",
        "associatedstructure": null,
        "geometry_updatedate": "2019-12-29",
        "height_evidencedate": "2024-06-20",
        "capturespecification": "Urban",
        "oslanduse_updatedate": "2004-04-13",
        "absoluteheightmaximum": 21.5,
        "absoluteheightminimum": 13.7,
        "geometry_evidencedate": "2019-06-28",
        "heightconfidencelevel": "Moderate",
        "relativeheightmaximum": 7.8,
        "absoluteheightroofbase": 18.6,
        "description_updatedate": "2004-04-13",
        "oslandcover_updatedate": "2004-04-13",
        "oslanduse_evidencedate": "2004-04-13",
        "relativeheightroofbase": 4.9,
        "versionavailabletodate": null,
        "firstdigitalcapturedate": "1988-07-28",
        "description_evidencedate": "2004-04-13",
        "oslandcover_evidencedate": "2004-04-13",
        "versionavailablefromdate": "2025-02-06T00:00:00Z"
      }
    },
    {
      "id": "c443d0f7-4774-43d8-bf5d-59ae1333276d",
      "type": "Feature",
      "geometry": {
        "type": "Polygon",
        "coordinates": [
          [
            [
              -1.4653693,
              50.9369266
            ],
            [
              -1.4654228,
              50.9369291
            ],
            [
              -1.4654222,
              50.936904
            ],
            [
              -1.465376,
              50.9369003
            ],
            [
              -1.4653693,
              50.9369266
            ]
          ]
        ]
      },
      "properties": {
        "osid": "c443d0f7-4774-43d8-bf5d-59ae1333276d",
        "toid": "osgb5000005203977165",
        "theme": "Buildings",
        "changetype": "Modified Attributes",
        "isobscured": false,
        "description": "Building",
        "versiondate": "2025-02-05",
        "geometry_area": 10.079198,
        "height_source": "Ordnance Survey",
        "physicallevel": "Surface Level",
        "oslandusetiera": "Residential Accommodation",
        "oslandusetierb": [
          "Private Residence"
        ],
        "geometry_source": "Ordnance Survey",
        "oslandcovertiera": "Constructed",
        "oslandcovertierb": [
          "Building"
        ],
        "oslanduse_source": "Ordnance Survey",
        "height_updatedate": "2025-01-17",
        "description_source": "Ordnance Survey",
        "oslandcover_source": "Ordnance Survey",
        "associatedstructure": null,
        "geometry_updatedate": "2017-05-02",
        "height_evidencedate": "2024-06-20",
        "capturespecification": "Urban",
        "oslanduse_updatedate": "2017-05-02",
        "absoluteheightmaximum": 18.5,
        "absoluteheightminimum": 15.9,
        "geometry_evidencedate": "2016-08-12",
        "heightconfidencelevel": "Moderate",
        "relativeheightmaximum": 2.6,
        "absoluteheightroofbase": 18.3,
        "description_updatedate": "2017-05-02",
        "oslandcover_updatedate": "2017-05-02",
        "oslanduse_evidencedate": "2016-08-12",
        "relativeheightroofbase": 2.4,
        "versionavailabletodate": null,
        "firstdigitalcapturedate": "2017-05-04",
        "description_evidencedate": "2016-08-12",
        "oslandcover_evidencedate": "2016-08-12",
        "versionavailablefromdate": "2025-02-06T00:00:00Z"
      }
    },
    {
      "id": "c4b3f06f-b44d-41fe-a876-a62c9d88cb72",
      "type": "Feature",
      "geometry": {
        "type": "Polygon",
        "coordinates": [
          [
            [
              -1.4694088,
              50.9406115
            ],
            [
              -1.4694087,
              50.9406295
            ],
            [
              -1.4694775,
              50.9406296
            ],
            [
              -1.4694776,
              50.9406115
            ],
            [
              -1.4694088,
              50.9406115
            ]
          ]
        ]
      },
      "properties": {
        "osid": "c4b3f06f-b44d-41fe-a876-a62c9d88cb72",
        "toid": "osgb5000005274099712",
        "theme": "Buildings",
        "changetype": "Modified Attributes",
        "isobscured": false,
        "description": "Building",
        "versiondate": "2025-02-05",
        "geometry_area": 9.682951,
        "height_source": "Ordnance Survey",
        "physicallevel": "Surface Level",
        "oslandusetiera": "Commercial Activity: Industrial Or Manufacturing",
        "oslandusetierb": [],
        "geometry_source": "Ordnance Survey",
        "oslandcovertiera": "Constructed",
        "oslandcovertierb": [
          "Building"
        ],
        "oslanduse_source": "Ordnance Survey",
        "height_updatedate": "2025-01-17",
        "description_source": "Ordnance Survey",
        "oslandcover_source": "Ordnance Survey",
        "associatedstructure": null,
        "geometry_updatedate": "2020-12-15",
        "height_evidencedate": "2024-06-20",
        "capturespecification": "Urban",
        "oslanduse_updatedate": "2020-12-15",
        "absoluteheightmaximum": null,
        "absoluteheightminimum": 16.9,
        "geometry_evidencedate": "2020-09-20",
        "heightconfidencelevel": "Incomplete",
        "relativeheightmaximum": null,
        "absoluteheightroofbase": null,
        "description_updatedate": "2020-12-15",
        "oslandcover_updatedate": "2020-12-15",
        "oslanduse_evidencedate": "2020-09-20",
        "relativeheightroofbase": null,
        "versionavailabletodate": null,
        "firstdigitalcapturedate": "2020-12-15",
        "description_evidencedate": "2020-09-20",
        "oslandcover_evidencedate": "2020-09-20",
        "versionavailablefromdate": "2025-02-06T00:00:00Z"
      }
    },
    {
      "id": "c6243153-85aa-429c-b198-6c6c9f50b907",
      "type": "Feature",
      "geometry": {
        "type": "Polygon",
        "coordinates": [
          [
            [
              -1.4660951,
              50.935518
            ],
            [
              -1.4660981,
              50.9355116
            ],
            [
              -1.4660828,
              50.9355087
            ],
            [
              -1.4660292,
              50.9354986
            ],
            [
              -1.4660389,
              50.9354783
            ],
            [
              -1.4660391,
              50.9354778
            ],
            [
              -1.4659718,
              50.9354652
            ],
            [
              -1.465963,
              50.9354838
            ],
            [
              -1.4659629,
              50.9354842
            ],
            [
              -1.4659098,
              50.9354742
            ],
            [
              -1.4659018,
              50.9354907
            ],
            [
              -1.4658874,
              50.9355203
            ],
            [
              -1.4657627,
              50.9354832
            ],
            [
              -1.4657921,
              50.9354534
            ],
            [
              -1.4657929,
              50.9354527
            ],
            [
              -1.465647,
              50.9353947
            ],
            [
              -1.4656286,
              50.9353874
            ],
            [
              -1.4656278,
              50.9353881
            ],
            [
              -1.4655649,
              50.9354514
            ],
            [
              -1.4655727,
              50.9354545
            ],
            [
              -1.4655219,
              50.9355055
            ],
            [
              -1.4655084,
              50.9355001
            ],
            [
              -1.4654948,
              50.9354947
            ],
            [
              -1.4654947,
              50.9354947
            ],
            [
              -1.4654552,
              50.9355344
            ],
            [
              -1.4654729,
              50.9355414
            ],
            [
              -1.4654759,
              50.9355426
            ],
            [
              -1.4653637,
              50.9356554
            ],
            [
              -1.46534,
              50.935646
            ],
            [
              -1.4652907,
              50.9356955
            ],
            [
              -1.4652981,
              50.9356984
            ],
            [
              -1.4652691,
              50.9357276
            ],
            [
              -1.4652883,
              50.9357352
            ],
            [
              -1.4652455,
              50.9357783
            ],
            [
              -1.4652371,
              50.9357749
            ],
            [
              -1.4651905,
              50.9358217
            ],
            [
              -1.4652718,
              50.935854
            ],
            [
              -1.4652639,
              50.935862
            ],
            [
              -1.4653645,
              50.9359019
            ],
            [
              -1.4654177,
              50.9358485
            ],
            [
              -1.465407,
              50.9358442
            ],
            [
              -1.4654089,
              50.9358423
            ],
            [
              -1.4654746,
              50.9357763
            ],
            [
              -1.4654867,
              50.9357811
            ],
            [
              -1.4655362,
              50.9357315
            ],
            [
              -1.465524,
              50.9357266
            ],
            [
              -1.4655488,
              50.9357017
            ],
            [
              -1.4655609,
              50.9357065
            ],
            [
              -1.4656103,
              50.9356569
            ],
            [
              -1.4655982,
              50.9356521
            ],
            [
              -1.4656203,
              50.9356299
            ],
            [
              -1.4656176,
              50.9356288
            ],
            [
              -1.4656145,
              50.9356276
            ],
            [
              -1.4656223,
              50.9356199
            ],
            [
              -1.4657266,
              50.9356332
            ],
            [
              -1.4657572,
              50.9356413
            ],
            [
              -1.4657705,
              50.9356211
            ],
            [
              -1.4658313,
              50.9356372
            ],
            [
              -1.4658303,
              50.9356393
            ],
            [
              -1.4657972,
              50.9357096
            ],
            [
              -1.4657835,
              50.935707
            ],
            [
              -1.4657575,
              50.9357623
            ],
            [
              -1.4657712,
              50.9357649
            ],
            [
              -1.4657581,
              50.9357927
            ],
            [
              -1.4657443,
              50.9357901
            ],
            [
              -1.465718,
              50.9358459
            ],
            [
              -1.4657318,
              50.9358485
            ],
            [
              -1.4656904,
              50.9359366
            ],
            [
              -1.4656917,
              50.9359369
            ],
            [
              -1.4658083,
              50.9359579
            ],
            [
              -1.4658126,
              50.9359484
            ],
            [
              -1.4658812,
              50.9359608
            ],
            [
              -1.4659046,
              50.9359106
            ],
            [
              -1.4659264,
              50.9359147
            ],
            [
              -1.4659419,
              50.9358817
            ],
            [
              -1.4659503,
              50.9358833
            ],
            [
              -1.4659775,
              50.9358257
            ],
            [
              -1.4659507,
              50.9358206
            ],
            [
              -1.4660102,
              50.9356946
            ],
            [
              -1.4660301,
              50.9356983
            ],
            [
              -1.466052,
              50.9356519
            ],
            [
              -1.4660338,
              50.9356485
            ],
            [
              -1.4660453,
              50.9356219
            ],
            [
              -1.4660641,
              50.9356254
            ],
            [
              -1.4660978,
              50.9356318
            ],
            [
              -1.4661119,
              50.9356019
            ],
            [
              -1.4661285,
              50.9355666
            ],
            [
              -1.4660768,
              50.9355568
            ],
            [
              -1.4660951,
              50.935518
            ]
          ]
        ]
      },
      "properties": {
        "osid": "c6243153-85aa-429c-b198-6c6c9f50b907",
        "toid": "osgb5000005335898427",
        "theme": "Buildings",
        "changetype": "Modified Attributes",
        "isobscured": false,
        "description": "Building",
        "versiondate": "2025-02-05",
        "geometry_area": 1834.722437,
        "height_source": "Ordnance Survey",
        "physicallevel": "Surface Level",
        "oslandusetiera": "Medical Or Health Care",
        "oslandusetierb": [],
        "geometry_source": "Ordnance Survey",
        "oslandcovertiera": "Constructed",
        "oslandcovertierb": [
          "Building"
        ],
        "oslanduse_source": "Ordnance Survey",
        "height_updatedate": "2025-01-17",
        "description_source": "Ordnance Survey",
        "oslandcover_source": "Ordnance Survey",
        "associatedstructure": null,
        "geometry_updatedate": "2024-09-26",
        "height_evidencedate": "2024-06-20",
        "capturespecification": "Urban",
        "oslanduse_updatedate": "2024-06-18",
        "absoluteheightmaximum": 25.6,
        "absoluteheightminimum": 12.5,
        "geometry_evidencedate": "2024-09-26",
        "heightconfidencelevel": "Low",
        "relativeheightmaximum": 13.1,
        "absoluteheightroofbase": 17.7,
        "description_updatedate": "2024-06-18",
        "oslandcover_updatedate": "2024-06-18",
        "oslanduse_evidencedate": "2024-05-30",
        "relativeheightroofbase": 5.2,
        "versionavailabletodate": null,
        "firstdigitalcapturedate": "2024-06-20",
        "description_evidencedate": "2024-05-30",
        "oslandcover_evidencedate": "2024-05-30",
        "versionavailablefromdate": "2025-02-06T00:00:00Z"
      }
    },
    {
      "id": "c66d7e8d-c2ca-48fc-a3ee-615604eb22b5",
      "type": "Feature",
      "geometry": {
        "type": "Polygon",
        "coordinates": [
          [
            [
              -1.4691818,
              50.9360013
            ],
            [
              -1.469194,
              50.9360368
            ],
            [
              -1.4692114,
              50.9360344
            ],
            [
              -1.4691992,
              50.9359989
            ],
            [
              -1.4691818,
              50.9360013
            ]
          ]
        ]
      },
      "properties": {
        "osid": "c66d7e8d-c2ca-48fc-a3ee-615604eb22b5",
        "toid": "osgb5000005280843260",
        "theme": "Buildings",
        "changetype": "New",
        "isobscured": false,
        "description": "Shelter",
        "versiondate": "2022-08-26",
        "geometry_area": 5.05344,
        "height_source": null,
        "physicallevel": "Surface Level",
        "oslandusetiera": "Unknown Or Unused Artificial",
        "oslandusetierb": [],
        "geometry_source": "Ordnance Survey",
        "oslandcovertiera": "Constructed",
        "oslandcovertierb": [
          "Building"
        ],
        "oslanduse_source": "Ordnance Survey",
        "height_updatedate": null,
        "description_source": "Ordnance Survey",
        "oslandcover_source": "Ordnance Survey",
        "associatedstructure": null,
        "geometry_updatedate": "2021-05-05",
        "height_evidencedate": null,
        "capturespecification": "Urban",
        "oslanduse_updatedate": "2021-05-05",
        "absoluteheightmaximum": null,
        "absoluteheightminimum": null,
        "geometry_evidencedate": "2021-05-05",
        "heightconfidencelevel": null,
        "relativeheightmaximum": null,
        "absoluteheightroofbase": null,
        "description_updatedate": "2021-05-05",
        "oslandcover_updatedate": "2021-05-05",
        "oslanduse_evidencedate": "2021-05-05",
        "relativeheightroofbase": null,
        "versionavailabletodate": null,
        "firstdigitalcapturedate": "2021-05-06",
        "description_evidencedate": "2021-05-05",
        "oslandcover_evidencedate": "2021-05-05",
        "versionavailablefromdate": "2022-08-27T00:00:00Z"
      }
    },
    {
      "id": "c6b3272c-63f7-4644-9eb4-0e98bef111dc",
      "type": "Feature",
      "geometry": {
        "type": "Polygon",
        "coordinates": [
          [
            [
              -1.468452,
              50.937485
            ],
            [
              -1.4684856,
              50.9374432
            ],
            [
              -1.4684675,
              50.9374382
            ],
            [
              -1.4684556,
              50.9374334
            ],
            [
              -1.4684214,
              50.937475
            ],
            [
              -1.468452,
              50.937485
            ]
          ]
        ]
      },
      "properties": {
        "osid": "c6b3272c-63f7-4644-9eb4-0e98bef111dc",
        "toid": "osgb1000016343225",
        "theme": "Buildings",
        "changetype": "Modified Attributes",
        "isobscured": false,
        "description": "Building",
        "versiondate": "2025-02-05",
        "geometry_area": 12.40965,
        "height_source": "Ordnance Survey",
        "physicallevel": "Surface Level",
        "oslandusetiera": "Unknown Or Unused Artificial",
        "oslandusetierb": [],
        "geometry_source": "Ordnance Survey",
        "oslandcovertiera": "Constructed",
        "oslandcovertierb": [
          "Building"
        ],
        "oslanduse_source": "Ordnance Survey",
        "height_updatedate": "2025-01-17",
        "description_source": "Ordnance Survey",
        "oslandcover_source": "Ordnance Survey",
        "associatedstructure": null,
        "geometry_updatedate": "2004-02-10",
        "height_evidencedate": "2024-06-20",
        "capturespecification": "Urban",
        "oslanduse_updatedate": "2004-02-10",
        "absoluteheightmaximum": null,
        "absoluteheightminimum": 12.2,
        "geometry_evidencedate": "2004-02-10",
        "heightconfidencelevel": "Incomplete",
        "relativeheightmaximum": null,
        "absoluteheightroofbase": null,
        "description_updatedate": "2004-02-10",
        "oslandcover_updatedate": "2004-02-10",
        "oslanduse_evidencedate": "2004-02-10",
        "relativeheightroofbase": null,
        "versionavailabletodate": null,
        "firstdigitalcapturedate": "1988-07-28",
        "description_evidencedate": "2004-02-10",
        "oslandcover_evidencedate": "2004-02-10",
        "versionavailablefromdate": "2025-02-06T00:00:00Z"
      }
    },
    {
      "id": "c6e58a4d-da49-40bf-956f-ceab66953691",
      "type": "Feature",
      "geometry": {
        "type": "Polygon",
        "coordinates": [
          [
            [
              -1.4675496,
              50.9368456
            ],
            [
              -1.4675363,
              50.9368737
            ],
            [
              -1.4675874,
              50.9368831
            ],
            [
              -1.4676007,
              50.9368553
            ],
            [
              -1.4675496,
              50.9368456
            ]
          ]
        ]
      },
      "properties": {
        "osid": "c6e58a4d-da49-40bf-956f-ceab66953691",
        "toid": "osgb5000005340806056",
        "theme": "Buildings",
        "changetype": "Modified Attributes",
        "isobscured": false,
        "description": "Building",
        "versiondate": "2025-02-15",
        "geometry_area": 12.143508,
        "height_source": "Ordnance Survey",
        "physicallevel": "Surface Level",
        "oslandusetiera": "Residential Accommodation",
        "oslandusetierb": [
          "Private Residence"
        ],
        "geometry_source": "Ordnance Survey",
        "oslandcovertiera": "Constructed",
        "oslandcovertierb": [
          "Building"
        ],
        "oslanduse_source": "Ordnance Survey",
        "height_updatedate": "2025-02-13",
        "description_source": "Ordnance Survey",
        "oslandcover_source": "Ordnance Survey",
        "associatedstructure": null,
        "geometry_updatedate": "2024-11-27",
        "height_evidencedate": "2024-06-20",
        "capturespecification": "Urban",
        "oslanduse_updatedate": "2024-11-27",
        "absoluteheightmaximum": null,
        "absoluteheightminimum": 12.9,
        "geometry_evidencedate": "2024-06-20",
        "heightconfidencelevel": "Incomplete",
        "relativeheightmaximum": null,
        "absoluteheightroofbase": null,
        "description_updatedate": "2024-11-27",
        "oslandcover_updatedate": "2024-11-27",
        "oslanduse_evidencedate": "2024-06-20",
        "relativeheightroofbase": null,
        "versionavailabletodate": null,
        "firstdigitalcapturedate": "2024-11-27",
        "description_evidencedate": "2024-06-20",
        "oslandcover_evidencedate": "2024-06-20",
        "versionavailablefromdate": "2025-02-16T00:00:00Z"
      }
    },
    {
      "id": "c7210c61-523d-467d-aa28-2ed756779a54",
      "type": "Feature",
      "geometry": {
        "type": "Polygon",
        "coordinates": [
          [
            [
              -1.466961,
              50.9364463
            ],
            [
              -1.4669297,
              50.9364461
            ],
            [
              -1.4669297,
              50.9364687
            ],
            [
              -1.4668968,
              50.9364687
            ],
            [
              -1.4668969,
              50.9365005
            ],
            [
              -1.4669298,
              50.9365005
            ],
            [
              -1.4670458,
              50.9365002
            ],
            [
              -1.4670457,
              50.9364467
            ],
            [
              -1.466961,
              50.9364463
            ]
          ]
        ]
      },
      "properties": {
        "osid": "c7210c61-523d-467d-aa28-2ed756779a54",
        "toid": "osgb1000016342796",
        "theme": "Buildings",
        "changetype": "Modified Attributes",
        "isobscured": false,
        "description": "Building",
        "versiondate": "2025-02-05",
        "geometry_area": 57.104109,
        "height_source": "Ordnance Survey",
        "physicallevel": "Surface Level",
        "oslandusetiera": "Residential Accommodation",
        "oslandusetierb": [
          "Private Residence"
        ],
        "geometry_source": "Ordnance Survey",
        "oslandcovertiera": "Constructed",
        "oslandcovertierb": [
          "Building"
        ],
        "oslanduse_source": "Ordnance Survey",
        "height_updatedate": "2025-01-17",
        "description_source": "Ordnance Survey",
        "oslandcover_source": "Ordnance Survey",
        "associatedstructure": null,
        "geometry_updatedate": "2017-04-21",
        "height_evidencedate": "2024-06-20",
        "capturespecification": "Urban",
        "oslanduse_updatedate": "2004-04-13",
        "absoluteheightmaximum": 20.1,
        "absoluteheightminimum": 12.9,
        "geometry_evidencedate": "2016-08-12",
        "heightconfidencelevel": "Moderate",
        "relativeheightmaximum": 7.2,
        "absoluteheightroofbase": 18.4,
        "description_updatedate": "2004-04-13",
        "oslandcover_updatedate": "2004-04-13",
        "oslanduse_evidencedate": "2004-04-13",
        "relativeheightroofbase": 5.5,
        "versionavailabletodate": null,
        "firstdigitalcapturedate": "1988-05-16",
        "description_evidencedate": "2004-04-13",
        "oslandcover_evidencedate": "2004-04-13",
        "versionavailablefromdate": "2025-02-06T00:00:00Z"
      }
    },
    {
      "id": "c7638c87-2c77-4a19-a6a6-1be6c0cdfe8b",
      "type": "Feature",
      "geometry": {
        "type": "Polygon",
        "coordinates": [
          [
            [
              -1.4685458,
              50.9374626
            ],
            [
              -1.4685163,
              50.9374531
            ],
            [
              -1.4684819,
              50.9374948
            ],
            [
              -1.468513,
              50.937505
            ],
            [
              -1.4685458,
              50.9374626
            ]
          ]
        ]
      },
      "properties": {
        "osid": "c7638c87-2c77-4a19-a6a6-1be6c0cdfe8b",
        "toid": "osgb1000016343223",
        "theme": "Buildings",
        "changetype": "Modified Attributes",
        "isobscured": false,
        "description": "Building",
        "versiondate": "2025-02-05",
        "geometry_area": 12.54645,
        "height_source": "Ordnance Survey",
        "physicallevel": "Surface Level",
        "oslandusetiera": "Unknown Or Unused Artificial",
        "oslandusetierb": [],
        "geometry_source": "Ordnance Survey",
        "oslandcovertiera": "Constructed",
        "oslandcovertierb": [
          "Building"
        ],
        "oslanduse_source": "Ordnance Survey",
        "height_updatedate": "2025-01-17",
        "description_source": "Ordnance Survey",
        "oslandcover_source": "Ordnance Survey",
        "associatedstructure": null,
        "geometry_updatedate": "2004-02-10",
        "height_evidencedate": "2024-06-20",
        "capturespecification": "Urban",
        "oslanduse_updatedate": "2004-02-10",
        "absoluteheightmaximum": null,
        "absoluteheightminimum": 12.2,
        "geometry_evidencedate": "2004-02-10",
        "heightconfidencelevel": "Incomplete",
        "relativeheightmaximum": null,
        "absoluteheightroofbase": null,
        "description_updatedate": "2004-02-10",
        "oslandcover_updatedate": "2004-02-10",
        "oslanduse_evidencedate": "2004-02-10",
        "relativeheightroofbase": null,
        "versionavailabletodate": null,
        "firstdigitalcapturedate": "1988-07-28",
        "description_evidencedate": "2004-02-10",
        "oslandcover_evidencedate": "2004-02-10",
        "versionavailablefromdate": "2025-02-06T00:00:00Z"
      }
    },
    {
      "id": "c7bcde40-5b00-4a61-8b83-e55ae618122a",
      "type": "Feature",
      "geometry": {
        "type": "Polygon",
        "coordinates": [
          [
            [
              -1.4651708,
              50.9363044
            ],
            [
              -1.4651851,
              50.9363051
            ],
            [
              -1.4652975,
              50.9363101
            ],
            [
              -1.4653038,
              50.936257
            ],
            [
              -1.4651914,
              50.936252
            ],
            [
              -1.4651878,
              50.9362821
            ],
            [
              -1.4651735,
              50.9362814
            ],
            [
              -1.4651708,
              50.9363044
            ]
          ]
        ]
      },
      "properties": {
        "osid": "c7bcde40-5b00-4a61-8b83-e55ae618122a",
        "toid": "osgb1000016342824",
        "theme": "Buildings",
        "changetype": "Modified Attributes",
        "isobscured": false,
        "description": "Building",
        "versiondate": "2025-02-05",
        "geometry_area": 49.391885,
        "height_source": "Ordnance Survey",
        "physicallevel": "Surface Level",
        "oslandusetiera": "Residential Accommodation",
        "oslandusetierb": [
          "Private Residence"
        ],
        "geometry_source": "Ordnance Survey",
        "oslandcovertiera": "Constructed",
        "oslandcovertierb": [
          "Building"
        ],
        "oslanduse_source": "Ordnance Survey",
        "height_updatedate": "2025-01-17",
        "description_source": "Ordnance Survey",
        "oslandcover_source": "Ordnance Survey",
        "associatedstructure": null,
        "geometry_updatedate": "2017-04-21",
        "height_evidencedate": "2024-06-20",
        "capturespecification": "Urban",
        "oslanduse_updatedate": "2006-07-11",
        "absoluteheightmaximum": 21.2,
        "absoluteheightminimum": 13.4,
        "geometry_evidencedate": "2016-08-12",
        "heightconfidencelevel": "Moderate",
        "relativeheightmaximum": 7.8,
        "absoluteheightroofbase": 19.9,
        "description_updatedate": "2006-07-11",
        "oslandcover_updatedate": "2006-07-11",
        "oslanduse_evidencedate": "2006-07-11",
        "relativeheightroofbase": 6.5,
        "versionavailabletodate": null,
        "firstdigitalcapturedate": "1988-05-16",
        "description_evidencedate": "2006-07-11",
        "oslandcover_evidencedate": "2006-07-11",
        "versionavailablefromdate": "2025-02-06T00:00:00Z"
      }
    }
  ]
}