{
  "type": "FeatureCollection",
  "links": [
    {
      "href": "https://api.os.uk/features/ngd/ofa/v1/collections/bld-fts-buildingpart-1/items?limit=100&bbox=-1.47483339,50.93365735,-1.46336657,50.94090276&key=ALZCQtABtiUvfdlGkrF7cHxaFBHhoh9j",
      "rel": "self",
      "type": "application/geo+json",
      "title": "All features from the 'Building Part v1' collection within bounding box: -1.47483339,50.93365735,-1.46336657,50.94090276"
    },
    {
      "href": "https://api.os.uk/features/ngd/ofa/v1/collections/bld-fts-buildingpart-1/items?offset=100&limit=100&bbox=-1.47483339,50.93365735,-1.46336657,50.94090276&key=ALZCQtABtiUvfdlGkrF7cHxaFBHhoh9j",
      "rel": "next",
      "type": "application/geo+json",
      "title": "Next page"
    }
  ],
  "timeStamp": "2025-10-13T23:39:05.934720678Z",
  "numberReturned": 100,
  "features": [
    {
      "id": "0047c654-940f-4755-857c-9af73d405d82",
      "type": "Feature",
      "geometry": {
        "type": "Polygon",
        "coordinates": [
          [
            [
              -1.4651274,
              50.9397145
            ],
            [
              -1.4651179,
              50.9397189
            ],
            [
              -1.4651055,
              50.9397354
            ],
            [
              -1.4650711,
              50.9397816
            ],
            [
              -1.4651941,
              50.9398183
            ],
            [
              -1.4652286,
              50.9397721
            ],
            [
              -1.4651879,
              50.93976
            ],
            [
              -1.4651568,
              50.9397507
            ],
            [
              -1.4651735,
              50.9397283
            ],
            [
              -1.4651274,
              50.9397145
            ]
          ]
        ]
      },
      "properties": {
        "osid": "0047c654-940f-4755-857c-9af73d405d82",
        "toid": "osgb5000005227734259",
        "theme": "Buildings",
        "changetype": "Modified Attributes",
        "isobscured": false,
        "description": "Building",
        "versiondate": "2025-02-05",
        "geometry_area": 65.046406,
        "height_source": "Ordnance Survey",
        "physicallevel": "Surface Level",
        "oslandusetiera": "Residential Accommodation",
        "oslandusetierb": [
          "Private Residence"
        ],
        "geometry_source": "Ordnance Survey",
        "oslandcovertiera": "Constructed",
        "oslandcovertierb": [
          "Building"
        ],
        "oslanduse_source": "Ordnance Survey",
        "height_updatedate": "2025-01-17",
        "description_source": "Ordnance Survey",
        "oslandcover_source": "Ordnance Survey",
        "associatedstructure": null,
        "geometry_updatedate": "2022-05-06",
        "height_evidencedate": "2024-06-20",
        "capturespecification": "Urban",
        "oslanduse_updatedate": "2018-04-30",
        "absoluteheightmaximum": 31.6,
        "absoluteheightminimum": 23.5,
        "geometry_evidencedate": "2021-04-17",
        "heightconfidencelevel": "Moderate",
        "relativeheightmaximum": 8.1,
        "absoluteheightroofbase": 28.2,
        "description_updatedate": "2018-04-30",
        "oslandcover_updatedate": "2018-04-30",
        "oslanduse_evidencedate": "2018-04-30",
        "relativeheightroofbase": 4.7,
        "versionavailabletodate": null,
        "firstdigitalcapturedate": "2018-04-30",
        "description_evidencedate": "2018-04-30",
        "oslandcover_evidencedate": "2018-04-30",
        "versionavailablefromdate": "2025-02-06T00:00:00Z"
      }
    },
    {
      "id": "0047d7a7-bf80-4e49-9cdd-6826b39f761c",
      "type": "Feature",
      "geometry": {
        "type": "Polygon",
        "coordinates": [
          [
            [
              -1.4678405,
              50.936737
            ],
            [
              -1.4678818,
              50.9367086
            ],
            [
              -1.4678251,
              50.9366757
            ],
            [
              -1.4677838,
              50.936704
            ],
            [
              -1.4678405,
              50.936737
            ]
          ]
        ]
      },
      "properties": {
        "osid": "0047d7a7-bf80-4e49-9cdd-6826b39f761c",
        "toid": "osgb5000005203977474",
        "theme": "Buildings",
        "changetype": "Modified Attributes",
        "isobscured": false,
        "description": "Building",
        "versiondate": "2025-02-05",
        "geometry_area": 23.181282,
        "height_source": "Ordnance Survey",
        "physicallevel": "Surface Level",
        "oslandusetiera": "Residential Accommodation",
        "oslandusetierb": [
          "Private Residence"
        ],
        "geometry_source": "Ordnance Survey",
        "oslandcovertiera": "Constructed",
        "oslandcovertierb": [
          "Building"
        ],
        "oslanduse_source": "Ordnance Survey",
        "height_updatedate": "2025-01-17",
        "description_source": "Ordnance Survey",
        "oslandcover_source": "Ordnance Survey",
        "associatedstructure": null,
        "geometry_updatedate": "2017-04-19",
        "height_evidencedate": "2024-06-20",
        "capturespecification": "Urban",
        "oslanduse_updatedate": "2017-04-19",
        "absoluteheightmaximum": null,
        "absoluteheightminimum": 12.6,
        "geometry_evidencedate": "2016-08-12",
        "heightconfidencelevel": "Incomplete",
        "relativeheightmaximum": null,
        "absoluteheightroofbase": null,
        "description_updatedate": "2017-04-19",
        "oslandcover_updatedate": "2017-04-19",
        "oslanduse_evidencedate": "2016-08-12",
        "relativeheightroofbase": null,
        "versionavailabletodate": null,
        "firstdigitalcapturedate": "2017-05-04",
        "description_evidencedate": "2016-08-12",
        "oslandcover_evidencedate": "2016-08-12",
        "versionavailablefromdate": "2025-02-06T00:00:00Z"
      }
    },
    {
      "id": "020f4b6e-1d56-4053-89d0-c0a6aabca368",
      "type": "Feature",
      "geometry": {
        "type": "Polygon",
        "coordinates": [
          [
            [
              -1.4706572,
              50.9359077
            ],
            [
              -1.470614,
              50.9359096
            ],
            [
              -1.4706167,
              50.9359346
            ],
            [
              -1.4706599,
              50.9359327
            ],
            [
              -1.4706572,
              50.9359077
            ]
          ]
        ]
      },
      "properties": {
        "osid": "020f4b6e-1d56-4053-89d0-c0a6aabca368",
        "toid": "osgb5000005335824239",
        "theme": "Buildings",
        "changetype": "Modified Attributes",
        "isobscured": false,
        "description": "Building",
        "versiondate": "2025-02-15",
        "geometry_area": 8.462466,
        "height_source": "Ordnance Survey",
        "physicallevel": "Surface Level",
        "oslandusetiera": "Utility Or Environmental Protection",
        "oslandusetierb": [
          "Electricity Distribution"
        ],
        "geometry_source": "Ordnance Survey",
        "oslandcovertiera": "Constructed",
        "oslandcovertierb": [
          "Building"
        ],
        "oslanduse_source": "Ordnance Survey",
        "height_updatedate": "2025-02-13",
        "description_source": "Ordnance Survey",
        "oslandcover_source": "Ordnance Survey",
        "associatedstructure": null,
        "geometry_updatedate": "2024-06-17",
        "height_evidencedate": "2024-06-20",
        "capturespecification": "Urban",
        "oslanduse_updatedate": "2024-06-17",
        "absoluteheightmaximum": null,
        "absoluteheightminimum": 10.9,
        "geometry_evidencedate": "2024-05-30",
        "heightconfidencelevel": "Incomplete",
        "relativeheightmaximum": null,
        "absoluteheightroofbase": null,
        "description_updatedate": "2024-06-17",
        "oslandcover_updatedate": "2024-06-17",
        "oslanduse_evidencedate": "2024-05-30",
        "relativeheightroofbase": null,
        "versionavailabletodate": null,
        "firstdigitalcapturedate": "2024-06-18",
        "description_evidencedate": "2024-05-30",
        "oslandcover_evidencedate": "2024-05-30",
        "versionavailablefromdate": "2025-02-16T00:00:00Z"
      }
    },
    {
      "id": "03816020-cd6a-4528-a125-6120f03b28c2",
      "type": "Feature",
      "geometry": {
        "type": "Polygon",
        "coordinates": [
          [
            [
              -1.4679625,
              50.9367312
            ],
            [
              -1.4679677,
              50.9367767
            ],
            [
              -1.4680104,
              50.9367752
            ],
            [
              -1.4680095,
              50.9367303
            ],
            [
              -1.4679752,
              50.936731
            ],
            [
              -1.4679625,
              50.9367312
            ]
          ]
        ]
      },
      "properties": {
        "osid": "03816020-cd6a-4528-a125-6120f03b28c2",
        "toid": "osgb1000016343218",
        "theme": "Buildings",
        "changetype": "Modified Attributes",
        "isobscured": false,
        "description": "Building",
        "versiondate": "2025-02-05",
        "geometry_area": 15.867465,
        "height_source": "Ordnance Survey",
        "physicallevel": "Surface Level",
        "oslandusetiera": "Unknown Or Unused Artificial",
        "oslandusetierb": [],
        "geometry_source": "Ordnance Survey",
        "oslandcovertiera": "Constructed",
        "oslandcovertierb": [
          "Building"
        ],
        "oslanduse_source": "Ordnance Survey",
        "height_updatedate": "2025-01-17",
        "description_source": "Ordnance Survey",
        "oslandcover_source": "Ordnance Survey",
        "associatedstructure": null,
        "geometry_updatedate": "2017-04-19",
        "height_evidencedate": "2024-06-20",
        "capturespecification": "Urban",
        "oslanduse_updatedate": "2004-02-10",
        "absoluteheightmaximum": null,
        "absoluteheightminimum": 12.4,
        "geometry_evidencedate": "2016-08-12",
        "heightconfidencelevel": "Incomplete",
        "relativeheightmaximum": null,
        "absoluteheightroofbase": null,
        "description_updatedate": "2004-02-10",
        "oslandcover_updatedate": "2004-02-10",
        "oslanduse_evidencedate": "2004-02-10",
        "relativeheightroofbase": null,
        "versionavailabletodate": null,
        "firstdigitalcapturedate": "1988-07-28",
        "description_evidencedate": "2004-02-10",
        "oslandcover_evidencedate": "2004-02-10",
        "versionavailablefromdate": "2025-02-06T00:00:00Z"
      }
    },
    {
      "id": "03c22fc5-fc8e-4179-bb88-7d5c5a3f2afc",
      "type": "Feature",
      "geometry": {
        "type": "Polygon",
        "coordinates": [
          [
            [
              -1.4668577,
              50.9390346
            ],
            [
              -1.4667952,
              50.939061
            ],
            [
              -1.4668693,
              50.9391309
            ],
            [
              -1.4669318,
              50.9391045
            ],
            [
              -1.4668577,
              50.9390346
            ]
          ]
        ]
      },
      "properties": {
        "osid": "03c22fc5-fc8e-4179-bb88-7d5c5a3f2afc",
        "toid": "osgb5000005242102810",
        "theme": "Buildings",
        "changetype": "Modified Attributes",
        "isobscured": false,
        "description": "Building",
        "versiondate": "2025-02-05",
        "geometry_area": 49.454906,
        "height_source": "Ordnance Survey",
        "physicallevel": "Surface Level",
        "oslandusetiera": "Residential Accommodation",
        "oslandusetierb": [
          "Private Residence"
        ],
        "geometry_source": "Ordnance Survey",
        "oslandcovertiera": "Constructed",
        "oslandcovertierb": [
          "Building"
        ],
        "oslanduse_source": "Ordnance Survey",
        "height_updatedate": "2025-01-17",
        "description_source": "Ordnance Survey",
        "oslandcover_source": "Ordnance Survey",
        "associatedstructure": null,
        "geometry_updatedate": "2019-02-05",
        "height_evidencedate": "2024-06-20",
        "capturespecification": "Urban",
        "oslanduse_updatedate": "2019-02-05",
        "absoluteheightmaximum": 27.9,
        "absoluteheightminimum": 19.1,
        "geometry_evidencedate": "2019-02-05",
        "heightconfidencelevel": "Moderate",
        "relativeheightmaximum": 8.8,
        "absoluteheightroofbase": 24.5,
        "description_updatedate": "2019-02-05",
        "oslandcover_updatedate": "2019-02-05",
        "oslanduse_evidencedate": "2019-02-05",
        "relativeheightroofbase": 5.4,
        "versionavailabletodate": null,
        "firstdigitalcapturedate": "2019-02-05",
        "description_evidencedate": "2019-02-05",
        "oslandcover_evidencedate": "2019-02-05",
        "versionavailablefromdate": "2025-02-06T00:00:00Z"
      }
    },
    {
      "id": "05a0f2b1-4dc8-4a12-9a65-85d590508eb2",
      "type": "Feature",
      "geometry": {
        "type": "Polygon",
        "coordinates": [
          [
            [
              -1.4670712,
              50.9379564
            ],
            [
              -1.4670782,
              50.9379832
            ],
            [
              -1.4671174,
              50.9379791
            ],
            [
              -1.4671103,
              50.9379523
            ],
            [
              -1.4670712,
              50.9379564
            ]
          ]
        ]
      },
      "properties": {
        "osid": "05a0f2b1-4dc8-4a12-9a65-85d590508eb2",
        "toid": "osgb5000005257941633",
        "theme": "Buildings",
        "changetype": "Modified Attributes",
        "isobscured": false,
        "description": "Building",
        "versiondate": "2025-02-05",
        "geometry_area": 8.444632,
        "height_source": "Ordnance Survey",
        "physicallevel": "Surface Level",
        "oslandusetiera": "Residential Accommodation",
        "oslandusetierb": [
          "Private Residence"
        ],
        "geometry_source": "Ordnance Survey",
        "oslandcovertiera": "Constructed",
        "oslandcovertierb": [
          "Building"
        ],
        "oslanduse_source": "Ordnance Survey",
        "height_updatedate": "2025-01-17",
        "description_source": "Ordnance Survey",
        "oslandcover_source": "Ordnance Survey",
        "associatedstructure": null,
        "geometry_updatedate": "2019-12-29",
        "height_evidencedate": "2024-06-20",
        "capturespecification": "Urban",
        "oslanduse_updatedate": "2019-12-29",
        "absoluteheightmaximum": null,
        "absoluteheightminimum": 15.6,
        "geometry_evidencedate": "2019-06-28",
        "heightconfidencelevel": "Incomplete",
        "relativeheightmaximum": null,
        "absoluteheightroofbase": null,
        "description_updatedate": "2019-12-29",
        "oslandcover_updatedate": "2019-12-29",
        "oslanduse_evidencedate": "2019-06-28",
        "relativeheightroofbase": null,
        "versionavailabletodate": null,
        "firstdigitalcapturedate": "2019-12-30",
        "description_evidencedate": "2019-06-28",
        "oslandcover_evidencedate": "2019-06-28",
        "versionavailablefromdate": "2025-02-06T00:00:00Z"
      }
    },
    {
      "id": "05a63228-0622-45ee-bbe8-3396627d7242",
      "type": "Feature",
      "geometry": {
        "type": "Polygon",
        "coordinates": [
          [
            [
              -1.464923,
              50.940373
            ],
            [
              -1.4649146,
              50.9403805
            ],
            [
              -1.4649455,
              50.9403943
            ],
            [
              -1.4649538,
              50.9403869
            ],
            [
              -1.464923,
              50.940373
            ]
          ]
        ]
      },
      "properties": {
        "osid": "05a63228-0622-45ee-bbe8-3396627d7242",
        "toid": "osgb5000005208860434",
        "theme": "Buildings",
        "changetype": "Modified Attributes",
        "isobscured": false,
        "description": "Building",
        "versiondate": "2022-09-18",
        "geometry_area": 2.690788,
        "height_source": null,
        "physicallevel": "Surface Level",
        "oslandusetiera": "Residential Accommodation",
        "oslandusetierb": [
          "Private Residence"
        ],
        "geometry_source": "Ordnance Survey",
        "oslandcovertiera": "Constructed",
        "oslandcovertierb": [
          "Building"
        ],
        "oslanduse_source": "Ordnance Survey",
        "height_updatedate": null,
        "description_source": "Ordnance Survey",
        "oslandcover_source": "Ordnance Survey",
        "associatedstructure": null,
        "geometry_updatedate": "2017-08-04",
        "height_evidencedate": null,
        "capturespecification": "Urban",
        "oslanduse_updatedate": "2017-08-04",
        "absoluteheightmaximum": null,
        "absoluteheightminimum": null,
        "geometry_evidencedate": "2017-08-04",
        "heightconfidencelevel": null,
        "relativeheightmaximum": null,
        "absoluteheightroofbase": null,
        "description_updatedate": "2017-08-04",
        "oslandcover_updatedate": "2017-08-04",
        "oslanduse_evidencedate": "2017-08-04",
        "relativeheightroofbase": null,
        "versionavailabletodate": null,
        "firstdigitalcapturedate": "2017-08-04",
        "description_evidencedate": "2017-08-04",
        "oslandcover_evidencedate": "2017-08-04",
        "versionavailablefromdate": "2022-09-19T00:00:00Z"
      }
    },
    {
      "id": "0653e81b-f391-461e-8fc1-80dfa07c562c",
      "type": "Feature",
      "geometry": {
        "type": "Polygon",
        "coordinates": [
          [
            [
              -1.4664133,
              50.9391426
            ],
            [
              -1.4663698,
              50.939102
            ],
            [
              -1.4662615,
              50.9391484
            ],
            [
              -1.466305,
              50.9391889
            ],
            [
              -1.4664133,
              50.9391426
            ]
          ]
        ]
      },
      "properties": {
        "osid": "0653e81b-f391-461e-8fc1-80dfa07c562c",
        "toid": "osgb5000005239289077",
        "theme": "Buildings",
        "changetype": "Modified Attributes",
        "isobscured": false,
        "description": "Building",
        "versiondate": "2025-02-05",
        "geometry_area": 50.079964,
        "height_source": "Ordnance Survey",
        "physicallevel": "Surface Level",
        "oslandusetiera": "Residential Accommodation",
        "oslandusetierb": [
          "Private Residence"
        ],
        "geometry_source": "Ordnance Survey",
        "oslandcovertiera": "Constructed",
        "oslandcovertierb": [
          "Building"
        ],
        "oslanduse_source": "Ordnance Survey",
        "height_updatedate": "2025-01-17",
        "description_source": "Ordnance Survey",
        "oslandcover_source": "Ordnance Survey",
        "associatedstructure": null,
        "geometry_updatedate": "2018-11-23",
        "height_evidencedate": "2024-06-20",
        "capturespecification": "Urban",
        "oslanduse_updatedate": "2018-11-26",
        "absoluteheightmaximum": 28.8,
        "absoluteheightminimum": 20.7,
        "geometry_evidencedate": "2018-11-23",
        "heightconfidencelevel": "Moderate",
        "relativeheightmaximum": 8.1,
        "absoluteheightroofbase": 25.6,
        "description_updatedate": "2018-11-26",
        "oslandcover_updatedate": "2018-11-26",
        "oslanduse_evidencedate": "2018-11-26",
        "relativeheightroofbase": 4.9,
        "versionavailabletodate": null,
        "firstdigitalcapturedate": "2018-11-26",
        "description_evidencedate": "2018-11-26",
        "oslandcover_evidencedate": "2018-11-26",
        "versionavailablefromdate": "2025-02-06T00:00:00Z"
      }
    },
    {
      "id": "065d8e50-0db5-4d50-a1b2-53d67c39c0a3",
      "type": "Feature",
      "geometry": {
        "type": "Polygon",
        "coordinates": [
          [
            [
              -1.4670818,
              50.9360935
            ],
            [
              -1.4671301,
              50.936095
            ],
            [
              -1.4671499,
              50.9360956
            ],
            [
              -1.4671807,
              50.9360966
            ],
            [
              -1.4672191,
              50.9360978
            ],
            [
              -1.4672202,
              50.9360978
            ],
            [
              -1.4672203,
              50.9360961
            ],
            [
              -1.4672235,
              50.9360538
            ],
            [
              -1.4672243,
              50.936043
            ],
            [
              -1.4672243,
              50.9360428
            ],
            [
              -1.4672236,
              50.9360428
            ],
            [
              -1.4671852,
              50.9360416
            ],
            [
              -1.4670958,
              50.9360387
            ],
            [
              -1.4670864,
              50.9360754
            ],
            [
              -1.4670818,
              50.9360935
            ]
          ]
        ]
      },
      "properties": {
        "osid": "065d8e50-0db5-4d50-a1b2-53d67c39c0a3",
        "toid": "osgb5000005208814515",
        "theme": "Buildings",
        "changetype": "Modified Attributes",
        "isobscured": false,
        "description": "Building",
        "versiondate": "2025-02-05",
        "geometry_area": 57.530861,
        "height_source": "Ordnance Survey",
        "physicallevel": "Surface Level",
        "oslandusetiera": "Residential Accommodation",
        "oslandusetierb": [
          "Private Residence"
        ],
        "geometry_source": "Ordnance Survey",
        "oslandcovertiera": "Constructed",
        "oslandcovertierb": [
          "Building"
        ],
        "oslanduse_source": "Ordnance Survey",
        "height_updatedate": "2025-01-17",
        "description_source": "Ordnance Survey",
        "oslandcover_source": "Ordnance Survey",
        "associatedstructure": null,
        "geometry_updatedate": "2018-05-09",
        "height_evidencedate": "2024-06-20",
        "capturespecification": "Urban",
        "oslanduse_updatedate": "2017-08-03",
        "absoluteheightmaximum": 20.5,
        "absoluteheightminimum": 11.4,
        "geometry_evidencedate": "2018-05-09",
        "heightconfidencelevel": "Moderate",
        "relativeheightmaximum": 9.1,
        "absoluteheightroofbase": 17.3,
        "description_updatedate": "2017-08-03",
        "oslandcover_updatedate": "2017-08-03",
        "oslanduse_evidencedate": "2017-08-03",
        "relativeheightroofbase": 5.9,
        "versionavailabletodate": null,
        "firstdigitalcapturedate": "2017-08-03",
        "description_evidencedate": "2017-08-03",
        "oslandcover_evidencedate": "2017-08-03",
        "versionavailablefromdate": "2025-02-06T00:00:00Z"
      }
    },
    {
      "id": "06ab883c-359c-4f01-94ec-60bdb419c712",
      "type": "Feature",
      "geometry": {
        "type": "Polygon",
        "coordinates": [
          [
            [
              -1.4657485,
              50.9364425
            ],
            [
              -1.4657406,
              50.9365122
            ],
            [
              -1.4657841,
              50.9365143
            ],
            [
              -1.465783,
              50.9365233
            ],
            [
              -1.4658227,
              50.9365252
            ],
            [
              -1.4658238,
              50.9365162
            ],
            [
              -1.4658317,
              50.9364465
            ],
            [
              -1.465794,
              50.9364447
            ],
            [
              -1.4657973,
              50.9364168
            ],
            [
              -1.4657518,
              50.9364147
            ],
            [
              -1.4657485,
              50.9364425
            ]
          ]
        ]
      },
      "properties": {
        "osid": "06ab883c-359c-4f01-94ec-60bdb419c712",
        "toid": "osgb1000016342832",
        "theme": "Buildings",
        "changetype": "Modified Attributes",
        "isobscured": false,
        "description": "Building",
        "versiondate": "2025-02-05",
        "geometry_area": 58.312848,
        "height_source": "Ordnance Survey",
        "physicallevel": "Surface Level",
        "oslandusetiera": "Residential Accommodation",
        "oslandusetierb": [
          "Private Residence"
        ],
        "geometry_source": "Ordnance Survey",
        "oslandcovertiera": "Constructed",
        "oslandcovertierb": [
          "Building"
        ],
        "oslanduse_source": "Ordnance Survey",
        "height_updatedate": "2025-01-17",
        "description_source": "Ordnance Survey",
        "oslandcover_source": "Ordnance Survey",
        "associatedstructure": null,
        "geometry_updatedate": "2017-04-21",
        "height_evidencedate": "2024-06-20",
        "capturespecification": "Urban",
        "oslanduse_updatedate": "2006-07-11",
        "absoluteheightmaximum": 21.6,
        "absoluteheightminimum": 13.8,
        "geometry_evidencedate": "2016-08-12",
        "heightconfidencelevel": "Moderate",
        "relativeheightmaximum": 7.8,
        "absoluteheightroofbase": 19.1,
        "description_updatedate": "2006-07-11",
        "oslandcover_updatedate": "2006-07-11",
        "oslanduse_evidencedate": "2006-07-11",
        "relativeheightroofbase": 5.3,
        "versionavailabletodate": null,
        "firstdigitalcapturedate": "1988-05-16",
        "description_evidencedate": "2006-07-11",
        "oslandcover_evidencedate": "2006-07-11",
        "versionavailablefromdate": "2025-02-06T00:00:00Z"
      }
    },
    {
      "id": "0739f49c-68ab-4568-8c0d-be2d8f50adf5",
      "type": "Feature",
      "geometry": {
        "type": "Polygon",
        "coordinates": [
          [
            [
              -1.4681891,
              50.9376166
            ],
            [
              -1.4681977,
              50.9375953
            ],
            [
              -1.4681217,
              50.9375844
            ],
            [
              -1.4681133,
              50.9376048
            ],
            [
              -1.4681891,
              50.9376166
            ]
          ]
        ]
      },
      "properties": {
        "osid": "0739f49c-68ab-4568-8c0d-be2d8f50adf5",
        "toid": "osgb1000016343238",
        "theme": "Buildings",
        "changetype": "Modified Attributes",
        "isobscured": false,
        "description": "Building",
        "versiondate": "2025-02-05",
        "geometry_area": 13.126,
        "height_source": "Ordnance Survey",
        "physicallevel": "Surface Level",
        "oslandusetiera": "Unknown Or Unused Artificial",
        "oslandusetierb": [],
        "geometry_source": "Ordnance Survey",
        "oslandcovertiera": "Constructed",
        "oslandcovertierb": [
          "Building"
        ],
        "oslanduse_source": "Ordnance Survey",
        "height_updatedate": "2025-01-17",
        "description_source": "Ordnance Survey",
        "oslandcover_source": "Ordnance Survey",
        "associatedstructure": null,
        "geometry_updatedate": "2004-02-10",
        "height_evidencedate": "2024-06-20",
        "capturespecification": "Urban",
        "oslanduse_updatedate": "2004-02-10",
        "absoluteheightmaximum": null,
        "absoluteheightminimum": 12.6,
        "geometry_evidencedate": "2004-02-10",
        "heightconfidencelevel": "Incomplete",
        "relativeheightmaximum": null,
        "absoluteheightroofbase": null,
        "description_updatedate": "2004-02-10",
        "oslandcover_updatedate": "2004-02-10",
        "oslanduse_evidencedate": "2004-02-10",
        "relativeheightroofbase": null,
        "versionavailabletodate": null,
        "firstdigitalcapturedate": "1988-07-28",
        "description_evidencedate": "2004-02-10",
        "oslandcover_evidencedate": "2004-02-10",
        "versionavailablefromdate": "2025-02-06T00:00:00Z"
      }
    },
    {
      "id": "07481cea-c9cf-421b-ba93-b67749af0f30",
      "type": "Feature",
      "geometry": {
        "type": "Polygon",
        "coordinates": [
          [
            [
              -1.4652302,
              50.9391045
            ],
            [
              -1.4652594,
              50.9390312
            ],
            [
              -1.4652504,
              50.9390297
            ],
            [
              -1.4651288,
              50.9390103
            ],
            [
              -1.465115,
              50.9390448
            ],
            [
              -1.4651229,
              50.939046
            ],
            [
              -1.4651058,
              50.9390888
            ],
            [
              -1.4651819,
              50.9391009
            ],
            [
              -1.4651834,
              50.939097
            ],
            [
              -1.4652302,
              50.9391045
            ]
          ]
        ]
      },
      "properties": {
        "osid": "07481cea-c9cf-421b-ba93-b67749af0f30",
        "toid": "osgb5000005264686405",
        "theme": "Buildings",
        "changetype": "Modified Attributes",
        "isobscured": false,
        "description": "Building",
        "versiondate": "2025-02-05",
        "geometry_area": 79.52108,
        "height_source": "Ordnance Survey",
        "physicallevel": "Surface Level",
        "oslandusetiera": "Residential Accommodation",
        "oslandusetierb": [
          "Private Residence"
        ],
        "geometry_source": "Ordnance Survey",
        "oslandcovertiera": "Constructed",
        "oslandcovertierb": [
          "Building"
        ],
        "oslanduse_source": "Ordnance Survey",
        "height_updatedate": "2025-01-17",
        "description_source": "Ordnance Survey",
        "oslandcover_source": "Ordnance Survey",
        "associatedstructure": null,
        "geometry_updatedate": "2020-05-21",
        "height_evidencedate": "2024-06-20",
        "capturespecification": "Urban",
        "oslanduse_updatedate": "2020-05-21",
        "absoluteheightmaximum": 31.5,
        "absoluteheightminimum": 22.5,
        "geometry_evidencedate": "2020-05-21",
        "heightconfidencelevel": "Moderate",
        "relativeheightmaximum": 9,
        "absoluteheightroofbase": 28.9,
        "description_updatedate": "2020-05-21",
        "oslandcover_updatedate": "2020-05-21",
        "oslanduse_evidencedate": "2020-05-21",
        "relativeheightroofbase": 6.4,
        "versionavailabletodate": null,
        "firstdigitalcapturedate": "2020-05-21",
        "description_evidencedate": "2020-05-21",
        "oslandcover_evidencedate": "2020-05-21",
        "versionavailablefromdate": "2025-02-06T00:00:00Z"
      }
    },
    {
      "id": "07699ffc-45cd-4da2-9fc3-8a8dbdc44882",
      "type": "Feature",
      "geometry": {
        "type": "Polygon",
        "coordinates": [
          [
            [
              -1.4658622,
              50.9378251
            ],
            [
              -1.4657534,
              50.9378737
            ],
            [
              -1.4658154,
              50.937927
            ],
            [
              -1.465854,
              50.9379128
            ],
            [
              -1.4658892,
              50.9379454
            ],
            [
              -1.4659207,
              50.937932
            ],
            [
              -1.4659194,
              50.9379308
            ],
            [
              -1.4658841,
              50.9378959
            ],
            [
              -1.4659234,
              50.9378802
            ],
            [
              -1.4658622,
              50.9378251
            ]
          ]
        ]
      },
      "properties": {
        "osid": "07699ffc-45cd-4da2-9fc3-8a8dbdc44882",
        "toid": "osgb1000016342670",
        "theme": "Buildings",
        "changetype": "Modified Attributes",
        "isobscured": false,
        "description": "Building",
        "versiondate": "2025-02-05",
        "geometry_area": 81.7035,
        "height_source": "Ordnance Survey",
        "physicallevel": "Surface Level",
        "oslandusetiera": "Residential Accommodation",
        "oslandusetierb": [
          "Private Residence"
        ],
        "geometry_source": "Ordnance Survey",
        "oslandcovertiera": "Constructed",
        "oslandcovertierb": [
          "Building"
        ],
        "oslanduse_source": "Ordnance Survey",
        "height_updatedate": "2025-01-17",
        "description_source": "Ordnance Survey",
        "oslandcover_source": "Ordnance Survey",
        "associatedstructure": null,
        "geometry_updatedate": "2004-02-10",
        "height_evidencedate": "2024-06-20",
        "capturespecification": "Urban",
        "oslanduse_updatedate": "2004-02-10",
        "absoluteheightmaximum": 25.5,
        "absoluteheightminimum": 18.6,
        "geometry_evidencedate": "2004-02-10",
        "heightconfidencelevel": "Moderate",
        "relativeheightmaximum": 6.9,
        "absoluteheightroofbase": 22.8,
        "description_updatedate": "2004-02-10",
        "oslandcover_updatedate": "2004-02-10",
        "oslanduse_evidencedate": "2004-02-10",
        "relativeheightroofbase": 4.2,
        "versionavailabletodate": null,
        "firstdigitalcapturedate": "1988-07-28",
        "description_evidencedate": "2004-02-10",
        "oslandcover_evidencedate": "2004-02-10",
        "versionavailablefromdate": "2025-02-06T00:00:00Z"
      }
    },
    {
      "id": "07747a38-4190-4d17-b915-cdeba65728b6",
      "type": "Feature",
      "geometry": {
        "type": "Polygon",
        "coordinates": [
          [
            [
              -1.4646639,
              50.9406737
            ],
            [
              -1.4647699,
              50.9407133
            ],
            [
              -1.4647945,
              50.940687
            ],
            [
              -1.4647967,
              50.9406878
            ],
            [
              -1.4648368,
              50.940645
            ],
            [
              -1.4647764,
              50.9406224
            ],
            [
              -1.4647804,
              50.9406182
            ],
            [
              -1.4647327,
              50.9406003
            ],
            [
              -1.4646639,
              50.9406737
            ]
          ]
        ]
      },
      "properties": {
        "osid": "07747a38-4190-4d17-b915-cdeba65728b6",
        "toid": "osgb5000005204350811",
        "theme": "Buildings",
        "changetype": "Modified Attributes",
        "isobscured": false,
        "description": "Building",
        "versiondate": "2025-02-05",
        "geometry_area": 80.394728,
        "height_source": "Ordnance Survey",
        "physicallevel": "Surface Level",
        "oslandusetiera": "Residential Accommodation",
        "oslandusetierb": [
          "Private Residence"
        ],
        "geometry_source": "Ordnance Survey",
        "oslandcovertiera": "Constructed",
        "oslandcovertierb": [
          "Building"
        ],
        "oslanduse_source": "Ordnance Survey",
        "height_updatedate": "2025-01-17",
        "description_source": "Ordnance Survey",
        "oslandcover_source": "Ordnance Survey",
        "associatedstructure": null,
        "geometry_updatedate": "2017-05-11",
        "height_evidencedate": "2024-06-20",
        "capturespecification": "Urban",
        "oslanduse_updatedate": "2017-05-11",
        "absoluteheightmaximum": 31.2,
        "absoluteheightminimum": 23,
        "geometry_evidencedate": "2017-05-11",
        "heightconfidencelevel": "Moderate",
        "relativeheightmaximum": 8.2,
        "absoluteheightroofbase": 28.3,
        "description_updatedate": "2017-05-11",
        "oslandcover_updatedate": "2017-05-11",
        "oslanduse_evidencedate": "2017-05-11",
        "relativeheightroofbase": 5.3,
        "versionavailabletodate": null,
        "firstdigitalcapturedate": "2017-05-12",
        "description_evidencedate": "2017-05-11",
        "oslandcover_evidencedate": "2017-05-11",
        "versionavailablefromdate": "2025-02-06T00:00:00Z"
      }
    },
    {
      "id": "07ed237b-9e7b-4c54-9d95-b2beaf8c7843",
      "type": "Feature",
      "geometry": {
        "type": "Polygon",
        "coordinates": [
          [
            [
              -1.4644606,
              50.935021
            ],
            [
              -1.4644712,
              50.9350449
            ],
            [
              -1.4645091,
              50.9350382
            ],
            [
              -1.4644984,
              50.9350143
            ],
            [
              -1.4644606,
              50.935021
            ]
          ]
        ]
      },
      "properties": {
        "osid": "07ed237b-9e7b-4c54-9d95-b2beaf8c7843",
        "toid": "osgb5000005276414752",
        "theme": "Buildings",
        "changetype": "New",
        "isobscured": false,
        "description": "Building",
        "versiondate": "2022-08-26",
        "geometry_area": 7.62617,
        "height_source": null,
        "physicallevel": "Surface Level",
        "oslandusetiera": "Utility Or Environmental Protection",
        "oslandusetierb": [
          "Electricity Distribution"
        ],
        "geometry_source": "Ordnance Survey",
        "oslandcovertiera": "Constructed",
        "oslandcovertierb": [
          "Building"
        ],
        "oslanduse_source": "Ordnance Survey",
        "height_updatedate": null,
        "description_source": "Ordnance Survey",
        "oslandcover_source": "Ordnance Survey",
        "associatedstructure": null,
        "geometry_updatedate": "2021-02-03",
        "height_evidencedate": null,
        "capturespecification": "Urban",
        "oslanduse_updatedate": "2021-02-03",
        "absoluteheightmaximum": null,
        "absoluteheightminimum": null,
        "geometry_evidencedate": "2021-02-03",
        "heightconfidencelevel": null,
        "relativeheightmaximum": null,
        "absoluteheightroofbase": null,
        "description_updatedate": "2021-02-03",
        "oslandcover_updatedate": "2021-02-03",
        "oslanduse_evidencedate": "2021-02-03",
        "relativeheightroofbase": null,
        "versionavailabletodate": null,
        "firstdigitalcapturedate": "2021-02-03",
        "description_evidencedate": "2021-02-03",
        "oslandcover_evidencedate": "2021-02-03",
        "versionavailablefromdate": "2022-08-27T00:00:00Z"
      }
    },
    {
      "id": "07efe7db-3d5a-4984-8b66-fd410e9b4192",
      "type": "Feature",
      "geometry": {
        "type": "Polygon",
        "coordinates": [
          [
            [
              -1.4653191,
              50.9365939
            ],
            [
              -1.4653202,
              50.9365638
            ],
            [
              -1.4653543,
              50.9365639
            ],
            [
              -1.4653544,
              50.9365608
            ],
            [
              -1.4653558,
              50.9365001
            ],
            [
              -1.465254,
              50.9364992
            ],
            [
              -1.4652515,
              50.9365931
            ],
            [
              -1.4653191,
              50.9365939
            ]
          ]
        ]
      },
      "properties": {
        "osid": "07efe7db-3d5a-4984-8b66-fd410e9b4192",
        "toid": "osgb1000016342847",
        "theme": "Buildings",
        "changetype": "Modified Attributes",
        "isobscured": false,
        "description": "Building",
        "versiondate": "2025-02-05",
        "geometry_area": 66.8275,
        "height_source": "Ordnance Survey",
        "physicallevel": "Surface Level",
        "oslandusetiera": "Residential Accommodation",
        "oslandusetierb": [
          "Private Residence"
        ],
        "geometry_source": "Ordnance Survey",
        "oslandcovertiera": "Constructed",
        "oslandcovertierb": [
          "Building"
        ],
        "oslanduse_source": "Ordnance Survey",
        "height_updatedate": "2025-01-17",
        "description_source": "Ordnance Survey",
        "oslandcover_source": "Ordnance Survey",
        "associatedstructure": null,
        "geometry_updatedate": "2004-04-13",
        "height_evidencedate": "2024-06-20",
        "capturespecification": "Urban",
        "oslanduse_updatedate": "2004-04-13",
        "absoluteheightmaximum": 22,
        "absoluteheightminimum": 14.3,
        "geometry_evidencedate": "2004-04-13",
        "heightconfidencelevel": "Moderate",
        "relativeheightmaximum": 7.7,
        "absoluteheightroofbase": 20.3,
        "description_updatedate": "2004-04-13",
        "oslandcover_updatedate": "2004-04-13",
        "oslanduse_evidencedate": "2004-04-13",
        "relativeheightroofbase": 6,
        "versionavailabletodate": null,
        "firstdigitalcapturedate": "1988-05-16",
        "description_evidencedate": "2004-04-13",
        "oslandcover_evidencedate": "2004-04-13",
        "versionavailablefromdate": "2025-02-06T00:00:00Z"
      }
    },
    {
      "id": "07eff2b8-d767-49de-b1fb-5655e2040806",
      "type": "Feature",
      "geometry": {
        "type": "Polygon",
        "coordinates": [
          [
            [
              -1.4664923,
              50.9379776
            ],
            [
              -1.4664848,
              50.937952
            ],
            [
              -1.4664379,
              50.9379574
            ],
            [
              -1.4664453,
              50.937983
            ],
            [
              -1.4664828,
              50.9379787
            ],
            [
              -1.4664923,
              50.9379776
            ]
          ]
        ]
      },
      "properties": {
        "osid": "07eff2b8-d767-49de-b1fb-5655e2040806",
        "toid": "osgb5000005203977338",
        "theme": "Buildings",
        "changetype": "Modified Attributes",
        "isobscured": false,
        "description": "Building",
        "versiondate": "2025-02-05",
        "geometry_area": 9.698584,
        "height_source": "Ordnance Survey",
        "physicallevel": "Surface Level",
        "oslandusetiera": "Residential Accommodation",
        "oslandusetierb": [
          "Private Residence"
        ],
        "geometry_source": "Ordnance Survey",
        "oslandcovertiera": "Constructed",
        "oslandcovertierb": [
          "Building"
        ],
        "oslanduse_source": "Ordnance Survey",
        "height_updatedate": "2025-01-17",
        "description_source": "Ordnance Survey",
        "oslandcover_source": "Ordnance Survey",
        "associatedstructure": null,
        "geometry_updatedate": "2024-11-27",
        "height_evidencedate": "2024-06-20",
        "capturespecification": "Urban",
        "oslanduse_updatedate": "2017-04-19",
        "absoluteheightmaximum": 20.5,
        "absoluteheightminimum": 18,
        "geometry_evidencedate": "2024-06-20",
        "heightconfidencelevel": "Moderate",
        "relativeheightmaximum": 2.5,
        "absoluteheightroofbase": 20.1,
        "description_updatedate": "2017-04-19",
        "oslandcover_updatedate": "2017-04-19",
        "oslanduse_evidencedate": "2016-08-12",
        "relativeheightroofbase": 2.1,
        "versionavailabletodate": null,
        "firstdigitalcapturedate": "2017-05-04",
        "description_evidencedate": "2016-08-12",
        "oslandcover_evidencedate": "2016-08-12",
        "versionavailablefromdate": "2025-02-06T00:00:00Z"
      }
    },
    {
      "id": "0821e632-c12d-46d7-a269-39d540a86258",
      "type": "Feature",
      "geometry": {
        "type": "Polygon",
        "coordinates": [
          [
            [
              -1.4637552,
              50.9336142
            ],
            [
              -1.4636872,
              50.9336468
            ],
            [
              -1.4637154,
              50.9336712
            ],
            [
              -1.4637365,
              50.9336879
            ],
            [
              -1.4638052,
              50.9336554
            ],
            [
              -1.4637763,
              50.9336319
            ],
            [
              -1.4637552,
              50.9336142
            ]
          ]
        ]
      },
      "properties": {
        "osid": "0821e632-c12d-46d7-a269-39d540a86258",
        "toid": "osgb1000016342875",
        "theme": "Buildings",
        "changetype": "Modified Attributes",
        "isobscured": false,
        "description": "Building",
        "versiondate": "2025-02-05",
        "geometry_area": 34.71875,
        "height_source": "Ordnance Survey",
        "physicallevel": "Surface Level",
        "oslandusetiera": "Residential Accommodation",
        "oslandusetierb": [
          "Private Residence"
        ],
        "geometry_source": "Ordnance Survey",
        "oslandcovertiera": "Constructed",
        "oslandcovertierb": [
          "Building"
        ],
        "oslanduse_source": "Ordnance Survey",
        "height_updatedate": "2025-01-17",
        "description_source": "Ordnance Survey",
        "oslandcover_source": "Ordnance Survey",
        "associatedstructure": null,
        "geometry_updatedate": "2006-07-01",
        "height_evidencedate": "2024-06-20",
        "capturespecification": "Urban",
        "oslanduse_updatedate": "2006-07-01",
        "absoluteheightmaximum": 18,
        "absoluteheightminimum": 11.3,
        "geometry_evidencedate": "2006-07-01",
        "heightconfidencelevel": "Moderate",
        "relativeheightmaximum": 6.7,
        "absoluteheightroofbase": 16.4,
        "description_updatedate": "2006-07-01",
        "oslandcover_updatedate": "2006-07-01",
        "oslanduse_evidencedate": "2006-07-01",
        "relativeheightroofbase": 5.1,
        "versionavailabletodate": null,
        "firstdigitalcapturedate": "1988-05-16",
        "description_evidencedate": "2006-07-01",
        "oslandcover_evidencedate": "2006-07-01",
        "versionavailablefromdate": "2025-02-06T00:00:00Z"
      }
    },
    {
      "id": "084050ae-bdeb-426f-b74a-b7be7c21e388",
      "type": "Feature",
      "geometry": {
        "type": "Polygon",
        "coordinates": [
          [
            [
              -1.4673962,
              50.9367801
            ],
            [
              -1.4674633,
              50.9368298
            ],
            [
              -1.4675234,
              50.9367982
            ],
            [
              -1.4674585,
              50.936748
            ],
            [
              -1.4673962,
              50.9367801
            ]
          ]
        ]
      },
      "properties": {
        "osid": "084050ae-bdeb-426f-b74a-b7be7c21e388",
        "toid": "osgb1000016342747",
        "theme": "Buildings",
        "changetype": "Modified Attributes",
        "isobscured": false,
        "description": "Building",
        "versiondate": "2025-02-05",
        "geometry_area": 40.3325,
        "height_source": "Ordnance Survey",
        "physicallevel": "Surface Level",
        "oslandusetiera": "Residential Accommodation",
        "oslandusetierb": [
          "Private Residence"
        ],
        "geometry_source": "Ordnance Survey",
        "oslandcovertiera": "Constructed",
        "oslandcovertierb": [
          "Building"
        ],
        "oslanduse_source": "Ordnance Survey",
        "height_updatedate": "2025-01-17",
        "description_source": "Ordnance Survey",
        "oslandcover_source": "Ordnance Survey",
        "associatedstructure": null,
        "geometry_updatedate": "2006-07-11",
        "height_evidencedate": "2024-06-20",
        "capturespecification": "Urban",
        "oslanduse_updatedate": "2006-07-11",
        "absoluteheightmaximum": 21.4,
        "absoluteheightminimum": 12.8,
        "geometry_evidencedate": "2006-07-11",
        "heightconfidencelevel": "Moderate",
        "relativeheightmaximum": 8.6,
        "absoluteheightroofbase": 16.8,
        "description_updatedate": "2006-07-11",
        "oslandcover_updatedate": "2006-07-11",
        "oslanduse_evidencedate": "2006-07-11",
        "relativeheightroofbase": 4,
        "versionavailabletodate": null,
        "firstdigitalcapturedate": "1988-05-16",
        "description_evidencedate": "2006-07-11",
        "oslandcover_evidencedate": "2006-07-11",
        "versionavailablefromdate": "2025-02-06T00:00:00Z"
      }
    },
    {
      "id": "08a764b6-1c20-4095-800e-7423acde26ca",
      "type": "Feature",
      "geometry": {
        "type": "Polygon",
        "coordinates": [
          [
            [
              -1.4669063,
              50.9360724
            ],
            [
              -1.4669298,
              50.9360186
            ],
            [
              -1.4668462,
              50.9360041
            ],
            [
              -1.4668228,
              50.9360578
            ],
            [
              -1.4669063,
              50.9360724
            ]
          ]
        ]
      },
      "properties": {
        "osid": "08a764b6-1c20-4095-800e-7423acde26ca",
        "toid": "osgb5000005299212768",
        "theme": "Buildings",
        "changetype": "Modified Attributes",
        "isobscured": false,
        "description": "Building",
        "versiondate": "2025-02-05",
        "geometry_area": 37.758012,
        "height_source": "Ordnance Survey",
        "physicallevel": "Surface Level",
        "oslandusetiera": "Residential Accommodation",
        "oslandusetierb": [
          "Private Residence"
        ],
        "geometry_source": "Ordnance Survey",
        "oslandcovertiera": "Constructed",
        "oslandcovertierb": [
          "Building"
        ],
        "oslanduse_source": "Ordnance Survey",
        "height_updatedate": "2025-01-17",
        "description_source": "Ordnance Survey",
        "oslandcover_source": "Ordnance Survey",
        "associatedstructure": null,
        "geometry_updatedate": "2022-10-03",
        "height_evidencedate": "2024-06-20",
        "capturespecification": "Urban",
        "oslanduse_updatedate": "2022-10-03",
        "absoluteheightmaximum": 17.2,
        "absoluteheightminimum": 12.2,
        "geometry_evidencedate": "2022-10-03",
        "heightconfidencelevel": "Moderate",
        "relativeheightmaximum": 5,
        "absoluteheightroofbase": 14.9,
        "description_updatedate": "2022-10-03",
        "oslandcover_updatedate": "2022-10-03",
        "oslanduse_evidencedate": "2022-10-03",
        "relativeheightroofbase": 2.7,
        "versionavailabletodate": null,
        "firstdigitalcapturedate": "2022-10-03",
        "description_evidencedate": "2022-10-03",
        "oslandcover_evidencedate": "2022-10-03",
        "versionavailablefromdate": "2025-02-06T00:00:00Z"
      }
    },
    {
      "id": "091667ec-e431-4be1-8703-06a84229f01b",
      "type": "Feature",
      "geometry": {
        "type": "Polygon",
        "coordinates": [
          [
            [
              -1.4682577,
              50.9373024
            ],
            [
              -1.4682444,
              50.9373289
            ],
            [
              -1.4682427,
              50.9373323
            ],
            [
              -1.4682693,
              50.9373376
            ],
            [
              -1.4682713,
              50.937333
            ],
            [
              -1.4682828,
              50.9373074
            ],
            [
              -1.468302,
              50.9372638
            ],
            [
              -1.4682156,
              50.9372465
            ],
            [
              -1.4681938,
              50.9372895
            ],
            [
              -1.4681857,
              50.9373056
            ],
            [
              -1.4682381,
              50.9373161
            ],
            [
              -1.4682462,
              50.9373
            ],
            [
              -1.4682577,
              50.9373024
            ]
          ]
        ]
      },
      "properties": {
        "osid": "091667ec-e431-4be1-8703-06a84229f01b",
        "toid": "osgb1000016343200",
        "theme": "Buildings",
        "changetype": "Modified Attributes",
        "isobscured": false,
        "description": "Building",
        "versiondate": "2025-02-05",
        "geometry_area": 46.383717,
        "height_source": "Ordnance Survey",
        "physicallevel": "Surface Level",
        "oslandusetiera": "Residential Accommodation",
        "oslandusetierb": [
          "Private Residence"
        ],
        "geometry_source": "Ordnance Survey",
        "oslandcovertiera": "Constructed",
        "oslandcovertierb": [
          "Building"
        ],
        "oslanduse_source": "Ordnance Survey",
        "height_updatedate": "2025-01-17",
        "description_source": "Ordnance Survey",
        "oslandcover_source": "Ordnance Survey",
        "associatedstructure": null,
        "geometry_updatedate": "2017-04-19",
        "height_evidencedate": "2024-06-20",
        "capturespecification": "Urban",
        "oslanduse_updatedate": "2004-02-10",
        "absoluteheightmaximum": 20,
        "absoluteheightminimum": 12.6,
        "geometry_evidencedate": "2016-08-12",
        "heightconfidencelevel": "Moderate",
        "relativeheightmaximum": 7.4,
        "absoluteheightroofbase": 16,
        "description_updatedate": "2004-02-10",
        "oslandcover_updatedate": "2004-02-10",
        "oslanduse_evidencedate": "2004-02-10",
        "relativeheightroofbase": 3.4,
        "versionavailabletodate": null,
        "firstdigitalcapturedate": "1988-07-28",
        "description_evidencedate": "2004-02-10",
        "oslandcover_evidencedate": "2004-02-10",
        "versionavailablefromdate": "2025-02-06T00:00:00Z"
      }
    },
    {
      "id": "0929c96e-1d6b-41ef-a97a-dca771c72ff1",
      "type": "Feature",
      "geometry": {
        "type": "Polygon",
        "coordinates": [
          [
            [
              -1.4678799,
              50.9358196
            ],
            [
              -1.4679893,
              50.9358754
            ],
            [
              -1.4680518,
              50.9358266
            ],
            [
              -1.4680482,
              50.9358247
            ],
            [
              -1.468076,
              50.9358029
            ],
            [
              -1.4680285,
              50.9357787
            ],
            [
              -1.4680007,
              50.9358005
            ],
            [
              -1.4679424,
              50.9357707
            ],
            [
              -1.4678799,
              50.9358196
            ]
          ]
        ]
      },
      "properties": {
        "osid": "0929c96e-1d6b-41ef-a97a-dca771c72ff1",
        "toid": "osgb5000005208814636",
        "theme": "Buildings",
        "changetype": "Modified Attributes",
        "isobscured": false,
        "description": "Building",
        "versiondate": "2025-02-05",
        "geometry_area": 82.414059,
        "height_source": "Ordnance Survey",
        "physicallevel": "Surface Level",
        "oslandusetiera": "Residential Accommodation",
        "oslandusetierb": [
          "Private Residence"
        ],
        "geometry_source": "Ordnance Survey",
        "oslandcovertiera": "Constructed",
        "oslandcovertierb": [
          "Building"
        ],
        "oslanduse_source": "Ordnance Survey",
        "height_updatedate": "2025-01-17",
        "description_source": "Ordnance Survey",
        "oslandcover_source": "Ordnance Survey",
        "associatedstructure": null,
        "geometry_updatedate": "2017-08-03",
        "height_evidencedate": "2024-06-20",
        "capturespecification": "Urban",
        "oslanduse_updatedate": "2017-08-03",
        "absoluteheightmaximum": 20.5,
        "absoluteheightminimum": 11.8,
        "geometry_evidencedate": "2017-08-03",
        "heightconfidencelevel": "Moderate",
        "relativeheightmaximum": 8.7,
        "absoluteheightroofbase": 17.1,
        "description_updatedate": "2017-08-03",
        "oslandcover_updatedate": "2017-08-03",
        "oslanduse_evidencedate": "2017-08-03",
        "relativeheightroofbase": 5.3,
        "versionavailabletodate": null,
        "firstdigitalcapturedate": "2017-08-03",
        "description_evidencedate": "2017-08-03",
        "oslandcover_evidencedate": "2017-08-03",
        "versionavailablefromdate": "2025-02-06T00:00:00Z"
      }
    },
    {
      "id": "093265a3-895b-4ed0-bccd-03c9af763e48",
      "type": "Feature",
      "geometry": {
        "type": "Polygon",
        "coordinates": [
          [
            [
              -1.4668074,
              50.9359735
            ],
            [
              -1.4668203,
              50.9359564
            ],
            [
              -1.4668249,
              50.9359577
            ],
            [
              -1.4668329,
              50.9359602
            ],
            [
              -1.4668342,
              50.9359585
            ],
            [
              -1.4668837,
              50.9358927
            ],
            [
              -1.4667396,
              50.9358493
            ],
            [
              -1.4667119,
              50.9358861
            ],
            [
              -1.4666888,
              50.9359168
            ],
            [
              -1.4667062,
              50.9359221
            ],
            [
              -1.4667255,
              50.9359279
            ],
            [
              -1.4667126,
              50.935945
            ],
            [
              -1.4668074,
              50.9359735
            ]
          ]
        ]
      },
      "properties": {
        "osid": "093265a3-895b-4ed0-bccd-03c9af763e48",
        "toid": "osgb5000005277344199",
        "theme": "Buildings",
        "changetype": "Modified Attributes",
        "isobscured": false,
        "description": "Building",
        "versiondate": "2025-02-05",
        "geometry_area": 108.775995,
        "height_source": "Ordnance Survey",
        "physicallevel": "Surface Level",
        "oslandusetiera": "Residential Accommodation",
        "oslandusetierb": [
          "Private Residence"
        ],
        "geometry_source": "Ordnance Survey",
        "oslandcovertiera": "Constructed",
        "oslandcovertierb": [
          "Building"
        ],
        "oslanduse_source": "Ordnance Survey",
        "height_updatedate": "2025-01-17",
        "description_source": "Ordnance Survey",
        "oslandcover_source": "Ordnance Survey",
        "associatedstructure": null,
        "geometry_updatedate": "2021-04-26",
        "height_evidencedate": "2024-06-20",
        "capturespecification": "Urban",
        "oslanduse_updatedate": "2021-02-20",
        "absoluteheightmaximum": 19.3,
        "absoluteheightminimum": 12.1,
        "geometry_evidencedate": "2021-04-26",
        "heightconfidencelevel": "Moderate",
        "relativeheightmaximum": 7.2,
        "absoluteheightroofbase": 15.9,
        "description_updatedate": "2021-02-20",
        "oslandcover_updatedate": "2021-02-20",
        "oslanduse_evidencedate": "2020-09-20",
        "relativeheightroofbase": 3.8,
        "versionavailabletodate": null,
        "firstdigitalcapturedate": "2021-02-22",
        "description_evidencedate": "2020-09-20",
        "oslandcover_evidencedate": "2020-09-20",
        "versionavailablefromdate": "2025-02-06T00:00:00Z"
      }
    },
    {
      "id": "09b5a55b-8274-48e6-ac8c-4e8b8bc8ab46",
      "type": "Feature",
      "geometry": {
        "type": "Polygon",
        "coordinates": [
          [
            [
              -1.4681868,
              50.9378991
            ],
            [
              -1.4682322,
              50.937911
            ],
            [
              -1.468238,
              50.9379021
            ],
            [
              -1.4682665,
              50.9378588
            ],
            [
              -1.4682211,
              50.9378468
            ],
            [
              -1.4681868,
              50.9378991
            ]
          ]
        ]
      },
      "properties": {
        "osid": "09b5a55b-8274-48e6-ac8c-4e8b8bc8ab46",
        "toid": "osgb5000005203977485",
        "theme": "Buildings",
        "changetype": "Modified Attributes",
        "isobscured": false,
        "description": "Building",
        "versiondate": "2025-02-05",
        "geometry_area": 21.73604,
        "height_source": "Ordnance Survey",
        "physicallevel": "Surface Level",
        "oslandusetiera": "Residential Accommodation",
        "oslandusetierb": [
          "Private Residence"
        ],
        "geometry_source": "Ordnance Survey",
        "oslandcovertiera": "Constructed",
        "oslandcovertierb": [
          "Building"
        ],
        "oslanduse_source": "Ordnance Survey",
        "height_updatedate": "2025-01-17",
        "description_source": "Ordnance Survey",
        "oslandcover_source": "Ordnance Survey",
        "associatedstructure": null,
        "geometry_updatedate": "2017-04-19",
        "height_evidencedate": "2024-06-20",
        "capturespecification": "Urban",
        "oslanduse_updatedate": "2017-04-19",
        "absoluteheightmaximum": null,
        "absoluteheightminimum": 12.8,
        "geometry_evidencedate": "2016-08-12",
        "heightconfidencelevel": "Incomplete",
        "relativeheightmaximum": null,
        "absoluteheightroofbase": null,
        "description_updatedate": "2017-04-19",
        "oslandcover_updatedate": "2017-04-19",
        "oslanduse_evidencedate": "2016-08-12",
        "relativeheightroofbase": null,
        "versionavailabletodate": null,
        "firstdigitalcapturedate": "2017-05-04",
        "description_evidencedate": "2016-08-12",
        "oslandcover_evidencedate": "2016-08-12",
        "versionavailablefromdate": "2025-02-06T00:00:00Z"
      }
    },
    {
      "id": "09bf3d84-311b-4232-b2f1-48b0633b2c85",
      "type": "Feature",
      "geometry": {
        "type": "Polygon",
        "coordinates": [
          [
            [
              -1.4682061,
              50.9375747
            ],
            [
              -1.4681305,
              50.9375628
            ],
            [
              -1.4681217,
              50.9375844
            ],
            [
              -1.4681977,
              50.9375953
            ],
            [
              -1.4682061,
              50.9375747
            ]
          ]
        ]
      },
      "properties": {
        "osid": "09bf3d84-311b-4232-b2f1-48b0633b2c85",
        "toid": "osgb1000016343239",
        "theme": "Buildings",
        "changetype": "Modified Attributes",
        "isobscured": false,
        "description": "Building",
        "versiondate": "2025-02-05",
        "geometry_area": 13.2568,
        "height_source": "Ordnance Survey",
        "physicallevel": "Surface Level",
        "oslandusetiera": "Unknown Or Unused Artificial",
        "oslandusetierb": [],
        "geometry_source": "Ordnance Survey",
        "oslandcovertiera": "Constructed",
        "oslandcovertierb": [
          "Building"
        ],
        "oslanduse_source": "Ordnance Survey",
        "height_updatedate": "2025-01-17",
        "description_source": "Ordnance Survey",
        "oslandcover_source": "Ordnance Survey",
        "associatedstructure": null,
        "geometry_updatedate": "2004-02-10",
        "height_evidencedate": "2024-06-20",
        "capturespecification": "Urban",
        "oslanduse_updatedate": "2004-02-10",
        "absoluteheightmaximum": 14.7,
        "absoluteheightminimum": 12.6,
        "geometry_evidencedate": "2004-02-10",
        "heightconfidencelevel": "Moderate",
        "relativeheightmaximum": 2.1,
        "absoluteheightroofbase": 14.6,
        "description_updatedate": "2004-02-10",
        "oslandcover_updatedate": "2004-02-10",
        "oslanduse_evidencedate": "2004-02-10",
        "relativeheightroofbase": 2,
        "versionavailabletodate": null,
        "firstdigitalcapturedate": "1988-07-28",
        "description_evidencedate": "2004-02-10",
        "oslandcover_evidencedate": "2004-02-10",
        "versionavailablefromdate": "2025-02-06T00:00:00Z"
      }
    },
    {
      "id": "09ec153c-8798-48db-8249-28f98f9ec520",
      "type": "Feature",
      "geometry": {
        "type": "Polygon",
        "coordinates": [
          [
            [
              -1.4698925,
              50.9405721
            ],
            [
              -1.4702742,
              50.9405741
            ],
            [
              -1.4702766,
              50.940387
            ],
            [
              -1.4698949,
              50.9403851
            ],
            [
              -1.4698925,
              50.9405721
            ]
          ]
        ]
      },
      "properties": {
        "osid": "09ec153c-8798-48db-8249-28f98f9ec520",
        "toid": "osgb5000005278503034",
        "theme": "Buildings",
        "changetype": "Modified Attributes",
        "isobscured": false,
        "description": "Building",
        "versiondate": "2025-02-05",
        "geometry_area": 557.805747,
        "height_source": "Ordnance Survey",
        "physicallevel": "Surface Level",
        "oslandusetiera": "Commercial Activity: Industrial Or Manufacturing",
        "oslandusetierb": [],
        "geometry_source": "Ordnance Survey",
        "oslandcovertiera": "Constructed",
        "oslandcovertierb": [
          "Building"
        ],
        "oslanduse_source": "Ordnance Survey",
        "height_updatedate": "2025-01-17",
        "description_source": "Ordnance Survey",
        "oslandcover_source": "Ordnance Survey",
        "associatedstructure": null,
        "geometry_updatedate": "2021-03-10",
        "height_evidencedate": "2024-06-20",
        "capturespecification": "Urban",
        "oslanduse_updatedate": "2021-03-10",
        "absoluteheightmaximum": 27.8,
        "absoluteheightminimum": 15.3,
        "geometry_evidencedate": "2021-03-10",
        "heightconfidencelevel": "Moderate",
        "relativeheightmaximum": 12.5,
        "absoluteheightroofbase": 25,
        "description_updatedate": "2021-03-10",
        "oslandcover_updatedate": "2021-03-10",
        "oslanduse_evidencedate": "2021-03-10",
        "relativeheightroofbase": 9.7,
        "versionavailabletodate": null,
        "firstdigitalcapturedate": "2021-03-10",
        "description_evidencedate": "2021-03-10",
        "oslandcover_evidencedate": "2021-03-10",
        "versionavailablefromdate": "2025-02-06T00:00:00Z"
      }
    },
    {
      "id": "0a330d7e-2bcf-43ac-b6ef-012d1ac851dc",
      "type": "Feature",
      "geometry": {
        "type": "Polygon",
        "coordinates": [
          [
            [
              -1.4666614,
              50.9365128
            ],
            [
              -1.4666608,
              50.9365654
            ],
            [
              -1.4667006,
              50.9365656
            ],
            [
              -1.4667012,
              50.936513
            ],
            [
              -1.4666614,
              50.9365128
            ]
          ]
        ]
      },
      "properties": {
        "osid": "0a330d7e-2bcf-43ac-b6ef-012d1ac851dc",
        "toid": "osgb1000016342806",
        "theme": "Buildings",
        "changetype": "Modified Attributes",
        "isobscured": false,
        "description": "Building",
        "versiondate": "2025-02-05",
        "geometry_area": 16.38,
        "height_source": "Ordnance Survey",
        "physicallevel": "Surface Level",
        "oslandusetiera": "Unknown Or Unused Artificial",
        "oslandusetierb": [],
        "geometry_source": "Ordnance Survey",
        "oslandcovertiera": "Constructed",
        "oslandcovertierb": [
          "Building"
        ],
        "oslanduse_source": "Ordnance Survey",
        "height_updatedate": "2025-01-17",
        "description_source": "Ordnance Survey",
        "oslandcover_source": "Ordnance Survey",
        "associatedstructure": null,
        "geometry_updatedate": "2004-04-13",
        "height_evidencedate": "2024-06-20",
        "capturespecification": "Urban",
        "oslanduse_updatedate": "2004-04-13",
        "absoluteheightmaximum": 15.5,
        "absoluteheightminimum": 13.1,
        "geometry_evidencedate": "2004-04-13",
        "heightconfidencelevel": "Moderate",
        "relativeheightmaximum": 2.4,
        "absoluteheightroofbase": 15.1,
        "description_updatedate": "2004-04-13",
        "oslandcover_updatedate": "2004-04-13",
        "oslanduse_evidencedate": "2004-04-13",
        "relativeheightroofbase": 2,
        "versionavailabletodate": null,
        "firstdigitalcapturedate": "1988-05-16",
        "description_evidencedate": "2004-04-13",
        "oslandcover_evidencedate": "2004-04-13",
        "versionavailablefromdate": "2025-02-06T00:00:00Z"
      }
    },
    {
      "id": "0a4bd90b-d1c1-4f83-be96-830454350871",
      "type": "Feature",
      "geometry": {
        "type": "Polygon",
        "coordinates": [
          [
            [
              -1.4656686,
              50.9395134
            ],
            [
              -1.4656159,
              50.9394696
            ],
            [
              -1.465518,
              50.9395167
            ],
            [
              -1.4655706,
              50.9395604
            ],
            [
              -1.4656686,
              50.9395134
            ]
          ]
        ]
      },
      "properties": {
        "osid": "0a4bd90b-d1c1-4f83-be96-830454350871",
        "toid": "osgb5000005236335751",
        "theme": "Buildings",
        "changetype": "Modified Attributes",
        "isobscured": false,
        "description": "Building",
        "versiondate": "2025-02-05",
        "geometry_area": 52.860118,
        "height_source": "Ordnance Survey",
        "physicallevel": "Surface Level",
        "oslandusetiera": "Residential Accommodation",
        "oslandusetierb": [
          "Private Residence"
        ],
        "geometry_source": "Ordnance Survey",
        "oslandcovertiera": "Constructed",
        "oslandcovertierb": [
          "Building"
        ],
        "oslanduse_source": "Ordnance Survey",
        "height_updatedate": "2025-01-17",
        "description_source": "Ordnance Survey",
        "oslandcover_source": "Ordnance Survey",
        "associatedstructure": null,
        "geometry_updatedate": "2018-09-17",
        "height_evidencedate": "2024-06-20",
        "capturespecification": "Urban",
        "oslanduse_updatedate": "2018-09-17",
        "absoluteheightmaximum": 31,
        "absoluteheightminimum": 22.7,
        "geometry_evidencedate": "2018-09-17",
        "heightconfidencelevel": "Moderate",
        "relativeheightmaximum": 8.3,
        "absoluteheightroofbase": 28.8,
        "description_updatedate": "2018-09-17",
        "oslandcover_updatedate": "2018-09-17",
        "oslanduse_evidencedate": "2018-09-17",
        "relativeheightroofbase": 6.1,
        "versionavailabletodate": null,
        "firstdigitalcapturedate": "2018-09-17",
        "description_evidencedate": "2018-09-17",
        "oslandcover_evidencedate": "2018-09-17",
        "versionavailablefromdate": "2025-02-06T00:00:00Z"
      }
    },
    {
      "id": "0a95197b-3f5e-4391-82fe-59563fea9db3",
      "type": "Feature",
      "geometry": {
        "type": "Polygon",
        "coordinates": [
          [
            [
              -1.4658578,
              50.9368985
            ],
            [
              -1.4658745,
              50.9368765
            ],
            [
              -1.4657979,
              50.9368533
            ],
            [
              -1.4657813,
              50.9368757
            ],
            [
              -1.4658578,
              50.9368985
            ]
          ]
        ]
      },
      "properties": {
        "osid": "0a95197b-3f5e-4391-82fe-59563fea9db3",
        "toid": "osgb1000016342842",
        "theme": "Buildings",
        "changetype": "Modified Attributes",
        "isobscured": false,
        "description": "Building",
        "versiondate": "2025-02-05",
        "geometry_area": 16.26875,
        "height_source": "Ordnance Survey",
        "physicallevel": "Surface Level",
        "oslandusetiera": "Unknown Or Unused Artificial",
        "oslandusetierb": [],
        "geometry_source": "Ordnance Survey",
        "oslandcovertiera": "Constructed",
        "oslandcovertierb": [
          "Building"
        ],
        "oslanduse_source": "Ordnance Survey",
        "height_updatedate": "2025-01-17",
        "description_source": "Ordnance Survey",
        "oslandcover_source": "Ordnance Survey",
        "associatedstructure": null,
        "geometry_updatedate": "2004-04-13",
        "height_evidencedate": "2024-06-20",
        "capturespecification": "Urban",
        "oslanduse_updatedate": "2004-04-13",
        "absoluteheightmaximum": 17.7,
        "absoluteheightminimum": 15.2,
        "geometry_evidencedate": "2004-04-13",
        "heightconfidencelevel": "Moderate",
        "relativeheightmaximum": 2.5,
        "absoluteheightroofbase": 17.2,
        "description_updatedate": "2004-04-13",
        "oslandcover_updatedate": "2004-04-13",
        "oslanduse_evidencedate": "2004-04-13",
        "relativeheightroofbase": 2,
        "versionavailabletodate": null,
        "firstdigitalcapturedate": "1988-05-16",
        "description_evidencedate": "2004-04-13",
        "oslandcover_evidencedate": "2004-04-13",
        "versionavailablefromdate": "2025-02-06T00:00:00Z"
      }
    },
    {
      "id": "0add2fba-1d2e-4310-b6e9-32f973446130",
      "type": "Feature",
      "geometry": {
        "type": "Polygon",
        "coordinates": [
          [
            [
              -1.4664118,
              50.9355549
            ],
            [
              -1.4665059,
              50.9355822
            ],
            [
              -1.4666191,
              50.9354262
            ],
            [
              -1.4666368,
              50.9354313
            ],
            [
              -1.4666471,
              50.9354343
            ],
            [
              -1.4666604,
              50.9354159
            ],
            [
              -1.4666758,
              50.9353946
            ],
            [
              -1.4666478,
              50.9353865
            ],
            [
              -1.4666324,
              50.9354078
            ],
            [
              -1.4666313,
              50.9354074
            ],
            [
              -1.4666093,
              50.9354011
            ],
            [
              -1.4665677,
              50.9354584
            ],
            [
              -1.4665046,
              50.9354401
            ],
            [
              -1.4664968,
              50.9354378
            ],
            [
              -1.4664118,
              50.9355549
            ]
          ]
        ]
      },
      "properties": {
        "osid": "0add2fba-1d2e-4310-b6e9-32f973446130",
        "toid": "osgb5000005208814521",
        "theme": "Buildings",
        "changetype": "Modified Attributes",
        "isobscured": false,
        "description": "Building",
        "versiondate": "2025-02-05",
        "geometry_area": 127.304018,
        "height_source": "Ordnance Survey",
        "physicallevel": "Surface Level",
        "oslandusetiera": "Residential Accommodation",
        "oslandusetierb": [
          "Private Residence"
        ],
        "geometry_source": "Ordnance Survey",
        "oslandcovertiera": "Constructed",
        "oslandcovertierb": [
          "Building"
        ],
        "oslanduse_source": "Ordnance Survey",
        "height_updatedate": "2025-01-17",
        "description_source": "Ordnance Survey",
        "oslandcover_source": "Ordnance Survey",
        "associatedstructure": null,
        "geometry_updatedate": "2017-08-03",
        "height_evidencedate": "2024-06-20",
        "capturespecification": "Urban",
        "oslanduse_updatedate": "2017-08-03",
        "absoluteheightmaximum": 19.5,
        "absoluteheightminimum": 12.3,
        "geometry_evidencedate": "2017-08-03",
        "heightconfidencelevel": "Moderate",
        "relativeheightmaximum": 7.2,
        "absoluteheightroofbase": 14.9,
        "description_updatedate": "2017-08-03",
        "oslandcover_updatedate": "2017-08-03",
        "oslanduse_evidencedate": "2017-08-03",
        "relativeheightroofbase": 2.6,
        "versionavailabletodate": null,
        "firstdigitalcapturedate": "2017-08-03",
        "description_evidencedate": "2017-08-03",
        "oslandcover_evidencedate": "2017-08-03",
        "versionavailablefromdate": "2025-02-06T00:00:00Z"
      }
    },
    {
      "id": "0b1447ad-3ccb-46bd-8572-aad057e97e5f",
      "type": "Feature",
      "geometry": {
        "type": "Polygon",
        "coordinates": [
          [
            [
              -1.4636284,
              50.940749
            ],
            [
              -1.4635903,
              50.9407315
            ],
            [
              -1.4635385,
              50.9407767
            ],
            [
              -1.4635766,
              50.9407941
            ],
            [
              -1.4636284,
              50.940749
            ]
          ]
        ]
      },
      "properties": {
        "osid": "0b1447ad-3ccb-46bd-8572-aad057e97e5f",
        "toid": "osgb5000005198749601",
        "theme": "Buildings",
        "changetype": "Modified Attributes",
        "isobscured": false,
        "description": "Building",
        "versiondate": "2025-02-05",
        "geometry_area": 20.500541,
        "height_source": "Ordnance Survey",
        "physicallevel": "Surface Level",
        "oslandusetiera": "Residential Accommodation",
        "oslandusetierb": [
          "Private Residence"
        ],
        "geometry_source": "Ordnance Survey",
        "oslandcovertiera": "Constructed",
        "oslandcovertierb": [
          "Building"
        ],
        "oslanduse_source": "Ordnance Survey",
        "height_updatedate": "2025-01-17",
        "description_source": "Ordnance Survey",
        "oslandcover_source": "Ordnance Survey",
        "associatedstructure": null,
        "geometry_updatedate": "2017-02-07",
        "height_evidencedate": "2024-06-20",
        "capturespecification": "Urban",
        "oslanduse_updatedate": "2017-02-07",
        "absoluteheightmaximum": 27.7,
        "absoluteheightminimum": 24.2,
        "geometry_evidencedate": "2017-02-07",
        "heightconfidencelevel": "Moderate",
        "relativeheightmaximum": 3.5,
        "absoluteheightroofbase": 26.5,
        "description_updatedate": "2017-02-07",
        "oslandcover_updatedate": "2017-02-07",
        "oslanduse_evidencedate": "2017-02-07",
        "relativeheightroofbase": 2.3,
        "versionavailabletodate": null,
        "firstdigitalcapturedate": "2017-02-07",
        "description_evidencedate": "2017-02-07",
        "oslandcover_evidencedate": "2017-02-07",
        "versionavailablefromdate": "2025-02-06T00:00:00Z"
      }
    },
    {
      "id": "0b61b226-83b6-43e8-909e-19ddc3e4ccce",
      "type": "Feature",
      "geometry": {
        "type": "Polygon",
        "coordinates": [
          [
            [
              -1.4672953,
              50.9368657
            ],
            [
              -1.467316,
              50.9368814
            ],
            [
              -1.4673547,
              50.936861
            ],
            [
              -1.467334,
              50.9368453
            ],
            [
              -1.4672953,
              50.9368657
            ]
          ]
        ]
      },
      "properties": {
        "osid": "0b61b226-83b6-43e8-909e-19ddc3e4ccce",
        "toid": "osgb5000005203977471",
        "theme": "Buildings",
        "changetype": "Modified Attributes",
        "isobscured": false,
        "description": "Building",
        "versiondate": "2025-02-05",
        "geometry_area": 8.069212,
        "height_source": "Ordnance Survey",
        "physicallevel": "Surface Level",
        "oslandusetiera": "Residential Accommodation",
        "oslandusetierb": [
          "Private Residence"
        ],
        "geometry_source": "Ordnance Survey",
        "oslandcovertiera": "Constructed",
        "oslandcovertierb": [
          "Building"
        ],
        "oslanduse_source": "Ordnance Survey",
        "height_updatedate": "2025-01-17",
        "description_source": "Ordnance Survey",
        "oslandcover_source": "Ordnance Survey",
        "associatedstructure": null,
        "geometry_updatedate": "2017-05-02",
        "height_evidencedate": "2024-06-20",
        "capturespecification": "Urban",
        "oslanduse_updatedate": "2017-05-02",
        "absoluteheightmaximum": null,
        "absoluteheightminimum": 13.1,
        "geometry_evidencedate": "2016-08-12",
        "heightconfidencelevel": "Incomplete",
        "relativeheightmaximum": null,
        "absoluteheightroofbase": null,
        "description_updatedate": "2017-05-02",
        "oslandcover_updatedate": "2017-05-02",
        "oslanduse_evidencedate": "2016-08-12",
        "relativeheightroofbase": null,
        "versionavailabletodate": null,
        "firstdigitalcapturedate": "2017-05-04",
        "description_evidencedate": "2016-08-12",
        "oslandcover_evidencedate": "2016-08-12",
        "versionavailablefromdate": "2025-02-06T00:00:00Z"
      }
    },
    {
      "id": "0c1e5af0-ba4c-4ac8-94b9-ef66bccbdc6c",
      "type": "Feature",
      "geometry": {
        "type": "Polygon",
        "coordinates": [
          [
            [
              -1.4663829,
              50.9395253
            ],
            [
              -1.4663174,
              50.9394651
            ],
            [
              -1.4661962,
              50.9395177
            ],
            [
              -1.4662357,
              50.939554
            ],
            [
              -1.4662537,
              50.9395461
            ],
            [
              -1.4662798,
              50.9395701
            ],
            [
              -1.4663829,
              50.9395253
            ]
          ]
        ]
      },
      "properties": {
        "osid": "0c1e5af0-ba4c-4ac8-94b9-ef66bccbdc6c",
        "toid": "osgb5000005239289076",
        "theme": "Buildings",
        "changetype": "Modified Attributes",
        "isobscured": false,
        "description": "Building",
        "versiondate": "2025-02-05",
        "geometry_area": 78.994547,
        "height_source": "Ordnance Survey",
        "physicallevel": "Surface Level",
        "oslandusetiera": "Residential Accommodation",
        "oslandusetierb": [
          "Private Residence"
        ],
        "geometry_source": "Ordnance Survey",
        "oslandcovertiera": "Constructed",
        "oslandcovertierb": [
          "Building"
        ],
        "oslanduse_source": "Ordnance Survey",
        "height_updatedate": "2025-01-17",
        "description_source": "Ordnance Survey",
        "oslandcover_source": "Ordnance Survey",
        "associatedstructure": null,
        "geometry_updatedate": "2022-05-06",
        "height_evidencedate": "2024-06-20",
        "capturespecification": "Urban",
        "oslanduse_updatedate": "2018-11-26",
        "absoluteheightmaximum": 30,
        "absoluteheightminimum": 21.5,
        "geometry_evidencedate": "2021-04-17",
        "heightconfidencelevel": "Moderate",
        "relativeheightmaximum": 8.5,
        "absoluteheightroofbase": 26.8,
        "description_updatedate": "2018-11-26",
        "oslandcover_updatedate": "2018-11-26",
        "oslanduse_evidencedate": "2018-11-26",
        "relativeheightroofbase": 5.3,
        "versionavailabletodate": null,
        "firstdigitalcapturedate": "2018-11-26",
        "description_evidencedate": "2018-11-26",
        "oslandcover_evidencedate": "2018-11-26",
        "versionavailablefromdate": "2025-02-06T00:00:00Z"
      }
    },
    {
      "id": "0c36208d-0122-44a0-ad42-db6b6c28b04f",
      "type": "Feature",
      "geometry": {
        "type": "Polygon",
        "coordinates": [
          [
            [
              -1.4684783,
              50.9376766
            ],
            [
              -1.4684976,
              50.9376566
            ],
            [
              -1.4684347,
              50.9376333
            ],
            [
              -1.4684159,
              50.937653
            ],
            [
              -1.4684783,
              50.9376766
            ]
          ]
        ]
      },
      "properties": {
        "osid": "0c36208d-0122-44a0-ad42-db6b6c28b04f",
        "toid": "osgb1000016343233",
        "theme": "Buildings",
        "changetype": "Modified Attributes",
        "isobscured": false,
        "description": "Building",
        "versiondate": "2025-02-05",
        "geometry_area": 13.218,
        "height_source": "Ordnance Survey",
        "physicallevel": "Surface Level",
        "oslandusetiera": "Unknown Or Unused Artificial",
        "oslandusetierb": [],
        "geometry_source": "Ordnance Survey",
        "oslandcovertiera": "Constructed",
        "oslandcovertierb": [
          "Building"
        ],
        "oslanduse_source": "Ordnance Survey",
        "height_updatedate": "2025-01-17",
        "description_source": "Ordnance Survey",
        "oslandcover_source": "Ordnance Survey",
        "associatedstructure": null,
        "geometry_updatedate": "2004-02-10",
        "height_evidencedate": "2024-06-20",
        "capturespecification": "Urban",
        "oslanduse_updatedate": "2004-02-10",
        "absoluteheightmaximum": null,
        "absoluteheightminimum": 12.2,
        "geometry_evidencedate": "2004-02-10",
        "heightconfidencelevel": "Incomplete",
        "relativeheightmaximum": null,
        "absoluteheightroofbase": null,
        "description_updatedate": "2004-02-10",
        "oslandcover_updatedate": "2004-02-10",
        "oslanduse_evidencedate": "2004-02-10",
        "relativeheightroofbase": null,
        "versionavailabletodate": null,
        "firstdigitalcapturedate": "1988-07-28",
        "description_evidencedate": "2004-02-10",
        "oslandcover_evidencedate": "2004-02-10",
        "versionavailablefromdate": "2025-02-06T00:00:00Z"
      }
    },
    {
      "id": "0c42d26d-5086-4d45-9af1-39d3f502f525",
      "type": "Feature",
      "geometry": {
        "type": "Polygon",
        "coordinates": [
          [
            [
              -1.465217,
              50.9401085
            ],
            [
              -1.4653081,
              50.9401734
            ],
            [
              -1.4653809,
              50.9401326
            ],
            [
              -1.4653004,
              50.9400753
            ],
            [
              -1.4652658,
              50.9400947
            ],
            [
              -1.4652552,
              50.9400871
            ],
            [
              -1.465217,
              50.9401085
            ]
          ]
        ]
      },
      "properties": {
        "osid": "0c42d26d-5086-4d45-9af1-39d3f502f525",
        "toid": "osgb5000005208860379",
        "theme": "Buildings",
        "changetype": "Modified Attributes",
        "isobscured": false,
        "description": "Building",
        "versiondate": "2025-02-05",
        "geometry_area": 62.329806,
        "height_source": "Ordnance Survey",
        "physicallevel": "Surface Level",
        "oslandusetiera": "Residential Accommodation",
        "oslandusetierb": [
          "Private Residence"
        ],
        "geometry_source": "Ordnance Survey",
        "oslandcovertiera": "Constructed",
        "oslandcovertierb": [
          "Building"
        ],
        "oslanduse_source": "Ordnance Survey",
        "height_updatedate": "2025-01-17",
        "description_source": "Ordnance Survey",
        "oslandcover_source": "Ordnance Survey",
        "associatedstructure": null,
        "geometry_updatedate": "2017-08-04",
        "height_evidencedate": "2024-06-20",
        "capturespecification": "Urban",
        "oslanduse_updatedate": "2017-08-04",
        "absoluteheightmaximum": 32.7,
        "absoluteheightminimum": 23.3,
        "geometry_evidencedate": "2017-08-04",
        "heightconfidencelevel": "Moderate",
        "relativeheightmaximum": 9.4,
        "absoluteheightroofbase": 27.8,
        "description_updatedate": "2017-08-04",
        "oslandcover_updatedate": "2017-08-04",
        "oslanduse_evidencedate": "2017-08-04",
        "relativeheightroofbase": 4.5,
        "versionavailabletodate": null,
        "firstdigitalcapturedate": "2017-08-04",
        "description_evidencedate": "2017-08-04",
        "oslandcover_evidencedate": "2017-08-04",
        "versionavailablefromdate": "2025-02-06T00:00:00Z"
      }
    },
    {
      "id": "0c716f29-d301-49f1-8c3c-819685da1537",
      "type": "Feature",
      "geometry": {
        "type": "Polygon",
        "coordinates": [
          [
            [
              -1.4644657,
              50.9408635
            ],
            [
              -1.4644197,
              50.9409001
            ],
            [
              -1.4645173,
              50.9409491
            ],
            [
              -1.4645633,
              50.9409126
            ],
            [
              -1.4644657,
              50.9408635
            ]
          ]
        ]
      },
      "properties": {
        "osid": "0c716f29-d301-49f1-8c3c-819685da1537",
        "toid": "osgb5000005204350755",
        "theme": "Buildings",
        "changetype": "Modified Attributes",
        "isobscured": false,
        "description": "Building",
        "versiondate": "2025-02-05",
        "geometry_area": 45.539446,
        "height_source": "Ordnance Survey",
        "physicallevel": "Surface Level",
        "oslandusetiera": "Residential Accommodation",
        "oslandusetierb": [
          "Private Residence"
        ],
        "geometry_source": "Ordnance Survey",
        "oslandcovertiera": "Constructed",
        "oslandcovertierb": [
          "Building"
        ],
        "oslanduse_source": "Ordnance Survey",
        "height_updatedate": "2025-01-17",
        "description_source": "Ordnance Survey",
        "oslandcover_source": "Ordnance Survey",
        "associatedstructure": null,
        "geometry_updatedate": "2017-05-11",
        "height_evidencedate": "2024-06-20",
        "capturespecification": "Urban",
        "oslanduse_updatedate": "2017-05-11",
        "absoluteheightmaximum": 33.1,
        "absoluteheightminimum": 23.2,
        "geometry_evidencedate": "2017-05-11",
        "heightconfidencelevel": "Moderate",
        "relativeheightmaximum": 9.9,
        "absoluteheightroofbase": 30.1,
        "description_updatedate": "2017-05-11",
        "oslandcover_updatedate": "2017-05-11",
        "oslanduse_evidencedate": "2017-05-11",
        "relativeheightroofbase": 6.9,
        "versionavailabletodate": null,
        "firstdigitalcapturedate": "2017-05-12",
        "description_evidencedate": "2017-05-11",
        "oslandcover_evidencedate": "2017-05-11",
        "versionavailablefromdate": "2025-02-06T00:00:00Z"
      }
    },
    {
      "id": "0c8333c8-1e23-4b99-bc1f-47a100c6bee1",
      "type": "Feature",
      "geometry": {
        "type": "Polygon",
        "coordinates": [
          [
            [
              -1.4745848,
              50.9377858
            ],
            [
              -1.4745833,
              50.9377633
            ],
            [
              -1.4745827,
              50.9377546
            ],
            [
              -1.4745812,
              50.9377322
            ],
            [
              -1.4745676,
              50.9375259
            ],
            [
              -1.4745651,
              50.9374872
            ],
            [
              -1.4745512,
              50.9372767
            ],
            [
              -1.4745494,
              50.9372496
            ],
            [
              -1.4745493,
              50.9372479
            ],
            [
              -1.4737293,
              50.9372703
            ],
            [
              -1.4737616,
              50.9377509
            ],
            [
              -1.4737622,
              50.9377596
            ],
            [
              -1.4737878,
              50.9381347
            ],
            [
              -1.4743744,
              50.9381187
            ],
            [
              -1.4745223,
              50.9381147
            ],
            [
              -1.4746064,
              50.9381124
            ],
            [
              -1.4745848,
              50.9377858
            ]
          ]
        ]
      },
      "properties": {
        "osid": "0c8333c8-1e23-4b99-bc1f-47a100c6bee1",
        "toid": "osgb1000016342704",
        "theme": "Buildings",
        "changetype": "Modified Attributes",
        "isobscured": false,
        "description": "Building",
        "versiondate": "2025-02-05",
        "geometry_area": 5545.04135,
        "height_source": "Ordnance Survey",
        "physicallevel": "Surface Level",
        "oslandusetiera": "Commercial Activity: Distribution Or Storage",
        "oslandusetierb": [],
        "geometry_source": "Ordnance Survey",
        "oslandcovertiera": "Constructed",
        "oslandcovertierb": [
          "Building"
        ],
        "oslanduse_source": "Ordnance Survey",
        "height_updatedate": "2025-01-17",
        "description_source": "Ordnance Survey",
        "oslandcover_source": "Ordnance Survey",
        "associatedstructure": null,
        "geometry_updatedate": "2010-08-22",
        "height_evidencedate": "2024-06-20",
        "capturespecification": "Rural",
        "oslanduse_updatedate": "2010-08-22",
        "absoluteheightmaximum": 21.7,
        "absoluteheightminimum": 10,
        "geometry_evidencedate": "2010-08-22",
        "heightconfidencelevel": "Moderate",
        "relativeheightmaximum": 11.7,
        "absoluteheightroofbase": 18.2,
        "description_updatedate": "2010-08-22",
        "oslandcover_updatedate": "2010-08-22",
        "oslanduse_evidencedate": "2010-08-22",
        "relativeheightroofbase": 8.2,
        "versionavailabletodate": null,
        "firstdigitalcapturedate": "1991-09-01",
        "description_evidencedate": "2010-08-22",
        "oslandcover_evidencedate": "2010-08-22",
        "versionavailablefromdate": "2025-02-06T00:00:00Z"
      }
    },
    {
      "id": "0cca527e-dd1f-4fdc-8cea-55e21f42ad4e",
      "type": "Feature",
      "geometry": {
        "type": "Polygon",
        "coordinates": [
          [
            [
              -1.4680264,
              50.9378198
            ],
            [
              -1.4680703,
              50.9378214
            ],
            [
              -1.4680726,
              50.9377958
            ],
            [
              -1.4680287,
              50.9377943
            ],
            [
              -1.4680264,
              50.9378198
            ]
          ]
        ]
      },
      "properties": {
        "osid": "0cca527e-dd1f-4fdc-8cea-55e21f42ad4e",
        "toid": "osgb5000005203977209",
        "theme": "Buildings",
        "changetype": "Modified Attributes",
        "isobscured": false,
        "description": "Building",
        "versiondate": "2025-02-05",
        "geometry_area": 8.791112,
        "height_source": "Ordnance Survey",
        "physicallevel": "Surface Level",
        "oslandusetiera": "Residential Accommodation",
        "oslandusetierb": [
          "Private Residence"
        ],
        "geometry_source": "Ordnance Survey",
        "oslandcovertiera": "Constructed",
        "oslandcovertierb": [
          "Building"
        ],
        "oslanduse_source": "Ordnance Survey",
        "height_updatedate": "2025-01-17",
        "description_source": "Ordnance Survey",
        "oslandcover_source": "Ordnance Survey",
        "associatedstructure": null,
        "geometry_updatedate": "2017-04-19",
        "height_evidencedate": "2024-06-20",
        "capturespecification": "Urban",
        "oslanduse_updatedate": "2017-04-19",
        "absoluteheightmaximum": 15.5,
        "absoluteheightminimum": 13,
        "geometry_evidencedate": "2016-08-12",
        "heightconfidencelevel": "Moderate",
        "relativeheightmaximum": 2.5,
        "absoluteheightroofbase": 15,
        "description_updatedate": "2017-04-19",
        "oslandcover_updatedate": "2017-04-19",
        "oslanduse_evidencedate": "2016-08-12",
        "relativeheightroofbase": 2,
        "versionavailabletodate": null,
        "firstdigitalcapturedate": "2017-05-04",
        "description_evidencedate": "2016-08-12",
        "oslandcover_evidencedate": "2016-08-12",
        "versionavailablefromdate": "2025-02-06T00:00:00Z"
      }
    },
    {
      "id": "0d0fff99-89e8-4de2-90b3-8c369e3026b4",
      "type": "Feature",
      "geometry": {
        "type": "Polygon",
        "coordinates": [
          [
            [
              -1.4679209,
              50.9365031
            ],
            [
              -1.4679465,
              50.9365106
            ],
            [
              -1.4679798,
              50.9364658
            ],
            [
              -1.4679273,
              50.9364507
            ],
            [
              -1.4679209,
              50.9365031
            ]
          ]
        ]
      },
      "properties": {
        "osid": "0d0fff99-89e8-4de2-90b3-8c369e3026b4",
        "toid": "osgb5000005203977266",
        "theme": "Buildings",
        "changetype": "Modified Attributes",
        "isobscured": false,
        "description": "Building",
        "versiondate": "2025-02-05",
        "geometry_area": 16.550641,
        "height_source": "Ordnance Survey",
        "physicallevel": "Surface Level",
        "oslandusetiera": "Residential Accommodation",
        "oslandusetierb": [
          "Private Residence"
        ],
        "geometry_source": "Ordnance Survey",
        "oslandcovertiera": "Constructed",
        "oslandcovertierb": [
          "Building"
        ],
        "oslanduse_source": "Ordnance Survey",
        "height_updatedate": "2025-01-17",
        "description_source": "Ordnance Survey",
        "oslandcover_source": "Ordnance Survey",
        "associatedstructure": null,
        "geometry_updatedate": "2017-04-19",
        "height_evidencedate": "2024-06-20",
        "capturespecification": "Urban",
        "oslanduse_updatedate": "2017-04-19",
        "absoluteheightmaximum": 15.2,
        "absoluteheightminimum": 11.9,
        "geometry_evidencedate": "2016-08-12",
        "heightconfidencelevel": "Moderate",
        "relativeheightmaximum": 3.3,
        "absoluteheightroofbase": 14.3,
        "description_updatedate": "2017-04-19",
        "oslandcover_updatedate": "2017-04-19",
        "oslanduse_evidencedate": "2016-08-12",
        "relativeheightroofbase": 2.4,
        "versionavailabletodate": null,
        "firstdigitalcapturedate": "2017-05-04",
        "description_evidencedate": "2016-08-12",
        "oslandcover_evidencedate": "2016-08-12",
        "versionavailablefromdate": "2025-02-06T00:00:00Z"
      }
    },
    {
      "id": "0d4f1026-7810-4f2f-a06d-9eeb9ab62612",
      "type": "Feature",
      "geometry": {
        "type": "Polygon",
        "coordinates": [
          [
            [
              -1.4670658,
              50.935821
            ],
            [
              -1.4669856,
              50.9357957
            ],
            [
              -1.4669637,
              50.9358234
            ],
            [
              -1.4670439,
              50.9358487
            ],
            [
              -1.4670658,
              50.935821
            ]
          ]
        ]
      },
      "properties": {
        "osid": "0d4f1026-7810-4f2f-a06d-9eeb9ab62612",
        "toid": "osgb5000005208814528",
        "theme": "Buildings",
        "changetype": "Modified Attributes",
        "isobscured": false,
        "description": "Building",
        "versiondate": "2025-02-05",
        "geometry_area": 21.715837,
        "height_source": "Ordnance Survey",
        "physicallevel": "Surface Level",
        "oslandusetiera": "Residential Accommodation",
        "oslandusetierb": [
          "Private Residence"
        ],
        "geometry_source": "Ordnance Survey",
        "oslandcovertiera": "Constructed",
        "oslandcovertierb": [
          "Building"
        ],
        "oslanduse_source": "Ordnance Survey",
        "height_updatedate": "2025-01-17",
        "description_source": "Ordnance Survey",
        "oslandcover_source": "Ordnance Survey",
        "associatedstructure": null,
        "geometry_updatedate": "2017-08-03",
        "height_evidencedate": "2024-06-20",
        "capturespecification": "Urban",
        "oslanduse_updatedate": "2017-08-03",
        "absoluteheightmaximum": 16.9,
        "absoluteheightminimum": 12.1,
        "geometry_evidencedate": "2017-08-03",
        "heightconfidencelevel": "Moderate",
        "relativeheightmaximum": 4.8,
        "absoluteheightroofbase": 15.7,
        "description_updatedate": "2017-08-03",
        "oslandcover_updatedate": "2017-08-03",
        "oslanduse_evidencedate": "2017-08-03",
        "relativeheightroofbase": 3.6,
        "versionavailabletodate": null,
        "firstdigitalcapturedate": "2017-08-03",
        "description_evidencedate": "2017-08-03",
        "oslandcover_evidencedate": "2017-08-03",
        "versionavailablefromdate": "2025-02-06T00:00:00Z"
      }
    },
    {
      "id": "0dac4b1d-3f16-40dd-a36b-0463ef96ac4d",
      "type": "Feature",
      "geometry": {
        "type": "Polygon",
        "coordinates": [
          [
            [
              -1.4677575,
              50.9380294
            ],
            [
              -1.4677248,
              50.9381075
            ],
            [
              -1.4678029,
              50.9381205
            ],
            [
              -1.4678646,
              50.9381308
            ],
            [
              -1.4678877,
              50.9380758
            ],
            [
              -1.4678259,
              50.9380654
            ],
            [
              -1.4678354,
              50.9380429
            ],
            [
              -1.4677575,
              50.9380294
            ]
          ]
        ]
      },
      "properties": {
        "osid": "0dac4b1d-3f16-40dd-a36b-0463ef96ac4d",
        "toid": "osgb1000016342685",
        "theme": "Buildings",
        "changetype": "Modified Attributes",
        "isobscured": false,
        "description": "Building",
        "versiondate": "2025-02-05",
        "geometry_area": 79.185224,
        "height_source": "Ordnance Survey",
        "physicallevel": "Surface Level",
        "oslandusetiera": "Residential Accommodation",
        "oslandusetierb": [
          "Private Residence"
        ],
        "geometry_source": "Ordnance Survey",
        "oslandcovertiera": "Constructed",
        "oslandcovertierb": [
          "Building"
        ],
        "oslanduse_source": "Ordnance Survey",
        "height_updatedate": "2025-01-17",
        "description_source": "Ordnance Survey",
        "oslandcover_source": "Ordnance Survey",
        "associatedstructure": null,
        "geometry_updatedate": "2017-04-19",
        "height_evidencedate": "2024-06-20",
        "capturespecification": "Urban",
        "oslanduse_updatedate": "2004-04-13",
        "absoluteheightmaximum": 20.3,
        "absoluteheightminimum": 13.6,
        "geometry_evidencedate": "2016-08-12",
        "heightconfidencelevel": "Moderate",
        "relativeheightmaximum": 6.7,
        "absoluteheightroofbase": 18.1,
        "description_updatedate": "2004-04-13",
        "oslandcover_updatedate": "2004-04-13",
        "oslanduse_evidencedate": "2004-04-13",
        "relativeheightroofbase": 4.5,
        "versionavailabletodate": null,
        "firstdigitalcapturedate": "1991-09-01",
        "description_evidencedate": "2004-04-13",
        "oslandcover_evidencedate": "2004-04-13",
        "versionavailablefromdate": "2025-02-06T00:00:00Z"
      }
    },
    {
      "id": "0e3c85ca-7b3a-45e9-bc35-6add2339ff24",
      "type": "Feature",
      "geometry": {
        "type": "Polygon",
        "coordinates": [
          [
            [
              -1.4674157,
              50.9357189
            ],
            [
              -1.4674116,
              50.9357246
            ],
            [
              -1.4674415,
              50.935733
            ],
            [
              -1.4674489,
              50.9357228
            ],
            [
              -1.467419,
              50.9357143
            ],
            [
              -1.4674157,
              50.9357189
            ]
          ]
        ]
      },
      "properties": {
        "osid": "0e3c85ca-7b3a-45e9-bc35-6add2339ff24",
        "toid": "osgb5000005228157882",
        "theme": "Buildings",
        "changetype": "New",
        "isobscured": false,
        "description": "Building",
        "versiondate": "2022-08-26",
        "geometry_area": 2.895473,
        "height_source": null,
        "physicallevel": "Surface Level",
        "oslandusetiera": "Residential Accommodation",
        "oslandusetierb": [
          "Private Residence"
        ],
        "geometry_source": "Ordnance Survey",
        "oslandcovertiera": "Constructed",
        "oslandcovertierb": [
          "Building"
        ],
        "oslanduse_source": "Ordnance Survey",
        "height_updatedate": null,
        "description_source": "Ordnance Survey",
        "oslandcover_source": "Ordnance Survey",
        "associatedstructure": null,
        "geometry_updatedate": "2018-05-09",
        "height_evidencedate": null,
        "capturespecification": "Urban",
        "oslanduse_updatedate": "2018-05-09",
        "absoluteheightmaximum": null,
        "absoluteheightminimum": null,
        "geometry_evidencedate": "2018-05-09",
        "heightconfidencelevel": null,
        "relativeheightmaximum": null,
        "absoluteheightroofbase": null,
        "description_updatedate": "2018-05-09",
        "oslandcover_updatedate": "2018-05-09",
        "oslanduse_evidencedate": "2018-05-09",
        "relativeheightroofbase": null,
        "versionavailabletodate": null,
        "firstdigitalcapturedate": "2018-05-09",
        "description_evidencedate": "2018-05-09",
        "oslandcover_evidencedate": "2018-05-09",
        "versionavailablefromdate": "2022-08-27T00:00:00Z"
      }
    },
    {
      "id": "0e745655-cbaf-4f54-9909-62001af4694a",
      "type": "Feature",
      "geometry": {
        "type": "Polygon",
        "coordinates": [
          [
            [
              -1.4668552,
              50.9356999
            ],
            [
              -1.4669702,
              50.9357365
            ],
            [
              -1.4670082,
              50.9356889
            ],
            [
              -1.4669315,
              50.9356645
            ],
            [
              -1.4669038,
              50.9356557
            ],
            [
              -1.4668931,
              50.9356523
            ],
            [
              -1.4668552,
              50.9356999
            ]
          ]
        ]
      },
      "properties": {
        "osid": "0e745655-cbaf-4f54-9909-62001af4694a",
        "toid": "osgb5000005208814516",
        "theme": "Buildings",
        "changetype": "Modified Attributes",
        "isobscured": false,
        "description": "Building",
        "versiondate": "2025-02-05",
        "geometry_area": 53.669722,
        "height_source": "Ordnance Survey",
        "physicallevel": "Surface Level",
        "oslandusetiera": "Residential Accommodation",
        "oslandusetierb": [
          "Private Residence"
        ],
        "geometry_source": "Ordnance Survey",
        "oslandcovertiera": "Constructed",
        "oslandcovertierb": [
          "Building"
        ],
        "oslanduse_source": "Ordnance Survey",
        "height_updatedate": "2025-01-17",
        "description_source": "Ordnance Survey",
        "oslandcover_source": "Ordnance Survey",
        "associatedstructure": null,
        "geometry_updatedate": "2018-05-09",
        "height_evidencedate": "2024-06-20",
        "capturespecification": "Urban",
        "oslanduse_updatedate": "2017-08-03",
        "absoluteheightmaximum": 20.9,
        "absoluteheightminimum": 12.1,
        "geometry_evidencedate": "2018-05-09",
        "heightconfidencelevel": "Moderate",
        "relativeheightmaximum": 8.8,
        "absoluteheightroofbase": 17,
        "description_updatedate": "2017-08-03",
        "oslandcover_updatedate": "2017-08-03",
        "oslanduse_evidencedate": "2017-08-03",
        "relativeheightroofbase": 4.9,
        "versionavailabletodate": null,
        "firstdigitalcapturedate": "2017-08-03",
        "description_evidencedate": "2017-08-03",
        "oslandcover_evidencedate": "2017-08-03",
        "versionavailablefromdate": "2025-02-06T00:00:00Z"
      }
    },
    {
      "id": "0ebd048e-005b-40c1-b452-7786e9ef8df3",
      "type": "Feature",
      "geometry": {
        "type": "Polygon",
        "coordinates": [
          [
            [
              -1.4686933,
              50.9368594
            ],
            [
              -1.4687779,
              50.9368839
            ],
            [
              -1.4688032,
              50.9368913
            ],
            [
              -1.4688309,
              50.9369
            ],
            [
              -1.468863,
              50.9368551
            ],
            [
              -1.4688095,
              50.9368398
            ],
            [
              -1.4688138,
              50.9368337
            ],
            [
              -1.4687273,
              50.93681
            ],
            [
              -1.4686933,
              50.9368594
            ]
          ]
        ]
      },
      "properties": {
        "osid": "0ebd048e-005b-40c1-b452-7786e9ef8df3",
        "toid": "osgb1000016343193",
        "theme": "Buildings",
        "changetype": "Modified Attributes",
        "isobscured": false,
        "description": "Building",
        "versiondate": "2025-02-05",
        "geometry_area": 62.269087,
        "height_source": "Ordnance Survey",
        "physicallevel": "Surface Level",
        "oslandusetiera": "Residential Accommodation",
        "oslandusetierb": [
          "Private Residence"
        ],
        "geometry_source": "Ordnance Survey",
        "oslandcovertiera": "Constructed",
        "oslandcovertierb": [
          "Building"
        ],
        "oslanduse_source": "Ordnance Survey",
        "height_updatedate": "2025-01-17",
        "description_source": "Ordnance Survey",
        "oslandcover_source": "Ordnance Survey",
        "associatedstructure": null,
        "geometry_updatedate": "2017-04-19",
        "height_evidencedate": "2024-06-20",
        "capturespecification": "Urban",
        "oslanduse_updatedate": "2004-02-10",
        "absoluteheightmaximum": 19,
        "absoluteheightminimum": 11.6,
        "geometry_evidencedate": "2016-08-12",
        "heightconfidencelevel": "Moderate",
        "relativeheightmaximum": 7.4,
        "absoluteheightroofbase": 15.9,
        "description_updatedate": "2004-02-10",
        "oslandcover_updatedate": "2004-02-10",
        "oslanduse_evidencedate": "2004-02-10",
        "relativeheightroofbase": 4.3,
        "versionavailabletodate": null,
        "firstdigitalcapturedate": "1988-07-28",
        "description_evidencedate": "2004-02-10",
        "oslandcover_evidencedate": "2004-02-10",
        "versionavailablefromdate": "2025-02-06T00:00:00Z"
      }
    },
    {
      "id": "0f4a525d-564f-4a6b-a8b9-1921b0d2cb8f",
      "type": "Feature",
      "geometry": {
        "type": "Polygon",
        "coordinates": [
          [
            [
              -1.4665795,
              50.9365124
            ],
            [
              -1.4665411,
              50.9365122
            ],
            [
              -1.4665391,
              50.9365648
            ],
            [
              -1.4665789,
              50.936565
            ],
            [
              -1.4665795,
              50.9365124
            ]
          ]
        ]
      },
      "properties": {
        "osid": "0f4a525d-564f-4a6b-a8b9-1921b0d2cb8f",
        "toid": "osgb1000016342809",
        "theme": "Buildings",
        "changetype": "Modified Attributes",
        "isobscured": false,
        "description": "Building",
        "versiondate": "2025-02-05",
        "geometry_area": 16.0875,
        "height_source": "Ordnance Survey",
        "physicallevel": "Surface Level",
        "oslandusetiera": "Unknown Or Unused Artificial",
        "oslandusetierb": [],
        "geometry_source": "Ordnance Survey",
        "oslandcovertiera": "Constructed",
        "oslandcovertierb": [
          "Building"
        ],
        "oslanduse_source": "Ordnance Survey",
        "height_updatedate": "2025-01-17",
        "description_source": "Ordnance Survey",
        "oslandcover_source": "Ordnance Survey",
        "associatedstructure": null,
        "geometry_updatedate": "2004-04-13",
        "height_evidencedate": "2024-06-20",
        "capturespecification": "Urban",
        "oslanduse_updatedate": "2004-04-13",
        "absoluteheightmaximum": 15.6,
        "absoluteheightminimum": 13.1,
        "geometry_evidencedate": "2004-04-13",
        "heightconfidencelevel": "Moderate",
        "relativeheightmaximum": 2.5,
        "absoluteheightroofbase": 15.2,
        "description_updatedate": "2004-04-13",
        "oslandcover_updatedate": "2004-04-13",
        "oslanduse_evidencedate": "2004-04-13",
        "relativeheightroofbase": 2.1,
        "versionavailabletodate": null,
        "firstdigitalcapturedate": "1988-05-16",
        "description_evidencedate": "2004-04-13",
        "oslandcover_evidencedate": "2004-04-13",
        "versionavailablefromdate": "2025-02-06T00:00:00Z"
      }
    },
    {
      "id": "0f5121db-0ba9-4e4d-b095-c8b1ce5b5af4",
      "type": "Feature",
      "geometry": {
        "type": "Polygon",
        "coordinates": [
          [
            [
              -1.4667396,
              50.9358493
            ],
            [
              -1.4668837,
              50.9358927
            ],
            [
              -1.4669345,
              50.9358251
            ],
            [
              -1.4667904,
              50.9357818
            ],
            [
              -1.4667396,
              50.9358493
            ]
          ]
        ]
      },
      "properties": {
        "osid": "0f5121db-0ba9-4e4d-b095-c8b1ce5b5af4",
        "toid": "osgb5000005280551391",
        "theme": "Buildings",
        "changetype": "Modified Attributes",
        "isobscured": false,
        "description": "Building",
        "versiondate": "2025-02-05",
        "geometry_area": 93.250226,
        "height_source": "Ordnance Survey",
        "physicallevel": "Surface Level",
        "oslandusetiera": "Residential Accommodation",
        "oslandusetierb": [
          "Private Residence"
        ],
        "geometry_source": "Ordnance Survey",
        "oslandcovertiera": "Constructed",
        "oslandcovertierb": [
          "Building"
        ],
        "oslanduse_source": "Ordnance Survey",
        "height_updatedate": "2025-01-17",
        "description_source": "Ordnance Survey",
        "oslandcover_source": "Ordnance Survey",
        "associatedstructure": null,
        "geometry_updatedate": "2021-04-26",
        "height_evidencedate": "2024-06-20",
        "capturespecification": "Urban",
        "oslanduse_updatedate": "2021-04-26",
        "absoluteheightmaximum": 19.4,
        "absoluteheightminimum": 12.3,
        "geometry_evidencedate": "2021-04-26",
        "heightconfidencelevel": "Moderate",
        "relativeheightmaximum": 7.1,
        "absoluteheightroofbase": 15.7,
        "description_updatedate": "2021-04-26",
        "oslandcover_updatedate": "2021-04-26",
        "oslanduse_evidencedate": "2021-04-26",
        "relativeheightroofbase": 3.4,
        "versionavailabletodate": null,
        "firstdigitalcapturedate": "2021-04-26",
        "description_evidencedate": "2021-04-26",
        "oslandcover_evidencedate": "2021-04-26",
        "versionavailablefromdate": "2025-02-06T00:00:00Z"
      }
    },
    {
      "id": "0fe86436-5c89-4a50-8df4-ccfe96cee8d3",
      "type": "Feature",
      "geometry": {
        "type": "Polygon",
        "coordinates": [
          [
            [
              -1.463457,
              50.9404497
            ],
            [
              -1.4635583,
              50.940496
            ],
            [
              -1.4635973,
              50.9404619
            ],
            [
              -1.463496,
              50.9404157
            ],
            [
              -1.463457,
              50.9404497
            ]
          ]
        ]
      },
      "properties": {
        "osid": "0fe86436-5c89-4a50-8df4-ccfe96cee8d3",
        "toid": "osgb5000005198749574",
        "theme": "Buildings",
        "changetype": "Modified Attributes",
        "isobscured": false,
        "description": "Building",
        "versiondate": "2025-02-05",
        "geometry_area": 41.007633,
        "height_source": "Ordnance Survey",
        "physicallevel": "Surface Level",
        "oslandusetiera": "Residential Accommodation",
        "oslandusetierb": [
          "Private Residence"
        ],
        "geometry_source": "Ordnance Survey",
        "oslandcovertiera": "Constructed",
        "oslandcovertierb": [
          "Building"
        ],
        "oslanduse_source": "Ordnance Survey",
        "height_updatedate": "2025-01-17",
        "description_source": "Ordnance Survey",
        "oslandcover_source": "Ordnance Survey",
        "associatedstructure": null,
        "geometry_updatedate": "2017-02-07",
        "height_evidencedate": "2024-06-20",
        "capturespecification": "Urban",
        "oslanduse_updatedate": "2017-02-07",
        "absoluteheightmaximum": 31.9,
        "absoluteheightminimum": 24.2,
        "geometry_evidencedate": "2017-02-07",
        "heightconfidencelevel": "Moderate",
        "relativeheightmaximum": 7.7,
        "absoluteheightroofbase": 28.4,
        "description_updatedate": "2017-02-07",
        "oslandcover_updatedate": "2017-02-07",
        "oslanduse_evidencedate": "2017-02-07",
        "relativeheightroofbase": 4.2,
        "versionavailabletodate": null,
        "firstdigitalcapturedate": "2017-02-07",
        "description_evidencedate": "2017-02-07",
        "oslandcover_evidencedate": "2017-02-07",
        "versionavailablefromdate": "2025-02-06T00:00:00Z"
      }
    },
    {
      "id": "0ffba448-05c4-46db-9cc5-76518006f241",
      "type": "Feature",
      "geometry": {
        "type": "Polygon",
        "coordinates": [
          [
            [
              -1.4685093,
              50.9375544
            ],
            [
              -1.4684913,
              50.9375734
            ],
            [
              -1.4685549,
              50.937597
            ],
            [
              -1.4685732,
              50.937578
            ],
            [
              -1.4685093,
              50.9375544
            ]
          ]
        ]
      },
      "properties": {
        "osid": "0ffba448-05c4-46db-9cc5-76518006f241",
        "toid": "osgb1000016343229",
        "theme": "Buildings",
        "changetype": "Modified Attributes",
        "isobscured": false,
        "description": "Building",
        "versiondate": "2025-02-05",
        "geometry_area": 12.8322,
        "height_source": "Ordnance Survey",
        "physicallevel": "Surface Level",
        "oslandusetiera": "Unknown Or Unused Artificial",
        "oslandusetierb": [],
        "geometry_source": "Ordnance Survey",
        "oslandcovertiera": "Constructed",
        "oslandcovertierb": [
          "Building"
        ],
        "oslanduse_source": "Ordnance Survey",
        "height_updatedate": "2025-01-17",
        "description_source": "Ordnance Survey",
        "oslandcover_source": "Ordnance Survey",
        "associatedstructure": null,
        "geometry_updatedate": "2004-02-10",
        "height_evidencedate": "2024-06-20",
        "capturespecification": "Urban",
        "oslanduse_updatedate": "2004-02-10",
        "absoluteheightmaximum": null,
        "absoluteheightminimum": 12.2,
        "geometry_evidencedate": "2004-02-10",
        "heightconfidencelevel": "Incomplete",
        "relativeheightmaximum": null,
        "absoluteheightroofbase": null,
        "description_updatedate": "2004-02-10",
        "oslandcover_updatedate": "2004-02-10",
        "oslanduse_evidencedate": "2004-02-10",
        "relativeheightroofbase": null,
        "versionavailabletodate": null,
        "firstdigitalcapturedate": "1988-07-28",
        "description_evidencedate": "2004-02-10",
        "oslandcover_evidencedate": "2004-02-10",
        "versionavailablefromdate": "2025-02-06T00:00:00Z"
      }
    },
    {
      "id": "104ff631-49f4-4e87-bc06-2b08c4abca00",
      "type": "Feature",
      "geometry": {
        "type": "Polygon",
        "coordinates": [
          [
            [
              -1.4657836,
              50.9386153
            ],
            [
              -1.4657562,
              50.938659
            ],
            [
              -1.4658722,
              50.9386881
            ],
            [
              -1.4658996,
              50.9386443
            ],
            [
              -1.4657836,
              50.9386153
            ]
          ]
        ]
      },
      "properties": {
        "osid": "104ff631-49f4-4e87-bc06-2b08c4abca00",
        "toid": "osgb5000005247278678",
        "theme": "Buildings",
        "changetype": "Modified Attributes",
        "isobscured": false,
        "description": "Building",
        "versiondate": "2025-02-05",
        "geometry_area": 45.852998,
        "height_source": "Ordnance Survey",
        "physicallevel": "Surface Level",
        "oslandusetiera": "Residential Accommodation",
        "oslandusetierb": [
          "Private Residence"
        ],
        "geometry_source": "Ordnance Survey",
        "oslandcovertiera": "Constructed",
        "oslandcovertierb": [
          "Building"
        ],
        "oslanduse_source": "Ordnance Survey",
        "height_updatedate": "2025-01-17",
        "description_source": "Ordnance Survey",
        "oslandcover_source": "Ordnance Survey",
        "associatedstructure": null,
        "geometry_updatedate": "2019-06-05",
        "height_evidencedate": "2024-06-20",
        "capturespecification": "Urban",
        "oslanduse_updatedate": "2019-06-05",
        "absoluteheightmaximum": 28.6,
        "absoluteheightminimum": 20.7,
        "geometry_evidencedate": "2019-06-05",
        "heightconfidencelevel": "Moderate",
        "relativeheightmaximum": 7.9,
        "absoluteheightroofbase": 26.3,
        "description_updatedate": "2019-06-05",
        "oslandcover_updatedate": "2019-06-05",
        "oslanduse_evidencedate": "2019-06-05",
        "relativeheightroofbase": 5.6,
        "versionavailabletodate": null,
        "firstdigitalcapturedate": "2019-06-05",
        "description_evidencedate": "2019-06-05",
        "oslandcover_evidencedate": "2019-06-05",
        "versionavailablefromdate": "2025-02-06T00:00:00Z"
      }
    },
    {
      "id": "11174b62-7e09-4bb9-9830-5f296740e67e",
      "type": "Feature",
      "geometry": {
        "type": "Polygon",
        "coordinates": [
          [
            [
              -1.4671212,
              50.9387358
            ],
            [
              -1.4670264,
              50.9387767
            ],
            [
              -1.4670205,
              50.9387793
            ],
            [
              -1.4670638,
              50.9388194
            ],
            [
              -1.4671701,
              50.9387735
            ],
            [
              -1.4671267,
              50.9387334
            ],
            [
              -1.4671212,
              50.9387358
            ]
          ]
        ]
      },
      "properties": {
        "osid": "11174b62-7e09-4bb9-9830-5f296740e67e",
        "toid": "osgb5000005244788287",
        "theme": "Buildings",
        "changetype": "Modified Attributes",
        "isobscured": false,
        "description": "Building",
        "versiondate": "2025-02-05",
        "geometry_area": 48.808658,
        "height_source": "Ordnance Survey",
        "physicallevel": "Surface Level",
        "oslandusetiera": "Residential Accommodation",
        "oslandusetierb": [
          "Private Residence"
        ],
        "geometry_source": "Ordnance Survey",
        "oslandcovertiera": "Constructed",
        "oslandcovertierb": [
          "Building"
        ],
        "oslanduse_source": "Ordnance Survey",
        "height_updatedate": "2025-01-17",
        "description_source": "Ordnance Survey",
        "oslandcover_source": "Ordnance Survey",
        "associatedstructure": null,
        "geometry_updatedate": "2019-04-09",
        "height_evidencedate": "2024-06-20",
        "capturespecification": "Urban",
        "oslanduse_updatedate": "2019-04-09",
        "absoluteheightmaximum": 26.2,
        "absoluteheightminimum": 17.6,
        "geometry_evidencedate": "2019-04-09",
        "heightconfidencelevel": "Moderate",
        "relativeheightmaximum": 8.6,
        "absoluteheightroofbase": 23.5,
        "description_updatedate": "2019-04-09",
        "oslandcover_updatedate": "2019-04-09",
        "oslanduse_evidencedate": "2019-04-09",
        "relativeheightroofbase": 5.9,
        "versionavailabletodate": null,
        "firstdigitalcapturedate": "2019-04-09",
        "description_evidencedate": "2019-04-09",
        "oslandcover_evidencedate": "2019-04-09",
        "versionavailablefromdate": "2025-02-06T00:00:00Z"
      }
    },
    {
      "id": "11ac1913-96e5-42b5-bcb4-67241c29f580",
      "type": "Feature",
      "geometry": {
        "type": "Polygon",
        "coordinates": [
          [
            [
              -1.4661816,
              50.9385873
            ],
            [
              -1.4662983,
              50.9386169
            ],
            [
              -1.4663226,
              50.9385786
            ],
            [
              -1.466323,
              50.9385779
            ],
            [
              -1.4662064,
              50.9385483
            ],
            [
              -1.4661816,
              50.9385873
            ]
          ]
        ]
      },
      "properties": {
        "osid": "11ac1913-96e5-42b5-bcb4-67241c29f580",
        "toid": "osgb5000005247278668",
        "theme": "Buildings",
        "changetype": "Modified Attributes",
        "isobscured": false,
        "description": "Building",
        "versiondate": "2025-02-05",
        "geometry_area": 41.243274,
        "height_source": "Ordnance Survey",
        "physicallevel": "Surface Level",
        "oslandusetiera": "Residential Accommodation",
        "oslandusetierb": [
          "Private Residence"
        ],
        "geometry_source": "Ordnance Survey",
        "oslandcovertiera": "Constructed",
        "oslandcovertierb": [
          "Building"
        ],
        "oslanduse_source": "Ordnance Survey",
        "height_updatedate": "2025-01-17",
        "description_source": "Ordnance Survey",
        "oslandcover_source": "Ordnance Survey",
        "associatedstructure": null,
        "geometry_updatedate": "2019-10-28",
        "height_evidencedate": "2024-06-20",
        "capturespecification": "Urban",
        "oslanduse_updatedate": "2019-06-05",
        "absoluteheightmaximum": 27.9,
        "absoluteheightminimum": 19.6,
        "geometry_evidencedate": "2019-10-28",
        "heightconfidencelevel": "Moderate",
        "relativeheightmaximum": 8.3,
        "absoluteheightroofbase": 24.7,
        "description_updatedate": "2019-06-05",
        "oslandcover_updatedate": "2019-06-05",
        "oslanduse_evidencedate": "2019-06-05",
        "relativeheightroofbase": 5.1,
        "versionavailabletodate": null,
        "firstdigitalcapturedate": "2019-06-05",
        "description_evidencedate": "2019-06-05",
        "oslandcover_evidencedate": "2019-06-05",
        "versionavailablefromdate": "2025-02-06T00:00:00Z"
      }
    },
    {
      "id": "11b67a79-f65b-419a-ac05-587faa6020be",
      "type": "Feature",
      "geometry": {
        "type": "Polygon",
        "coordinates": [
          [
            [
              -1.4652816,
              50.9369489
            ],
            [
              -1.4652762,
              50.9369691
            ],
            [
              -1.4652747,
              50.9369748
            ],
            [
              -1.4652722,
              50.936984
            ],
            [
              -1.465299,
              50.9369823
            ],
            [
              -1.4653284,
              50.9369805
            ],
            [
              -1.4653352,
              50.9369546
            ],
            [
              -1.4652816,
              50.9369489
            ]
          ]
        ]
      },
      "properties": {
        "osid": "11b67a79-f65b-419a-ac05-587faa6020be",
        "toid": "osgb5000005340806063",
        "theme": "Buildings",
        "changetype": "Modified Attributes",
        "isobscured": false,
        "description": "Building",
        "versiondate": "2025-02-15",
        "geometry_area": 13.144108,
        "height_source": "Ordnance Survey",
        "physicallevel": "Surface Level",
        "oslandusetiera": "Residential Accommodation",
        "oslandusetierb": [
          "Private Residence"
        ],
        "geometry_source": "Ordnance Survey",
        "oslandcovertiera": "Constructed",
        "oslandcovertierb": [
          "Building"
        ],
        "oslanduse_source": "Ordnance Survey",
        "height_updatedate": "2025-02-13",
        "description_source": "Ordnance Survey",
        "oslandcover_source": "Ordnance Survey",
        "associatedstructure": null,
        "geometry_updatedate": "2024-11-27",
        "height_evidencedate": "2024-06-20",
        "capturespecification": "Urban",
        "oslanduse_updatedate": "2024-11-27",
        "absoluteheightmaximum": null,
        "absoluteheightminimum": 16.3,
        "geometry_evidencedate": "2024-06-20",
        "heightconfidencelevel": "Incomplete",
        "relativeheightmaximum": null,
        "absoluteheightroofbase": null,
        "description_updatedate": "2024-11-27",
        "oslandcover_updatedate": "2024-11-27",
        "oslanduse_evidencedate": "2024-06-20",
        "relativeheightroofbase": null,
        "versionavailabletodate": null,
        "firstdigitalcapturedate": "2024-11-27",
        "description_evidencedate": "2024-06-20",
        "oslandcover_evidencedate": "2024-06-20",
        "versionavailablefromdate": "2025-02-16T00:00:00Z"
      }
    },
    {
      "id": "122404a8-c2f5-4866-9b7d-97b576760def",
      "type": "Feature",
      "geometry": {
        "type": "Polygon",
        "coordinates": [
          [
            [
              -1.4639481,
              50.933728
            ],
            [
              -1.4639805,
              50.933756
            ],
            [
              -1.4639963,
              50.9337489
            ],
            [
              -1.463966,
              50.9337218
            ],
            [
              -1.4639481,
              50.933728
            ]
          ]
        ]
      },
      "properties": {
        "osid": "122404a8-c2f5-4866-9b7d-97b576760def",
        "toid": "osgb1000016342720",
        "theme": "Buildings",
        "changetype": "New",
        "isobscured": false,
        "description": "Building",
        "versiondate": "2022-08-26",
        "geometry_area": 5.2525,
        "height_source": null,
        "physicallevel": "Surface Level",
        "oslandusetiera": "Residential Accommodation",
        "oslandusetierb": [
          "Private Residence"
        ],
        "geometry_source": "Ordnance Survey",
        "oslandcovertiera": "Constructed",
        "oslandcovertierb": [
          "Building"
        ],
        "oslanduse_source": "Ordnance Survey",
        "height_updatedate": null,
        "description_source": "Ordnance Survey",
        "oslandcover_source": "Ordnance Survey",
        "associatedstructure": null,
        "geometry_updatedate": "2004-04-13",
        "height_evidencedate": null,
        "capturespecification": "Urban",
        "oslanduse_updatedate": "2004-04-13",
        "absoluteheightmaximum": null,
        "absoluteheightminimum": null,
        "geometry_evidencedate": "2004-04-13",
        "heightconfidencelevel": null,
        "relativeheightmaximum": null,
        "absoluteheightroofbase": null,
        "description_updatedate": "2004-04-13",
        "oslandcover_updatedate": "2004-04-13",
        "oslanduse_evidencedate": "2004-04-13",
        "relativeheightroofbase": null,
        "versionavailabletodate": null,
        "firstdigitalcapturedate": "1988-05-16",
        "description_evidencedate": "2004-04-13",
        "oslandcover_evidencedate": "2004-04-13",
        "versionavailablefromdate": "2022-08-27T00:00:00Z"
      }
    },
    {
      "id": "1236ee47-cef7-4e77-a6a4-38b09d6648ab",
      "type": "Feature",
      "geometry": {
        "type": "Polygon",
        "coordinates": [
          [
            [
              -1.4671261,
              50.93634
            ],
            [
              -1.4671271,
              50.936276
            ],
            [
              -1.4671274,
              50.9362573
            ],
            [
              -1.467076,
              50.9362569
            ],
            [
              -1.4669629,
              50.9362569
            ],
            [
              -1.4669628,
              50.9362751
            ],
            [
              -1.4669628,
              50.9362876
            ],
            [
              -1.4669622,
              50.9363397
            ],
            [
              -1.4670747,
              50.9363398
            ],
            [
              -1.4671261,
              50.93634
            ]
          ]
        ]
      },
      "properties": {
        "osid": "1236ee47-cef7-4e77-a6a4-38b09d6648ab",
        "toid": "osgb5000005203977214",
        "theme": "Buildings",
        "changetype": "Modified Attributes",
        "isobscured": false,
        "description": "Building",
        "versiondate": "2025-02-05",
        "geometry_area": 106.238361,
        "height_source": "Ordnance Survey",
        "physicallevel": "Surface Level",
        "oslandusetiera": "Residential Accommodation",
        "oslandusetierb": [
          "Private Residence"
        ],
        "geometry_source": "Ordnance Survey",
        "oslandcovertiera": "Constructed",
        "oslandcovertierb": [
          "Building"
        ],
        "oslanduse_source": "Ordnance Survey",
        "height_updatedate": "2025-01-17",
        "description_source": "Ordnance Survey",
        "oslandcover_source": "Ordnance Survey",
        "associatedstructure": null,
        "geometry_updatedate": "2017-04-24",
        "height_evidencedate": "2024-06-20",
        "capturespecification": "Urban",
        "oslanduse_updatedate": "2017-04-24",
        "absoluteheightmaximum": 20,
        "absoluteheightminimum": 12.1,
        "geometry_evidencedate": "2016-08-12",
        "heightconfidencelevel": "Moderate",
        "relativeheightmaximum": 7.9,
        "absoluteheightroofbase": 15.9,
        "description_updatedate": "2017-04-24",
        "oslandcover_updatedate": "2017-04-24",
        "oslanduse_evidencedate": "2016-08-12",
        "relativeheightroofbase": 3.8,
        "versionavailabletodate": null,
        "firstdigitalcapturedate": "2017-05-04",
        "description_evidencedate": "2016-08-12",
        "oslandcover_evidencedate": "2016-08-12",
        "versionavailablefromdate": "2025-02-06T00:00:00Z"
      }
    },
    {
      "id": "12a0a38b-ac94-4a43-b302-fec8d7bdfe38",
      "type": "Feature",
      "geometry": {
        "type": "Polygon",
        "coordinates": [
          [
            [
              -1.4645518,
              50.9399987
            ],
            [
              -1.4645276,
              50.9400305
            ],
            [
              -1.4646007,
              50.9400531
            ],
            [
              -1.4646252,
              50.940021
            ],
            [
              -1.4645518,
              50.9399987
            ]
          ]
        ]
      },
      "properties": {
        "osid": "12a0a38b-ac94-4a43-b302-fec8d7bdfe38",
        "toid": "osgb5000005341076225",
        "theme": "Buildings",
        "changetype": "Modified Attributes",
        "isobscured": false,
        "description": "Building",
        "versiondate": "2025-02-15",
        "geometry_area": 22.584205,
        "height_source": "Ordnance Survey",
        "physicallevel": "Surface Level",
        "oslandusetiera": "Residential Accommodation",
        "oslandusetierb": [
          "Private Residence"
        ],
        "geometry_source": "Ordnance Survey",
        "oslandcovertiera": "Constructed",
        "oslandcovertierb": [
          "Building"
        ],
        "oslanduse_source": "Ordnance Survey",
        "height_updatedate": "2025-02-13",
        "description_source": "Ordnance Survey",
        "oslandcover_source": "Ordnance Survey",
        "associatedstructure": null,
        "geometry_updatedate": "2024-12-05",
        "height_evidencedate": "2024-06-20",
        "capturespecification": "Urban",
        "oslanduse_updatedate": "2024-12-05",
        "absoluteheightmaximum": null,
        "absoluteheightminimum": 24.3,
        "geometry_evidencedate": "2024-06-20",
        "heightconfidencelevel": "Incomplete",
        "relativeheightmaximum": null,
        "absoluteheightroofbase": null,
        "description_updatedate": "2024-12-05",
        "oslandcover_updatedate": "2024-12-05",
        "oslanduse_evidencedate": "2024-06-20",
        "relativeheightroofbase": null,
        "versionavailabletodate": null,
        "firstdigitalcapturedate": "2024-12-06",
        "description_evidencedate": "2024-06-20",
        "oslandcover_evidencedate": "2024-06-20",
        "versionavailablefromdate": "2025-02-16T00:00:00Z"
      }
    },
    {
      "id": "12ce95c5-50c3-416a-9f45-fd34646b7f91",
      "type": "Feature",
      "geometry": {
        "type": "Polygon",
        "coordinates": [
          [
            [
              -1.4656809,
              50.9402789
            ],
            [
              -1.4657703,
              50.9402232
            ],
            [
              -1.4656764,
              50.940163
            ],
            [
              -1.4656376,
              50.9401872
            ],
            [
              -1.465642,
              50.9401901
            ],
            [
              -1.4655915,
              50.9402216
            ],
            [
              -1.4656809,
              50.9402789
            ]
          ]
        ]
      },
      "properties": {
        "osid": "12ce95c5-50c3-416a-9f45-fd34646b7f91",
        "toid": "osgb5000005222257230",
        "theme": "Buildings",
        "changetype": "Modified Attributes",
        "isobscured": false,
        "description": "Building",
        "versiondate": "2025-02-05",
        "geometry_area": 80.627142,
        "height_source": "Ordnance Survey",
        "physicallevel": "Surface Level",
        "oslandusetiera": "Residential Accommodation",
        "oslandusetierb": [
          "Private Residence"
        ],
        "geometry_source": "Ordnance Survey",
        "oslandcovertiera": "Constructed",
        "oslandcovertierb": [
          "Building"
        ],
        "oslanduse_source": "Ordnance Survey",
        "height_updatedate": "2025-01-17",
        "description_source": "Ordnance Survey",
        "oslandcover_source": "Ordnance Survey",
        "associatedstructure": null,
        "geometry_updatedate": "2018-02-08",
        "height_evidencedate": "2024-06-20",
        "capturespecification": "Urban",
        "oslanduse_updatedate": "2018-02-08",
        "absoluteheightmaximum": 31.5,
        "absoluteheightminimum": 22.5,
        "geometry_evidencedate": "2018-02-08",
        "heightconfidencelevel": "Moderate",
        "relativeheightmaximum": 9,
        "absoluteheightroofbase": 28.5,
        "description_updatedate": "2018-02-08",
        "oslandcover_updatedate": "2018-02-08",
        "oslanduse_evidencedate": "2018-02-08",
        "relativeheightroofbase": 6,
        "versionavailabletodate": null,
        "firstdigitalcapturedate": "2018-02-09",
        "description_evidencedate": "2018-02-08",
        "oslandcover_evidencedate": "2018-02-08",
        "versionavailablefromdate": "2025-02-06T00:00:00Z"
      }
    },
    {
      "id": "13941d1f-7460-498d-9c21-5e5abcd5eb75",
      "type": "Feature",
      "geometry": {
        "type": "Polygon",
        "coordinates": [
          [
            [
              -1.4690255,
              50.9366483
            ],
            [
              -1.4689839,
              50.9366439
            ],
            [
              -1.4689832,
              50.9366463
            ],
            [
              -1.4689691,
              50.9366978
            ],
            [
              -1.4690121,
              50.9367016
            ],
            [
              -1.4690255,
              50.9366483
            ]
          ]
        ]
      },
      "properties": {
        "osid": "13941d1f-7460-498d-9c21-5e5abcd5eb75",
        "toid": "osgb1000016343249",
        "theme": "Buildings",
        "changetype": "Modified Attributes",
        "isobscured": false,
        "description": "Building",
        "versiondate": "2025-02-05",
        "geometry_area": 18.18845,
        "height_source": "Ordnance Survey",
        "physicallevel": "Surface Level",
        "oslandusetiera": "Residential Accommodation",
        "oslandusetierb": [
          "Private Residence"
        ],
        "geometry_source": "Ordnance Survey",
        "oslandcovertiera": "Constructed",
        "oslandcovertierb": [
          "Building"
        ],
        "oslanduse_source": "Ordnance Survey",
        "height_updatedate": "2025-01-17",
        "description_source": "Ordnance Survey",
        "oslandcover_source": "Ordnance Survey",
        "associatedstructure": null,
        "geometry_updatedate": "2017-04-19",
        "height_evidencedate": "2024-06-20",
        "capturespecification": "Urban",
        "oslanduse_updatedate": "2004-02-10",
        "absoluteheightmaximum": 14,
        "absoluteheightminimum": 11.2,
        "geometry_evidencedate": "2016-08-12",
        "heightconfidencelevel": "Moderate",
        "relativeheightmaximum": 2.8,
        "absoluteheightroofbase": 13.2,
        "description_updatedate": "2004-02-10",
        "oslandcover_updatedate": "2004-02-10",
        "oslanduse_evidencedate": "2004-02-10",
        "relativeheightroofbase": 2,
        "versionavailabletodate": null,
        "firstdigitalcapturedate": "1988-07-28",
        "description_evidencedate": "2004-02-10",
        "oslandcover_evidencedate": "2004-02-10",
        "versionavailablefromdate": "2025-02-06T00:00:00Z"
      }
    },
    {
      "id": "13a3425e-4f63-4957-8881-f3fa20c7ce75",
      "type": "Feature",
      "geometry": {
        "type": "Polygon",
        "coordinates": [
          [
            [
              -1.4648288,
              50.9401557
            ],
            [
              -1.4647882,
              50.9401402
            ],
            [
              -1.4647426,
              50.9401881
            ],
            [
              -1.4647832,
              50.9402036
            ],
            [
              -1.4648288,
              50.9401557
            ]
          ]
        ]
      },
      "properties": {
        "osid": "13a3425e-4f63-4957-8881-f3fa20c7ce75",
        "toid": "osgb5000005208860423",
        "theme": "Buildings",
        "changetype": "Modified Attributes",
        "isobscured": false,
        "description": "Building",
        "versiondate": "2025-02-05",
        "geometry_area": 20.695402,
        "height_source": "Ordnance Survey",
        "physicallevel": "Surface Level",
        "oslandusetiera": "Residential Accommodation",
        "oslandusetierb": [
          "Private Residence"
        ],
        "geometry_source": "Ordnance Survey",
        "oslandcovertiera": "Constructed",
        "oslandcovertierb": [
          "Building"
        ],
        "oslanduse_source": "Ordnance Survey",
        "height_updatedate": "2025-01-17",
        "description_source": "Ordnance Survey",
        "oslandcover_source": "Ordnance Survey",
        "associatedstructure": null,
        "geometry_updatedate": "2017-08-04",
        "height_evidencedate": "2024-06-20",
        "capturespecification": "Urban",
        "oslanduse_updatedate": "2017-08-04",
        "absoluteheightmaximum": 27.7,
        "absoluteheightminimum": 23.9,
        "geometry_evidencedate": "2017-08-04",
        "heightconfidencelevel": "Moderate",
        "relativeheightmaximum": 3.8,
        "absoluteheightroofbase": 26.8,
        "description_updatedate": "2017-08-04",
        "oslandcover_updatedate": "2017-08-04",
        "oslanduse_evidencedate": "2017-08-04",
        "relativeheightroofbase": 2.9,
        "versionavailabletodate": null,
        "firstdigitalcapturedate": "2017-08-04",
        "description_evidencedate": "2017-08-04",
        "oslandcover_evidencedate": "2017-08-04",
        "versionavailablefromdate": "2025-02-06T00:00:00Z"
      }
    },
    {
      "id": "13d35a0c-3afd-4a2e-948d-1171790d068a",
      "type": "Feature",
      "geometry": {
        "type": "Polygon",
        "coordinates": [
          [
            [
              -1.4636693,
              50.9403863
            ],
            [
              -1.4637081,
              50.9404041
            ],
            [
              -1.4637389,
              50.9403772
            ],
            [
              -1.4637001,
              50.9403596
            ],
            [
              -1.4636693,
              50.9403863
            ]
          ]
        ]
      },
      "properties": {
        "osid": "13d35a0c-3afd-4a2e-948d-1171790d068a",
        "toid": "osgb5000005198749609",
        "theme": "Buildings",
        "changetype": "Modified Attributes",
        "isobscured": false,
        "description": "Building",
        "versiondate": "2025-02-05",
        "geometry_area": 12.403847,
        "height_source": "Ordnance Survey",
        "physicallevel": "Surface Level",
        "oslandusetiera": "Unknown Or Unused Artificial",
        "oslandusetierb": [],
        "geometry_source": "Ordnance Survey",
        "oslandcovertiera": "Constructed",
        "oslandcovertierb": [
          "Building"
        ],
        "oslanduse_source": "Ordnance Survey",
        "height_updatedate": "2025-01-17",
        "description_source": "Ordnance Survey",
        "oslandcover_source": "Ordnance Survey",
        "associatedstructure": null,
        "geometry_updatedate": "2017-02-07",
        "height_evidencedate": "2024-06-20",
        "capturespecification": "Urban",
        "oslanduse_updatedate": "2017-02-07",
        "absoluteheightmaximum": null,
        "absoluteheightminimum": 24.2,
        "geometry_evidencedate": "2017-02-07",
        "heightconfidencelevel": "Incomplete",
        "relativeheightmaximum": null,
        "absoluteheightroofbase": null,
        "description_updatedate": "2017-02-07",
        "oslandcover_updatedate": "2017-02-07",
        "oslanduse_evidencedate": "2017-02-07",
        "relativeheightroofbase": null,
        "versionavailabletodate": null,
        "firstdigitalcapturedate": "2017-02-07",
        "description_evidencedate": "2017-02-07",
        "oslandcover_evidencedate": "2017-02-07",
        "versionavailablefromdate": "2025-02-06T00:00:00Z"
      }
    },
    {
      "id": "146b1d05-07b0-4c3f-860d-0daf90652669",
      "type": "Feature",
      "geometry": {
        "type": "Polygon",
        "coordinates": [
          [
            [
              -1.4668812,
              50.9354046
            ],
            [
              -1.4668756,
              50.9354028
            ],
            [
              -1.4668375,
              50.9353907
            ],
            [
              -1.4668307,
              50.9353993
            ],
            [
              -1.4667969,
              50.9354417
            ],
            [
              -1.4668373,
              50.9354545
            ],
            [
              -1.4668406,
              50.9354556
            ],
            [
              -1.4668812,
              50.9354046
            ]
          ]
        ]
      },
      "properties": {
        "osid": "146b1d05-07b0-4c3f-860d-0daf90652669",
        "toid": "osgb5000005208814517",
        "theme": "Buildings",
        "changetype": "Modified Attributes",
        "isobscured": false,
        "description": "Building",
        "versiondate": "2025-02-05",
        "geometry_area": 21.844027,
        "height_source": "Ordnance Survey",
        "physicallevel": "Surface Level",
        "oslandusetiera": "Residential Accommodation",
        "oslandusetierb": [
          "Private Residence"
        ],
        "geometry_source": "Ordnance Survey",
        "oslandcovertiera": "Constructed",
        "oslandcovertierb": [
          "Building"
        ],
        "oslanduse_source": "Ordnance Survey",
        "height_updatedate": "2025-01-17",
        "description_source": "Ordnance Survey",
        "oslandcover_source": "Ordnance Survey",
        "associatedstructure": null,
        "geometry_updatedate": "2017-08-03",
        "height_evidencedate": "2024-06-20",
        "capturespecification": "Urban",
        "oslanduse_updatedate": "2017-08-03",
        "absoluteheightmaximum": 16.9,
        "absoluteheightminimum": 12.2,
        "geometry_evidencedate": "2017-08-03",
        "heightconfidencelevel": "Moderate",
        "relativeheightmaximum": 4.7,
        "absoluteheightroofbase": 14.6,
        "description_updatedate": "2017-08-03",
        "oslandcover_updatedate": "2017-08-03",
        "oslanduse_evidencedate": "2017-08-03",
        "relativeheightroofbase": 2.4,
        "versionavailabletodate": null,
        "firstdigitalcapturedate": "2017-08-03",
        "description_evidencedate": "2017-08-03",
        "oslandcover_evidencedate": "2017-08-03",
        "versionavailablefromdate": "2025-02-06T00:00:00Z"
      }
    },
    {
      "id": "1474a5f8-8f7c-4043-8639-8d3e96d40fbc",
      "type": "Feature",
      "geometry": {
        "type": "Polygon",
        "coordinates": [
          [
            [
              -1.4665025,
              50.9379613
            ],
            [
              -1.466571,
              50.9379513
            ],
            [
              -1.4665737,
              50.9379508
            ],
            [
              -1.4665472,
              50.9378741
            ],
            [
              -1.4664746,
              50.9378838
            ],
            [
              -1.4664579,
              50.937886
            ],
            [
              -1.4664537,
              50.9378865
            ],
            [
              -1.4664651,
              50.9379182
            ],
            [
              -1.4664859,
              50.9379152
            ],
            [
              -1.4665025,
              50.9379613
            ]
          ]
        ]
      },
      "properties": {
        "osid": "1474a5f8-8f7c-4043-8639-8d3e96d40fbc",
        "toid": "osgb1000016342654",
        "theme": "Buildings",
        "changetype": "Modified Attributes",
        "isobscured": false,
        "description": "Building",
        "versiondate": "2025-02-05",
        "geometry_area": 50.89154,
        "height_source": "Ordnance Survey",
        "physicallevel": "Surface Level",
        "oslandusetiera": "Residential Accommodation",
        "oslandusetierb": [
          "Private Residence"
        ],
        "geometry_source": "Ordnance Survey",
        "oslandcovertiera": "Constructed",
        "oslandcovertierb": [
          "Building"
        ],
        "oslanduse_source": "Ordnance Survey",
        "height_updatedate": "2025-01-17",
        "description_source": "Ordnance Survey",
        "oslandcover_source": "Ordnance Survey",
        "associatedstructure": null,
        "geometry_updatedate": "2019-12-29",
        "height_evidencedate": "2024-06-20",
        "capturespecification": "Urban",
        "oslanduse_updatedate": "2004-02-10",
        "absoluteheightmaximum": 24,
        "absoluteheightminimum": 17.6,
        "geometry_evidencedate": "2019-06-28",
        "heightconfidencelevel": "Moderate",
        "relativeheightmaximum": 6.4,
        "absoluteheightroofbase": 21.9,
        "description_updatedate": "2004-02-10",
        "oslandcover_updatedate": "2004-02-10",
        "oslanduse_evidencedate": "2004-02-10",
        "relativeheightroofbase": 4.3,
        "versionavailabletodate": null,
        "firstdigitalcapturedate": "1988-07-28",
        "description_evidencedate": "2004-02-10",
        "oslandcover_evidencedate": "2004-02-10",
        "versionavailablefromdate": "2025-02-06T00:00:00Z"
      }
    },
    {
      "id": "1476e2d3-1350-4f7d-ad40-b831e98601bb",
      "type": "Feature",
      "geometry": {
        "type": "Polygon",
        "coordinates": [
          [
            [
              -1.4744423,
              50.9406874
            ],
            [
              -1.4743833,
              50.9406882
            ],
            [
              -1.4743844,
              50.9407086
            ],
            [
              -1.4744433,
              50.9407078
            ],
            [
              -1.4745858,
              50.9407056
            ],
            [
              -1.4747545,
              50.9407012
            ],
            [
              -1.4749612,
              50.9406963
            ],
            [
              -1.4751961,
              50.9406911
            ],
            [
              -1.4752573,
              50.9406905
            ],
            [
              -1.4752442,
              50.9404683
            ],
            [
              -1.4752128,
              50.9399682
            ],
            [
              -1.4751772,
              50.9399689
            ],
            [
              -1.4747627,
              50.9399779
            ],
            [
              -1.4744045,
              50.9399868
            ],
            [
              -1.4744158,
              50.9401968
            ],
            [
              -1.474435,
              50.9405531
            ],
            [
              -1.4744394,
              50.9406347
            ],
            [
              -1.4744044,
              50.9406355
            ],
            [
              -1.4744066,
              50.9406764
            ],
            [
              -1.4744416,
              50.9406756
            ],
            [
              -1.4744423,
              50.9406874
            ]
          ]
        ]
      },
      "properties": {
        "osid": "1476e2d3-1350-4f7d-ad40-b831e98601bb",
        "toid": "osgb1000016320359",
        "theme": "Buildings",
        "changetype": "Modified Attributes",
        "isobscured": false,
        "description": "Building",
        "versiondate": "2025-02-05",
        "geometry_area": 4603.440103,
        "height_source": "Ordnance Survey",
        "physicallevel": "Surface Level",
        "oslandusetiera": "Commercial Activity: Industrial Or Manufacturing",
        "oslandusetierb": [],
        "geometry_source": "Ordnance Survey",
        "oslandcovertiera": "Constructed",
        "oslandcovertierb": [
          "Building"
        ],
        "oslanduse_source": "Ordnance Survey",
        "height_updatedate": "2025-01-17",
        "description_source": "Ordnance Survey",
        "oslandcover_source": "Ordnance Survey",
        "associatedstructure": null,
        "geometry_updatedate": "2019-12-20",
        "height_evidencedate": "2024-06-20",
        "capturespecification": "Rural",
        "oslanduse_updatedate": "2010-08-22",
        "absoluteheightmaximum": 21.4,
        "absoluteheightminimum": 10.1,
        "geometry_evidencedate": "2019-06-28",
        "heightconfidencelevel": "Moderate",
        "relativeheightmaximum": 11.3,
        "absoluteheightroofbase": 17.5,
        "description_updatedate": "2010-08-22",
        "oslandcover_updatedate": "2010-08-22",
        "oslanduse_evidencedate": "2010-08-22",
        "relativeheightroofbase": 7.4,
        "versionavailabletodate": null,
        "firstdigitalcapturedate": "1986-09-18",
        "description_evidencedate": "2010-08-22",
        "oslandcover_evidencedate": "2010-08-22",
        "versionavailablefromdate": "2025-02-06T00:00:00Z"
      }
    },
    {
      "id": "15cd5508-0671-489c-97ac-2fb16357e392",
      "type": "Feature",
      "geometry": {
        "type": "Polygon",
        "coordinates": [
          [
            [
              -1.4677739,
              50.9370837
            ],
            [
              -1.467721,
              50.9371429
            ],
            [
              -1.4677868,
              50.9371654
            ],
            [
              -1.4678387,
              50.9371063
            ],
            [
              -1.4678468,
              50.9370969
            ],
            [
              -1.4678224,
              50.9370884
            ],
            [
              -1.4678142,
              50.9370977
            ],
            [
              -1.4677739,
              50.9370837
            ]
          ]
        ]
      },
      "properties": {
        "osid": "15cd5508-0671-489c-97ac-2fb16357e392",
        "toid": "osgb1000016343203",
        "theme": "Buildings",
        "changetype": "Modified Attributes",
        "isobscured": false,
        "description": "Building",
        "versiondate": "2025-02-05",
        "geometry_area": 41.74289,
        "height_source": "Ordnance Survey",
        "physicallevel": "Surface Level",
        "oslandusetiera": "Residential Accommodation",
        "oslandusetierb": [
          "Private Residence"
        ],
        "geometry_source": "Ordnance Survey",
        "oslandcovertiera": "Constructed",
        "oslandcovertierb": [
          "Building"
        ],
        "oslanduse_source": "Ordnance Survey",
        "height_updatedate": "2025-01-17",
        "description_source": "Ordnance Survey",
        "oslandcover_source": "Ordnance Survey",
        "associatedstructure": null,
        "geometry_updatedate": "2017-04-19",
        "height_evidencedate": "2024-06-20",
        "capturespecification": "Urban",
        "oslanduse_updatedate": "2004-02-10",
        "absoluteheightmaximum": 21.4,
        "absoluteheightminimum": 13.1,
        "geometry_evidencedate": "2016-08-12",
        "heightconfidencelevel": "Moderate",
        "relativeheightmaximum": 8.3,
        "absoluteheightroofbase": 18,
        "description_updatedate": "2004-02-10",
        "oslandcover_updatedate": "2004-02-10",
        "oslanduse_evidencedate": "2004-02-10",
        "relativeheightroofbase": 4.9,
        "versionavailabletodate": null,
        "firstdigitalcapturedate": "1988-07-28",
        "description_evidencedate": "2004-02-10",
        "oslandcover_evidencedate": "2004-02-10",
        "versionavailablefromdate": "2025-02-06T00:00:00Z"
      }
    },
    {
      "id": "168ef95c-cda8-4f01-a4be-c857fdfdf028",
      "type": "Feature",
      "geometry": {
        "type": "Polygon",
        "coordinates": [
          [
            [
              -1.468535,
              50.9376177
            ],
            [
              -1.468472,
              50.9375938
            ],
            [
              -1.4684532,
              50.9376136
            ],
            [
              -1.4685164,
              50.937637
            ],
            [
              -1.468535,
              50.9376177
            ]
          ]
        ]
      },
      "properties": {
        "osid": "168ef95c-cda8-4f01-a4be-c857fdfdf028",
        "toid": "osgb1000016343231",
        "theme": "Buildings",
        "changetype": "Modified Attributes",
        "isobscured": false,
        "description": "Building",
        "versiondate": "2025-02-05",
        "geometry_area": 13.0789,
        "height_source": "Ordnance Survey",
        "physicallevel": "Surface Level",
        "oslandusetiera": "Unknown Or Unused Artificial",
        "oslandusetierb": [],
        "geometry_source": "Ordnance Survey",
        "oslandcovertiera": "Constructed",
        "oslandcovertierb": [
          "Building"
        ],
        "oslanduse_source": "Ordnance Survey",
        "height_updatedate": "2025-01-17",
        "description_source": "Ordnance Survey",
        "oslandcover_source": "Ordnance Survey",
        "associatedstructure": null,
        "geometry_updatedate": "2004-02-10",
        "height_evidencedate": "2024-06-20",
        "capturespecification": "Urban",
        "oslanduse_updatedate": "2004-02-10",
        "absoluteheightmaximum": null,
        "absoluteheightminimum": 12.2,
        "geometry_evidencedate": "2004-02-10",
        "heightconfidencelevel": "Incomplete",
        "relativeheightmaximum": null,
        "absoluteheightroofbase": null,
        "description_updatedate": "2004-02-10",
        "oslandcover_updatedate": "2004-02-10",
        "oslanduse_evidencedate": "2004-02-10",
        "relativeheightroofbase": null,
        "versionavailabletodate": null,
        "firstdigitalcapturedate": "1988-07-28",
        "description_evidencedate": "2004-02-10",
        "oslandcover_evidencedate": "2004-02-10",
        "versionavailablefromdate": "2025-02-06T00:00:00Z"
      }
    },
    {
      "id": "1752f987-88b6-46b9-a76f-e7d7c50286f3",
      "type": "Feature",
      "geometry": {
        "type": "Polygon",
        "coordinates": [
          [
            [
              -1.4675208,
              50.9382113
            ],
            [
              -1.4675661,
              50.9382116
            ],
            [
              -1.4675711,
              50.9382116
            ],
            [
              -1.4675714,
              50.9381928
            ],
            [
              -1.4675715,
              50.9381842
            ],
            [
              -1.4675716,
              50.9381221
            ],
            [
              -1.4674826,
              50.9381217
            ],
            [
              -1.4674824,
              50.9381477
            ],
            [
              -1.467482,
              50.9381778
            ],
            [
              -1.4674819,
              50.9381838
            ],
            [
              -1.4675211,
              50.9381839
            ],
            [
              -1.4675208,
              50.9382113
            ]
          ]
        ]
      },
      "properties": {
        "osid": "1752f987-88b6-46b9-a76f-e7d7c50286f3",
        "toid": "osgb1000016342665",
        "theme": "Buildings",
        "changetype": "Modified Attributes",
        "isobscured": false,
        "description": "Building",
        "versiondate": "2025-02-05",
        "geometry_area": 54.044264,
        "height_source": "Ordnance Survey",
        "physicallevel": "Surface Level",
        "oslandusetiera": "Residential Accommodation",
        "oslandusetierb": [
          "Private Residence"
        ],
        "geometry_source": "Ordnance Survey",
        "oslandcovertiera": "Constructed",
        "oslandcovertierb": [
          "Building"
        ],
        "oslanduse_source": "Ordnance Survey",
        "height_updatedate": "2025-01-17",
        "description_source": "Ordnance Survey",
        "oslandcover_source": "Ordnance Survey",
        "associatedstructure": null,
        "geometry_updatedate": "2019-12-29",
        "height_evidencedate": "2024-06-20",
        "capturespecification": "Urban",
        "oslanduse_updatedate": "2004-02-10",
        "absoluteheightmaximum": 21.3,
        "absoluteheightminimum": 13.9,
        "geometry_evidencedate": "2019-06-28",
        "heightconfidencelevel": "Moderate",
        "relativeheightmaximum": 7.4,
        "absoluteheightroofbase": 18.7,
        "description_updatedate": "2004-02-10",
        "oslandcover_updatedate": "2004-02-10",
        "oslanduse_evidencedate": "2004-02-10",
        "relativeheightroofbase": 4.8,
        "versionavailabletodate": null,
        "firstdigitalcapturedate": "1991-09-01",
        "description_evidencedate": "2004-02-10",
        "oslandcover_evidencedate": "2004-02-10",
        "versionavailablefromdate": "2025-02-06T00:00:00Z"
      }
    },
    {
      "id": "18d4153a-8844-4b7d-945f-5266c2b5f8de",
      "type": "Feature",
      "geometry": {
        "type": "Polygon",
        "coordinates": [
          [
            [
              -1.4717292,
              50.94007
            ],
            [
              -1.4717283,
              50.9401793
            ],
            [
              -1.4717249,
              50.9405809
            ],
            [
              -1.4722124,
              50.9405825
            ],
            [
              -1.4722147,
              50.9403074
            ],
            [
              -1.4722157,
              50.9401809
            ],
            [
              -1.4722166,
              50.9400716
            ],
            [
              -1.4717292,
              50.94007
            ]
          ]
        ]
      },
      "properties": {
        "osid": "18d4153a-8844-4b7d-945f-5266c2b5f8de",
        "toid": "osgb5000005278503019",
        "theme": "Buildings",
        "changetype": "Modified Attributes",
        "isobscured": false,
        "description": "Building",
        "versiondate": "2025-02-05",
        "geometry_area": 1945.912361,
        "height_source": "Ordnance Survey",
        "physicallevel": "Surface Level",
        "oslandusetiera": "Commercial Activity: Industrial Or Manufacturing",
        "oslandusetierb": [],
        "geometry_source": "Ordnance Survey",
        "oslandcovertiera": "Constructed",
        "oslandcovertierb": [
          "Building"
        ],
        "oslanduse_source": "Ordnance Survey",
        "height_updatedate": "2025-01-17",
        "description_source": "Ordnance Survey",
        "oslandcover_source": "Ordnance Survey",
        "associatedstructure": null,
        "geometry_updatedate": "2022-08-10",
        "height_evidencedate": "2024-06-20",
        "capturespecification": "Urban",
        "oslanduse_updatedate": "2021-03-10",
        "absoluteheightmaximum": 25.3,
        "absoluteheightminimum": 13.1,
        "geometry_evidencedate": "2022-08-10",
        "heightconfidencelevel": "Moderate",
        "relativeheightmaximum": 12.2,
        "absoluteheightroofbase": 23.4,
        "description_updatedate": "2021-03-10",
        "oslandcover_updatedate": "2021-03-10",
        "oslanduse_evidencedate": "2021-03-10",
        "relativeheightroofbase": 10.3,
        "versionavailabletodate": null,
        "firstdigitalcapturedate": "2021-03-10",
        "description_evidencedate": "2021-03-10",
        "oslandcover_evidencedate": "2021-03-10",
        "versionavailablefromdate": "2025-02-06T00:00:00Z"
      }
    },
    {
      "id": "18e74f14-6df3-474a-b602-51464828d6d9",
      "type": "Feature",
      "geometry": {
        "type": "Polygon",
        "coordinates": [
          [
            [
              -1.4654934,
              50.9398336
            ],
            [
              -1.4655718,
              50.9398586
            ],
            [
              -1.4655933,
              50.9398317
            ],
            [
              -1.4655149,
              50.9398067
            ],
            [
              -1.4654934,
              50.9398336
            ]
          ]
        ]
      },
      "properties": {
        "osid": "18e74f14-6df3-474a-b602-51464828d6d9",
        "toid": "osgb5000005232124754",
        "theme": "Buildings",
        "changetype": "Modified Attributes",
        "isobscured": false,
        "description": "Building",
        "versiondate": "2025-02-05",
        "geometry_area": 20.683526,
        "height_source": "Ordnance Survey",
        "physicallevel": "Surface Level",
        "oslandusetiera": "Residential Accommodation",
        "oslandusetierb": [
          "Private Residence"
        ],
        "geometry_source": "Ordnance Survey",
        "oslandcovertiera": "Constructed",
        "oslandcovertierb": [
          "Building"
        ],
        "oslanduse_source": "Ordnance Survey",
        "height_updatedate": "2025-01-17",
        "description_source": "Ordnance Survey",
        "oslandcover_source": "Ordnance Survey",
        "associatedstructure": null,
        "geometry_updatedate": "2018-07-09",
        "height_evidencedate": "2024-06-20",
        "capturespecification": "Urban",
        "oslanduse_updatedate": "2018-07-09",
        "absoluteheightmaximum": 26.9,
        "absoluteheightminimum": 23,
        "geometry_evidencedate": "2018-07-09",
        "heightconfidencelevel": "Moderate",
        "relativeheightmaximum": 3.9,
        "absoluteheightroofbase": 25.7,
        "description_updatedate": "2018-07-09",
        "oslandcover_updatedate": "2018-07-09",
        "oslanduse_evidencedate": "2018-07-09",
        "relativeheightroofbase": 2.7,
        "versionavailabletodate": null,
        "firstdigitalcapturedate": "2018-07-10",
        "description_evidencedate": "2018-07-09",
        "oslandcover_evidencedate": "2018-07-09",
        "versionavailablefromdate": "2025-02-06T00:00:00Z"
      }
    },
    {
      "id": "19904fc6-e26b-4887-8714-215b0d0d4f03",
      "type": "Feature",
      "geometry": {
        "type": "Polygon",
        "coordinates": [
          [
            [
              -1.4657487,
              50.9371296
            ],
            [
              -1.4657267,
              50.9371406
            ],
            [
              -1.4657122,
              50.9371478
            ],
            [
              -1.4657633,
              50.9371951
            ],
            [
              -1.4658047,
              50.9371745
            ],
            [
              -1.4657487,
              50.9371296
            ]
          ]
        ]
      },
      "properties": {
        "osid": "19904fc6-e26b-4887-8714-215b0d0d4f03",
        "toid": "osgb5000005340806059",
        "theme": "Buildings",
        "changetype": "Modified Attributes",
        "isobscured": false,
        "description": "Building",
        "versiondate": "2025-02-15",
        "geometry_area": 22.12739,
        "height_source": "Ordnance Survey",
        "physicallevel": "Surface Level",
        "oslandusetiera": "Residential Accommodation",
        "oslandusetierb": [
          "Private Residence"
        ],
        "geometry_source": "Ordnance Survey",
        "oslandcovertiera": "Constructed",
        "oslandcovertierb": [
          "Building"
        ],
        "oslanduse_source": "Ordnance Survey",
        "height_updatedate": "2025-02-13",
        "description_source": "Ordnance Survey",
        "oslandcover_source": "Ordnance Survey",
        "associatedstructure": null,
        "geometry_updatedate": "2024-11-27",
        "height_evidencedate": "2024-06-20",
        "capturespecification": "Urban",
        "oslanduse_updatedate": "2024-11-27",
        "absoluteheightmaximum": 19.5,
        "absoluteheightminimum": 16.8,
        "geometry_evidencedate": "2024-06-20",
        "heightconfidencelevel": "Moderate",
        "relativeheightmaximum": 2.7,
        "absoluteheightroofbase": 18.8,
        "description_updatedate": "2024-11-27",
        "oslandcover_updatedate": "2024-11-27",
        "oslanduse_evidencedate": "2024-06-20",
        "relativeheightroofbase": 2,
        "versionavailabletodate": null,
        "firstdigitalcapturedate": "2024-11-27",
        "description_evidencedate": "2024-06-20",
        "oslandcover_evidencedate": "2024-06-20",
        "versionavailablefromdate": "2025-02-16T00:00:00Z"
      }
    },
    {
      "id": "19b095fc-c2aa-441f-b923-3d73a3177f28",
      "type": "Feature",
      "geometry": {
        "type": "Polygon",
        "coordinates": [
          [
            [
              -1.4671479,
              50.9391477
            ],
            [
              -1.4671911,
              50.9391876
            ],
            [
              -1.4673062,
              50.939138
            ],
            [
              -1.467263,
              50.939098
            ],
            [
              -1.4671479,
              50.9391477
            ]
          ]
        ]
      },
      "properties": {
        "osid": "19b095fc-c2aa-441f-b923-3d73a3177f28",
        "toid": "osgb5000005244788326",
        "theme": "Buildings",
        "changetype": "Modified Attributes",
        "isobscured": false,
        "description": "Building",
        "versiondate": "2025-02-05",
        "geometry_area": 52.677339,
        "height_source": "Ordnance Survey",
        "physicallevel": "Surface Level",
        "oslandusetiera": "Residential Accommodation",
        "oslandusetierb": [
          "Private Residence"
        ],
        "geometry_source": "Ordnance Survey",
        "oslandcovertiera": "Constructed",
        "oslandcovertierb": [
          "Building"
        ],
        "oslanduse_source": "Ordnance Survey",
        "height_updatedate": "2025-01-17",
        "description_source": "Ordnance Survey",
        "oslandcover_source": "Ordnance Survey",
        "associatedstructure": null,
        "geometry_updatedate": "2019-04-08",
        "height_evidencedate": "2024-06-20",
        "capturespecification": "Urban",
        "oslanduse_updatedate": "2019-04-09",
        "absoluteheightmaximum": 26.3,
        "absoluteheightminimum": 17.8,
        "geometry_evidencedate": "2019-04-08",
        "heightconfidencelevel": "Moderate",
        "relativeheightmaximum": 8.5,
        "absoluteheightroofbase": 24.4,
        "description_updatedate": "2019-04-09",
        "oslandcover_updatedate": "2019-04-09",
        "oslanduse_evidencedate": "2019-04-09",
        "relativeheightroofbase": 6.6,
        "versionavailabletodate": null,
        "firstdigitalcapturedate": "2019-04-09",
        "description_evidencedate": "2019-04-09",
        "oslandcover_evidencedate": "2019-04-09",
        "versionavailablefromdate": "2025-02-06T00:00:00Z"
      }
    },
    {
      "id": "19cf3491-c01f-4e50-a1b3-80ed0a0c5cc1",
      "type": "Feature",
      "geometry": {
        "type": "Polygon",
        "coordinates": [
          [
            [
              -1.4642192,
              50.9336703
            ],
            [
              -1.4642121,
              50.9336649
            ],
            [
              -1.4641635,
              50.9336881
            ],
            [
              -1.4641777,
              50.9336895
            ],
            [
              -1.4641812,
              50.9336886
            ],
            [
              -1.4642192,
              50.9336703
            ]
          ]
        ]
      },
      "properties": {
        "osid": "19cf3491-c01f-4e50-a1b3-80ed0a0c5cc1",
        "toid": "osgb1000016342716",
        "theme": "Buildings",
        "changetype": "Modified Attributes",
        "isobscured": false,
        "description": "Building",
        "versiondate": "2022-09-18",
        "geometry_area": 3.08625,
        "height_source": null,
        "physicallevel": "Surface Level",
        "oslandusetiera": "Residential Accommodation",
        "oslandusetierb": [
          "Private Residence"
        ],
        "geometry_source": "Ordnance Survey",
        "oslandcovertiera": "Constructed",
        "oslandcovertierb": [
          "Building"
        ],
        "oslanduse_source": "Ordnance Survey",
        "height_updatedate": null,
        "description_source": "Ordnance Survey",
        "oslandcover_source": "Ordnance Survey",
        "associatedstructure": null,
        "geometry_updatedate": "2006-07-11",
        "height_evidencedate": null,
        "capturespecification": "Urban",
        "oslanduse_updatedate": "2006-07-11",
        "absoluteheightmaximum": null,
        "absoluteheightminimum": null,
        "geometry_evidencedate": "2006-07-11",
        "heightconfidencelevel": null,
        "relativeheightmaximum": null,
        "absoluteheightroofbase": null,
        "description_updatedate": "2006-07-11",
        "oslandcover_updatedate": "2006-07-11",
        "oslanduse_evidencedate": "2006-07-11",
        "relativeheightroofbase": null,
        "versionavailabletodate": null,
        "firstdigitalcapturedate": "1988-05-16",
        "description_evidencedate": "2006-07-11",
        "oslandcover_evidencedate": "2006-07-11",
        "versionavailablefromdate": "2022-09-19T00:00:00Z"
      }
    },
    {
      "id": "1a326c06-699e-4420-b883-9e0a9716cc44",
      "type": "Feature",
      "geometry": {
        "type": "Polygon",
        "coordinates": [
          [
            [
              -1.4690718,
              50.9369761
            ],
            [
              -1.469031,
              50.9370212
            ],
            [
              -1.4690536,
              50.9370293
            ],
            [
              -1.4690762,
              50.9370375
            ],
            [
              -1.4691184,
              50.9369908
            ],
            [
              -1.4690718,
              50.9369761
            ]
          ]
        ]
      },
      "properties": {
        "osid": "1a326c06-699e-4420-b883-9e0a9716cc44",
        "toid": "osgb5000005340806057",
        "theme": "Buildings",
        "changetype": "Modified Attributes",
        "isobscured": false,
        "description": "Building",
        "versiondate": "2025-02-15",
        "geometry_area": 21.474852,
        "height_source": "Ordnance Survey",
        "physicallevel": "Surface Level",
        "oslandusetiera": "Residential Accommodation",
        "oslandusetierb": [
          "Private Residence"
        ],
        "geometry_source": "Ordnance Survey",
        "oslandcovertiera": "Constructed",
        "oslandcovertierb": [
          "Building"
        ],
        "oslanduse_source": "Ordnance Survey",
        "height_updatedate": "2025-02-13",
        "description_source": "Ordnance Survey",
        "oslandcover_source": "Ordnance Survey",
        "associatedstructure": null,
        "geometry_updatedate": "2024-11-27",
        "height_evidencedate": "2024-06-20",
        "capturespecification": "Urban",
        "oslanduse_updatedate": "2024-11-27",
        "absoluteheightmaximum": null,
        "absoluteheightminimum": 12.2,
        "geometry_evidencedate": "2024-06-20",
        "heightconfidencelevel": "Incomplete",
        "relativeheightmaximum": null,
        "absoluteheightroofbase": null,
        "description_updatedate": "2024-11-27",
        "oslandcover_updatedate": "2024-11-27",
        "oslanduse_evidencedate": "2024-06-20",
        "relativeheightroofbase": null,
        "versionavailabletodate": null,
        "firstdigitalcapturedate": "2024-11-27",
        "description_evidencedate": "2024-06-20",
        "oslandcover_evidencedate": "2024-06-20",
        "versionavailablefromdate": "2025-02-16T00:00:00Z"
      }
    },
    {
      "id": "1a52fb23-40f1-4f7c-bd76-5e9d0e152932",
      "type": "Feature",
      "geometry": {
        "type": "Polygon",
        "coordinates": [
          [
            [
              -1.4677077,
              50.9356825
            ],
            [
              -1.467752,
              50.9356955
            ],
            [
              -1.4677902,
              50.9356435
            ],
            [
              -1.4677459,
              50.9356305
            ],
            [
              -1.4677077,
              50.9356825
            ]
          ]
        ]
      },
      "properties": {
        "osid": "1a52fb23-40f1-4f7c-bd76-5e9d0e152932",
        "toid": "osgb5000005208814531",
        "theme": "Buildings",
        "changetype": "Modified Attributes",
        "isobscured": false,
        "description": "Building",
        "versiondate": "2025-02-05",
        "geometry_area": 21.849827,
        "height_source": "Ordnance Survey",
        "physicallevel": "Surface Level",
        "oslandusetiera": "Residential Accommodation",
        "oslandusetierb": [
          "Private Residence"
        ],
        "geometry_source": "Ordnance Survey",
        "oslandcovertiera": "Constructed",
        "oslandcovertierb": [
          "Building"
        ],
        "oslanduse_source": "Ordnance Survey",
        "height_updatedate": "2025-01-17",
        "description_source": "Ordnance Survey",
        "oslandcover_source": "Ordnance Survey",
        "associatedstructure": null,
        "geometry_updatedate": "2017-08-03",
        "height_evidencedate": "2024-06-20",
        "capturespecification": "Urban",
        "oslanduse_updatedate": "2017-08-03",
        "absoluteheightmaximum": 16.3,
        "absoluteheightminimum": 11.8,
        "geometry_evidencedate": "2017-08-03",
        "heightconfidencelevel": "Moderate",
        "relativeheightmaximum": 4.5,
        "absoluteheightroofbase": 14.2,
        "description_updatedate": "2017-08-03",
        "oslandcover_updatedate": "2017-08-03",
        "oslanduse_evidencedate": "2017-08-03",
        "relativeheightroofbase": 2.4,
        "versionavailabletodate": null,
        "firstdigitalcapturedate": "2017-08-03",
        "description_evidencedate": "2017-08-03",
        "oslandcover_evidencedate": "2017-08-03",
        "versionavailablefromdate": "2025-02-06T00:00:00Z"
      }
    },
    {
      "id": "1a748534-751e-4025-ac8a-e6ba742cb1c9",
      "type": "Feature",
      "geometry": {
        "type": "Polygon",
        "coordinates": [
          [
            [
              -1.4670012,
              50.9372823
            ],
            [
              -1.4670649,
              50.9372556
            ],
            [
              -1.4670022,
              50.937196
            ],
            [
              -1.4669393,
              50.9372231
            ],
            [
              -1.4669467,
              50.9372302
            ],
            [
              -1.4669271,
              50.9372384
            ],
            [
              -1.4669469,
              50.9372574
            ],
            [
              -1.4669666,
              50.9372492
            ],
            [
              -1.4670012,
              50.9372823
            ]
          ]
        ]
      },
      "properties": {
        "osid": "1a748534-751e-4025-ac8a-e6ba742cb1c9",
        "toid": "osgb1000016342758",
        "theme": "Buildings",
        "changetype": "Modified Attributes",
        "isobscured": false,
        "description": "Building",
        "versiondate": "2025-02-05",
        "geometry_area": 46.654747,
        "height_source": "Ordnance Survey",
        "physicallevel": "Surface Level",
        "oslandusetiera": "Residential Accommodation",
        "oslandusetierb": [
          "Private Residence"
        ],
        "geometry_source": "Ordnance Survey",
        "oslandcovertiera": "Constructed",
        "oslandcovertierb": [
          "Building"
        ],
        "oslanduse_source": "Ordnance Survey",
        "height_updatedate": "2025-01-17",
        "description_source": "Ordnance Survey",
        "oslandcover_source": "Ordnance Survey",
        "associatedstructure": null,
        "geometry_updatedate": "2017-04-19",
        "height_evidencedate": "2024-06-20",
        "capturespecification": "Urban",
        "oslanduse_updatedate": "2006-07-11",
        "absoluteheightmaximum": 21,
        "absoluteheightminimum": 14.3,
        "geometry_evidencedate": "2016-08-12",
        "heightconfidencelevel": "Moderate",
        "relativeheightmaximum": 6.7,
        "absoluteheightroofbase": 19,
        "description_updatedate": "2006-07-11",
        "oslandcover_updatedate": "2006-07-11",
        "oslanduse_evidencedate": "2006-07-11",
        "relativeheightroofbase": 4.7,
        "versionavailabletodate": null,
        "firstdigitalcapturedate": "1988-05-16",
        "description_evidencedate": "2006-07-11",
        "oslandcover_evidencedate": "2006-07-11",
        "versionavailablefromdate": "2025-02-06T00:00:00Z"
      }
    },
    {
      "id": "1b885ee5-2bd5-41bf-9e3b-4469ecbdc739",
      "type": "Feature",
      "geometry": {
        "type": "Polygon",
        "coordinates": [
          [
            [
              -1.4656299,
              50.9396895
            ],
            [
              -1.4656152,
              50.9396604
            ],
            [
              -1.4655304,
              50.9396774
            ],
            [
              -1.4655347,
              50.939686
            ],
            [
              -1.4655451,
              50.9397066
            ],
            [
              -1.4656299,
              50.9396895
            ]
          ]
        ]
      },
      "properties": {
        "osid": "1b885ee5-2bd5-41bf-9e3b-4469ecbdc739",
        "toid": "osgb5000005232124708",
        "theme": "Buildings",
        "changetype": "Modified Attributes",
        "isobscured": false,
        "description": "Building",
        "versiondate": "2025-02-05",
        "geometry_area": 21.287525,
        "height_source": "Ordnance Survey",
        "physicallevel": "Surface Level",
        "oslandusetiera": "Residential Accommodation",
        "oslandusetierb": [
          "Private Residence"
        ],
        "geometry_source": "Ordnance Survey",
        "oslandcovertiera": "Constructed",
        "oslandcovertierb": [
          "Building"
        ],
        "oslanduse_source": "Ordnance Survey",
        "height_updatedate": "2025-01-17",
        "description_source": "Ordnance Survey",
        "oslandcover_source": "Ordnance Survey",
        "associatedstructure": null,
        "geometry_updatedate": "2018-09-14",
        "height_evidencedate": "2024-06-20",
        "capturespecification": "Urban",
        "oslanduse_updatedate": "2018-07-09",
        "absoluteheightmaximum": 26.3,
        "absoluteheightminimum": 22.8,
        "geometry_evidencedate": "2018-09-14",
        "heightconfidencelevel": "Moderate",
        "relativeheightmaximum": 3.5,
        "absoluteheightroofbase": 25.1,
        "description_updatedate": "2018-07-09",
        "oslandcover_updatedate": "2018-07-09",
        "oslanduse_evidencedate": "2018-07-09",
        "relativeheightroofbase": 2.3,
        "versionavailabletodate": null,
        "firstdigitalcapturedate": "2018-07-10",
        "description_evidencedate": "2018-07-09",
        "oslandcover_evidencedate": "2018-07-09",
        "versionavailablefromdate": "2025-02-06T00:00:00Z"
      }
    },
    {
      "id": "1bdd2804-ce68-4a4a-bad3-3030e6816cce",
      "type": "Feature",
      "geometry": {
        "type": "Polygon",
        "coordinates": [
          [
            [
              -1.4664386,
              50.9403031
            ],
            [
              -1.4664,
              50.9402703
            ],
            [
              -1.4664197,
              50.940261
            ],
            [
              -1.4663891,
              50.9402351
            ],
            [
              -1.4662709,
              50.9402908
            ],
            [
              -1.46634,
              50.9403494
            ],
            [
              -1.4663807,
              50.9403303
            ],
            [
              -1.4664386,
              50.9403031
            ]
          ]
        ]
      },
      "properties": {
        "osid": "1bdd2804-ce68-4a4a-bad3-3030e6816cce",
        "toid": "osgb5000005227734217",
        "theme": "Buildings",
        "changetype": "Modified Attributes",
        "isobscured": false,
        "description": "Building",
        "versiondate": "2025-02-05",
        "geometry_area": 76.46968,
        "height_source": "Ordnance Survey",
        "physicallevel": "Surface Level",
        "oslandusetiera": "Residential Accommodation",
        "oslandusetierb": [
          "Private Residence"
        ],
        "geometry_source": "Ordnance Survey",
        "oslandcovertiera": "Constructed",
        "oslandcovertierb": [
          "Building"
        ],
        "oslanduse_source": "Ordnance Survey",
        "height_updatedate": "2025-01-17",
        "description_source": "Ordnance Survey",
        "oslandcover_source": "Ordnance Survey",
        "associatedstructure": null,
        "geometry_updatedate": "2024-11-27",
        "height_evidencedate": "2024-06-20",
        "capturespecification": "Urban",
        "oslanduse_updatedate": "2018-04-30",
        "absoluteheightmaximum": 29.2,
        "absoluteheightminimum": 21.3,
        "geometry_evidencedate": "2024-06-20",
        "heightconfidencelevel": "Moderate",
        "relativeheightmaximum": 7.9,
        "absoluteheightroofbase": 27.4,
        "description_updatedate": "2018-04-30",
        "oslandcover_updatedate": "2018-04-30",
        "oslanduse_evidencedate": "2018-04-30",
        "relativeheightroofbase": 6.1,
        "versionavailabletodate": null,
        "firstdigitalcapturedate": "2018-04-30",
        "description_evidencedate": "2018-04-30",
        "oslandcover_evidencedate": "2018-04-30",
        "versionavailablefromdate": "2025-02-06T00:00:00Z"
      }
    },
    {
      "id": "1c247adb-88c0-497d-accb-95b997af6be6",
      "type": "Feature",
      "geometry": {
        "type": "Polygon",
        "coordinates": [
          [
            [
              -1.4681164,
              50.9360756
            ],
            [
              -1.468147,
              50.9360911
            ],
            [
              -1.468172,
              50.9360715
            ],
            [
              -1.4681691,
              50.93607
            ],
            [
              -1.4681443,
              50.9360574
            ],
            [
              -1.4681414,
              50.9360559
            ],
            [
              -1.4681164,
              50.9360756
            ]
          ]
        ]
      },
      "properties": {
        "osid": "1c247adb-88c0-497d-accb-95b997af6be6",
        "toid": "osgb5000005181571692",
        "theme": "Buildings",
        "changetype": "New",
        "isobscured": false,
        "description": "Building",
        "versiondate": "2022-08-26",
        "geometry_area": 7.711088,
        "height_source": null,
        "physicallevel": "Surface Level",
        "oslandusetiera": "Utility Or Environmental Protection",
        "oslandusetierb": [
          "Electricity Distribution"
        ],
        "geometry_source": "Ordnance Survey",
        "oslandcovertiera": "Constructed",
        "oslandcovertierb": [
          "Building"
        ],
        "oslanduse_source": "Ordnance Survey",
        "height_updatedate": null,
        "description_source": "Ordnance Survey",
        "oslandcover_source": "Ordnance Survey",
        "associatedstructure": null,
        "geometry_updatedate": "2016-08-02",
        "height_evidencedate": null,
        "capturespecification": "Urban",
        "oslanduse_updatedate": "2016-05-18",
        "absoluteheightmaximum": null,
        "absoluteheightminimum": null,
        "geometry_evidencedate": "2016-08-02",
        "heightconfidencelevel": null,
        "relativeheightmaximum": null,
        "absoluteheightroofbase": null,
        "description_updatedate": "2016-05-18",
        "oslandcover_updatedate": "2016-05-18",
        "oslanduse_evidencedate": "2016-05-18",
        "relativeheightroofbase": null,
        "versionavailabletodate": null,
        "firstdigitalcapturedate": "2016-05-18",
        "description_evidencedate": "2016-05-18",
        "oslandcover_evidencedate": "2016-05-18",
        "versionavailablefromdate": "2022-08-27T00:00:00Z"
      }
    },
    {
      "id": "1c88335d-d3fb-4f82-add5-0a4b7e7c2034",
      "type": "Feature",
      "geometry": {
        "type": "Polygon",
        "coordinates": [
          [
            [
              -1.4649947,
              50.9392843
            ],
            [
              -1.4650712,
              50.93931
            ],
            [
              -1.4651289,
              50.9392417
            ],
            [
              -1.4650524,
              50.9392159
            ],
            [
              -1.4649947,
              50.9392843
            ]
          ]
        ]
      },
      "properties": {
        "osid": "1c88335d-d3fb-4f82-add5-0a4b7e7c2034",
        "toid": "osgb5000005236335807",
        "theme": "Buildings",
        "changetype": "Modified Attributes",
        "isobscured": false,
        "description": "Building",
        "versiondate": "2025-02-05",
        "geometry_area": 52.423722,
        "height_source": "Ordnance Survey",
        "physicallevel": "Surface Level",
        "oslandusetiera": "Residential Accommodation",
        "oslandusetierb": [
          "Private Residence"
        ],
        "geometry_source": "Ordnance Survey",
        "oslandcovertiera": "Constructed",
        "oslandcovertierb": [
          "Building"
        ],
        "oslanduse_source": "Ordnance Survey",
        "height_updatedate": "2025-01-17",
        "description_source": "Ordnance Survey",
        "oslandcover_source": "Ordnance Survey",
        "associatedstructure": null,
        "geometry_updatedate": "2018-09-17",
        "height_evidencedate": "2024-06-20",
        "capturespecification": "Urban",
        "oslanduse_updatedate": "2018-09-17",
        "absoluteheightmaximum": 31.3,
        "absoluteheightminimum": 23,
        "geometry_evidencedate": "2018-09-17",
        "heightconfidencelevel": "Moderate",
        "relativeheightmaximum": 8.3,
        "absoluteheightroofbase": 28.4,
        "description_updatedate": "2018-09-17",
        "oslandcover_updatedate": "2018-09-17",
        "oslanduse_evidencedate": "2018-09-17",
        "relativeheightroofbase": 5.4,
        "versionavailabletodate": null,
        "firstdigitalcapturedate": "2018-09-17",
        "description_evidencedate": "2018-09-17",
        "oslandcover_evidencedate": "2018-09-17",
        "versionavailablefromdate": "2025-02-06T00:00:00Z"
      }
    },
    {
      "id": "1ca21a75-d529-4c2b-9d4b-1309c00829f6",
      "type": "Feature",
      "geometry": {
        "type": "Polygon",
        "coordinates": [
          [
            [
              -1.4652949,
              50.9363301
            ],
            [
              -1.465319,
              50.9363313
            ],
            [
              -1.4653216,
              50.9363113
            ],
            [
              -1.4652975,
              50.9363101
            ],
            [
              -1.4652949,
              50.9363301
            ]
          ]
        ]
      },
      "properties": {
        "osid": "1ca21a75-d529-4c2b-9d4b-1309c00829f6",
        "toid": "osgb5000005203977311",
        "theme": "Buildings",
        "changetype": "New",
        "isobscured": false,
        "description": "Building",
        "versiondate": "2022-08-26",
        "geometry_area": 3.796566,
        "height_source": null,
        "physicallevel": "Surface Level",
        "oslandusetiera": "Residential Accommodation",
        "oslandusetierb": [
          "Private Residence"
        ],
        "geometry_source": "Ordnance Survey",
        "oslandcovertiera": "Constructed",
        "oslandcovertierb": [
          "Building"
        ],
        "oslanduse_source": "Ordnance Survey",
        "height_updatedate": null,
        "description_source": "Ordnance Survey",
        "oslandcover_source": "Ordnance Survey",
        "associatedstructure": null,
        "geometry_updatedate": "2017-04-21",
        "height_evidencedate": null,
        "capturespecification": "Urban",
        "oslanduse_updatedate": "2017-04-21",
        "absoluteheightmaximum": null,
        "absoluteheightminimum": null,
        "geometry_evidencedate": "2016-08-12",
        "heightconfidencelevel": null,
        "relativeheightmaximum": null,
        "absoluteheightroofbase": null,
        "description_updatedate": "2017-04-21",
        "oslandcover_updatedate": "2017-04-21",
        "oslanduse_evidencedate": "2016-08-12",
        "relativeheightroofbase": null,
        "versionavailabletodate": null,
        "firstdigitalcapturedate": "2017-05-04",
        "description_evidencedate": "2016-08-12",
        "oslandcover_evidencedate": "2016-08-12",
        "versionavailablefromdate": "2022-08-27T00:00:00Z"
      }
    },
    {
      "id": "1ca849bc-5422-4e86-9c65-39d28af9a1a1",
      "type": "Feature",
      "geometry": {
        "type": "Polygon",
        "coordinates": [
          [
            [
              -1.4642662,
              50.9405396
            ],
            [
              -1.464326,
              50.9405667
            ],
            [
              -1.4643992,
              50.9405021
            ],
            [
              -1.4643393,
              50.9404751
            ],
            [
              -1.4642662,
              50.9405396
            ]
          ]
        ]
      },
      "properties": {
        "osid": "1ca849bc-5422-4e86-9c65-39d28af9a1a1",
        "toid": "osgb5000005198749599",
        "theme": "Buildings",
        "changetype": "Modified Attributes",
        "isobscured": false,
        "description": "Building",
        "versiondate": "2025-02-05",
        "geometry_area": 45.648128,
        "height_source": "Ordnance Survey",
        "physicallevel": "Surface Level",
        "oslandusetiera": "Residential Accommodation",
        "oslandusetierb": [
          "Private Residence"
        ],
        "geometry_source": "Ordnance Survey",
        "oslandcovertiera": "Constructed",
        "oslandcovertierb": [
          "Building"
        ],
        "oslanduse_source": "Ordnance Survey",
        "height_updatedate": "2025-01-17",
        "description_source": "Ordnance Survey",
        "oslandcover_source": "Ordnance Survey",
        "associatedstructure": null,
        "geometry_updatedate": "2017-02-07",
        "height_evidencedate": "2024-06-20",
        "capturespecification": "Urban",
        "oslanduse_updatedate": "2017-02-07",
        "absoluteheightmaximum": 32,
        "absoluteheightminimum": 24.1,
        "geometry_evidencedate": "2017-02-07",
        "heightconfidencelevel": "Moderate",
        "relativeheightmaximum": 7.9,
        "absoluteheightroofbase": 29.6,
        "description_updatedate": "2017-02-07",
        "oslandcover_updatedate": "2017-02-07",
        "oslanduse_evidencedate": "2017-02-07",
        "relativeheightroofbase": 5.5,
        "versionavailabletodate": null,
        "firstdigitalcapturedate": "2017-02-07",
        "description_evidencedate": "2017-02-07",
        "oslandcover_evidencedate": "2017-02-07",
        "versionavailablefromdate": "2025-02-06T00:00:00Z"
      }
    },
    {
      "id": "1cf46a38-5fdc-42a5-9f24-c13aaeac0758",
      "type": "Feature",
      "geometry": {
        "type": "Polygon",
        "coordinates": [
          [
            [
              -1.466571,
              50.9379513
            ],
            [
              -1.4665025,
              50.9379613
            ],
            [
              -1.4665078,
              50.9379758
            ],
            [
              -1.466577,
              50.9379658
            ],
            [
              -1.4665791,
              50.9379655
            ],
            [
              -1.4665737,
              50.9379508
            ],
            [
              -1.466571,
              50.9379513
            ]
          ]
        ]
      },
      "properties": {
        "osid": "1cf46a38-5fdc-42a5-9f24-c13aaeac0758",
        "toid": "osgb5000005203977185",
        "theme": "Buildings",
        "changetype": "Modified Attributes",
        "isobscured": false,
        "description": "Building",
        "versiondate": "2025-02-05",
        "geometry_area": 8.540626,
        "height_source": "Ordnance Survey",
        "physicallevel": "Surface Level",
        "oslandusetiera": "Residential Accommodation",
        "oslandusetierb": [
          "Private Residence"
        ],
        "geometry_source": "Ordnance Survey",
        "oslandcovertiera": "Constructed",
        "oslandcovertierb": [
          "Building"
        ],
        "oslanduse_source": "Ordnance Survey",
        "height_updatedate": "2025-01-17",
        "description_source": "Ordnance Survey",
        "oslandcover_source": "Ordnance Survey",
        "associatedstructure": null,
        "geometry_updatedate": "2017-04-19",
        "height_evidencedate": "2024-06-20",
        "capturespecification": "Urban",
        "oslanduse_updatedate": "2017-04-19",
        "absoluteheightmaximum": null,
        "absoluteheightminimum": 17.6,
        "geometry_evidencedate": "2016-08-12",
        "heightconfidencelevel": "Incomplete",
        "relativeheightmaximum": null,
        "absoluteheightroofbase": null,
        "description_updatedate": "2017-04-19",
        "oslandcover_updatedate": "2017-04-19",
        "oslanduse_evidencedate": "2016-08-12",
        "relativeheightroofbase": null,
        "versionavailabletodate": null,
        "firstdigitalcapturedate": "2017-05-04",
        "description_evidencedate": "2016-08-12",
        "oslandcover_evidencedate": "2016-08-12",
        "versionavailablefromdate": "2025-02-06T00:00:00Z"
      }
    },
    {
      "id": "1d0da5df-4c4a-4502-9369-63505fe5a2e4",
      "type": "Feature",
      "geometry": {
        "type": "Polygon",
        "coordinates": [
          [
            [
              -1.4663414,
              50.9345332
            ],
            [
              -1.466354,
              50.9345744
            ],
            [
              -1.4663553,
              50.9345789
            ],
            [
              -1.4668058,
              50.934524
            ],
            [
              -1.4667909,
              50.9344784
            ],
            [
              -1.4663414,
              50.9345332
            ]
          ]
        ]
      },
      "properties": {
        "osid": "1d0da5df-4c4a-4502-9369-63505fe5a2e4",
        "toid": "osgb5000005297598673",
        "theme": "Buildings",
        "changetype": "Modified Attributes",
        "isobscured": false,
        "description": "Multistorey Car Park",
        "versiondate": "2025-02-05",
        "geometry_area": 166.658919,
        "height_source": "Ordnance Survey",
        "physicallevel": "Surface Level",
        "oslandusetiera": "Transport: Road, Track Or Path",
        "oslandusetierb": [],
        "geometry_source": "Ordnance Survey",
        "oslandcovertiera": "Constructed",
        "oslandcovertierb": [
          "Building"
        ],
        "oslanduse_source": "Ordnance Survey",
        "height_updatedate": "2025-01-17",
        "description_source": "Ordnance Survey",
        "oslandcover_source": "Ordnance Survey",
        "associatedstructure": null,
        "geometry_updatedate": "2022-07-27",
        "height_evidencedate": "2024-06-20",
        "capturespecification": "Urban",
        "oslanduse_updatedate": "2022-07-28",
        "absoluteheightmaximum": 21.9,
        "absoluteheightminimum": 11.3,
        "geometry_evidencedate": "2022-07-27",
        "heightconfidencelevel": "Moderate",
        "relativeheightmaximum": 10.6,
        "absoluteheightroofbase": 19.9,
        "description_updatedate": "2022-07-28",
        "oslandcover_updatedate": "2022-07-28",
        "oslanduse_evidencedate": "2022-07-28",
        "relativeheightroofbase": 8.6,
        "versionavailabletodate": null,
        "firstdigitalcapturedate": "2022-07-28",
        "description_evidencedate": "2022-07-28",
        "oslandcover_evidencedate": "2022-07-28",
        "versionavailablefromdate": "2025-02-06T00:00:00Z"
      }
    },
    {
      "id": "1d70e37e-d5db-4768-a075-ce21367bb134",
      "type": "Feature",
      "geometry": {
        "type": "Polygon",
        "coordinates": [
          [
            [
              -1.4683021,
              50.9339926
            ],
            [
              -1.4684233,
              50.9339809
            ],
            [
              -1.4684084,
              50.9339321
            ],
            [
              -1.4683098,
              50.9338711
            ],
            [
              -1.4682863,
              50.9338871
            ],
            [
              -1.4682708,
              50.9338886
            ],
            [
              -1.4682954,
              50.9339701
            ],
            [
              -1.4683021,
              50.9339926
            ]
          ]
        ]
      },
      "properties": {
        "osid": "1d70e37e-d5db-4768-a075-ce21367bb134",
        "toid": "osgb5000005350267488",
        "theme": "Buildings",
        "changetype": "New",
        "isobscured": false,
        "description": "Building",
        "versiondate": "2025-10-03",
        "geometry_area": 89.515363,
        "height_source": "Ordnance Survey",
        "physicallevel": "Surface Level",
        "oslandusetiera": "Medical Or Health Care",
        "oslandusetierb": [],
        "geometry_source": "Ordnance Survey",
        "oslandcovertiera": "Constructed",
        "oslandcovertierb": [
          "Building"
        ],
        "oslanduse_source": "Ordnance Survey",
        "height_updatedate": "2025-10-03",
        "description_source": "Ordnance Survey",
        "oslandcover_source": "Ordnance Survey",
        "associatedstructure": null,
        "geometry_updatedate": "2025-10-02",
        "height_evidencedate": "2024-06-20",
        "capturespecification": "Urban",
        "oslanduse_updatedate": "2025-10-02",
        "absoluteheightmaximum": null,
        "absoluteheightminimum": 10.7,
        "geometry_evidencedate": "2025-10-02",
        "heightconfidencelevel": "Incomplete",
        "relativeheightmaximum": null,
        "absoluteheightroofbase": null,
        "description_updatedate": "2025-10-02",
        "oslandcover_updatedate": "2025-10-02",
        "oslanduse_evidencedate": "2025-10-02",
        "relativeheightroofbase": null,
        "versionavailabletodate": null,
        "firstdigitalcapturedate": "2025-10-02",
        "description_evidencedate": "2025-10-02",
        "oslandcover_evidencedate": "2025-10-02",
        "versionavailablefromdate": "2025-10-04T00:00:00Z"
      }
    },
    {
      "id": "1d903ace-d33c-40d5-8b98-6419a68558a5",
      "type": "Feature",
      "geometry": {
        "type": "Polygon",
        "coordinates": [
          [
            [
              -1.4681305,
              50.9375628
            ],
            [
              -1.4682061,
              50.9375747
            ],
            [
              -1.4682141,
              50.9375548
            ],
            [
              -1.468139,
              50.9375421
            ],
            [
              -1.4681327,
              50.9375573
            ],
            [
              -1.4681314,
              50.9375607
            ],
            [
              -1.4681305,
              50.9375628
            ]
          ]
        ]
      },
      "properties": {
        "osid": "1d903ace-d33c-40d5-8b98-6419a68558a5",
        "toid": "osgb1000016343240",
        "theme": "Buildings",
        "changetype": "Modified Attributes",
        "isobscured": false,
        "description": "Building",
        "versiondate": "2025-02-05",
        "geometry_area": 12.73893,
        "height_source": "Ordnance Survey",
        "physicallevel": "Surface Level",
        "oslandusetiera": "Unknown Or Unused Artificial",
        "oslandusetierb": [],
        "geometry_source": "Ordnance Survey",
        "oslandcovertiera": "Constructed",
        "oslandcovertierb": [
          "Building"
        ],
        "oslanduse_source": "Ordnance Survey",
        "height_updatedate": "2025-01-17",
        "description_source": "Ordnance Survey",
        "oslandcover_source": "Ordnance Survey",
        "associatedstructure": null,
        "geometry_updatedate": "2021-02-18",
        "height_evidencedate": "2024-06-20",
        "capturespecification": "Urban",
        "oslanduse_updatedate": "2006-12-14",
        "absoluteheightmaximum": null,
        "absoluteheightminimum": 12.6,
        "geometry_evidencedate": "2020-09-20",
        "heightconfidencelevel": "Incomplete",
        "relativeheightmaximum": null,
        "absoluteheightroofbase": null,
        "description_updatedate": "2006-12-14",
        "oslandcover_updatedate": "2006-12-14",
        "oslanduse_evidencedate": "2006-12-14",
        "relativeheightroofbase": null,
        "versionavailabletodate": null,
        "firstdigitalcapturedate": "1988-07-28",
        "description_evidencedate": "2006-12-14",
        "oslandcover_evidencedate": "2006-12-14",
        "versionavailablefromdate": "2025-02-06T00:00:00Z"
      }
    },
    {
      "id": "1da1dd6c-23af-48f7-a338-4ca69a384bee",
      "type": "Feature",
      "geometry": {
        "type": "Polygon",
        "coordinates": [
          [
            [
              -1.465309,
              50.9390097
            ],
            [
              -1.4652982,
              50.939038
            ],
            [
              -1.4653837,
              50.939051
            ],
            [
              -1.4653945,
              50.9390227
            ],
            [
              -1.465309,
              50.9390097
            ]
          ]
        ]
      },
      "properties": {
        "osid": "1da1dd6c-23af-48f7-a338-4ca69a384bee",
        "toid": "osgb5000005259512538",
        "theme": "Buildings",
        "changetype": "Modified Attributes",
        "isobscured": false,
        "description": "Building",
        "versiondate": "2025-02-05",
        "geometry_area": 19.95788,
        "height_source": "Ordnance Survey",
        "physicallevel": "Surface Level",
        "oslandusetiera": "Residential Accommodation",
        "oslandusetierb": [
          "Private Residence"
        ],
        "geometry_source": "Ordnance Survey",
        "oslandcovertiera": "Constructed",
        "oslandcovertierb": [
          "Building"
        ],
        "oslanduse_source": "Ordnance Survey",
        "height_updatedate": "2025-01-17",
        "description_source": "Ordnance Survey",
        "oslandcover_source": "Ordnance Survey",
        "associatedstructure": null,
        "geometry_updatedate": "2020-01-31",
        "height_evidencedate": "2024-06-20",
        "capturespecification": "Urban",
        "oslanduse_updatedate": "2020-01-31",
        "absoluteheightmaximum": 26.4,
        "absoluteheightminimum": 22.4,
        "geometry_evidencedate": "2020-01-31",
        "heightconfidencelevel": "Moderate",
        "relativeheightmaximum": 4,
        "absoluteheightroofbase": 25.8,
        "description_updatedate": "2020-01-31",
        "oslandcover_updatedate": "2020-01-31",
        "oslanduse_evidencedate": "2020-01-31",
        "relativeheightroofbase": 3.4,
        "versionavailabletodate": null,
        "firstdigitalcapturedate": "2020-01-31",
        "description_evidencedate": "2020-01-31",
        "oslandcover_evidencedate": "2020-01-31",
        "versionavailablefromdate": "2025-02-06T00:00:00Z"
      }
    },
    {
      "id": "1dd4b5e5-4c1d-47cb-a495-b28a69e24ba2",
      "type": "Feature",
      "geometry": {
        "type": "Polygon",
        "coordinates": [
          [
            [
              -1.4709257,
              50.9361354
            ],
            [
              -1.4709424,
              50.936175
            ],
            [
              -1.4709509,
              50.9361953
            ],
            [
              -1.4709968,
              50.9361879
            ],
            [
              -1.4710101,
              50.9362221
            ],
            [
              -1.4711399,
              50.9362002
            ],
            [
              -1.4711191,
              50.9361497
            ],
            [
              -1.4711509,
              50.9361436
            ],
            [
              -1.4711325,
              50.9361021
            ],
            [
              -1.4709257,
              50.9361354
            ]
          ]
        ]
      },
      "properties": {
        "osid": "1dd4b5e5-4c1d-47cb-a495-b28a69e24ba2",
        "toid": "osgb1000016343247",
        "theme": "Buildings",
        "changetype": "Modified Attributes",
        "isobscured": false,
        "description": "Building",
        "versiondate": "2025-02-05",
        "geometry_area": 135.16854,
        "height_source": "Ordnance Survey",
        "physicallevel": "Surface Level",
        "oslandusetiera": "Residential Accommodation",
        "oslandusetierb": [
          "Private Residence"
        ],
        "geometry_source": "Ordnance Survey",
        "oslandcovertiera": "Constructed",
        "oslandcovertierb": [
          "Building"
        ],
        "oslanduse_source": "Ordnance Survey",
        "height_updatedate": "2025-01-17",
        "description_source": "Ordnance Survey",
        "oslandcover_source": "Ordnance Survey",
        "associatedstructure": null,
        "geometry_updatedate": "2017-04-19",
        "height_evidencedate": "2024-06-20",
        "capturespecification": "Urban",
        "oslanduse_updatedate": "2006-12-14",
        "absoluteheightmaximum": 18.7,
        "absoluteheightminimum": 10.4,
        "geometry_evidencedate": "2016-08-12",
        "heightconfidencelevel": "Moderate",
        "relativeheightmaximum": 8.3,
        "absoluteheightroofbase": 13.4,
        "description_updatedate": "2006-12-14",
        "oslandcover_updatedate": "2006-12-14",
        "oslanduse_evidencedate": "2006-12-14",
        "relativeheightroofbase": 3,
        "versionavailabletodate": null,
        "firstdigitalcapturedate": "1988-07-28",
        "description_evidencedate": "2006-12-14",
        "oslandcover_evidencedate": "2006-12-14",
        "versionavailablefromdate": "2025-02-06T00:00:00Z"
      }
    },
    {
      "id": "1dd69b74-1087-49a4-a21d-96c6bf00a1bc",
      "type": "Feature",
      "geometry": {
        "type": "Polygon",
        "coordinates": [
          [
            [
              -1.4669901,
              50.9393311
            ],
            [
              -1.4669456,
              50.9392904
            ],
            [
              -1.4668383,
              50.9393371
            ],
            [
              -1.4668828,
              50.9393779
            ],
            [
              -1.4669901,
              50.9393311
            ]
          ]
        ]
      },
      "properties": {
        "osid": "1dd69b74-1087-49a4-a21d-96c6bf00a1bc",
        "toid": "osgb5000005239289056",
        "theme": "Buildings",
        "changetype": "Modified Attributes",
        "isobscured": false,
        "description": "Building",
        "versiondate": "2025-02-05",
        "geometry_area": 50.384446,
        "height_source": "Ordnance Survey",
        "physicallevel": "Surface Level",
        "oslandusetiera": "Residential Accommodation",
        "oslandusetierb": [
          "Private Residence"
        ],
        "geometry_source": "Ordnance Survey",
        "oslandcovertiera": "Constructed",
        "oslandcovertierb": [
          "Building"
        ],
        "oslanduse_source": "Ordnance Survey",
        "height_updatedate": "2025-01-17",
        "description_source": "Ordnance Survey",
        "oslandcover_source": "Ordnance Survey",
        "associatedstructure": null,
        "geometry_updatedate": "2018-11-23",
        "height_evidencedate": "2024-06-20",
        "capturespecification": "Urban",
        "oslanduse_updatedate": "2018-11-26",
        "absoluteheightmaximum": 27.9,
        "absoluteheightminimum": 19.8,
        "geometry_evidencedate": "2018-11-23",
        "heightconfidencelevel": "Moderate",
        "relativeheightmaximum": 8.1,
        "absoluteheightroofbase": 25.3,
        "description_updatedate": "2018-11-26",
        "oslandcover_updatedate": "2018-11-26",
        "oslanduse_evidencedate": "2018-11-26",
        "relativeheightroofbase": 5.5,
        "versionavailabletodate": null,
        "firstdigitalcapturedate": "2018-11-26",
        "description_evidencedate": "2018-11-26",
        "oslandcover_evidencedate": "2018-11-26",
        "versionavailablefromdate": "2025-02-06T00:00:00Z"
      }
    },
    {
      "id": "1e8fed1f-4370-42e2-9571-6d3d6ad651de",
      "type": "Feature",
      "geometry": {
        "type": "Polygon",
        "coordinates": [
          [
            [
              -1.4680418,
              50.9365382
            ],
            [
              -1.468138,
              50.9365663
            ],
            [
              -1.4681713,
              50.9365206
            ],
            [
              -1.4680745,
              50.9364929
            ],
            [
              -1.4680418,
              50.9365382
            ]
          ]
        ]
      },
      "properties": {
        "osid": "1e8fed1f-4370-42e2-9571-6d3d6ad651de",
        "toid": "osgb1000016343186",
        "theme": "Buildings",
        "changetype": "Modified Attributes",
        "isobscured": false,
        "description": "Building",
        "versiondate": "2025-02-05",
        "geometry_area": 41.498,
        "height_source": "Ordnance Survey",
        "physicallevel": "Surface Level",
        "oslandusetiera": "Residential Accommodation",
        "oslandusetierb": [
          "Private Residence"
        ],
        "geometry_source": "Ordnance Survey",
        "oslandcovertiera": "Constructed",
        "oslandcovertierb": [
          "Building"
        ],
        "oslanduse_source": "Ordnance Survey",
        "height_updatedate": "2025-01-17",
        "description_source": "Ordnance Survey",
        "oslandcover_source": "Ordnance Survey",
        "associatedstructure": null,
        "geometry_updatedate": "2004-02-10",
        "height_evidencedate": "2024-06-20",
        "capturespecification": "Urban",
        "oslanduse_updatedate": "2004-02-10",
        "absoluteheightmaximum": 19.5,
        "absoluteheightminimum": 11.8,
        "geometry_evidencedate": "2004-02-10",
        "heightconfidencelevel": "Moderate",
        "relativeheightmaximum": 7.7,
        "absoluteheightroofbase": 16.6,
        "description_updatedate": "2004-02-10",
        "oslandcover_updatedate": "2004-02-10",
        "oslanduse_evidencedate": "2004-02-10",
        "relativeheightroofbase": 4.8,
        "versionavailabletodate": null,
        "firstdigitalcapturedate": "1988-07-28",
        "description_evidencedate": "2004-02-10",
        "oslandcover_evidencedate": "2004-02-10",
        "versionavailablefromdate": "2025-02-06T00:00:00Z"
      }
    },
    {
      "id": "1e9232cc-d233-4b59-90fa-fdb92f74ef95",
      "type": "Feature",
      "geometry": {
        "type": "Polygon",
        "coordinates": [
          [
            [
              -1.4657182,
              50.9387435
            ],
            [
              -1.4658448,
              50.9387758
            ],
            [
              -1.4658803,
              50.9387201
            ],
            [
              -1.4657537,
              50.9386878
            ],
            [
              -1.4657182,
              50.9387435
            ]
          ]
        ]
      },
      "properties": {
        "osid": "1e9232cc-d233-4b59-90fa-fdb92f74ef95",
        "toid": "osgb5000005247278618",
        "theme": "Buildings",
        "changetype": "Modified Attributes",
        "isobscured": false,
        "description": "Building",
        "versiondate": "2025-02-05",
        "geometry_area": 63.995889,
        "height_source": "Ordnance Survey",
        "physicallevel": "Surface Level",
        "oslandusetiera": "Residential Accommodation",
        "oslandusetierb": [
          "Private Residence"
        ],
        "geometry_source": "Ordnance Survey",
        "oslandcovertiera": "Constructed",
        "oslandcovertierb": [
          "Building"
        ],
        "oslanduse_source": "Ordnance Survey",
        "height_updatedate": "2025-01-17",
        "description_source": "Ordnance Survey",
        "oslandcover_source": "Ordnance Survey",
        "associatedstructure": null,
        "geometry_updatedate": "2019-06-05",
        "height_evidencedate": "2024-06-20",
        "capturespecification": "Urban",
        "oslanduse_updatedate": "2019-06-05",
        "absoluteheightmaximum": 29.7,
        "absoluteheightminimum": 21,
        "geometry_evidencedate": "2019-06-05",
        "heightconfidencelevel": "Moderate",
        "relativeheightmaximum": 8.7,
        "absoluteheightroofbase": 26.5,
        "description_updatedate": "2019-06-05",
        "oslandcover_updatedate": "2019-06-05",
        "oslanduse_evidencedate": "2019-06-05",
        "relativeheightroofbase": 5.5,
        "versionavailabletodate": null,
        "firstdigitalcapturedate": "2019-06-05",
        "description_evidencedate": "2019-06-05",
        "oslandcover_evidencedate": "2019-06-05",
        "versionavailablefromdate": "2025-02-06T00:00:00Z"
      }
    },
    {
      "id": "1f71cd99-1347-468d-872d-1ccc6913c0e2",
      "type": "Feature",
      "geometry": {
        "type": "Polygon",
        "coordinates": [
          [
            [
              -1.4661949,
              50.93624
            ],
            [
              -1.4661956,
              50.9362984
            ],
            [
              -1.4661961,
              50.9363278
            ],
            [
              -1.4661961,
              50.936328
            ],
            [
              -1.4662804,
              50.9363274
            ],
            [
              -1.4663106,
              50.9363272
            ],
            [
              -1.4663114,
              50.9363272
            ],
            [
              -1.4663112,
              50.9363135
            ],
            [
              -1.4663111,
              50.9363062
            ],
            [
              -1.4663109,
              50.9362976
            ],
            [
              -1.4663116,
              50.9362392
            ],
            [
              -1.4661949,
              50.93624
            ]
          ]
        ]
      },
      "properties": {
        "osid": "1f71cd99-1347-468d-872d-1ccc6913c0e2",
        "toid": "osgb1000016342814",
        "theme": "Buildings",
        "changetype": "Modified Attributes",
        "isobscured": false,
        "description": "Building",
        "versiondate": "2025-02-05",
        "geometry_area": 79.647133,
        "height_source": "Ordnance Survey",
        "physicallevel": "Surface Level",
        "oslandusetiera": "Residential Accommodation",
        "oslandusetierb": [
          "Private Residence"
        ],
        "geometry_source": "Ordnance Survey",
        "oslandcovertiera": "Constructed",
        "oslandcovertierb": [
          "Building"
        ],
        "oslanduse_source": "Ordnance Survey",
        "height_updatedate": "2025-01-17",
        "description_source": "Ordnance Survey",
        "oslandcover_source": "Ordnance Survey",
        "associatedstructure": null,
        "geometry_updatedate": "2019-12-29",
        "height_evidencedate": "2024-06-20",
        "capturespecification": "Urban",
        "oslanduse_updatedate": "2006-07-01",
        "absoluteheightmaximum": 20.4,
        "absoluteheightminimum": 12.9,
        "geometry_evidencedate": "2019-06-28",
        "heightconfidencelevel": "Moderate",
        "relativeheightmaximum": 7.5,
        "absoluteheightroofbase": 18.6,
        "description_updatedate": "2006-07-01",
        "oslandcover_updatedate": "2006-07-01",
        "oslanduse_evidencedate": "2006-07-01",
        "relativeheightroofbase": 5.7,
        "versionavailabletodate": null,
        "firstdigitalcapturedate": "1988-05-16",
        "description_evidencedate": "2006-07-01",
        "oslandcover_evidencedate": "2006-07-01",
        "versionavailablefromdate": "2025-02-06T00:00:00Z"
      }
    },
    {
      "id": "1fabcbb1-3ea9-460a-babf-f0d9dda9af64",
      "type": "Feature",
      "geometry": {
        "type": "Polygon",
        "coordinates": [
          [
            [
              -1.4641949,
              50.9406559
            ],
            [
              -1.4642103,
              50.9406628
            ],
            [
              -1.4642667,
              50.9406882
            ],
            [
              -1.4642787,
              50.9406775
            ],
            [
              -1.464294,
              50.940664
            ],
            [
              -1.4642222,
              50.9406317
            ],
            [
              -1.4641949,
              50.9406559
            ]
          ]
        ]
      },
      "properties": {
        "osid": "1fabcbb1-3ea9-460a-babf-f0d9dda9af64",
        "toid": "osgb5000005198749568",
        "theme": "Buildings",
        "changetype": "Modified Attributes",
        "isobscured": false,
        "description": "Building",
        "versiondate": "2025-02-05",
        "geometry_area": 20.475245,
        "height_source": "Ordnance Survey",
        "physicallevel": "Surface Level",
        "oslandusetiera": "Residential Accommodation",
        "oslandusetierb": [
          "Private Residence"
        ],
        "geometry_source": "Ordnance Survey",
        "oslandcovertiera": "Constructed",
        "oslandcovertierb": [
          "Building"
        ],
        "oslanduse_source": "Ordnance Survey",
        "height_updatedate": "2025-01-17",
        "description_source": "Ordnance Survey",
        "oslandcover_source": "Ordnance Survey",
        "associatedstructure": null,
        "geometry_updatedate": "2017-08-04",
        "height_evidencedate": "2024-06-20",
        "capturespecification": "Urban",
        "oslanduse_updatedate": "2017-02-07",
        "absoluteheightmaximum": 27.7,
        "absoluteheightminimum": 23.9,
        "geometry_evidencedate": "2017-08-04",
        "heightconfidencelevel": "Moderate",
        "relativeheightmaximum": 3.8,
        "absoluteheightroofbase": 27.4,
        "description_updatedate": "2017-02-07",
        "oslandcover_updatedate": "2017-02-07",
        "oslanduse_evidencedate": "2017-02-07",
        "relativeheightroofbase": 3.5,
        "versionavailabletodate": null,
        "firstdigitalcapturedate": "2017-02-07",
        "description_evidencedate": "2017-02-07",
        "oslandcover_evidencedate": "2017-02-07",
        "versionavailablefromdate": "2025-02-06T00:00:00Z"
      }
    },
    {
      "id": "1fecbc2f-3cc8-42db-a326-21d712897891",
      "type": "Feature",
      "geometry": {
        "type": "Polygon",
        "coordinates": [
          [
            [
              -1.4694768,
              50.9409122
            ],
            [
              -1.4694925,
              50.9409347
            ],
            [
              -1.4695992,
              50.9409051
            ],
            [
              -1.4695835,
              50.9408825
            ],
            [
              -1.4694768,
              50.9409122
            ]
          ]
        ]
      },
      "properties": {
        "osid": "1fecbc2f-3cc8-42db-a326-21d712897891",
        "toid": "osgb5000005278503022",
        "theme": "Buildings",
        "changetype": "Modified Attributes",
        "isobscured": false,
        "description": "Building",
        "versiondate": "2025-02-05",
        "geometry_area": 22.430101,
        "height_source": "Ordnance Survey",
        "physicallevel": "Surface Level",
        "oslandusetiera": "Commercial Activity: Industrial Or Manufacturing",
        "oslandusetierb": [],
        "geometry_source": "Ordnance Survey",
        "oslandcovertiera": "Constructed",
        "oslandcovertierb": [
          "Building"
        ],
        "oslanduse_source": "Ordnance Survey",
        "height_updatedate": "2025-01-17",
        "description_source": "Ordnance Survey",
        "oslandcover_source": "Ordnance Survey",
        "associatedstructure": null,
        "geometry_updatedate": "2021-03-10",
        "height_evidencedate": "2024-06-20",
        "capturespecification": "Urban",
        "oslanduse_updatedate": "2021-03-10",
        "absoluteheightmaximum": null,
        "absoluteheightminimum": 17.7,
        "geometry_evidencedate": "2021-03-10",
        "heightconfidencelevel": "Incomplete",
        "relativeheightmaximum": null,
        "absoluteheightroofbase": null,
        "description_updatedate": "2021-03-10",
        "oslandcover_updatedate": "2021-03-10",
        "oslanduse_evidencedate": "2021-03-10",
        "relativeheightroofbase": null,
        "versionavailabletodate": null,
        "firstdigitalcapturedate": "2021-03-10",
        "description_evidencedate": "2021-03-10",
        "oslandcover_evidencedate": "2021-03-10",
        "versionavailablefromdate": "2025-02-06T00:00:00Z"
      }
    },
    {
      "id": "1ffe903c-602b-466c-9a93-e2f0f55213a7",
      "type": "Feature",
      "geometry": {
        "type": "Polygon",
        "coordinates": [
          [
            [
              -1.4664201,
              50.9370742
            ],
            [
              -1.4665219,
              50.9370751
            ],
            [
              -1.4665223,
              50.9369766
            ],
            [
              -1.4664554,
              50.9369772
            ],
            [
              -1.4664544,
              50.9370001
            ],
            [
              -1.4664203,
              50.937
            ],
            [
              -1.4664202,
              50.9370085
            ],
            [
              -1.4664201,
              50.9370742
            ]
          ]
        ]
      },
      "properties": {
        "osid": "1ffe903c-602b-466c-9a93-e2f0f55213a7",
        "toid": "osgb1000016342787",
        "theme": "Buildings",
        "changetype": "Modified Attributes",
        "isobscured": false,
        "description": "Building",
        "versiondate": "2025-02-05",
        "geometry_area": 71.53875,
        "height_source": "Ordnance Survey",
        "physicallevel": "Surface Level",
        "oslandusetiera": "Residential Accommodation",
        "oslandusetierb": [
          "Private Residence"
        ],
        "geometry_source": "Ordnance Survey",
        "oslandcovertiera": "Constructed",
        "oslandcovertierb": [
          "Building"
        ],
        "oslanduse_source": "Ordnance Survey",
        "height_updatedate": "2025-01-17",
        "description_source": "Ordnance Survey",
        "oslandcover_source": "Ordnance Survey",
        "associatedstructure": null,
        "geometry_updatedate": "2006-07-01",
        "height_evidencedate": "2024-06-20",
        "capturespecification": "Urban",
        "oslanduse_updatedate": "2006-07-01",
        "absoluteheightmaximum": 21.7,
        "absoluteheightminimum": 14.5,
        "geometry_evidencedate": "2006-07-01",
        "heightconfidencelevel": "Moderate",
        "relativeheightmaximum": 7.2,
        "absoluteheightroofbase": 20.5,
        "description_updatedate": "2006-07-01",
        "oslandcover_updatedate": "2006-07-01",
        "oslanduse_evidencedate": "2006-07-01",
        "relativeheightroofbase": 6,
        "versionavailabletodate": null,
        "firstdigitalcapturedate": "1988-05-16",
        "description_evidencedate": "2006-07-01",
        "oslandcover_evidencedate": "2006-07-01",
        "versionavailablefromdate": "2025-02-06T00:00:00Z"
      }
    },
    {
      "id": "202ba3a4-957d-42ff-9ed0-415ceecac9d8",
      "type": "Feature",
      "geometry": {
        "type": "Polygon",
        "coordinates": [
          [
            [
              -1.4705233,
              50.9387973
            ],
            [
              -1.4705231,
              50.9388176
            ],
            [
              -1.4706062,
              50.9388179
            ],
            [
              -1.4706064,
              50.9387976
            ],
            [
              -1.4705233,
              50.9387973
            ]
          ]
        ]
      },
      "properties": {
        "osid": "202ba3a4-957d-42ff-9ed0-415ceecac9d8",
        "toid": "osgb5000005203977254",
        "theme": "Buildings",
        "changetype": "Modified Attributes",
        "isobscured": false,
        "description": "Building",
        "versiondate": "2025-02-05",
        "geometry_area": 13.195019,
        "height_source": "Ordnance Survey",
        "physicallevel": "Surface Level",
        "oslandusetiera": "Government Services",
        "oslandusetierb": [],
        "geometry_source": "Ordnance Survey",
        "oslandcovertiera": "Constructed",
        "oslandcovertierb": [
          "Building"
        ],
        "oslanduse_source": "Ordnance Survey",
        "height_updatedate": "2025-01-17",
        "description_source": "Ordnance Survey",
        "oslandcover_source": "Ordnance Survey",
        "associatedstructure": null,
        "geometry_updatedate": "2017-04-19",
        "height_evidencedate": "2024-06-20",
        "capturespecification": "Urban",
        "oslanduse_updatedate": "2017-04-20",
        "absoluteheightmaximum": 16.2,
        "absoluteheightminimum": 13.6,
        "geometry_evidencedate": "2016-08-12",
        "heightconfidencelevel": "Moderate",
        "relativeheightmaximum": 2.6,
        "absoluteheightroofbase": 16,
        "description_updatedate": "2017-04-20",
        "oslandcover_updatedate": "2017-04-20",
        "oslanduse_evidencedate": "2016-08-12",
        "relativeheightroofbase": 2.4,
        "versionavailabletodate": null,
        "firstdigitalcapturedate": "2017-05-04",
        "description_evidencedate": "2016-08-12",
        "oslandcover_evidencedate": "2016-08-12",
        "versionavailablefromdate": "2025-02-06T00:00:00Z"
      }
    },
    {
      "id": "2137d802-50b3-4683-bc05-043a4ed673d7",
      "type": "Feature",
      "geometry": {
        "type": "Polygon",
        "coordinates": [
          [
            [
              -1.4708941,
              50.9385773
            ],
            [
              -1.4708944,
              50.9385768
            ],
            [
              -1.4709208,
              50.9385341
            ],
            [
              -1.4709438,
              50.9384918
            ],
            [
              -1.4709639,
              50.9384488
            ],
            [
              -1.4709813,
              50.9384054
            ],
            [
              -1.4709959,
              50.9383616
            ],
            [
              -1.4710104,
              50.9383056
            ],
            [
              -1.4710187,
              50.9382612
            ],
            [
              -1.471024,
              50.9382166
            ],
            [
              -1.4710071,
              50.9382161
            ],
            [
              -1.4710074,
              50.938112
            ],
            [
              -1.4710055,
              50.9380218
            ],
            [
              -1.4710226,
              50.9380218
            ],
            [
              -1.4710147,
              50.937975
            ],
            [
              -1.4709959,
              50.9379008
            ],
            [
              -1.4709803,
              50.9378548
            ],
            [
              -1.4709618,
              50.9378091
            ],
            [
              -1.4709404,
              50.9377641
            ],
            [
              -1.4709263,
              50.9377381
            ],
            [
              -1.4709161,
              50.9377195
            ],
            [
              -1.4708757,
              50.9376558
            ],
            [
              -1.4708706,
              50.9376571
            ],
            [
              -1.4708704,
              50.9376719
            ],
            [
              -1.4707782,
              50.9376716
            ],
            [
              -1.4707637,
              50.9376715
            ],
            [
              -1.4707631,
              50.9377323
            ],
            [
              -1.4707631,
              50.9377374
            ],
            [
              -1.4707625,
              50.9377983
            ],
            [
              -1.4707141,
              50.9377981
            ],
            [
              -1.4707141,
              50.9377975
            ],
            [
              -1.470714,
              50.9377968
            ],
            [
              -1.4707139,
              50.9377961
            ],
            [
              -1.4707136,
              50.9377955
            ],
            [
              -1.4707135,
              50.9377949
            ],
            [
              -1.4707132,
              50.9377942
            ],
            [
              -1.4707128,
              50.9377936
            ],
            [
              -1.4707123,
              50.937793
            ],
            [
              -1.4707119,
              50.9377923
            ],
            [
              -1.4707115,
              50.9377918
            ],
            [
              -1.4707111,
              50.9377912
            ],
            [
              -1.4707105,
              50.9377906
            ],
            [
              -1.47071,
              50.9377901
            ],
            [
              -1.4707094,
              50.9377895
            ],
            [
              -1.4707087,
              50.937789
            ],
            [
              -1.470708,
              50.9377885
            ],
            [
              -1.4707073,
              50.937788
            ],
            [
              -1.4707066,
              50.9377875
            ],
            [
              -1.4707059,
              50.937787
            ],
            [
              -1.470705,
              50.9377866
            ],
            [
              -1.4707043,
              50.9377862
            ],
            [
              -1.4707035,
              50.9377857
            ],
            [
              -1.4707026,
              50.9377854
            ],
            [
              -1.4707016,
              50.937785
            ],
            [
              -1.4707008,
              50.9377846
            ],
            [
              -1.4706999,
              50.9377844
            ],
            [
              -1.4706989,
              50.9377841
            ],
            [
              -1.4706979,
              50.9377838
            ],
            [
              -1.4706969,
              50.9377836
            ],
            [
              -1.4706959,
              50.9377834
            ],
            [
              -1.4706949,
              50.9377832
            ],
            [
              -1.470694,
              50.937783
            ],
            [
              -1.470693,
              50.9377829
            ],
            [
              -1.470692,
              50.9377828
            ],
            [
              -1.4706908,
              50.9377827
            ],
            [
              -1.4706894,
              50.9377827
            ],
            [
              -1.4706884,
              50.9377827
            ],
            [
              -1.4706873,
              50.9377828
            ],
            [
              -1.4706863,
              50.9377829
            ],
            [
              -1.4706853,
              50.937783
            ],
            [
              -1.4706843,
              50.937783
            ],
            [
              -1.4706833,
              50.9377832
            ],
            [
              -1.4706823,
              50.9377834
            ],
            [
              -1.4706813,
              50.9377837
            ],
            [
              -1.4706803,
              50.9377839
            ],
            [
              -1.4706793,
              50.9377842
            ],
            [
              -1.4706784,
              50.9377845
            ],
            [
              -1.4706774,
              50.9377848
            ],
            [
              -1.4706766,
              50.9377851
            ],
            [
              -1.4706757,
              50.9377855
            ],
            [
              -1.4706749,
              50.9377859
            ],
            [
              -1.470674,
              50.9377863
            ],
            [
              -1.4706731,
              50.9377867
            ],
            [
              -1.4706724,
              50.9377871
            ],
            [
              -1.4706717,
              50.9377877
            ],
            [
              -1.470671,
              50.9377881
            ],
            [
              -1.4706703,
              50.9377886
            ],
            [
              -1.4706695,
              50.9377891
            ],
            [
              -1.470669,
              50.9377896
            ],
            [
              -1.4706684,
              50.9377902
            ],
            [
              -1.4706678,
              50.9377908
            ],
            [
              -1.4706672,
              50.9377913
            ],
            [
              -1.4706668,
              50.937792
            ],
            [
              -1.4706664,
              50.9377925
            ],
            [
              -1.4706659,
              50.9377931
            ],
            [
              -1.4706655,
              50.9377938
            ],
            [
              -1.4706652,
              50.9377944
            ],
            [
              -1.4706649,
              50.937795
            ],
            [
              -1.4706648,
              50.9377956
            ],
            [
              -1.4706646,
              50.9377963
            ],
            [
              -1.4706645,
              50.937797
            ],
            [
              -1.4706643,
              50.9377979
            ],
            [
              -1.47064,
              50.9377978
            ],
            [
              -1.4704669,
              50.937797
            ],
            [
              -1.4704676,
              50.937736
            ],
            [
              -1.4704684,
              50.9376729
            ],
            [
              -1.4702307,
              50.9376718
            ],
            [
              -1.470231,
              50.9376447
            ],
            [
              -1.4702312,
              50.9376296
            ],
            [
              -1.4701785,
              50.9376293
            ],
            [
              -1.4701782,
              50.9376716
            ],
            [
              -1.4701652,
              50.9376715
            ],
            [
              -1.4701653,
              50.9376625
            ],
            [
              -1.46987,
              50.9376614
            ],
            [
              -1.4698699,
              50.9376704
            ],
            [
              -1.4698573,
              50.9376704
            ],
            [
              -1.4698576,
              50.937628
            ],
            [
              -1.469805,
              50.9376278
            ],
            [
              -1.4698046,
              50.9376696
            ],
            [
              -1.4697605,
              50.9376694
            ],
            [
              -1.4696437,
              50.937669
            ],
            [
              -1.4695783,
              50.9376688
            ],
            [
              -1.4695783,
              50.937676
            ],
            [
              -1.4695968,
              50.937676
            ],
            [
              -1.4695963,
              50.9377321
            ],
            [
              -1.4695956,
              50.9378034
            ],
            [
              -1.4701498,
              50.9378054
            ],
            [
              -1.4701497,
              50.9378113
            ],
            [
              -1.4701494,
              50.9378397
            ],
            [
              -1.4702006,
              50.9378399
            ],
            [
              -1.4701998,
              50.9379254
            ],
            [
              -1.4701315,
              50.9379251
            ],
            [
              -1.4699607,
              50.9379245
            ],
            [
              -1.4699608,
              50.9379141
            ],
            [
              -1.469961,
              50.9378821
            ],
            [
              -1.4699084,
              50.9378819
            ],
            [
              -1.4699081,
              50.9379161
            ],
            [
              -1.469908,
              50.9379242
            ],
            [
              -1.4696832,
              50.9379234
            ],
            [
              -1.4696831,
              50.9379306
            ],
            [
              -1.4697033,
              50.9379307
            ],
            [
              -1.4697021,
              50.9380582
            ],
            [
              -1.4702536,
              50.9380602
            ],
            [
              -1.4702535,
              50.9380661
            ],
            [
              -1.4702532,
              50.9380944
            ],
            [
              -1.4703044,
              50.9380946
            ],
            [
              -1.4703037,
              50.9381725
            ],
            [
              -1.4703036,
              50.9381806
            ],
            [
              -1.4700645,
              50.9381797
            ],
            [
              -1.4700646,
              50.9381716
            ],
            [
              -1.4700649,
              50.9381373
            ],
            [
              -1.4700122,
              50.9381372
            ],
            [
              -1.470012,
              50.9381714
            ],
            [
              -1.4700119,
              50.9381794
            ],
            [
              -1.469787,
              50.9381786
            ],
            [
              -1.4697869,
              50.9381858
            ],
            [
              -1.469806,
              50.9381859
            ],
            [
              -1.4698048,
              50.9383128
            ],
            [
              -1.4703435,
              50.9383148
            ],
            [
              -1.4703582,
              50.9383148
            ],
            [
              -1.4703581,
              50.9383207
            ],
            [
              -1.4703581,
              50.9383216
            ],
            [
              -1.4703576,
              50.9383509
            ],
            [
              -1.4704088,
              50.9383512
            ],
            [
              -1.4704076,
              50.9384375
            ],
            [
              -1.4701685,
              50.9384361
            ],
            [
              -1.4701691,
              50.9383938
            ],
            [
              -1.4701165,
              50.9383935
            ],
            [
              -1.4701159,
              50.9384277
            ],
            [
              -1.4701158,
              50.9384357
            ],
            [
              -1.469891,
              50.9384345
            ],
            [
              -1.4698909,
              50.9384417
            ],
            [
              -1.4699108,
              50.9384417
            ],
            [
              -1.4699095,
              50.9385695
            ],
            [
              -1.4704712,
              50.9385717
            ],
            [
              -1.4704711,
              50.9385977
            ],
            [
              -1.470471,
              50.9386063
            ],
            [
              -1.4705251,
              50.9386065
            ],
            [
              -1.4705251,
              50.9385997
            ],
            [
              -1.4705252,
              50.9385979
            ],
            [
              -1.4705253,
              50.9385719
            ],
            [
              -1.4706705,
              50.9385724
            ],
            [
              -1.4706716,
              50.9384474
            ],
            [
              -1.4706844,
              50.9384475
            ],
            [
              -1.4706845,
              50.9384485
            ],
            [
              -1.4706847,
              50.9384492
            ],
            [
              -1.4706848,
              50.9384498
            ],
            [
              -1.4706851,
              50.9384505
            ],
            [
              -1.4706852,
              50.9384511
            ],
            [
              -1.4706856,
              50.9384517
            ],
            [
              -1.4706859,
              50.9384524
            ],
            [
              -1.4706863,
              50.938453
            ],
            [
              -1.4706868,
              50.9384535
            ],
            [
              -1.4706873,
              50.9384542
            ],
            [
              -1.4706877,
              50.9384547
            ],
            [
              -1.4706883,
              50.9384553
            ],
            [
              -1.4706889,
              50.9384559
            ],
            [
              -1.4706896,
              50.9384563
            ],
            [
              -1.4706901,
              50.9384569
            ],
            [
              -1.4706908,
              50.9384574
            ],
            [
              -1.4706916,
              50.9384579
            ],
            [
              -1.4706924,
              50.9384583
            ],
            [
              -1.4706931,
              50.9384588
            ],
            [
              -1.470694,
              50.9384592
            ],
            [
              -1.4706948,
              50.9384597
            ],
            [
              -1.4706957,
              50.9384601
            ],
            [
              -1.4706965,
              50.9384604
            ],
            [
              -1.4706974,
              50.9384608
            ],
            [
              -1.4706982,
              50.9384611
            ],
            [
              -1.4706992,
              50.9384614
            ],
            [
              -1.4707002,
              50.9384617
            ],
            [
              -1.4707012,
              50.9384619
            ],
            [
              -1.470702,
              50.9384621
            ],
            [
              -1.470703,
              50.9384623
            ],
            [
              -1.4707042,
              50.9384625
            ],
            [
              -1.4707052,
              50.9384626
            ],
            [
              -1.4707062,
              50.9384628
            ],
            [
              -1.4707071,
              50.9384628
            ],
            [
              -1.4707083,
              50.9384629
            ],
            [
              -1.4707093,
              50.9384629
            ],
            [
              -1.4707107,
              50.9384629
            ],
            [
              -1.4707118,
              50.9384628
            ],
            [
              -1.4707128,
              50.9384627
            ],
            [
              -1.4707138,
              50.9384626
            ],
            [
              -1.4707148,
              50.9384625
            ],
            [
              -1.4707158,
              50.9384623
            ],
            [
              -1.4707168,
              50.938462
            ],
            [
              -1.4707178,
              50.9384619
            ],
            [
              -1.4707188,
              50.9384616
            ],
            [
              -1.4707197,
              50.9384613
            ],
            [
              -1.4707207,
              50.938461
            ],
            [
              -1.4707215,
              50.9384606
            ],
            [
              -1.4707224,
              50.9384603
            ],
            [
              -1.4707233,
              50.9384599
            ],
            [
              -1.4707241,
              50.9384596
            ],
            [
              -1.470725,
              50.9384591
            ],
            [
              -1.4707258,
              50.9384587
            ],
            [
              -1.4707266,
              50.9384582
            ],
            [
              -1.4707273,
              50.9384578
            ],
            [
              -1.470728,
              50.9384572
            ],
            [
              -1.4707287,
              50.9384567
            ],
            [
              -1.4707293,
              50.9384562
            ],
            [
              -1.4707299,
              50.9384556
            ],
            [
              -1.4707304,
              50.9384551
            ],
            [
              -1.470731,
              50.9384545
            ],
            [
              -1.4707316,
              50.9384539
            ],
            [
              -1.470732,
              50.9384534
            ],
            [
              -1.4707325,
              50.9384528
            ],
            [
              -1.4707327,
              50.9384521
            ],
            [
              -1.4707332,
              50.9384515
            ],
            [
              -1.4707335,
              50.9384509
            ],
            [
              -1.4707338,
              50.9384502
            ],
            [
              -1.4707339,
              50.9384496
            ],
            [
              -1.4707341,
              50.938449
            ],
            [
              -1.4707342,
              50.9384483
            ],
            [
              -1.4707342,
              50.9384476
            ],
            [
              -1.4707549,
              50.9384477
            ],
            [
              -1.4707538,
              50.93857
            ],
            [
              -1.4707683,
              50.9385701
            ],
            [
              -1.4707852,
              50.9385702
            ],
            [
              -1.470879,
              50.9385705
            ],
            [
              -1.4708818,
              50.9385705
            ],
            [
              -1.4708834,
              50.9385705
            ],
            [
              -1.4708833,
              50.9385836
            ],
            [
              -1.4708894,
              50.9385849
            ],
            [
              -1.4708941,
              50.9385773
            ]
          ]
        ]
      },
      "properties": {
        "osid": "2137d802-50b3-4683-bc05-043a4ed673d7",
        "toid": "osgb1000002682081995",
        "theme": "Buildings",
        "changetype": "Modified Attributes",
        "isobscured": false,
        "description": "Building",
        "versiondate": "2025-02-05",
        "geometry_area": 6871.49855,
        "height_source": "Ordnance Survey",
        "physicallevel": "Surface Level",
        "oslandusetiera": "Government Services",
        "oslandusetierb": [],
        "geometry_source": "Ordnance Survey",
        "oslandcovertiera": "Constructed",
        "oslandcovertierb": [
          "Building"
        ],
        "oslanduse_source": "Ordnance Survey",
        "height_updatedate": "2025-01-17",
        "description_source": "Ordnance Survey",
        "oslandcover_source": "Ordnance Survey",
        "associatedstructure": null,
        "geometry_updatedate": "2010-12-01",
        "height_evidencedate": "2024-06-20",
        "capturespecification": "Urban",
        "oslanduse_updatedate": "2010-12-01",
        "absoluteheightmaximum": 33.5,
        "absoluteheightminimum": 13.1,
        "geometry_evidencedate": "2010-12-01",
        "heightconfidencelevel": "Moderate",
        "relativeheightmaximum": 20.4,
        "absoluteheightroofbase": 21.3,
        "description_updatedate": "2010-12-01",
        "oslandcover_updatedate": "2010-12-01",
        "oslanduse_evidencedate": "2010-12-01",
        "relativeheightroofbase": 8.2,
        "versionavailabletodate": null,
        "firstdigitalcapturedate": "2010-07-20",
        "description_evidencedate": "2010-12-01",
        "oslandcover_evidencedate": "2010-12-01",
        "versionavailablefromdate": "2025-02-06T00:00:00Z"
      }
    },
    {
      "id": "221a8718-9963-4a41-8d0b-a7bd0c99b3e9",
      "type": "Feature",
      "geometry": {
        "type": "Polygon",
        "coordinates": [
          [
            [
              -1.4664694,
              50.9394884
            ],
            [
              -1.4663951,
              50.9395195
            ],
            [
              -1.4664194,
              50.9395428
            ],
            [
              -1.4664938,
              50.9395117
            ],
            [
              -1.4664694,
              50.9394884
            ]
          ]
        ]
      },
      "properties": {
        "osid": "221a8718-9963-4a41-8d0b-a7bd0c99b3e9",
        "toid": "osgb5000005239289052",
        "theme": "Buildings",
        "changetype": "Modified Attributes",
        "isobscured": false,
        "description": "Building",
        "versiondate": "2025-02-05",
        "geometry_area": 19.439056,
        "height_source": "Ordnance Survey",
        "physicallevel": "Surface Level",
        "oslandusetiera": "Residential Accommodation",
        "oslandusetierb": [
          "Private Residence"
        ],
        "geometry_source": "Ordnance Survey",
        "oslandcovertiera": "Constructed",
        "oslandcovertierb": [
          "Building"
        ],
        "oslanduse_source": "Ordnance Survey",
        "height_updatedate": "2025-01-17",
        "description_source": "Ordnance Survey",
        "oslandcover_source": "Ordnance Survey",
        "associatedstructure": null,
        "geometry_updatedate": "2018-11-23",
        "height_evidencedate": "2024-06-20",
        "capturespecification": "Urban",
        "oslanduse_updatedate": "2018-11-26",
        "absoluteheightmaximum": 25.1,
        "absoluteheightminimum": 21.3,
        "geometry_evidencedate": "2018-11-23",
        "heightconfidencelevel": "Moderate",
        "relativeheightmaximum": 3.8,
        "absoluteheightroofbase": 24.4,
        "description_updatedate": "2018-11-26",
        "oslandcover_updatedate": "2018-11-26",
        "oslanduse_evidencedate": "2018-11-26",
        "relativeheightroofbase": 3.1,
        "versionavailabletodate": null,
        "firstdigitalcapturedate": "2018-11-26",
        "description_evidencedate": "2018-11-26",
        "oslandcover_evidencedate": "2018-11-26",
        "versionavailablefromdate": "2025-02-06T00:00:00Z"
      }
    },
    {
      "id": "2231662a-e00c-4783-aea0-a827c27dee39",
      "type": "Feature",
      "geometry": {
        "type": "Polygon",
        "coordinates": [
          [
            [
              -1.4658749,
              50.9402693
            ],
            [
              -1.4659062,
              50.9402894
            ],
            [
              -1.4659087,
              50.940291
            ],
            [
              -1.4659716,
              50.9402521
            ],
            [
              -1.4659548,
              50.9402412
            ],
            [
              -1.4659378,
              50.9402303
            ],
            [
              -1.4658902,
              50.9402598
            ],
            [
              -1.4658749,
              50.9402693
            ]
          ]
        ]
      },
      "properties": {
        "osid": "2231662a-e00c-4783-aea0-a827c27dee39",
        "toid": "osgb5000005222257232",
        "theme": "Buildings",
        "changetype": "Modified Attributes",
        "isobscured": false,
        "description": "Building",
        "versiondate": "2025-02-05",
        "geometry_area": 20.985005,
        "height_source": "Ordnance Survey",
        "physicallevel": "Surface Level",
        "oslandusetiera": "Residential Accommodation",
        "oslandusetierb": [
          "Private Residence"
        ],
        "geometry_source": "Ordnance Survey",
        "oslandcovertiera": "Constructed",
        "oslandcovertierb": [
          "Building"
        ],
        "oslanduse_source": "Ordnance Survey",
        "height_updatedate": "2025-01-17",
        "description_source": "Ordnance Survey",
        "oslandcover_source": "Ordnance Survey",
        "associatedstructure": null,
        "geometry_updatedate": "2018-04-26",
        "height_evidencedate": "2024-06-20",
        "capturespecification": "Urban",
        "oslanduse_updatedate": "2018-02-08",
        "absoluteheightmaximum": 25.5,
        "absoluteheightminimum": 21.9,
        "geometry_evidencedate": "2018-04-26",
        "heightconfidencelevel": "Moderate",
        "relativeheightmaximum": 3.6,
        "absoluteheightroofbase": 24.5,
        "description_updatedate": "2018-02-08",
        "oslandcover_updatedate": "2018-02-08",
        "oslanduse_evidencedate": "2018-02-08",
        "relativeheightroofbase": 2.6,
        "versionavailabletodate": null,
        "firstdigitalcapturedate": "2018-02-09",
        "description_evidencedate": "2018-02-08",
        "oslandcover_evidencedate": "2018-02-08",
        "versionavailablefromdate": "2025-02-06T00:00:00Z"
      }
    },
    {
      "id": "231683b6-7f8d-4d13-bb68-a21133a87721",
      "type": "Feature",
      "geometry": {
        "type": "Polygon",
        "coordinates": [
          [
            [
              -1.4668306,
              50.9363396
            ],
            [
              -1.4668295,
              50.9363139
            ],
            [
              -1.466754,
              50.9363145
            ],
            [
              -1.4667537,
              50.9363401
            ],
            [
              -1.4668306,
              50.9363396
            ]
          ]
        ]
      },
      "properties": {
        "osid": "231683b6-7f8d-4d13-bb68-a21133a87721",
        "toid": "osgb1000016342800",
        "theme": "Buildings",
        "changetype": "Modified Attributes",
        "isobscured": false,
        "description": "Building",
        "versiondate": "2025-02-05",
        "geometry_area": 15.2525,
        "height_source": "Ordnance Survey",
        "physicallevel": "Surface Level",
        "oslandusetiera": "Unknown Or Unused Artificial",
        "oslandusetierb": [],
        "geometry_source": "Ordnance Survey",
        "oslandcovertiera": "Constructed",
        "oslandcovertierb": [
          "Building"
        ],
        "oslanduse_source": "Ordnance Survey",
        "height_updatedate": "2025-01-17",
        "description_source": "Ordnance Survey",
        "oslandcover_source": "Ordnance Survey",
        "associatedstructure": null,
        "geometry_updatedate": "2004-04-13",
        "height_evidencedate": "2024-06-20",
        "capturespecification": "Urban",
        "oslanduse_updatedate": "2004-04-13",
        "absoluteheightmaximum": 15,
        "absoluteheightminimum": 12.6,
        "geometry_evidencedate": "2004-04-13",
        "heightconfidencelevel": "Moderate",
        "relativeheightmaximum": 2.4,
        "absoluteheightroofbase": 14.6,
        "description_updatedate": "2004-04-13",
        "oslandcover_updatedate": "2004-04-13",
        "oslanduse_evidencedate": "2004-04-13",
        "relativeheightroofbase": 2,
        "versionavailabletodate": null,
        "firstdigitalcapturedate": "1988-05-16",
        "description_evidencedate": "2004-04-13",
        "oslandcover_evidencedate": "2004-04-13",
        "versionavailablefromdate": "2025-02-06T00:00:00Z"
      }
    },
    {
      "id": "23e3e2f8-1da5-49da-9ff6-cd0160e424f4",
      "type": "Feature",
      "geometry": {
        "type": "Polygon",
        "coordinates": [
          [
            [
              -1.4687567,
              50.9367987
            ],
            [
              -1.4687552,
              50.9368038
            ],
            [
              -1.4687911,
              50.936808
            ],
            [
              -1.4687926,
              50.9368029
            ],
            [
              -1.4687942,
              50.9367975
            ],
            [
              -1.4688007,
              50.9367756
            ],
            [
              -1.4687648,
              50.9367714
            ],
            [
              -1.4687567,
              50.9367987
            ]
          ]
        ]
      },
      "properties": {
        "osid": "23e3e2f8-1da5-49da-9ff6-cd0160e424f4",
        "toid": "osgb5000005277344207",
        "theme": "Buildings",
        "changetype": "Modified Attributes",
        "isobscured": false,
        "description": "Building",
        "versiondate": "2025-02-05",
        "geometry_area": 9.409761,
        "height_source": "Ordnance Survey",
        "physicallevel": "Surface Level",
        "oslandusetiera": "Residential Accommodation",
        "oslandusetierb": [
          "Private Residence"
        ],
        "geometry_source": "Ordnance Survey",
        "oslandcovertiera": "Constructed",
        "oslandcovertierb": [
          "Building"
        ],
        "oslanduse_source": "Ordnance Survey",
        "height_updatedate": "2025-01-17",
        "description_source": "Ordnance Survey",
        "oslandcover_source": "Ordnance Survey",
        "associatedstructure": null,
        "geometry_updatedate": "2021-02-18",
        "height_evidencedate": "2024-06-20",
        "capturespecification": "Urban",
        "oslanduse_updatedate": "2021-02-18",
        "absoluteheightmaximum": null,
        "absoluteheightminimum": 11.6,
        "geometry_evidencedate": "2020-09-20",
        "heightconfidencelevel": "Incomplete",
        "relativeheightmaximum": null,
        "absoluteheightroofbase": null,
        "description_updatedate": "2021-02-18",
        "oslandcover_updatedate": "2021-02-18",
        "oslanduse_evidencedate": "2020-09-20",
        "relativeheightroofbase": null,
        "versionavailabletodate": null,
        "firstdigitalcapturedate": "2021-02-22",
        "description_evidencedate": "2020-09-20",
        "oslandcover_evidencedate": "2020-09-20",
        "versionavailablefromdate": "2025-02-06T00:00:00Z"
      }
    },
    {
      "id": "240a5b36-750a-4568-938d-dc8d6d2841ab",
      "type": "Feature",
      "geometry": {
        "type": "Polygon",
        "coordinates": [
          [
            [
              -1.4660684,
              50.9388059
            ],
            [
              -1.4661629,
              50.9388293
            ],
            [
              -1.4661845,
              50.9388347
            ],
            [
              -1.4662087,
              50.9387957
            ],
            [
              -1.4660926,
              50.9387669
            ],
            [
              -1.4660684,
              50.9388059
            ]
          ]
        ]
      },
      "properties": {
        "osid": "240a5b36-750a-4568-938d-dc8d6d2841ab",
        "toid": "osgb5000005244788317",
        "theme": "Buildings",
        "changetype": "Modified Attributes",
        "isobscured": false,
        "description": "Building",
        "versiondate": "2025-02-05",
        "geometry_area": 40.771999,
        "height_source": "Ordnance Survey",
        "physicallevel": "Surface Level",
        "oslandusetiera": "Residential Accommodation",
        "oslandusetierb": [
          "Private Residence"
        ],
        "geometry_source": "Ordnance Survey",
        "oslandcovertiera": "Constructed",
        "oslandcovertierb": [
          "Building"
        ],
        "oslanduse_source": "Ordnance Survey",
        "height_updatedate": "2025-01-17",
        "description_source": "Ordnance Survey",
        "oslandcover_source": "Ordnance Survey",
        "associatedstructure": null,
        "geometry_updatedate": "2024-11-27",
        "height_evidencedate": "2024-06-20",
        "capturespecification": "Urban",
        "oslanduse_updatedate": "2019-04-09",
        "absoluteheightmaximum": 28.7,
        "absoluteheightminimum": 20.5,
        "geometry_evidencedate": "2024-06-20",
        "heightconfidencelevel": "Moderate",
        "relativeheightmaximum": 8.2,
        "absoluteheightroofbase": 26,
        "description_updatedate": "2019-04-09",
        "oslandcover_updatedate": "2019-04-09",
        "oslanduse_evidencedate": "2019-04-09",
        "relativeheightroofbase": 5.5,
        "versionavailabletodate": null,
        "firstdigitalcapturedate": "2019-04-09",
        "description_evidencedate": "2019-04-09",
        "oslandcover_evidencedate": "2019-04-09",
        "versionavailablefromdate": "2025-02-06T00:00:00Z"
      }
    },
    {
      "id": "2411172a-60ae-4fa5-a6cd-1c9f34d73ac3",
      "type": "Feature",
      "geometry": {
        "type": "Polygon",
        "coordinates": [
          [
            [
              -1.4670119,
              50.9355001
            ],
            [
              -1.467054,
              50.9355134
            ],
            [
              -1.467094,
              50.9354629
            ],
            [
              -1.4670519,
              50.9354496
            ],
            [
              -1.4670119,
              50.9355001
            ]
          ]
        ]
      },
      "properties": {
        "osid": "2411172a-60ae-4fa5-a6cd-1c9f34d73ac3",
        "toid": "osgb5000005208814620",
        "theme": "Buildings",
        "changetype": "Modified Attributes",
        "isobscured": false,
        "description": "Building",
        "versiondate": "2025-02-05",
        "geometry_area": 20.790469,
        "height_source": "Ordnance Survey",
        "physicallevel": "Surface Level",
        "oslandusetiera": "Residential Accommodation",
        "oslandusetierb": [
          "Private Residence"
        ],
        "geometry_source": "Ordnance Survey",
        "oslandcovertiera": "Constructed",
        "oslandcovertierb": [
          "Building"
        ],
        "oslanduse_source": "Ordnance Survey",
        "height_updatedate": "2025-01-17",
        "description_source": "Ordnance Survey",
        "oslandcover_source": "Ordnance Survey",
        "associatedstructure": null,
        "geometry_updatedate": "2017-08-03",
        "height_evidencedate": "2024-06-20",
        "capturespecification": "Urban",
        "oslanduse_updatedate": "2017-08-03",
        "absoluteheightmaximum": 17.6,
        "absoluteheightminimum": 12.2,
        "geometry_evidencedate": "2017-08-03",
        "heightconfidencelevel": "Moderate",
        "relativeheightmaximum": 5.4,
        "absoluteheightroofbase": 14.6,
        "description_updatedate": "2017-08-03",
        "oslandcover_updatedate": "2017-08-03",
        "oslanduse_evidencedate": "2017-08-03",
        "relativeheightroofbase": 2.4,
        "versionavailabletodate": null,
        "firstdigitalcapturedate": "2017-08-03",
        "description_evidencedate": "2017-08-03",
        "oslandcover_evidencedate": "2017-08-03",
        "versionavailablefromdate": "2025-02-06T00:00:00Z"
      }
    }
  ]
}