{
  "type": "FeatureCollection",
  "features": [
    {
      "id": "00951e53-c878-4a4a-be86-1e893ef41c43",
      "type": "Feature",
      "geometry": {
        "type": "LineString",
        "coordinates": [
          [
            -1.4688434,
            50.936475
          ],
          [
            -1.4687798,
            50.9364669
          ]
        ]
      },
      "properties": {
        "osid": "00951e53-c878-4a4a-be86-1e893ef41c43",
        "theme": "Transport",
        "changetype": "New",
        "name1_text": "Yewtree Lane",
        "name2_text": null,
        "roadlinkid": "85a25475-5b31-4279-aad5-286106515c4b",
        "description": "Pavement",
        "versiondate": "2023-09-14",
        "name1_language": null,
        "name2_language": null,
        "routehierarchy": "Local Road",
        "geometry_length_m": 4.559,
        "alternatename1_text": null,
        "alternatename2_text": null,
        "capturespecification": "Urban",
        "versionavailabletodate": null,
        "alternatename1_language": null,
        "alternatename2_language": null,
        "roadclassificationnumber": null,
        "versionavailablefromdate": "2023-09-15T00:00:00Z",
        "presenceofpavement_source": "Ordnance Survey",
        "presenceofpavement_sideofroad": "Left",
        "presenceofpavement_updatedate": "2023-09-13",
        "presenceofpavement_evidencedate": "2019-06-28",
        "presenceofpavement_capturemethod": "Automated Process",
        "presenceofpavement_averagewidth_m": 1.08,
        "presenceofpavement_minimumwidth_m": 0.89
      }
    },
    {
      "id": "01433a74-698b-4820-94d5-cabbd35cf237",
      "type": "Feature",
      "geometry": {
        "type": "LineString",
        "coordinates": [
          [
            -1.4723584,
            50.9372606
          ],
          [
            -1.4723574,
            50.9371472
          ],
          [
            -1.4723544,
            50.9369071
          ],
          [
            -1.4723157,
            50.9368198
          ],
          [
            -1.4722371,
            50.9367561
          ],
          [
            -1.4721488,
            50.9367044
          ],
          [
            -1.4720282,
            50.9366764
          ],
          [
            -1.4718902,
            50.9366746
          ],
          [
            -1.4712281,
            50.9367289
          ]
        ]
      },
      "properties": {
        "osid": "01433a74-698b-4820-94d5-cabbd35cf237",
        "theme": "Transport",
        "changetype": "Modified Attributes",
        "name1_text": "Adanac Drive",
        "name2_text": null,
        "roadlinkid": "e7c4f45b-b905-4a4b-a0ea-90e976eb6fc9",
        "description": "Pavement",
        "versiondate": "2023-11-10",
        "name1_language": null,
        "name2_language": null,
        "routehierarchy": "Local Road",
        "geometry_length_m": 132.485,
        "alternatename1_text": null,
        "alternatename2_text": null,
        "capturespecification": "Urban",
        "versionavailabletodate": null,
        "alternatename1_language": null,
        "alternatename2_language": null,
        "roadclassificationnumber": null,
        "versionavailablefromdate": "2023-11-11T00:00:00Z",
        "presenceofpavement_source": "Ordnance Survey",
        "presenceofpavement_sideofroad": "Left",
        "presenceofpavement_updatedate": "2023-11-07",
        "presenceofpavement_evidencedate": "2012-03-29",
        "presenceofpavement_capturemethod": "Automated Process",
        "presenceofpavement_averagewidth_m": 3.07,
        "presenceofpavement_minimumwidth_m": 0.86
      }
    },
    {
      "id": "0250d861-5636-4297-9327-4931684a9086",
      "type": "Feature",
      "geometry": {
        "type": "LineString",
        "coordinates": [
          [
            -1.465958,
            50.9348084
          ],
          [
            -1.4665583,
            50.9346862
          ]
        ]
      },
      "properties": {
        "osid": "0250d861-5636-4297-9327-4931684a9086",
        "theme": "Transport",
        "changetype": "Modified Attributes",
        "name1_text": "Hurst Way",
        "name2_text": null,
        "roadlinkid": "4c0e0497-1b8e-4548-ab45-d51753339ff8",
        "description": "Pavement",
        "versiondate": "2024-06-11",
        "name1_language": null,
        "name2_language": null,
        "routehierarchy": "Local Road",
        "geometry_length_m": 44.318,
        "alternatename1_text": null,
        "alternatename2_text": null,
        "capturespecification": "Urban",
        "versionavailabletodate": null,
        "alternatename1_language": null,
        "alternatename2_language": null,
        "roadclassificationnumber": null,
        "versionavailablefromdate": "2024-06-12T00:00:00Z",
        "presenceofpavement_source": "Ordnance Survey",
        "presenceofpavement_sideofroad": "Left",
        "presenceofpavement_updatedate": "2024-05-29",
        "presenceofpavement_evidencedate": "2022-07-28",
        "presenceofpavement_capturemethod": "Automated Process",
        "presenceofpavement_averagewidth_m": 1.99,
        "presenceofpavement_minimumwidth_m": 1.23
      }
    },
    {
      "id": "02df934c-f6f5-4c24-bb37-f8fd39dcae83",
      "type": "Feature",
      "geometry": {
        "type": "LineString",
        "coordinates": [
          [
            -1.4635738,
            50.9343924
          ],
          [
            -1.4636122,
            50.9343733
          ]
        ]
      },
      "properties": {
        "osid": "02df934c-f6f5-4c24-bb37-f8fd39dcae83",
        "theme": "Transport",
        "changetype": "New",
        "name1_text": "Brownhill Way",
        "name2_text": null,
        "roadlinkid": "01030df4-5a2e-4f4e-b59f-b359b91a147b",
        "description": "Pavement",
        "versiondate": "2023-09-14",
        "name1_language": null,
        "name2_language": null,
        "routehierarchy": "Minor Road",
        "geometry_length_m": 3.435,
        "alternatename1_text": null,
        "alternatename2_text": null,
        "capturespecification": "Urban",
        "versionavailabletodate": null,
        "alternatename1_language": null,
        "alternatename2_language": null,
        "roadclassificationnumber": null,
        "versionavailablefromdate": "2023-09-15T00:00:00Z",
        "presenceofpavement_source": "Ordnance Survey",
        "presenceofpavement_sideofroad": "Left",
        "presenceofpavement_updatedate": "2023-09-13",
        "presenceofpavement_evidencedate": "2022-12-06",
        "presenceofpavement_capturemethod": "Automated Process",
        "presenceofpavement_averagewidth_m": 0.47,
        "presenceofpavement_minimumwidth_m": 0.47
      }
    },
    {
      "id": "0349bd8c-85a4-42e2-a299-5da15ef40feb",
      "type": "Feature",
      "geometry": {
        "type": "LineString",
        "coordinates": [
          [
            -1.4638937,
            50.9340427
          ],
          [
            -1.4638302,
            50.9339558
          ],
          [
            -1.4638174,
            50.9339426
          ]
        ]
      },
      "properties": {
        "osid": "0349bd8c-85a4-42e2-a299-5da15ef40feb",
        "theme": "Transport",
        "changetype": "New",
        "name1_text": "Colne Avenue",
        "name2_text": null,
        "roadlinkid": "298f07f9-d7cd-4aef-8de2-73d21c31326c",
        "description": "Pavement",
        "versiondate": "2023-09-14",
        "name1_language": null,
        "name2_language": null,
        "routehierarchy": "Local Road",
        "geometry_length_m": 12.359,
        "alternatename1_text": null,
        "alternatename2_text": null,
        "capturespecification": "Urban",
        "versionavailabletodate": null,
        "alternatename1_language": null,
        "alternatename2_language": null,
        "roadclassificationnumber": null,
        "versionavailablefromdate": "2023-09-15T00:00:00Z",
        "presenceofpavement_source": "Ordnance Survey",
        "presenceofpavement_sideofroad": "Left",
        "presenceofpavement_updatedate": "2023-09-13",
        "presenceofpavement_evidencedate": "2022-12-06",
        "presenceofpavement_capturemethod": "Automated Process",
        "presenceofpavement_averagewidth_m": 1.78,
        "presenceofpavement_minimumwidth_m": 0.95
      }
    },
    {
      "id": "077f88f0-671b-4d1d-8ccb-98b80ea34ac3",
      "type": "Feature",
      "geometry": {
        "type": "LineString",
        "coordinates": [
          [
            -1.4688468,
            50.9338416
          ],
          [
            -1.468831,
            50.9338801
          ],
          [
            -1.4688308,
            50.9338811
          ]
        ]
      },
      "properties": {
        "osid": "077f88f0-671b-4d1d-8ccb-98b80ea34ac3",
        "theme": "Transport",
        "changetype": "New",
        "name1_text": "Brownhill Way",
        "name2_text": null,
        "roadlinkid": "e07c9db1-4023-4365-8d98-ec2083a11d6f",
        "description": "Pavement",
        "versiondate": "2023-09-14",
        "name1_language": null,
        "name2_language": null,
        "routehierarchy": "Minor Road",
        "geometry_length_m": 4.543,
        "alternatename1_text": null,
        "alternatename2_text": null,
        "capturespecification": "Urban",
        "versionavailabletodate": null,
        "alternatename1_language": null,
        "alternatename2_language": null,
        "roadclassificationnumber": null,
        "versionavailablefromdate": "2023-09-15T00:00:00Z",
        "presenceofpavement_source": "Ordnance Survey",
        "presenceofpavement_sideofroad": "Right",
        "presenceofpavement_updatedate": "2023-09-13",
        "presenceofpavement_evidencedate": "2022-12-15",
        "presenceofpavement_capturemethod": "Automated Process",
        "presenceofpavement_averagewidth_m": 1.92,
        "presenceofpavement_minimumwidth_m": 1.06
      }
    },
    {
      "id": "086af0c2-47ad-41db-a294-a5c06267970f",
      "type": "Feature",
      "geometry": {
        "type": "LineString",
        "coordinates": [
          [
            -1.4666736,
            50.9378219
          ],
          [
            -1.4666926,
            50.9378193
          ],
          [
            -1.4670012,
            50.9377777
          ]
        ]
      },
      "properties": {
        "osid": "086af0c2-47ad-41db-a294-a5c06267970f",
        "theme": "Transport",
        "changetype": "Modified Attributes",
        "name1_text": "Hillyfields",
        "name2_text": null,
        "roadlinkid": "4f37b1e1-7f48-4aab-917b-63110a1c5e0d",
        "description": "Pavement",
        "versiondate": "2024-12-05",
        "name1_language": null,
        "name2_language": null,
        "routehierarchy": "Local Road",
        "geometry_length_m": 23.538,
        "alternatename1_text": null,
        "alternatename2_text": null,
        "capturespecification": "Urban",
        "versionavailabletodate": null,
        "alternatename1_language": null,
        "alternatename2_language": null,
        "roadclassificationnumber": null,
        "versionavailablefromdate": "2024-12-06T00:00:00Z",
        "presenceofpavement_source": "Ordnance Survey",
        "presenceofpavement_sideofroad": "Left",
        "presenceofpavement_updatedate": "2024-12-02",
        "presenceofpavement_evidencedate": "2024-06-20",
        "presenceofpavement_capturemethod": "Automated Process",
        "presenceofpavement_averagewidth_m": 1.34,
        "presenceofpavement_minimumwidth_m": 0.92
      }
    },
    {
      "id": "08ec7521-91a1-43b6-a712-4c3a87bbb95e",
      "type": "Feature",
      "geometry": {
        "type": "LineString",
        "coordinates": [
          [
            -1.4724935,
            50.9339808
          ],
          [
            -1.4724683,
            50.9339592
          ],
          [
            -1.4724126,
            50.9338511
          ],
          [
            -1.4724099,
            50.9338423
          ]
        ]
      },
      "properties": {
        "osid": "08ec7521-91a1-43b6-a712-4c3a87bbb95e",
        "theme": "Transport",
        "changetype": "Modified Attributes",
        "name1_text": "Brownhill Way",
        "name2_text": null,
        "roadlinkid": "22ee3d01-1bf3-436e-a31e-06592883fd8b",
        "description": "Pavement",
        "versiondate": "2025-04-02",
        "name1_language": null,
        "name2_language": null,
        "routehierarchy": "Minor Road",
        "geometry_length_m": 16.632,
        "alternatename1_text": null,
        "alternatename2_text": null,
        "capturespecification": "Rural",
        "versionavailabletodate": null,
        "alternatename1_language": null,
        "alternatename2_language": null,
        "roadclassificationnumber": null,
        "versionavailablefromdate": "2025-04-03T00:00:00Z",
        "presenceofpavement_source": "Ordnance Survey",
        "presenceofpavement_sideofroad": "Left",
        "presenceofpavement_updatedate": "2025-03-28",
        "presenceofpavement_evidencedate": "2025-03-21",
        "presenceofpavement_capturemethod": "Automated Process",
        "presenceofpavement_averagewidth_m": 2.83,
        "presenceofpavement_minimumwidth_m": 1.23
      }
    },
    {
      "id": "09e19a0f-fe5a-446a-a31c-c6b8994cb3dd",
      "type": "Feature",
      "geometry": {
        "type": "LineString",
        "coordinates": [
          [
            -1.4699945,
            50.9396461
          ],
          [
            -1.4698563,
            50.9396457
          ]
        ]
      },
      "properties": {
        "osid": "09e19a0f-fe5a-446a-a31c-c6b8994cb3dd",
        "theme": "Transport",
        "changetype": "New",
        "name1_text": null,
        "name2_text": null,
        "roadlinkid": "6bd20876-8181-4d13-9c36-0114d0aa9b0d",
        "description": "Pavement",
        "versiondate": "2024-05-01",
        "name1_language": null,
        "name2_language": null,
        "routehierarchy": "Restricted Local Access Road",
        "geometry_length_m": 9.713,
        "alternatename1_text": null,
        "alternatename2_text": null,
        "capturespecification": "Urban",
        "versionavailabletodate": null,
        "alternatename1_language": null,
        "alternatename2_language": null,
        "roadclassificationnumber": null,
        "versionavailablefromdate": "2024-05-02T00:00:00Z",
        "presenceofpavement_source": "Ordnance Survey",
        "presenceofpavement_sideofroad": "Right",
        "presenceofpavement_updatedate": "2024-04-30",
        "presenceofpavement_evidencedate": "2024-04-02",
        "presenceofpavement_capturemethod": "Automated Process",
        "presenceofpavement_averagewidth_m": 1.27,
        "presenceofpavement_minimumwidth_m": 1.18
      }
    },
    {
      "id": "09e45ef6-20de-49f3-a4fb-be3c186177a0",
      "type": "Feature",
      "geometry": {
        "type": "LineString",
        "coordinates": [
          [
            -1.4671946,
            50.9377517
          ],
          [
            -1.46746,
            50.9377159
          ],
          [
            -1.467503,
            50.9376998
          ]
        ]
      },
      "properties": {
        "osid": "09e45ef6-20de-49f3-a4fb-be3c186177a0",
        "theme": "Transport",
        "changetype": "Modified Attributes",
        "name1_text": "Hillyfields",
        "name2_text": null,
        "roadlinkid": "0d3bf7d4-b6b7-4608-b5e3-cec74a6c8393",
        "description": "Pavement",
        "versiondate": "2023-11-10",
        "name1_language": null,
        "name2_language": null,
        "routehierarchy": "Local Road",
        "geometry_length_m": 22.584,
        "alternatename1_text": null,
        "alternatename2_text": null,
        "capturespecification": "Urban",
        "versionavailabletodate": null,
        "alternatename1_language": null,
        "alternatename2_language": null,
        "roadclassificationnumber": null,
        "versionavailablefromdate": "2023-11-11T00:00:00Z",
        "presenceofpavement_source": "Ordnance Survey",
        "presenceofpavement_sideofroad": "Left",
        "presenceofpavement_updatedate": "2023-11-07",
        "presenceofpavement_evidencedate": "2017-02-07",
        "presenceofpavement_capturemethod": "Automated Process",
        "presenceofpavement_averagewidth_m": 1.12,
        "presenceofpavement_minimumwidth_m": 0.52
      }
    },
    {
      "id": "0a44773d-b2b6-4577-8ee0-b490a0c098e6",
      "type": "Feature",
      "geometry": {
        "type": "LineString",
        "coordinates": [
          [
            -1.4650382,
            50.9404722
          ],
          [
            -1.4650596,
            50.9404388
          ],
          [
            -1.4651828,
            50.9403337
          ],
          [
            -1.4654383,
            50.9401961
          ],
          [
            -1.4654462,
            50.9401913
          ]
        ]
      },
      "properties": {
        "osid": "0a44773d-b2b6-4577-8ee0-b490a0c098e6",
        "theme": "Transport",
        "changetype": "New",
        "name1_text": "Bodding Avenue",
        "name2_text": null,
        "roadlinkid": "b7eb7f14-b7a3-4489-b026-9244d0efbf29",
        "description": "Pavement",
        "versiondate": "2023-09-14",
        "name1_language": null,
        "name2_language": null,
        "routehierarchy": "Local Road",
        "geometry_length_m": 42.909,
        "alternatename1_text": null,
        "alternatename2_text": null,
        "capturespecification": "Urban",
        "versionavailabletodate": null,
        "alternatename1_language": null,
        "alternatename2_language": null,
        "roadclassificationnumber": null,
        "versionavailablefromdate": "2023-09-15T00:00:00Z",
        "presenceofpavement_source": "Ordnance Survey",
        "presenceofpavement_sideofroad": "Right",
        "presenceofpavement_updatedate": "2023-09-13",
        "presenceofpavement_evidencedate": "2021-08-10",
        "presenceofpavement_capturemethod": "Automated Process",
        "presenceofpavement_averagewidth_m": 1.64,
        "presenceofpavement_minimumwidth_m": 1.29
      }
    },
    {
      "id": "0aba560e-4c12-48c7-aa0e-7d230951fcd0",
      "type": "Feature",
      "geometry": {
        "type": "LineString",
        "coordinates": [
          [
            -1.4657129,
            50.9348622
          ],
          [
            -1.4657726,
            50.9348651
          ],
          [
            -1.4657789,
            50.9348654
          ],
          [
            -1.4658284,
            50.9348557
          ],
          [
            -1.4659095,
            50.9348399
          ],
          [
            -1.4659193,
            50.934838
          ],
          [
            -1.4659576,
            50.9348085
          ],
          [
            -1.465958,
            50.9348084
          ]
        ]
      },
      "properties": {
        "osid": "0aba560e-4c12-48c7-aa0e-7d230951fcd0",
        "theme": "Transport",
        "changetype": "Modified Attributes",
        "name1_text": "Hurst Way",
        "name2_text": null,
        "roadlinkid": "11ef3028-9342-4734-8c76-feeab384d2d2",
        "description": "Pavement",
        "versiondate": "2025-01-06",
        "name1_language": null,
        "name2_language": null,
        "routehierarchy": "Local Road",
        "geometry_length_m": 19.251,
        "alternatename1_text": null,
        "alternatename2_text": null,
        "capturespecification": "Urban",
        "versionavailabletodate": null,
        "alternatename1_language": null,
        "alternatename2_language": null,
        "roadclassificationnumber": null,
        "versionavailablefromdate": "2025-01-07T00:00:00Z",
        "presenceofpavement_source": "Ordnance Survey",
        "presenceofpavement_sideofroad": "Right",
        "presenceofpavement_updatedate": "2024-12-24",
        "presenceofpavement_evidencedate": "2024-06-20",
        "presenceofpavement_capturemethod": "Automated Process",
        "presenceofpavement_averagewidth_m": 1.87,
        "presenceofpavement_minimumwidth_m": 1.06
      }
    },
    {
      "id": "0ae4e035-10b8-45ab-a4a5-9c312259b34e",
      "type": "Feature",
      "geometry": {
        "type": "LineString",
        "coordinates": [
          [
            -1.4725071,
            50.9382771
          ],
          [
            -1.4725436,
            50.9382241
          ],
          [
            -1.472543,
            50.9382023
          ],
          [
            -1.4725429,
            50.9382017
          ],
          [
            -1.4725429,
            50.9381992
          ],
          [
            -1.4725405,
            50.9381214
          ],
          [
            -1.4725401,
            50.9381087
          ],
          [
            -1.4725395,
            50.9380903
          ],
          [
            -1.4725022,
            50.9380472
          ]
        ]
      },
      "properties": {
        "osid": "0ae4e035-10b8-45ab-a4a5-9c312259b34e",
        "theme": "Transport",
        "changetype": "Modified Attributes",
        "name1_text": "Adanac Drive",
        "name2_text": null,
        "roadlinkid": "1bd49cfb-25bf-4dac-8632-a8bf576cae16",
        "description": "Pavement",
        "versiondate": "2024-12-05",
        "name1_language": null,
        "name2_language": null,
        "routehierarchy": "Local Road",
        "geometry_length_m": 26.776,
        "alternatename1_text": null,
        "alternatename2_text": null,
        "capturespecification": "Urban",
        "versionavailabletodate": null,
        "alternatename1_language": null,
        "alternatename2_language": null,
        "roadclassificationnumber": null,
        "versionavailablefromdate": "2024-12-06T00:00:00Z",
        "presenceofpavement_source": "Ordnance Survey",
        "presenceofpavement_sideofroad": "Left",
        "presenceofpavement_updatedate": "2024-12-02",
        "presenceofpavement_evidencedate": "2014-03-13",
        "presenceofpavement_capturemethod": "Automated Process",
        "presenceofpavement_averagewidth_m": 1.25,
        "presenceofpavement_minimumwidth_m": 0.69
      }
    },
    {
      "id": "0b01293c-c30c-42a3-b565-ddfbe2c60c65",
      "type": "Feature",
      "geometry": {
        "type": "LineString",
        "coordinates": [
          [
            -1.46753,
            50.9345959
          ],
          [
            -1.4673564,
            50.934587
          ],
          [
            -1.4671972,
            50.934592
          ]
        ]
      },
      "properties": {
        "osid": "0b01293c-c30c-42a3-b565-ddfbe2c60c65",
        "theme": "Transport",
        "changetype": "Modified Attributes",
        "name1_text": "Hurst Way",
        "name2_text": null,
        "roadlinkid": "95a7a825-0bff-45f4-9126-e8958a7255a4",
        "description": "Pavement",
        "versiondate": "2024-06-11",
        "name1_language": null,
        "name2_language": null,
        "routehierarchy": "Local Road",
        "geometry_length_m": 23.445,
        "alternatename1_text": null,
        "alternatename2_text": null,
        "capturespecification": "Urban",
        "versionavailabletodate": null,
        "alternatename1_language": null,
        "alternatename2_language": null,
        "roadclassificationnumber": null,
        "versionavailablefromdate": "2024-06-12T00:00:00Z",
        "presenceofpavement_source": "Ordnance Survey",
        "presenceofpavement_sideofroad": "Right",
        "presenceofpavement_updatedate": "2024-05-29",
        "presenceofpavement_evidencedate": "2022-07-28",
        "presenceofpavement_capturemethod": "Automated Process",
        "presenceofpavement_averagewidth_m": 5.99,
        "presenceofpavement_minimumwidth_m": 1.28
      }
    },
    {
      "id": "0b28036b-f40b-4a5f-8913-63983b214421",
      "type": "Feature",
      "geometry": {
        "type": "LineString",
        "coordinates": [
          [
            -1.4689785,
            50.9353562
          ],
          [
            -1.468988,
            50.9353496
          ],
          [
            -1.4690102,
            50.9353445
          ],
          [
            -1.4691088,
            50.9353216
          ],
          [
            -1.4692141,
            50.9353064
          ]
        ]
      },
      "properties": {
        "osid": "0b28036b-f40b-4a5f-8913-63983b214421",
        "theme": "Transport",
        "changetype": "New",
        "name1_text": null,
        "name2_text": null,
        "roadlinkid": "2d2bc7db-612d-481d-adfb-8780e105e334",
        "description": "Pavement",
        "versiondate": "2023-09-14",
        "name1_language": null,
        "name2_language": null,
        "routehierarchy": "Local Road",
        "geometry_length_m": 17.622,
        "alternatename1_text": null,
        "alternatename2_text": null,
        "capturespecification": "Urban",
        "versionavailabletodate": null,
        "alternatename1_language": null,
        "alternatename2_language": null,
        "roadclassificationnumber": null,
        "versionavailablefromdate": "2023-09-15T00:00:00Z",
        "presenceofpavement_source": "Ordnance Survey",
        "presenceofpavement_sideofroad": "Left",
        "presenceofpavement_updatedate": "2023-09-13",
        "presenceofpavement_evidencedate": "2022-12-15",
        "presenceofpavement_capturemethod": "Automated Process",
        "presenceofpavement_averagewidth_m": 2.64,
        "presenceofpavement_minimumwidth_m": 1.11
      }
    },
    {
      "id": "0b82b6bb-024e-4ce9-9a08-bee1552a526a",
      "type": "Feature",
      "geometry": {
        "type": "LineString",
        "coordinates": [
          [
            -1.4683938,
            50.9368453
          ],
          [
            -1.4683488,
            50.936934
          ]
        ]
      },
      "properties": {
        "osid": "0b82b6bb-024e-4ce9-9a08-bee1552a526a",
        "theme": "Transport",
        "changetype": "New",
        "name1_text": "Hillyfields",
        "name2_text": null,
        "roadlinkid": "3e383a37-15c5-4c3d-a39c-2cd26d65ea8c",
        "description": "Pavement",
        "versiondate": "2023-09-14",
        "name1_language": null,
        "name2_language": null,
        "routehierarchy": "Local Road",
        "geometry_length_m": 10.355,
        "alternatename1_text": null,
        "alternatename2_text": null,
        "capturespecification": "Urban",
        "versionavailabletodate": null,
        "alternatename1_language": null,
        "alternatename2_language": null,
        "roadclassificationnumber": null,
        "versionavailablefromdate": "2023-09-15T00:00:00Z",
        "presenceofpavement_source": "Ordnance Survey",
        "presenceofpavement_sideofroad": "Left",
        "presenceofpavement_updatedate": "2023-09-13",
        "presenceofpavement_evidencedate": "2019-06-28",
        "presenceofpavement_capturemethod": "Automated Process",
        "presenceofpavement_averagewidth_m": 1.18,
        "presenceofpavement_minimumwidth_m": 0.81
      }
    },
    {
      "id": "0c18f784-8fae-4038-8158-f28b8f3ead49",
      "type": "Feature",
      "geometry": {
        "type": "LineString",
        "coordinates": [
          [
            -1.466005,
            50.9393508
          ],
          [
            -1.4660181,
            50.9393892
          ]
        ]
      },
      "properties": {
        "osid": "0c18f784-8fae-4038-8158-f28b8f3ead49",
        "theme": "Transport",
        "changetype": "New",
        "name1_text": "Conager Close",
        "name2_text": null,
        "roadlinkid": "0f17ae9e-f292-4ee7-8d26-4b09ce7e1405",
        "description": "Pavement",
        "versiondate": "2023-09-14",
        "name1_language": null,
        "name2_language": null,
        "routehierarchy": "Restricted Local Access Road",
        "geometry_length_m": 4.36,
        "alternatename1_text": null,
        "alternatename2_text": null,
        "capturespecification": "Urban",
        "versionavailabletodate": null,
        "alternatename1_language": null,
        "alternatename2_language": null,
        "roadclassificationnumber": null,
        "versionavailablefromdate": "2023-09-15T00:00:00Z",
        "presenceofpavement_source": "Ordnance Survey",
        "presenceofpavement_sideofroad": "Left",
        "presenceofpavement_updatedate": "2023-09-13",
        "presenceofpavement_evidencedate": "2021-08-10",
        "presenceofpavement_capturemethod": "Automated Process",
        "presenceofpavement_averagewidth_m": 1.51,
        "presenceofpavement_minimumwidth_m": 0.98
      }
    },
    {
      "id": "0e27a1b7-f5aa-4f15-8188-fa06b7931636",
      "type": "Feature",
      "geometry": {
        "type": "LineString",
        "coordinates": [
          [
            -1.4695606,
            50.9341142
          ],
          [
            -1.46954,
            50.9341284
          ],
          [
            -1.4695155,
            50.9341419
          ],
          [
            -1.4695036,
            50.9341475
          ],
          [
            -1.4694855,
            50.9341539
          ]
        ]
      },
      "properties": {
        "osid": "0e27a1b7-f5aa-4f15-8188-fa06b7931636",
        "theme": "Transport",
        "changetype": "Modified Attributes",
        "name1_text": "Brownhill Way",
        "name2_text": null,
        "roadlinkid": "d5de7967-2936-4773-9299-f4e03d39cbd7",
        "description": "Pavement",
        "versiondate": "2025-07-02",
        "name1_language": null,
        "name2_language": null,
        "routehierarchy": "Minor Road",
        "geometry_length_m": 6.93,
        "alternatename1_text": null,
        "alternatename2_text": null,
        "capturespecification": "Urban",
        "versionavailabletodate": null,
        "alternatename1_language": null,
        "alternatename2_language": null,
        "roadclassificationnumber": null,
        "versionavailablefromdate": "2025-07-03T00:00:00Z",
        "presenceofpavement_source": "Ordnance Survey",
        "presenceofpavement_sideofroad": "Left",
        "presenceofpavement_updatedate": "2025-06-30",
        "presenceofpavement_evidencedate": "2025-06-20",
        "presenceofpavement_capturemethod": "Automated Process",
        "presenceofpavement_averagewidth_m": 2.37,
        "presenceofpavement_minimumwidth_m": 0.95
      }
    },
    {
      "id": "0f608a85-0e60-46b9-a01a-f9c4bd3c3246",
      "type": "Feature",
      "geometry": {
        "type": "LineString",
        "coordinates": [
          [
            -1.4702917,
            50.936955
          ],
          [
            -1.4702843,
            50.9369361
          ]
        ]
      },
      "properties": {
        "osid": "0f608a85-0e60-46b9-a01a-f9c4bd3c3246",
        "theme": "Transport",
        "changetype": "New",
        "name1_text": null,
        "name2_text": null,
        "roadlinkid": "e64a592c-bd85-43fe-a2bc-02a36d92878c",
        "description": "Pavement",
        "versiondate": "2024-12-05",
        "name1_language": null,
        "name2_language": null,
        "routehierarchy": "Local Road",
        "geometry_length_m": 2.167,
        "alternatename1_text": null,
        "alternatename2_text": null,
        "capturespecification": "Urban",
        "versionavailabletodate": null,
        "alternatename1_language": null,
        "alternatename2_language": null,
        "roadclassificationnumber": null,
        "versionavailablefromdate": "2024-12-06T00:00:00Z",
        "presenceofpavement_source": "Ordnance Survey",
        "presenceofpavement_sideofroad": "Left",
        "presenceofpavement_updatedate": "2024-12-02",
        "presenceofpavement_evidencedate": "2010-10-25",
        "presenceofpavement_capturemethod": "Automated Process",
        "presenceofpavement_averagewidth_m": 0.7,
        "presenceofpavement_minimumwidth_m": 0.7
      }
    },
    {
      "id": "0fddc926-e2bf-44de-b777-972944004aba",
      "type": "Feature",
      "geometry": {
        "type": "LineString",
        "coordinates": [
          [
            -1.4679351,
            50.9349161
          ],
          [
            -1.4679295,
            50.9349088
          ],
          [
            -1.4676611,
            50.9346131
          ]
        ]
      },
      "properties": {
        "osid": "0fddc926-e2bf-44de-b777-972944004aba",
        "theme": "Transport",
        "changetype": "Modified Attributes",
        "name1_text": "Hurst Way",
        "name2_text": null,
        "roadlinkid": "0a7928c5-4e90-4866-9068-acd6ba2abf0a",
        "description": "Pavement",
        "versiondate": "2025-01-06",
        "name1_language": null,
        "name2_language": null,
        "routehierarchy": "Local Road",
        "geometry_length_m": 38.812,
        "alternatename1_text": null,
        "alternatename2_text": null,
        "capturespecification": "Urban",
        "versionavailabletodate": null,
        "alternatename1_language": null,
        "alternatename2_language": null,
        "roadclassificationnumber": null,
        "versionavailablefromdate": "2025-01-07T00:00:00Z",
        "presenceofpavement_source": "Ordnance Survey",
        "presenceofpavement_sideofroad": "Right",
        "presenceofpavement_updatedate": "2024-12-24",
        "presenceofpavement_evidencedate": "2024-06-20",
        "presenceofpavement_capturemethod": "Automated Process",
        "presenceofpavement_averagewidth_m": 1.89,
        "presenceofpavement_minimumwidth_m": 1.03
      }
    },
    {
      "id": "0fe7cfcc-d70a-4c26-826b-b8d8b236ddb8",
      "type": "Feature",
      "geometry": {
        "type": "LineString",
        "coordinates": [
          [
            -1.4703126,
            50.9365808
          ],
          [
            -1.4703002,
            50.9365767
          ],
          [
            -1.4702825,
            50.9365743
          ]
        ]
      },
      "properties": {
        "osid": "0fe7cfcc-d70a-4c26-826b-b8d8b236ddb8",
        "theme": "Transport",
        "changetype": "New",
        "name1_text": "Adanac Drive",
        "name2_text": null,
        "roadlinkid": "a2a47359-20a2-4d2a-b09b-5e7e39c861f1",
        "description": "Pavement",
        "versiondate": "2023-09-14",
        "name1_language": null,
        "name2_language": null,
        "routehierarchy": "Local Road",
        "geometry_length_m": 2.264,
        "alternatename1_text": null,
        "alternatename2_text": null,
        "capturespecification": "Urban",
        "versionavailabletodate": null,
        "alternatename1_language": null,
        "alternatename2_language": null,
        "roadclassificationnumber": null,
        "versionavailablefromdate": "2023-09-15T00:00:00Z",
        "presenceofpavement_source": "Ordnance Survey",
        "presenceofpavement_sideofroad": "Right",
        "presenceofpavement_updatedate": "2023-09-13",
        "presenceofpavement_evidencedate": "2015-03-02",
        "presenceofpavement_capturemethod": "Automated Process",
        "presenceofpavement_averagewidth_m": 1.12,
        "presenceofpavement_minimumwidth_m": 1.12
      }
    },
    {
      "id": "10397aea-f96d-4ee3-b9c1-96efe109345a",
      "type": "Feature",
      "geometry": {
        "type": "LineString",
        "coordinates": [
          [
            -1.4674308,
            50.936177
          ],
          [
            -1.4673749,
            50.9361766
          ]
        ]
      },
      "properties": {
        "osid": "10397aea-f96d-4ee3-b9c1-96efe109345a",
        "theme": "Transport",
        "changetype": "New",
        "name1_text": "Frogmore Lane",
        "name2_text": null,
        "roadlinkid": "76c76233-62ad-4ec6-81ee-469db625bc0c",
        "description": "Pavement",
        "versiondate": "2023-09-14",
        "name1_language": null,
        "name2_language": null,
        "routehierarchy": "Local Road",
        "geometry_length_m": 3.926,
        "alternatename1_text": null,
        "alternatename2_text": null,
        "capturespecification": "Urban",
        "versionavailabletodate": null,
        "alternatename1_language": null,
        "alternatename2_language": null,
        "roadclassificationnumber": null,
        "versionavailablefromdate": "2023-09-15T00:00:00Z",
        "presenceofpavement_source": "Ordnance Survey",
        "presenceofpavement_sideofroad": "Left",
        "presenceofpavement_updatedate": "2023-09-13",
        "presenceofpavement_evidencedate": "2018-02-19",
        "presenceofpavement_capturemethod": "Automated Process",
        "presenceofpavement_averagewidth_m": 1.25,
        "presenceofpavement_minimumwidth_m": 0.63
      }
    },
    {
      "id": "10ddc34b-bbd7-4c5b-8f58-44a270339ac4",
      "type": "Feature",
      "geometry": {
        "type": "LineString",
        "coordinates": [
          [
            -1.4703074,
            50.9345196
          ],
          [
            -1.4702477,
            50.9345157
          ],
          [
            -1.4701968,
            50.9344831
          ],
          [
            -1.4701082,
            50.9343811
          ],
          [
            -1.4701027,
            50.9343744
          ]
        ]
      },
      "properties": {
        "osid": "10ddc34b-bbd7-4c5b-8f58-44a270339ac4",
        "theme": "Transport",
        "changetype": "New",
        "name1_text": null,
        "name2_text": null,
        "roadlinkid": "d5ea8c1d-b95e-4c57-bd07-bbd0dd1823ce",
        "description": "Pavement",
        "versiondate": "2025-08-08",
        "name1_language": null,
        "name2_language": null,
        "routehierarchy": "Restricted Local Access Road",
        "geometry_length_m": 23.095,
        "alternatename1_text": null,
        "alternatename2_text": null,
        "capturespecification": "Urban",
        "versionavailabletodate": null,
        "alternatename1_language": null,
        "alternatename2_language": null,
        "roadclassificationnumber": null,
        "versionavailablefromdate": "2025-08-09T00:00:00Z",
        "presenceofpavement_source": "Ordnance Survey",
        "presenceofpavement_sideofroad": "Left",
        "presenceofpavement_updatedate": "2025-08-02",
        "presenceofpavement_evidencedate": "2025-06-20",
        "presenceofpavement_capturemethod": "Automated Process",
        "presenceofpavement_averagewidth_m": 1.95,
        "presenceofpavement_minimumwidth_m": 1.05
      }
    },
    {
      "id": "110311fb-b853-40d9-9614-e4454b8d7199",
      "type": "Feature",
      "geometry": {
        "type": "LineString",
        "coordinates": [
          [
            -1.4658866,
            50.939841
          ],
          [
            -1.4658894,
            50.939836
          ],
          [
            -1.4659019,
            50.9398022
          ],
          [
            -1.4659077,
            50.9397801
          ],
          [
            -1.4659106,
            50.9397195
          ],
          [
            -1.4659059,
            50.9396778
          ],
          [
            -1.4658814,
            50.9396065
          ],
          [
            -1.4658455,
            50.9395351
          ],
          [
            -1.4658333,
            50.9395085
          ],
          [
            -1.4658231,
            50.9394917
          ],
          [
            -1.4657972,
            50.939467
          ],
          [
            -1.4657642,
            50.9394454
          ],
          [
            -1.4657227,
            50.939421
          ],
          [
            -1.4656415,
            50.9393753
          ],
          [
            -1.4656045,
            50.9393495
          ]
        ]
      },
      "properties": {
        "osid": "110311fb-b853-40d9-9614-e4454b8d7199",
        "theme": "Transport",
        "changetype": "New",
        "name1_text": "Bodding Avenue",
        "name2_text": null,
        "roadlinkid": "a0c3041f-6dd7-4deb-9107-981f9bd74f58",
        "description": "Pavement",
        "versiondate": "2023-09-14",
        "name1_language": null,
        "name2_language": null,
        "routehierarchy": "Local Road",
        "geometry_length_m": 61.99,
        "alternatename1_text": null,
        "alternatename2_text": null,
        "capturespecification": "Urban",
        "versionavailabletodate": null,
        "alternatename1_language": null,
        "alternatename2_language": null,
        "roadclassificationnumber": null,
        "versionavailablefromdate": "2023-09-15T00:00:00Z",
        "presenceofpavement_source": "Ordnance Survey",
        "presenceofpavement_sideofroad": "Right",
        "presenceofpavement_updatedate": "2023-09-13",
        "presenceofpavement_evidencedate": "2021-08-10",
        "presenceofpavement_capturemethod": "Automated Process",
        "presenceofpavement_averagewidth_m": 1.77,
        "presenceofpavement_minimumwidth_m": 1.3
      }
    },
    {
      "id": "11e0bc4e-4199-4e8b-aae0-dc0cb1137451",
      "type": "Feature",
      "geometry": {
        "type": "LineString",
        "coordinates": [
          [
            -1.4698872,
            50.9341838
          ],
          [
            -1.4698483,
            50.9341462
          ],
          [
            -1.4698193,
            50.9341181
          ],
          [
            -1.4698085,
            50.9341076
          ],
          [
            -1.4698044,
            50.9341036
          ],
          [
            -1.4697755,
            50.9340756
          ],
          [
            -1.4697703,
            50.9340709
          ]
        ]
      },
      "properties": {
        "osid": "11e0bc4e-4199-4e8b-aae0-dc0cb1137451",
        "theme": "Transport",
        "changetype": "New",
        "name1_text": null,
        "name2_text": null,
        "roadlinkid": "e1e3a853-3ced-4f77-ba44-bd8e37367c70",
        "description": "Pavement",
        "versiondate": "2025-08-08",
        "name1_language": null,
        "name2_language": null,
        "routehierarchy": "Local Road",
        "geometry_length_m": 15.006,
        "alternatename1_text": null,
        "alternatename2_text": null,
        "capturespecification": "Urban",
        "versionavailabletodate": null,
        "alternatename1_language": null,
        "alternatename2_language": null,
        "roadclassificationnumber": null,
        "versionavailablefromdate": "2025-08-09T00:00:00Z",
        "presenceofpavement_source": "Ordnance Survey",
        "presenceofpavement_sideofroad": "Left",
        "presenceofpavement_updatedate": "2025-08-02",
        "presenceofpavement_evidencedate": "2025-06-20",
        "presenceofpavement_capturemethod": "Automated Process",
        "presenceofpavement_averagewidth_m": 1.62,
        "presenceofpavement_minimumwidth_m": 0.83
      }
    },
    {
      "id": "156c3cea-2355-4673-af6e-301f848dd683",
      "type": "Feature",
      "geometry": {
        "type": "LineString",
        "coordinates": [
          [
            -1.467095,
            50.9361746
          ],
          [
            -1.4670494,
            50.9361742
          ],
          [
            -1.4670292,
            50.9361741
          ]
        ]
      },
      "properties": {
        "osid": "156c3cea-2355-4673-af6e-301f848dd683",
        "theme": "Transport",
        "changetype": "New",
        "name1_text": "Frogmore Lane",
        "name2_text": null,
        "roadlinkid": "76c76233-62ad-4ec6-81ee-469db625bc0c",
        "description": "Pavement",
        "versiondate": "2023-09-14",
        "name1_language": null,
        "name2_language": null,
        "routehierarchy": "Local Road",
        "geometry_length_m": 4.629,
        "alternatename1_text": null,
        "alternatename2_text": null,
        "capturespecification": "Urban",
        "versionavailabletodate": null,
        "alternatename1_language": null,
        "alternatename2_language": null,
        "roadclassificationnumber": null,
        "versionavailablefromdate": "2023-09-15T00:00:00Z",
        "presenceofpavement_source": "Ordnance Survey",
        "presenceofpavement_sideofroad": "Left",
        "presenceofpavement_updatedate": "2023-09-13",
        "presenceofpavement_evidencedate": "2018-02-19",
        "presenceofpavement_capturemethod": "Automated Process",
        "presenceofpavement_averagewidth_m": 0.9,
        "presenceofpavement_minimumwidth_m": 0.9
      }
    },
    {
      "id": "179fdcba-f29e-4ad9-9aa1-28fb9e3406f5",
      "type": "Feature",
      "geometry": {
        "type": "LineString",
        "coordinates": [
          [
            -1.4637004,
            50.9337398
          ],
          [
            -1.4636546,
            50.9337618
          ]
        ]
      },
      "properties": {
        "osid": "179fdcba-f29e-4ad9-9aa1-28fb9e3406f5",
        "theme": "Transport",
        "changetype": "New",
        "name1_text": null,
        "name2_text": null,
        "roadlinkid": "7970904d-49d0-481b-9630-ab77592ac3bb",
        "description": "Pavement",
        "versiondate": "2023-09-14",
        "name1_language": null,
        "name2_language": null,
        "routehierarchy": "Restricted Local Access Road",
        "geometry_length_m": 4.035,
        "alternatename1_text": null,
        "alternatename2_text": null,
        "capturespecification": "Urban",
        "versionavailabletodate": null,
        "alternatename1_language": null,
        "alternatename2_language": null,
        "roadclassificationnumber": null,
        "versionavailablefromdate": "2023-09-15T00:00:00Z",
        "presenceofpavement_source": "Ordnance Survey",
        "presenceofpavement_sideofroad": "Left",
        "presenceofpavement_updatedate": "2023-09-13",
        "presenceofpavement_evidencedate": "2016-08-12",
        "presenceofpavement_capturemethod": "Automated Process",
        "presenceofpavement_averagewidth_m": 3.02,
        "presenceofpavement_minimumwidth_m": 1.07
      }
    },
    {
      "id": "17a97ffe-f898-4667-977f-1704d8840d4e",
      "type": "Feature",
      "geometry": {
        "type": "LineString",
        "coordinates": [
          [
            -1.4706493,
            50.9367645
          ],
          [
            -1.470578,
            50.9367794
          ]
        ]
      },
      "properties": {
        "osid": "17a97ffe-f898-4667-977f-1704d8840d4e",
        "theme": "Transport",
        "changetype": "Modified Attributes",
        "name1_text": "Adanac Drive",
        "name2_text": null,
        "roadlinkid": "e103efc4-7e1e-4ff3-a936-6dae2eac2812",
        "description": "Pavement",
        "versiondate": "2024-09-06",
        "name1_language": null,
        "name2_language": null,
        "routehierarchy": "Local Road",
        "geometry_length_m": 5.28,
        "alternatename1_text": null,
        "alternatename2_text": null,
        "capturespecification": "Urban",
        "versionavailabletodate": null,
        "alternatename1_language": null,
        "alternatename2_language": null,
        "roadclassificationnumber": null,
        "versionavailablefromdate": "2024-09-07T00:00:00Z",
        "presenceofpavement_source": "Ordnance Survey",
        "presenceofpavement_sideofroad": "Right",
        "presenceofpavement_updatedate": "2024-09-02",
        "presenceofpavement_evidencedate": "2024-07-30",
        "presenceofpavement_capturemethod": "Automated Process",
        "presenceofpavement_averagewidth_m": 1.64,
        "presenceofpavement_minimumwidth_m": 0.76
      }
    },
    {
      "id": "18ba3581-3b83-4a7a-9155-f8ce2fc5cfde",
      "type": "Feature",
      "geometry": {
        "type": "LineString",
        "coordinates": [
          [
            -1.4683108,
            50.9368488
          ],
          [
            -1.4682372,
            50.9368536
          ],
          [
            -1.4680095,
            50.9368526
          ],
          [
            -1.4679099,
            50.9368521
          ],
          [
            -1.4678241,
            50.9368877
          ],
          [
            -1.4677526,
            50.9369143
          ],
          [
            -1.467724,
            50.9369322
          ],
          [
            -1.4676808,
            50.936977
          ],
          [
            -1.4675656,
            50.9370933
          ],
          [
            -1.4674792,
            50.9371829
          ],
          [
            -1.4674505,
            50.9372007
          ],
          [
            -1.4674386,
            50.9372054
          ]
        ]
      },
      "properties": {
        "osid": "18ba3581-3b83-4a7a-9155-f8ce2fc5cfde",
        "theme": "Transport",
        "changetype": "Modified Attributes",
        "name1_text": "Hillyfields",
        "name2_text": null,
        "roadlinkid": "1b5916cb-80ce-4d47-9294-5399562d3aad",
        "description": "Pavement",
        "versiondate": "2023-11-10",
        "name1_language": null,
        "name2_language": null,
        "routehierarchy": "Local Road",
        "geometry_length_m": 80.645,
        "alternatename1_text": null,
        "alternatename2_text": null,
        "capturespecification": "Urban",
        "versionavailabletodate": null,
        "alternatename1_language": null,
        "alternatename2_language": null,
        "roadclassificationnumber": null,
        "versionavailablefromdate": "2023-11-11T00:00:00Z",
        "presenceofpavement_source": "Ordnance Survey",
        "presenceofpavement_sideofroad": "Left",
        "presenceofpavement_updatedate": "2023-11-07",
        "presenceofpavement_evidencedate": "2019-06-28",
        "presenceofpavement_capturemethod": "Automated Process",
        "presenceofpavement_averagewidth_m": 1.88,
        "presenceofpavement_minimumwidth_m": 1.01
      }
    },
    {
      "id": "19b53062-8dd8-415c-86df-74efe17ad543",
      "type": "Feature",
      "geometry": {
        "type": "LineString",
        "coordinates": [
          [
            -1.4692571,
            50.9348092
          ],
          [
            -1.4692123,
            50.9348442
          ],
          [
            -1.4692097,
            50.9348463
          ],
          [
            -1.4692002,
            50.9348988
          ],
          [
            -1.4692085,
            50.9349533
          ],
          [
            -1.4692136,
            50.934957
          ],
          [
            -1.4692615,
            50.9349902
          ]
        ]
      },
      "properties": {
        "osid": "19b53062-8dd8-415c-86df-74efe17ad543",
        "theme": "Transport",
        "changetype": "New",
        "name1_text": "Adanac Drive",
        "name2_text": null,
        "roadlinkid": "f2ec1160-de26-4546-b961-e9b5f00a3d0f",
        "description": "Pavement",
        "versiondate": "2023-09-14",
        "name1_language": null,
        "name2_language": null,
        "routehierarchy": "Local Road",
        "geometry_length_m": 22.812,
        "alternatename1_text": null,
        "alternatename2_text": null,
        "capturespecification": "Urban",
        "versionavailabletodate": null,
        "alternatename1_language": null,
        "alternatename2_language": null,
        "roadclassificationnumber": null,
        "versionavailablefromdate": "2023-09-15T00:00:00Z",
        "presenceofpavement_source": "Ordnance Survey",
        "presenceofpavement_sideofroad": "Right",
        "presenceofpavement_updatedate": "2023-09-13",
        "presenceofpavement_evidencedate": "2022-12-15",
        "presenceofpavement_capturemethod": "Automated Process",
        "presenceofpavement_averagewidth_m": 3.58,
        "presenceofpavement_minimumwidth_m": 0.77
      }
    },
    {
      "id": "1a42eed3-e3c7-461d-9254-aa6c22d9b912",
      "type": "Feature",
      "geometry": {
        "type": "LineString",
        "coordinates": [
          [
            -1.4688285,
            50.9338975
          ],
          [
            -1.4686749,
            50.9337835
          ],
          [
            -1.4684872,
            50.9336784
          ],
          [
            -1.4682726,
            50.9335985
          ],
          [
            -1.4681642,
            50.9335723
          ],
          [
            -1.4680617,
            50.9335475
          ],
          [
            -1.4678932,
            50.9335181
          ]
        ]
      },
      "properties": {
        "osid": "1a42eed3-e3c7-461d-9254-aa6c22d9b912",
        "theme": "Transport",
        "changetype": "Modified Attributes",
        "name1_text": "Brownhill Way",
        "name2_text": null,
        "roadlinkid": "93efd169-246f-48fb-96e5-cf3d9fc1e19c",
        "description": "Pavement",
        "versiondate": "2023-11-10",
        "name1_language": null,
        "name2_language": null,
        "routehierarchy": "Minor Road",
        "geometry_length_m": 79.934,
        "alternatename1_text": null,
        "alternatename2_text": null,
        "capturespecification": "Urban",
        "versionavailabletodate": null,
        "alternatename1_language": null,
        "alternatename2_language": null,
        "roadclassificationnumber": null,
        "versionavailablefromdate": "2023-11-11T00:00:00Z",
        "presenceofpavement_source": "Ordnance Survey",
        "presenceofpavement_sideofroad": "Left",
        "presenceofpavement_updatedate": "2023-11-07",
        "presenceofpavement_evidencedate": "2022-12-15",
        "presenceofpavement_capturemethod": "Automated Process",
        "presenceofpavement_averagewidth_m": 3.58,
        "presenceofpavement_minimumwidth_m": 0.89
      }
    },
    {
      "id": "1b5de1ca-4ddd-4cf2-bf2a-f6c6c92dd77a",
      "type": "Feature",
      "geometry": {
        "type": "LineString",
        "coordinates": [
          [
            -1.4692526,
            50.9352982
          ],
          [
            -1.4692518,
            50.9351923
          ],
          [
            -1.4692615,
            50.9349911
          ]
        ]
      },
      "properties": {
        "osid": "1b5de1ca-4ddd-4cf2-bf2a-f6c6c92dd77a",
        "theme": "Transport",
        "changetype": "New",
        "name1_text": "Adanac Drive",
        "name2_text": null,
        "roadlinkid": "f49dd365-b1b0-45b6-bd63-5d8ec5324ed4",
        "description": "Pavement",
        "versiondate": "2023-09-14",
        "name1_language": null,
        "name2_language": null,
        "routehierarchy": "Local Road",
        "geometry_length_m": 34.165,
        "alternatename1_text": null,
        "alternatename2_text": null,
        "capturespecification": "Urban",
        "versionavailabletodate": null,
        "alternatename1_language": null,
        "alternatename2_language": null,
        "roadclassificationnumber": null,
        "versionavailablefromdate": "2023-09-15T00:00:00Z",
        "presenceofpavement_source": "Ordnance Survey",
        "presenceofpavement_sideofroad": "Left",
        "presenceofpavement_updatedate": "2023-09-13",
        "presenceofpavement_evidencedate": "2022-12-15",
        "presenceofpavement_capturemethod": "Automated Process",
        "presenceofpavement_averagewidth_m": 3.53,
        "presenceofpavement_minimumwidth_m": 0.98
      }
    },
    {
      "id": "1bd9c5d1-d4a2-42d5-8920-0c45f9cd4bee",
      "type": "Feature",
      "geometry": {
        "type": "LineString",
        "coordinates": [
          [
            -1.4635826,
            50.9400516
          ],
          [
            -1.4634792,
            50.9401374
          ],
          [
            -1.4633431,
            50.9402531
          ],
          [
            -1.4632132,
            50.9403634
          ],
          [
            -1.4631055,
            50.9404549
          ],
          [
            -1.4627652,
            50.9407301
          ]
        ]
      },
      "properties": {
        "osid": "1bd9c5d1-d4a2-42d5-8920-0c45f9cd4bee",
        "theme": "Transport",
        "changetype": "Modified Attributes",
        "name1_text": "Redbridge Lane",
        "name2_text": null,
        "roadlinkid": "799305fc-d4c2-44ca-ba78-32ac1c2effac",
        "description": "Pavement",
        "versiondate": "2025-06-03",
        "name1_language": null,
        "name2_language": null,
        "routehierarchy": "Local Road",
        "geometry_length_m": 94.828,
        "alternatename1_text": null,
        "alternatename2_text": null,
        "capturespecification": "Urban",
        "versionavailabletodate": null,
        "alternatename1_language": null,
        "alternatename2_language": null,
        "roadclassificationnumber": null,
        "versionavailablefromdate": "2025-06-04T00:00:00Z",
        "presenceofpavement_source": "Ordnance Survey",
        "presenceofpavement_sideofroad": "Left",
        "presenceofpavement_updatedate": "2025-05-30",
        "presenceofpavement_evidencedate": "2025-04-28",
        "presenceofpavement_capturemethod": "Automated Process",
        "presenceofpavement_averagewidth_m": 1.37,
        "presenceofpavement_minimumwidth_m": 1.17
      }
    },
    {
      "id": "1be7057a-fccd-4364-8ba8-94b3f6465143",
      "type": "Feature",
      "geometry": {
        "type": "LineString",
        "coordinates": [
          [
            -1.4642798,
            50.9351347
          ],
          [
            -1.4642234,
            50.9350379
          ]
        ]
      },
      "properties": {
        "osid": "1be7057a-fccd-4364-8ba8-94b3f6465143",
        "theme": "Transport",
        "changetype": "New",
        "name1_text": "Frogmore Lane",
        "name2_text": null,
        "roadlinkid": "d6365ab7-7baa-4fad-9b80-99965178f796",
        "description": "Pavement",
        "versiondate": "2024-11-01",
        "name1_language": null,
        "name2_language": null,
        "routehierarchy": "Local Road",
        "geometry_length_m": 11.474,
        "alternatename1_text": null,
        "alternatename2_text": null,
        "capturespecification": "Urban",
        "versionavailabletodate": null,
        "alternatename1_language": null,
        "alternatename2_language": null,
        "roadclassificationnumber": null,
        "versionavailablefromdate": "2024-11-02T00:00:00Z",
        "presenceofpavement_source": "Ordnance Survey",
        "presenceofpavement_sideofroad": "Right",
        "presenceofpavement_updatedate": "2024-10-29",
        "presenceofpavement_evidencedate": "2022-12-15",
        "presenceofpavement_capturemethod": "Automated Process",
        "presenceofpavement_averagewidth_m": 1.92,
        "presenceofpavement_minimumwidth_m": 1.18
      }
    },
    {
      "id": "1c061a0c-a220-47a1-8dbc-e2036414e0d1",
      "type": "Feature",
      "geometry": {
        "type": "LineString",
        "coordinates": [
          [
            -1.4640659,
            50.9342089
          ],
          [
            -1.4640081,
            50.9341987
          ],
          [
            -1.4639978,
            50.9342014
          ],
          [
            -1.4639474,
            50.9342144
          ],
          [
            -1.4639316,
            50.9342212
          ],
          [
            -1.4637884,
            50.9342829
          ],
          [
            -1.4637808,
            50.9342869
          ],
          [
            -1.4637561,
            50.9342997
          ]
        ]
      },
      "properties": {
        "osid": "1c061a0c-a220-47a1-8dbc-e2036414e0d1",
        "theme": "Transport",
        "changetype": "New",
        "name1_text": "Brownhill Way",
        "name2_text": null,
        "roadlinkid": "39a8baeb-285b-430c-a410-0e9e7d1c5568",
        "description": "Pavement",
        "versiondate": "2023-09-14",
        "name1_language": null,
        "name2_language": null,
        "routehierarchy": "Minor Road",
        "geometry_length_m": 25.286,
        "alternatename1_text": null,
        "alternatename2_text": null,
        "capturespecification": "Urban",
        "versionavailabletodate": null,
        "alternatename1_language": null,
        "alternatename2_language": null,
        "roadclassificationnumber": null,
        "versionavailablefromdate": "2023-09-15T00:00:00Z",
        "presenceofpavement_source": "Ordnance Survey",
        "presenceofpavement_sideofroad": "Left",
        "presenceofpavement_updatedate": "2023-09-13",
        "presenceofpavement_evidencedate": "2022-12-08",
        "presenceofpavement_capturemethod": "Automated Process",
        "presenceofpavement_averagewidth_m": 3.08,
        "presenceofpavement_minimumwidth_m": 1.46
      }
    },
    {
      "id": "1d68c829-52a5-4f7a-843c-42d8c5338d45",
      "type": "Feature",
      "geometry": {
        "type": "LineString",
        "coordinates": [
          [
            -1.4674669,
            50.93744
          ],
          [
            -1.4675049,
            50.9374821
          ],
          [
            -1.4675324,
            50.9375355
          ]
        ]
      },
      "properties": {
        "osid": "1d68c829-52a5-4f7a-843c-42d8c5338d45",
        "theme": "Transport",
        "changetype": "New",
        "name1_text": "Hillyfields",
        "name2_text": null,
        "roadlinkid": "a3e2e8b4-e9a9-4669-bb9c-e024c107f2d9",
        "description": "Pavement",
        "versiondate": "2023-09-14",
        "name1_language": null,
        "name2_language": null,
        "routehierarchy": "Local Road",
        "geometry_length_m": 11.633,
        "alternatename1_text": null,
        "alternatename2_text": null,
        "capturespecification": "Urban",
        "versionavailabletodate": null,
        "alternatename1_language": null,
        "alternatename2_language": null,
        "roadclassificationnumber": null,
        "versionavailablefromdate": "2023-09-15T00:00:00Z",
        "presenceofpavement_source": "Ordnance Survey",
        "presenceofpavement_sideofroad": "Left",
        "presenceofpavement_updatedate": "2023-09-13",
        "presenceofpavement_evidencedate": "2019-06-28",
        "presenceofpavement_capturemethod": "Automated Process",
        "presenceofpavement_averagewidth_m": 1.16,
        "presenceofpavement_minimumwidth_m": 0.81
      }
    },
    {
      "id": "1dfb8554-df48-488e-8fa5-8b7a261d559f",
      "type": "Feature",
      "geometry": {
        "type": "LineString",
        "coordinates": [
          [
            -1.4671888,
            50.9345922
          ],
          [
            -1.4671427,
            50.9346265
          ],
          [
            -1.4671014,
            50.9346572
          ],
          [
            -1.4666867,
            50.9347006
          ],
          [
            -1.4666307,
            50.934694
          ],
          [
            -1.4665608,
            50.9346857
          ]
        ]
      },
      "properties": {
        "osid": "1dfb8554-df48-488e-8fa5-8b7a261d559f",
        "theme": "Transport",
        "changetype": "Modified Attributes",
        "name1_text": "Hurst Way",
        "name2_text": null,
        "roadlinkid": "d71b5024-bcf7-4aaf-93c1-db8b887db093",
        "description": "Pavement",
        "versiondate": "2025-01-06",
        "name1_language": null,
        "name2_language": null,
        "routehierarchy": "Local Road",
        "geometry_length_m": 48.025,
        "alternatename1_text": null,
        "alternatename2_text": null,
        "capturespecification": "Urban",
        "versionavailabletodate": null,
        "alternatename1_language": null,
        "alternatename2_language": null,
        "roadclassificationnumber": null,
        "versionavailablefromdate": "2025-01-07T00:00:00Z",
        "presenceofpavement_source": "Ordnance Survey",
        "presenceofpavement_sideofroad": "Left",
        "presenceofpavement_updatedate": "2024-12-24",
        "presenceofpavement_evidencedate": "2024-06-20",
        "presenceofpavement_capturemethod": "Automated Process",
        "presenceofpavement_averagewidth_m": 3.17,
        "presenceofpavement_minimumwidth_m": 0.86
      }
    },
    {
      "id": "1e6322fb-4b58-4438-a324-1afaf20b6b1a",
      "type": "Feature",
      "geometry": {
        "type": "LineString",
        "coordinates": [
          [
            -1.4675362,
            50.9375518
          ],
          [
            -1.4675465,
            50.9375999
          ],
          [
            -1.4675461,
            50.9376451
          ]
        ]
      },
      "properties": {
        "osid": "1e6322fb-4b58-4438-a324-1afaf20b6b1a",
        "theme": "Transport",
        "changetype": "Modified Attributes",
        "name1_text": "Hillyfields",
        "name2_text": null,
        "roadlinkid": "701203ca-2d01-4404-bd37-da3405507802",
        "description": "Pavement",
        "versiondate": "2024-12-05",
        "name1_language": null,
        "name2_language": null,
        "routehierarchy": "Local Road",
        "geometry_length_m": 10.43,
        "alternatename1_text": null,
        "alternatename2_text": null,
        "capturespecification": "Urban",
        "versionavailabletodate": null,
        "alternatename1_language": null,
        "alternatename2_language": null,
        "roadclassificationnumber": null,
        "versionavailablefromdate": "2024-12-06T00:00:00Z",
        "presenceofpavement_source": "Ordnance Survey",
        "presenceofpavement_sideofroad": "Left",
        "presenceofpavement_updatedate": "2024-12-02",
        "presenceofpavement_evidencedate": "2024-06-20",
        "presenceofpavement_capturemethod": "Automated Process",
        "presenceofpavement_averagewidth_m": 1.05,
        "presenceofpavement_minimumwidth_m": 1.05
      }
    },
    {
      "id": "20411dc2-bc1c-47ae-8b1a-f273a08bc864",
      "type": "Feature",
      "geometry": {
        "type": "LineString",
        "coordinates": [
          [
            -1.4657269,
            50.939197
          ],
          [
            -1.4658377,
            50.9390458
          ]
        ]
      },
      "properties": {
        "osid": "20411dc2-bc1c-47ae-8b1a-f273a08bc864",
        "theme": "Transport",
        "changetype": "Modified Attributes",
        "name1_text": "Ganders Mead",
        "name2_text": null,
        "roadlinkid": "e8120f97-f4c8-491d-87ff-97207de1fdc9",
        "description": "Pavement",
        "versiondate": "2025-03-05",
        "name1_language": null,
        "name2_language": null,
        "routehierarchy": "Local Road",
        "geometry_length_m": 18.526,
        "alternatename1_text": null,
        "alternatename2_text": null,
        "capturespecification": "Urban",
        "versionavailabletodate": null,
        "alternatename1_language": null,
        "alternatename2_language": null,
        "roadclassificationnumber": null,
        "versionavailablefromdate": "2025-03-06T00:00:00Z",
        "presenceofpavement_source": "Ordnance Survey",
        "presenceofpavement_sideofroad": "Right",
        "presenceofpavement_updatedate": "2025-02-26",
        "presenceofpavement_evidencedate": "2025-02-18",
        "presenceofpavement_capturemethod": "Automated Process",
        "presenceofpavement_averagewidth_m": 1.66,
        "presenceofpavement_minimumwidth_m": 1.12
      }
    },
    {
      "id": "211a62a6-ece6-4b62-aa93-7351c40b83fb",
      "type": "Feature",
      "geometry": {
        "type": "LineString",
        "coordinates": [
          [
            -1.4671958,
            50.9377515
          ],
          [
            -1.467405,
            50.9377233
          ]
        ]
      },
      "properties": {
        "osid": "211a62a6-ece6-4b62-aa93-7351c40b83fb",
        "theme": "Transport",
        "changetype": "Modified Attributes",
        "name1_text": "Hillyfields",
        "name2_text": null,
        "roadlinkid": "0d3bf7d4-b6b7-4608-b5e3-cec74a6c8393",
        "description": "Pavement",
        "versiondate": "2024-12-05",
        "name1_language": null,
        "name2_language": null,
        "routehierarchy": "Local Road",
        "geometry_length_m": 15.034,
        "alternatename1_text": null,
        "alternatename2_text": null,
        "capturespecification": "Urban",
        "versionavailabletodate": null,
        "alternatename1_language": null,
        "alternatename2_language": null,
        "roadclassificationnumber": null,
        "versionavailablefromdate": "2024-12-06T00:00:00Z",
        "presenceofpavement_source": "Ordnance Survey",
        "presenceofpavement_sideofroad": "Right",
        "presenceofpavement_updatedate": "2024-12-02",
        "presenceofpavement_evidencedate": "2024-06-20",
        "presenceofpavement_capturemethod": "Automated Process",
        "presenceofpavement_averagewidth_m": 1.67,
        "presenceofpavement_minimumwidth_m": 1.63
      }
    },
    {
      "id": "2190cae5-e405-489e-b94a-7b3018aa9e1f",
      "type": "Feature",
      "geometry": {
        "type": "LineString",
        "coordinates": [
          [
            -1.4637249,
            50.9344153
          ],
          [
            -1.4636536,
            50.9343865
          ]
        ]
      },
      "properties": {
        "osid": "2190cae5-e405-489e-b94a-7b3018aa9e1f",
        "theme": "Transport",
        "changetype": "New",
        "name1_text": "Frogmore Lane",
        "name2_text": null,
        "roadlinkid": "d830ace0-d3f2-408d-bae1-be9d993ec9c2",
        "description": "Pavement",
        "versiondate": "2023-09-14",
        "name1_language": null,
        "name2_language": null,
        "routehierarchy": "Local Road",
        "geometry_length_m": 5.953,
        "alternatename1_text": null,
        "alternatename2_text": null,
        "capturespecification": "Urban",
        "versionavailabletodate": null,
        "alternatename1_language": null,
        "alternatename2_language": null,
        "roadclassificationnumber": null,
        "versionavailablefromdate": "2023-09-15T00:00:00Z",
        "presenceofpavement_source": "Ordnance Survey",
        "presenceofpavement_sideofroad": "Left",
        "presenceofpavement_updatedate": "2023-09-13",
        "presenceofpavement_evidencedate": "2022-12-06",
        "presenceofpavement_capturemethod": "Automated Process",
        "presenceofpavement_averagewidth_m": 2.77,
        "presenceofpavement_minimumwidth_m": 0.97
      }
    },
    {
      "id": "21eacf06-343f-49ee-a0ec-3f20fa847842",
      "type": "Feature",
      "geometry": {
        "type": "LineString",
        "coordinates": [
          [
            -1.4655577,
            50.9393274
          ],
          [
            -1.4653825,
            50.9392496
          ]
        ]
      },
      "properties": {
        "osid": "21eacf06-343f-49ee-a0ec-3f20fa847842",
        "theme": "Transport",
        "changetype": "Modified Attributes",
        "name1_text": "Bodding Avenue",
        "name2_text": null,
        "roadlinkid": "1adda4e2-6802-4364-91f5-f73ad9cf3475",
        "description": "Pavement",
        "versiondate": "2025-03-05",
        "name1_language": null,
        "name2_language": null,
        "routehierarchy": "Local Road",
        "geometry_length_m": 15.046,
        "alternatename1_text": null,
        "alternatename2_text": null,
        "capturespecification": "Urban",
        "versionavailabletodate": null,
        "alternatename1_language": null,
        "alternatename2_language": null,
        "roadclassificationnumber": null,
        "versionavailablefromdate": "2025-03-06T00:00:00Z",
        "presenceofpavement_source": "Ordnance Survey",
        "presenceofpavement_sideofroad": "Right",
        "presenceofpavement_updatedate": "2025-02-26",
        "presenceofpavement_evidencedate": "2025-02-18",
        "presenceofpavement_capturemethod": "Automated Process",
        "presenceofpavement_averagewidth_m": 1.78,
        "presenceofpavement_minimumwidth_m": 1.6
      }
    },
    {
      "id": "21ff7fe5-b779-4c3e-aa9d-6c46ae9c0212",
      "type": "Feature",
      "geometry": {
        "type": "LineString",
        "coordinates": [
          [
            -1.47349,
            50.9342156
          ],
          [
            -1.4732146,
            50.9341993
          ]
        ]
      },
      "properties": {
        "osid": "21ff7fe5-b779-4c3e-aa9d-6c46ae9c0212",
        "theme": "Transport",
        "changetype": "Modified Attributes",
        "name1_text": "Brownhill Way",
        "name2_text": null,
        "roadlinkid": "41b37ab8-3599-463d-ae48-3a3f117a98f4",
        "description": "Pavement",
        "versiondate": "2023-11-10",
        "name1_language": null,
        "name2_language": null,
        "routehierarchy": "Minor Road",
        "geometry_length_m": 19.436,
        "alternatename1_text": null,
        "alternatename2_text": null,
        "capturespecification": "Rural",
        "versionavailabletodate": null,
        "alternatename1_language": null,
        "alternatename2_language": null,
        "roadclassificationnumber": null,
        "versionavailablefromdate": "2023-11-11T00:00:00Z",
        "presenceofpavement_source": "Ordnance Survey",
        "presenceofpavement_sideofroad": "Left",
        "presenceofpavement_updatedate": "2023-11-07",
        "presenceofpavement_evidencedate": "2017-01-25",
        "presenceofpavement_capturemethod": "Automated Process",
        "presenceofpavement_averagewidth_m": 2.19,
        "presenceofpavement_minimumwidth_m": 1.33
      }
    },
    {
      "id": "226d8d1a-ea39-4f6b-ae63-3dd1491a722c",
      "type": "Feature",
      "geometry": {
        "type": "LineString",
        "coordinates": [
          [
            -1.4708719,
            50.9407329
          ],
          [
            -1.4707593,
            50.9407327
          ],
          [
            -1.4707538,
            50.9407326
          ]
        ]
      },
      "properties": {
        "osid": "226d8d1a-ea39-4f6b-ae63-3dd1491a722c",
        "theme": "Transport",
        "changetype": "New",
        "name1_text": null,
        "name2_text": null,
        "roadlinkid": "60014cf2-f837-43cd-a105-055636892f77",
        "description": "Pavement",
        "versiondate": "2023-11-10",
        "name1_language": null,
        "name2_language": null,
        "routehierarchy": "Restricted Local Access Road",
        "geometry_length_m": 8.294,
        "alternatename1_text": null,
        "alternatename2_text": null,
        "capturespecification": "Urban",
        "versionavailabletodate": null,
        "alternatename1_language": null,
        "alternatename2_language": null,
        "roadclassificationnumber": null,
        "versionavailablefromdate": "2023-11-11T00:00:00Z",
        "presenceofpavement_source": "Ordnance Survey",
        "presenceofpavement_sideofroad": "Left",
        "presenceofpavement_updatedate": "2023-11-07",
        "presenceofpavement_evidencedate": "2020-09-20",
        "presenceofpavement_capturemethod": "Automated Process",
        "presenceofpavement_averagewidth_m": 1.68,
        "presenceofpavement_minimumwidth_m": 1.15
      }
    },
    {
      "id": "231ec7ef-e31b-4e07-8028-18ed3fef8802",
      "type": "Feature",
      "geometry": {
        "type": "LineString",
        "coordinates": [
          [
            -1.4638933,
            50.9340422
          ],
          [
            -1.4638302,
            50.9339558
          ],
          [
            -1.4638193,
            50.9339446
          ]
        ]
      },
      "properties": {
        "osid": "231ec7ef-e31b-4e07-8028-18ed3fef8802",
        "theme": "Transport",
        "changetype": "New",
        "name1_text": "Colne Avenue",
        "name2_text": null,
        "roadlinkid": "298f07f9-d7cd-4aef-8de2-73d21c31326c",
        "description": "Pavement",
        "versiondate": "2023-09-14",
        "name1_language": null,
        "name2_language": null,
        "routehierarchy": "Local Road",
        "geometry_length_m": 12.047,
        "alternatename1_text": null,
        "alternatename2_text": null,
        "capturespecification": "Urban",
        "versionavailabletodate": null,
        "alternatename1_language": null,
        "alternatename2_language": null,
        "roadclassificationnumber": null,
        "versionavailablefromdate": "2023-09-15T00:00:00Z",
        "presenceofpavement_source": "Ordnance Survey",
        "presenceofpavement_sideofroad": "Right",
        "presenceofpavement_updatedate": "2023-09-13",
        "presenceofpavement_evidencedate": "2016-08-12",
        "presenceofpavement_capturemethod": "Automated Process",
        "presenceofpavement_averagewidth_m": 2.55,
        "presenceofpavement_minimumwidth_m": 0.83
      }
    },
    {
      "id": "23b4d9be-a82d-4538-9d67-dda4db41641e",
      "type": "Feature",
      "geometry": {
        "type": "LineString",
        "coordinates": [
          [
            -1.4660341,
            50.9366096
          ],
          [
            -1.466033,
            50.9366995
          ]
        ]
      },
      "properties": {
        "osid": "23b4d9be-a82d-4538-9d67-dda4db41641e",
        "theme": "Transport",
        "changetype": "New",
        "name1_text": "Danebury Way",
        "name2_text": null,
        "roadlinkid": "1b200be9-11a4-4bb1-bd7c-441d152d3c70",
        "description": "Pavement",
        "versiondate": "2023-09-14",
        "name1_language": null,
        "name2_language": null,
        "routehierarchy": "Local Road",
        "geometry_length_m": 9.998,
        "alternatename1_text": null,
        "alternatename2_text": null,
        "capturespecification": "Urban",
        "versionavailabletodate": null,
        "alternatename1_language": null,
        "alternatename2_language": null,
        "roadclassificationnumber": null,
        "versionavailablefromdate": "2023-09-15T00:00:00Z",
        "presenceofpavement_source": "Ordnance Survey",
        "presenceofpavement_sideofroad": "Left",
        "presenceofpavement_updatedate": "2023-09-13",
        "presenceofpavement_evidencedate": "2006-07-01",
        "presenceofpavement_capturemethod": "Automated Process",
        "presenceofpavement_averagewidth_m": 1.76,
        "presenceofpavement_minimumwidth_m": 0.97
      }
    },
    {
      "id": "243146f6-9209-48a6-bc83-f1e8b6f8a404",
      "type": "Feature",
      "geometry": {
        "type": "LineString",
        "coordinates": [
          [
            -1.4660641,
            50.9367221
          ],
          [
            -1.4661937,
            50.9367227
          ]
        ]
      },
      "properties": {
        "osid": "243146f6-9209-48a6-bc83-f1e8b6f8a404",
        "theme": "Transport",
        "changetype": "New",
        "name1_text": "Danebury Way",
        "name2_text": null,
        "roadlinkid": "c32bb9f3-96ce-47d1-bde8-7002ed8412a1",
        "description": "Pavement",
        "versiondate": "2023-09-14",
        "name1_language": null,
        "name2_language": null,
        "routehierarchy": "Local Road",
        "geometry_length_m": 9.107,
        "alternatename1_text": null,
        "alternatename2_text": null,
        "capturespecification": "Urban",
        "versionavailabletodate": null,
        "alternatename1_language": null,
        "alternatename2_language": null,
        "roadclassificationnumber": null,
        "versionavailablefromdate": "2023-09-15T00:00:00Z",
        "presenceofpavement_source": "Ordnance Survey",
        "presenceofpavement_sideofroad": "Left",
        "presenceofpavement_updatedate": "2023-09-13",
        "presenceofpavement_evidencedate": "2006-07-01",
        "presenceofpavement_capturemethod": "Automated Process",
        "presenceofpavement_averagewidth_m": 1.8,
        "presenceofpavement_minimumwidth_m": 0.86
      }
    },
    {
      "id": "24c0fc11-38f4-4e23-8d5e-4ee462a3039c",
      "type": "Feature",
      "geometry": {
        "type": "LineString",
        "coordinates": [
          [
            -1.4722548,
            50.9372945
          ],
          [
            -1.4722165,
            50.9372955
          ]
        ]
      },
      "properties": {
        "osid": "24c0fc11-38f4-4e23-8d5e-4ee462a3039c",
        "theme": "Transport",
        "changetype": "New",
        "name1_text": null,
        "name2_text": null,
        "roadlinkid": "537d58d3-528a-4046-8b40-e8882e84db79",
        "description": "Pavement",
        "versiondate": "2023-09-14",
        "name1_language": null,
        "name2_language": null,
        "routehierarchy": "Restricted Local Access Road",
        "geometry_length_m": 2.691,
        "alternatename1_text": null,
        "alternatename2_text": null,
        "capturespecification": "Urban",
        "versionavailabletodate": null,
        "alternatename1_language": null,
        "alternatename2_language": null,
        "roadclassificationnumber": null,
        "versionavailablefromdate": "2023-09-15T00:00:00Z",
        "presenceofpavement_source": "Ordnance Survey",
        "presenceofpavement_sideofroad": "Left",
        "presenceofpavement_updatedate": "2023-09-13",
        "presenceofpavement_evidencedate": "2016-08-12",
        "presenceofpavement_capturemethod": "Automated Process",
        "presenceofpavement_averagewidth_m": 1.08,
        "presenceofpavement_minimumwidth_m": 1.08
      }
    },
    {
      "id": "252e547d-aec0-4aef-b0e2-a9163e0a8fb2",
      "type": "Feature",
      "geometry": {
        "type": "LineString",
        "coordinates": [
          [
            -1.4696392,
            50.9340487
          ],
          [
            -1.4696134,
            50.9340757
          ]
        ]
      },
      "properties": {
        "osid": "252e547d-aec0-4aef-b0e2-a9163e0a8fb2",
        "theme": "Transport",
        "changetype": "New",
        "name1_text": "Brownhill Way",
        "name2_text": null,
        "roadlinkid": "748a05ed-a36d-4406-82df-6fb4a159856e",
        "description": "Pavement",
        "versiondate": "2023-09-14",
        "name1_language": null,
        "name2_language": null,
        "routehierarchy": "Minor Road",
        "geometry_length_m": 3.517,
        "alternatename1_text": null,
        "alternatename2_text": null,
        "capturespecification": "Urban",
        "versionavailabletodate": null,
        "alternatename1_language": null,
        "alternatename2_language": null,
        "roadclassificationnumber": null,
        "versionavailablefromdate": "2023-09-15T00:00:00Z",
        "presenceofpavement_source": "Ordnance Survey",
        "presenceofpavement_sideofroad": "Left",
        "presenceofpavement_updatedate": "2023-09-13",
        "presenceofpavement_evidencedate": "2017-01-25",
        "presenceofpavement_capturemethod": "Automated Process",
        "presenceofpavement_averagewidth_m": 1.52,
        "presenceofpavement_minimumwidth_m": 1.31
      }
    },
    {
      "id": "292f1a73-5a11-43cc-ae0c-34772b2c5fab",
      "type": "Feature",
      "geometry": {
        "type": "LineString",
        "coordinates": [
          [
            -1.4670283,
            50.9361741
          ],
          [
            -1.4668645,
            50.9361729
          ],
          [
            -1.4664231,
            50.9361565
          ]
        ]
      },
      "properties": {
        "osid": "292f1a73-5a11-43cc-ae0c-34772b2c5fab",
        "theme": "Transport",
        "changetype": "Modified Attributes",
        "name1_text": "Frogmore Lane",
        "name2_text": null,
        "roadlinkid": "6c3f8329-bf75-40de-9259-f33d6ba6c5e4",
        "description": "Pavement",
        "versiondate": "2023-11-10",
        "name1_language": null,
        "name2_language": null,
        "routehierarchy": "Local Road",
        "geometry_length_m": 42.577,
        "alternatename1_text": null,
        "alternatename2_text": null,
        "capturespecification": "Urban",
        "versionavailabletodate": null,
        "alternatename1_language": null,
        "alternatename2_language": null,
        "roadclassificationnumber": null,
        "versionavailablefromdate": "2023-11-11T00:00:00Z",
        "presenceofpavement_source": "Ordnance Survey",
        "presenceofpavement_sideofroad": "Left",
        "presenceofpavement_updatedate": "2023-11-07",
        "presenceofpavement_evidencedate": "2018-02-19",
        "presenceofpavement_capturemethod": "Automated Process",
        "presenceofpavement_averagewidth_m": 1.83,
        "presenceofpavement_minimumwidth_m": 0.81
      }
    },
    {
      "id": "2a632c16-6cac-40a0-8e47-b50f1c1cbf3e",
      "type": "Feature",
      "geometry": {
        "type": "LineString",
        "coordinates": [
          [
            -1.4664894,
            50.9359852
          ],
          [
            -1.4666193,
            50.9357941
          ]
        ]
      },
      "properties": {
        "osid": "2a632c16-6cac-40a0-8e47-b50f1c1cbf3e",
        "theme": "Transport",
        "changetype": "Modified Attributes",
        "name1_text": "Bargain Close",
        "name2_text": null,
        "roadlinkid": "92094c8d-17a9-4206-95e8-6c876458c1f1",
        "description": "Pavement",
        "versiondate": "2023-11-10",
        "name1_language": null,
        "name2_language": null,
        "routehierarchy": "Local Road",
        "geometry_length_m": 23.123,
        "alternatename1_text": null,
        "alternatename2_text": null,
        "capturespecification": "Urban",
        "versionavailabletodate": null,
        "alternatename1_language": null,
        "alternatename2_language": null,
        "roadclassificationnumber": null,
        "versionavailablefromdate": "2023-11-11T00:00:00Z",
        "presenceofpavement_source": "Ordnance Survey",
        "presenceofpavement_sideofroad": "Left",
        "presenceofpavement_updatedate": "2023-11-07",
        "presenceofpavement_evidencedate": "2018-02-19",
        "presenceofpavement_capturemethod": "Automated Process",
        "presenceofpavement_averagewidth_m": 1.54,
        "presenceofpavement_minimumwidth_m": 1.54
      }
    },
    {
      "id": "2b2f6691-3a5a-4b3c-9d08-c1e7b45c3362",
      "type": "Feature",
      "geometry": {
        "type": "LineString",
        "coordinates": [
          [
            -1.4649894,
            50.9390804
          ],
          [
            -1.4650009,
            50.9390617
          ]
        ]
      },
      "properties": {
        "osid": "2b2f6691-3a5a-4b3c-9d08-c1e7b45c3362",
        "theme": "Transport",
        "changetype": "Modified Attributes",
        "name1_text": "Bodding Avenue",
        "name2_text": null,
        "roadlinkid": "c18cd32a-bd15-471a-80bc-cf81e31e678a",
        "description": "Pavement",
        "versiondate": "2025-03-05",
        "name1_language": null,
        "name2_language": null,
        "routehierarchy": "Restricted Local Access Road",
        "geometry_length_m": 2.228,
        "alternatename1_text": null,
        "alternatename2_text": null,
        "capturespecification": "Urban",
        "versionavailabletodate": null,
        "alternatename1_language": null,
        "alternatename2_language": null,
        "roadclassificationnumber": null,
        "versionavailablefromdate": "2025-03-06T00:00:00Z",
        "presenceofpavement_source": "Ordnance Survey",
        "presenceofpavement_sideofroad": "Left",
        "presenceofpavement_updatedate": "2025-02-26",
        "presenceofpavement_evidencedate": "2025-02-18",
        "presenceofpavement_capturemethod": "Automated Process",
        "presenceofpavement_averagewidth_m": 1.61,
        "presenceofpavement_minimumwidth_m": 1.44
      }
    },
    {
      "id": "2b35eda2-970e-4320-8c1b-3e047db9fd23",
      "type": "Feature",
      "geometry": {
        "type": "LineString",
        "coordinates": [
          [
            -1.4694545,
            50.9341711
          ],
          [
            -1.4694119,
            50.9342779
          ],
          [
            -1.4693706,
            50.9343686
          ],
          [
            -1.4693575,
            50.9343975
          ],
          [
            -1.4693107,
            50.9344565
          ]
        ]
      },
      "properties": {
        "osid": "2b35eda2-970e-4320-8c1b-3e047db9fd23",
        "theme": "Transport",
        "changetype": "Modified Attributes",
        "name1_text": "Adanac Drive",
        "name2_text": null,
        "roadlinkid": "e3edf7be-2578-42a6-a400-3b550d87c37f",
        "description": "Pavement",
        "versiondate": "2025-07-02",
        "name1_language": null,
        "name2_language": null,
        "routehierarchy": "Local Road",
        "geometry_length_m": 33.427,
        "alternatename1_text": null,
        "alternatename2_text": null,
        "capturespecification": "Urban",
        "versionavailabletodate": null,
        "alternatename1_language": null,
        "alternatename2_language": null,
        "roadclassificationnumber": null,
        "versionavailablefromdate": "2025-07-03T00:00:00Z",
        "presenceofpavement_source": "Ordnance Survey",
        "presenceofpavement_sideofroad": "Left",
        "presenceofpavement_updatedate": "2025-06-30",
        "presenceofpavement_evidencedate": "2025-06-20",
        "presenceofpavement_capturemethod": "Automated Process",
        "presenceofpavement_averagewidth_m": 3.09,
        "presenceofpavement_minimumwidth_m": 1.01
      }
    },
    {
      "id": "2bccf26e-8f0b-4fa8-953c-993bee9d207d",
      "type": "Feature",
      "geometry": {
        "type": "LineString",
        "coordinates": [
          [
            -1.4673313,
            50.933538
          ],
          [
            -1.4672931,
            50.9335401
          ],
          [
            -1.4668514,
            50.933583
          ],
          [
            -1.4667374,
            50.9336005
          ],
          [
            -1.4664239,
            50.933635
          ],
          [
            -1.4659962,
            50.933705
          ],
          [
            -1.4655826,
            50.933784
          ],
          [
            -1.4652685,
            50.9338591
          ]
        ]
      },
      "properties": {
        "osid": "2bccf26e-8f0b-4fa8-953c-993bee9d207d",
        "theme": "Transport",
        "changetype": "New",
        "name1_text": "Brownhill Way",
        "name2_text": null,
        "roadlinkid": "ab9e89e1-6c36-4cae-8828-b212f09ac634",
        "description": "Pavement",
        "versiondate": "2024-02-06",
        "name1_language": null,
        "name2_language": null,
        "routehierarchy": "Minor Road",
        "geometry_length_m": 149.715,
        "alternatename1_text": null,
        "alternatename2_text": null,
        "capturespecification": "Urban",
        "versionavailabletodate": null,
        "alternatename1_language": null,
        "alternatename2_language": null,
        "roadclassificationnumber": null,
        "versionavailablefromdate": "2024-02-07T00:00:00Z",
        "presenceofpavement_source": "Ordnance Survey",
        "presenceofpavement_sideofroad": "Left",
        "presenceofpavement_updatedate": "2024-02-02",
        "presenceofpavement_evidencedate": "2022-12-15",
        "presenceofpavement_capturemethod": "Automated Process",
        "presenceofpavement_averagewidth_m": 3.44,
        "presenceofpavement_minimumwidth_m": 1.36
      }
    },
    {
      "id": "2c068d0c-5f0c-4c4c-a919-ee28be70aa5f",
      "type": "Feature",
      "geometry": {
        "type": "LineString",
        "coordinates": [
          [
            -1.4703617,
            50.9365972
          ],
          [
            -1.4704122,
            50.9366274
          ],
          [
            -1.4704479,
            50.9366651
          ],
          [
            -1.4704603,
            50.936694
          ]
        ]
      },
      "properties": {
        "osid": "2c068d0c-5f0c-4c4c-a919-ee28be70aa5f",
        "theme": "Transport",
        "changetype": "Modified Attributes",
        "name1_text": "Adanac Drive",
        "name2_text": null,
        "roadlinkid": "7052e87c-6c0f-4d30-99c1-720bebd2154b",
        "description": "Pavement",
        "versiondate": "2024-09-06",
        "name1_language": null,
        "name2_language": null,
        "routehierarchy": "Local Road",
        "geometry_length_m": 13.102,
        "alternatename1_text": null,
        "alternatename2_text": null,
        "capturespecification": "Urban",
        "versionavailabletodate": null,
        "alternatename1_language": null,
        "alternatename2_language": null,
        "roadclassificationnumber": null,
        "versionavailablefromdate": "2024-09-07T00:00:00Z",
        "presenceofpavement_source": "Ordnance Survey",
        "presenceofpavement_sideofroad": "Left",
        "presenceofpavement_updatedate": "2024-09-02",
        "presenceofpavement_evidencedate": "2024-07-30",
        "presenceofpavement_capturemethod": "Automated Process",
        "presenceofpavement_averagewidth_m": 2.02,
        "presenceofpavement_minimumwidth_m": 0.69
      }
    },
    {
      "id": "2c972649-52f3-4f94-b183-d42b0b55a495",
      "type": "Feature",
      "geometry": {
        "type": "LineString",
        "coordinates": [
          [
            -1.4665918,
            50.939188
          ],
          [
            -1.4665529,
            50.9391504
          ]
        ]
      },
      "properties": {
        "osid": "2c972649-52f3-4f94-b183-d42b0b55a495",
        "theme": "Transport",
        "changetype": "New",
        "name1_text": "Conager Close",
        "name2_text": null,
        "roadlinkid": "05cba1d3-fe10-4d95-bda5-c42724e06b6f",
        "description": "Pavement",
        "versiondate": "2023-09-14",
        "name1_language": null,
        "name2_language": null,
        "routehierarchy": "Restricted Local Access Road",
        "geometry_length_m": 4.994,
        "alternatename1_text": null,
        "alternatename2_text": null,
        "capturespecification": "Urban",
        "versionavailabletodate": null,
        "alternatename1_language": null,
        "alternatename2_language": null,
        "roadclassificationnumber": null,
        "versionavailablefromdate": "2023-09-15T00:00:00Z",
        "presenceofpavement_source": "Ordnance Survey",
        "presenceofpavement_sideofroad": "Right",
        "presenceofpavement_updatedate": "2023-09-13",
        "presenceofpavement_evidencedate": "2021-08-10",
        "presenceofpavement_capturemethod": "Automated Process",
        "presenceofpavement_averagewidth_m": 1.44,
        "presenceofpavement_minimumwidth_m": 1.06
      }
    },
    {
      "id": "2da03870-859f-4d57-98af-59d46a178489",
      "type": "Feature",
      "geometry": {
        "type": "LineString",
        "coordinates": [
          [
            -1.4660341,
            50.9366096
          ],
          [
            -1.4660328,
            50.936722
          ]
        ]
      },
      "properties": {
        "osid": "2da03870-859f-4d57-98af-59d46a178489",
        "theme": "Transport",
        "changetype": "New",
        "name1_text": "Danebury Way",
        "name2_text": null,
        "roadlinkid": "1b200be9-11a4-4bb1-bd7c-441d152d3c70",
        "description": "Pavement",
        "versiondate": "2023-09-14",
        "name1_language": null,
        "name2_language": null,
        "routehierarchy": "Local Road",
        "geometry_length_m": 12.502,
        "alternatename1_text": null,
        "alternatename2_text": null,
        "capturespecification": "Urban",
        "versionavailabletodate": null,
        "alternatename1_language": null,
        "alternatename2_language": null,
        "roadclassificationnumber": null,
        "versionavailablefromdate": "2023-09-15T00:00:00Z",
        "presenceofpavement_source": "Ordnance Survey",
        "presenceofpavement_sideofroad": "Right",
        "presenceofpavement_updatedate": "2023-09-13",
        "presenceofpavement_evidencedate": "2018-02-20",
        "presenceofpavement_capturemethod": "Automated Process",
        "presenceofpavement_averagewidth_m": 1.55,
        "presenceofpavement_minimumwidth_m": 1.25
      }
    },
    {
      "id": "2e1ac87a-9b77-44ec-9b52-8e6cb44faba4",
      "type": "Feature",
      "geometry": {
        "type": "LineString",
        "coordinates": [
          [
            -1.4645124,
            50.939112
          ],
          [
            -1.4644585,
            50.9391753
          ]
        ]
      },
      "properties": {
        "osid": "2e1ac87a-9b77-44ec-9b52-8e6cb44faba4",
        "theme": "Transport",
        "changetype": "Modified Attributes",
        "name1_text": "Redbridge Lane",
        "name2_text": null,
        "roadlinkid": "db93a3e8-1cc9-4b95-ba2f-b739d46fe54b",
        "description": "Pavement",
        "versiondate": "2025-06-03",
        "name1_language": null,
        "name2_language": null,
        "routehierarchy": "Local Road",
        "geometry_length_m": 7.99,
        "alternatename1_text": null,
        "alternatename2_text": null,
        "capturespecification": "Urban",
        "versionavailabletodate": null,
        "alternatename1_language": null,
        "alternatename2_language": null,
        "roadclassificationnumber": null,
        "versionavailablefromdate": "2025-06-04T00:00:00Z",
        "presenceofpavement_source": "Ordnance Survey",
        "presenceofpavement_sideofroad": "Left",
        "presenceofpavement_updatedate": "2025-05-30",
        "presenceofpavement_evidencedate": "2025-04-28",
        "presenceofpavement_capturemethod": "Automated Process",
        "presenceofpavement_averagewidth_m": 1.14,
        "presenceofpavement_minimumwidth_m": 1.02
      }
    },
    {
      "id": "2e2a7d76-c19e-474a-949f-2a939b62e05b",
      "type": "Feature",
      "geometry": {
        "type": "LineString",
        "coordinates": [
          [
            -1.4692571,
            50.9348087
          ],
          [
            -1.4693032,
            50.9345014
          ],
          [
            -1.4693036,
            50.9344705
          ]
        ]
      },
      "properties": {
        "osid": "2e2a7d76-c19e-474a-949f-2a939b62e05b",
        "theme": "Transport",
        "changetype": "Modified Attributes",
        "name1_text": "Adanac Drive",
        "name2_text": null,
        "roadlinkid": "6ea1f2c8-47ee-4075-b647-ce7008b82326",
        "description": "Pavement",
        "versiondate": "2025-07-02",
        "name1_language": null,
        "name2_language": null,
        "routehierarchy": "Local Road",
        "geometry_length_m": 37.759,
        "alternatename1_text": null,
        "alternatename2_text": null,
        "capturespecification": "Urban",
        "versionavailabletodate": null,
        "alternatename1_language": null,
        "alternatename2_language": null,
        "roadclassificationnumber": null,
        "versionavailablefromdate": "2025-07-03T00:00:00Z",
        "presenceofpavement_source": "Ordnance Survey",
        "presenceofpavement_sideofroad": "Right",
        "presenceofpavement_updatedate": "2025-06-30",
        "presenceofpavement_evidencedate": "2025-06-20",
        "presenceofpavement_capturemethod": "Automated Process",
        "presenceofpavement_averagewidth_m": 3.29,
        "presenceofpavement_minimumwidth_m": 1.25
      }
    },
    {
      "id": "2ef1c264-2eee-42be-94eb-e0a3f993233f",
      "type": "Feature",
      "geometry": {
        "type": "LineString",
        "coordinates": [
          [
            -1.4652447,
            50.9349506
          ],
          [
            -1.4656222,
            50.9348771
          ]
        ]
      },
      "properties": {
        "osid": "2ef1c264-2eee-42be-94eb-e0a3f993233f",
        "theme": "Transport",
        "changetype": "New",
        "name1_text": "Hurst Way",
        "name2_text": null,
        "roadlinkid": "bc2be9a8-69c6-4ff2-a299-ab5a626cbbbc",
        "description": "Pavement",
        "versiondate": "2024-11-01",
        "name1_language": null,
        "name2_language": null,
        "routehierarchy": "Local Road",
        "geometry_length_m": 27.751,
        "alternatename1_text": null,
        "alternatename2_text": null,
        "capturespecification": "Urban",
        "versionavailabletodate": null,
        "alternatename1_language": null,
        "alternatename2_language": null,
        "roadclassificationnumber": null,
        "versionavailablefromdate": "2024-11-02T00:00:00Z",
        "presenceofpavement_source": "Ordnance Survey",
        "presenceofpavement_sideofroad": "Left",
        "presenceofpavement_updatedate": "2024-10-29",
        "presenceofpavement_evidencedate": "2022-07-28",
        "presenceofpavement_capturemethod": "Automated Process",
        "presenceofpavement_averagewidth_m": 1.78,
        "presenceofpavement_minimumwidth_m": 1.78
      }
    },
    {
      "id": "30bce864-0fc3-4b48-94c2-e37b252c6711",
      "type": "Feature",
      "geometry": {
        "type": "LineString",
        "coordinates": [
          [
            -1.4692531,
            50.9351646
          ],
          [
            -1.4692615,
            50.9349902
          ]
        ]
      },
      "properties": {
        "osid": "30bce864-0fc3-4b48-94c2-e37b252c6711",
        "theme": "Transport",
        "changetype": "Modified Attributes",
        "name1_text": "Adanac Drive",
        "name2_text": null,
        "roadlinkid": "f49dd365-b1b0-45b6-bd63-5d8ec5324ed4",
        "description": "Pavement",
        "versiondate": "2025-07-02",
        "name1_language": null,
        "name2_language": null,
        "routehierarchy": "Local Road",
        "geometry_length_m": 19.402,
        "alternatename1_text": null,
        "alternatename2_text": null,
        "capturespecification": "Urban",
        "versionavailabletodate": null,
        "alternatename1_language": null,
        "alternatename2_language": null,
        "roadclassificationnumber": null,
        "versionavailablefromdate": "2025-07-03T00:00:00Z",
        "presenceofpavement_source": "Ordnance Survey",
        "presenceofpavement_sideofroad": "Right",
        "presenceofpavement_updatedate": "2025-06-30",
        "presenceofpavement_evidencedate": "2025-06-20",
        "presenceofpavement_capturemethod": "Automated Process",
        "presenceofpavement_averagewidth_m": 2.94,
        "presenceofpavement_minimumwidth_m": 1.13
      }
    },
    {
      "id": "31026957-f21d-4b4e-9d52-33aef5ab3e07",
      "type": "Feature",
      "geometry": {
        "type": "LineString",
        "coordinates": [
          [
            -1.4710162,
            50.936747
          ],
          [
            -1.4707638,
            50.9367651
          ]
        ]
      },
      "properties": {
        "osid": "31026957-f21d-4b4e-9d52-33aef5ab3e07",
        "theme": "Transport",
        "changetype": "Modified Attributes",
        "name1_text": "Adanac Drive",
        "name2_text": null,
        "roadlinkid": "0e82e09a-26c7-4c11-95c8-e2a132ec5ba5",
        "description": "Pavement",
        "versiondate": "2023-11-10",
        "name1_language": null,
        "name2_language": null,
        "routehierarchy": "Local Road",
        "geometry_length_m": 17.846,
        "alternatename1_text": null,
        "alternatename2_text": null,
        "capturespecification": "Urban",
        "versionavailabletodate": null,
        "alternatename1_language": null,
        "alternatename2_language": null,
        "roadclassificationnumber": null,
        "versionavailablefromdate": "2023-11-11T00:00:00Z",
        "presenceofpavement_source": "Ordnance Survey",
        "presenceofpavement_sideofroad": "Left",
        "presenceofpavement_updatedate": "2023-11-07",
        "presenceofpavement_evidencedate": "2012-03-29",
        "presenceofpavement_capturemethod": "Automated Process",
        "presenceofpavement_averagewidth_m": 2.92,
        "presenceofpavement_minimumwidth_m": 1.26
      }
    },
    {
      "id": "31acd004-22d3-41e0-9a23-d5da4eb9fbdc",
      "type": "Feature",
      "geometry": {
        "type": "LineString",
        "coordinates": [
          [
            -1.4692571,
            50.9348092
          ],
          [
            -1.4692123,
            50.9348442
          ],
          [
            -1.4692097,
            50.9348463
          ],
          [
            -1.4692015,
            50.9348916
          ],
          [
            -1.4692002,
            50.9348988
          ],
          [
            -1.4692039,
            50.9349235
          ],
          [
            -1.4692085,
            50.9349533
          ],
          [
            -1.4692136,
            50.934957
          ],
          [
            -1.4692615,
            50.9349902
          ]
        ]
      },
      "properties": {
        "osid": "31acd004-22d3-41e0-9a23-d5da4eb9fbdc",
        "theme": "Transport",
        "changetype": "Modified Attributes",
        "name1_text": "Adanac Drive",
        "name2_text": null,
        "roadlinkid": "f2ec1160-de26-4546-b961-e9b5f00a3d0f",
        "description": "Pavement",
        "versiondate": "2025-07-02",
        "name1_language": null,
        "name2_language": null,
        "routehierarchy": "Local Road",
        "geometry_length_m": 22.812,
        "alternatename1_text": null,
        "alternatename2_text": null,
        "capturespecification": "Urban",
        "versionavailabletodate": null,
        "alternatename1_language": null,
        "alternatename2_language": null,
        "roadclassificationnumber": null,
        "versionavailablefromdate": "2025-07-03T00:00:00Z",
        "presenceofpavement_source": "Ordnance Survey",
        "presenceofpavement_sideofroad": "Left",
        "presenceofpavement_updatedate": "2025-06-30",
        "presenceofpavement_evidencedate": "2025-06-20",
        "presenceofpavement_capturemethod": "Automated Process",
        "presenceofpavement_averagewidth_m": 1.87,
        "presenceofpavement_minimumwidth_m": 0.85
      }
    },
    {
      "id": "3222f16d-fd54-4571-b8fe-5f6c9d0fa14f",
      "type": "Feature",
      "geometry": {
        "type": "LineString",
        "coordinates": [
          [
            -1.4707537,
            50.9407326
          ],
          [
            -1.4700033,
            50.9407301
          ],
          [
            -1.4699088,
            50.9407304
          ]
        ]
      },
      "properties": {
        "osid": "3222f16d-fd54-4571-b8fe-5f6c9d0fa14f",
        "theme": "Transport",
        "changetype": "Modified Attributes",
        "name1_text": null,
        "name2_text": null,
        "roadlinkid": "80eefb4b-5dc7-45a0-8f79-44f7ab323c57",
        "description": "Pavement",
        "versiondate": "2023-11-10",
        "name1_language": null,
        "name2_language": null,
        "routehierarchy": "Restricted Local Access Road",
        "geometry_length_m": 59.367,
        "alternatename1_text": null,
        "alternatename2_text": null,
        "capturespecification": "Urban",
        "versionavailabletodate": null,
        "alternatename1_language": null,
        "alternatename2_language": null,
        "roadclassificationnumber": null,
        "versionavailablefromdate": "2023-11-11T00:00:00Z",
        "presenceofpavement_source": "Ordnance Survey",
        "presenceofpavement_sideofroad": "Left",
        "presenceofpavement_updatedate": "2023-11-07",
        "presenceofpavement_evidencedate": "2020-09-20",
        "presenceofpavement_capturemethod": "Automated Process",
        "presenceofpavement_averagewidth_m": 1.9,
        "presenceofpavement_minimumwidth_m": 0.91
      }
    },
    {
      "id": "3226ceb6-ee0e-4563-a378-e988b4b4ba57",
      "type": "Feature",
      "geometry": {
        "type": "LineString",
        "coordinates": [
          [
            -1.4654932,
            50.9401323
          ],
          [
            -1.4654533,
            50.9401074
          ]
        ]
      },
      "properties": {
        "osid": "3226ceb6-ee0e-4563-a378-e988b4b4ba57",
        "theme": "Transport",
        "changetype": "Modified Attributes",
        "name1_text": "Merrygrove Way",
        "name2_text": null,
        "roadlinkid": "25d86b9c-c89b-4e98-b303-2a9cdd65c4dc",
        "description": "Pavement",
        "versiondate": "2025-06-03",
        "name1_language": null,
        "name2_language": null,
        "routehierarchy": "Restricted Local Access Road",
        "geometry_length_m": 3.938,
        "alternatename1_text": null,
        "alternatename2_text": null,
        "capturespecification": "Urban",
        "versionavailabletodate": null,
        "alternatename1_language": null,
        "alternatename2_language": null,
        "roadclassificationnumber": null,
        "versionavailablefromdate": "2025-06-04T00:00:00Z",
        "presenceofpavement_source": "Ordnance Survey",
        "presenceofpavement_sideofroad": "Right",
        "presenceofpavement_updatedate": "2025-05-30",
        "presenceofpavement_evidencedate": "2025-04-28",
        "presenceofpavement_capturemethod": "Automated Process",
        "presenceofpavement_averagewidth_m": 1.54,
        "presenceofpavement_minimumwidth_m": 1.13
      }
    },
    {
      "id": "32bd36d7-8e01-4fd5-8d44-083accf1807e",
      "type": "Feature",
      "geometry": {
        "type": "LineString",
        "coordinates": [
          [
            -1.4635133,
            50.9343471
          ],
          [
            -1.4634753,
            50.9343411
          ],
          [
            -1.4634332,
            50.9343372
          ],
          [
            -1.463401,
            50.9343359
          ],
          [
            -1.4633907,
            50.9343355
          ],
          [
            -1.4633837,
            50.9343356
          ],
          [
            -1.4633329,
            50.934337
          ]
        ]
      },
      "properties": {
        "osid": "32bd36d7-8e01-4fd5-8d44-083accf1807e",
        "theme": "Transport",
        "changetype": "New",
        "name1_text": "Lower Brownhill Road",
        "name2_text": null,
        "roadlinkid": "c74da42f-2ecc-42c7-beab-699a3bb83a8f",
        "description": "Pavement",
        "versiondate": "2023-09-14",
        "name1_language": null,
        "name2_language": null,
        "routehierarchy": "Minor Road",
        "geometry_length_m": 12.805,
        "alternatename1_text": null,
        "alternatename2_text": null,
        "capturespecification": "Urban",
        "versionavailabletodate": null,
        "alternatename1_language": null,
        "alternatename2_language": null,
        "roadclassificationnumber": null,
        "versionavailablefromdate": "2023-09-15T00:00:00Z",
        "presenceofpavement_source": "Ordnance Survey",
        "presenceofpavement_sideofroad": "Left",
        "presenceofpavement_updatedate": "2023-09-13",
        "presenceofpavement_evidencedate": "2022-12-06",
        "presenceofpavement_capturemethod": "Automated Process",
        "presenceofpavement_averagewidth_m": 1.83,
        "presenceofpavement_minimumwidth_m": 1.11
      }
    },
    {
      "id": "33663d6d-921f-4f95-92a1-08fbc0f9aed5",
      "type": "Feature",
      "geometry": {
        "type": "LineString",
        "coordinates": [
          [
            -1.4703487,
            50.9364674
          ],
          [
            -1.4703605,
            50.9365036
          ],
          [
            -1.4703604,
            50.936507
          ],
          [
            -1.4703593,
            50.9365937
          ]
        ]
      },
      "properties": {
        "osid": "33663d6d-921f-4f95-92a1-08fbc0f9aed5",
        "theme": "Transport",
        "changetype": "Modified Attributes",
        "name1_text": null,
        "name2_text": null,
        "roadlinkid": "f0f7986f-cf9d-46b7-b363-58b99029c4a7",
        "description": "Pavement",
        "versiondate": "2024-09-06",
        "name1_language": null,
        "name2_language": null,
        "routehierarchy": "Local Road",
        "geometry_length_m": 14.135,
        "alternatename1_text": null,
        "alternatename2_text": null,
        "capturespecification": "Urban",
        "versionavailabletodate": null,
        "alternatename1_language": null,
        "alternatename2_language": null,
        "roadclassificationnumber": null,
        "versionavailablefromdate": "2024-09-07T00:00:00Z",
        "presenceofpavement_source": "Ordnance Survey",
        "presenceofpavement_sideofroad": "Left",
        "presenceofpavement_updatedate": "2024-09-02",
        "presenceofpavement_evidencedate": "2024-07-30",
        "presenceofpavement_capturemethod": "Automated Process",
        "presenceofpavement_averagewidth_m": 1.98,
        "presenceofpavement_minimumwidth_m": 1.06
      }
    },
    {
      "id": "33ab336a-fab6-41a2-9f40-f88185afbe4d",
      "type": "Feature",
      "geometry": {
        "type": "LineString",
        "coordinates": [
          [
            -1.4712281,
            50.9367289
          ],
          [
            -1.4711805,
            50.9367585
          ],
          [
            -1.4711666,
            50.9367598
          ],
          [
            -1.4710866,
            50.9367671
          ],
          [
            -1.4710689,
            50.9367688
          ],
          [
            -1.4710162,
            50.936747
          ]
        ]
      },
      "properties": {
        "osid": "33ab336a-fab6-41a2-9f40-f88185afbe4d",
        "theme": "Transport",
        "changetype": "New",
        "name1_text": "Adanac Drive",
        "name2_text": null,
        "roadlinkid": "73ba3efd-65f5-4353-a599-4834150521fc",
        "description": "Pavement",
        "versiondate": "2023-09-14",
        "name1_language": null,
        "name2_language": null,
        "routehierarchy": "Local Road",
        "geometry_length_m": 17.043,
        "alternatename1_text": null,
        "alternatename2_text": null,
        "capturespecification": "Urban",
        "versionavailabletodate": null,
        "alternatename1_language": null,
        "alternatename2_language": null,
        "roadclassificationnumber": null,
        "versionavailablefromdate": "2023-09-15T00:00:00Z",
        "presenceofpavement_source": "Ordnance Survey",
        "presenceofpavement_sideofroad": "Left",
        "presenceofpavement_updatedate": "2023-09-13",
        "presenceofpavement_evidencedate": "2012-03-29",
        "presenceofpavement_capturemethod": "Automated Process",
        "presenceofpavement_averagewidth_m": 2.96,
        "presenceofpavement_minimumwidth_m": 0.94
      }
    },
    {
      "id": "35633558-0421-4365-be4e-6be8d26c5d1e",
      "type": "Feature",
      "geometry": {
        "type": "LineString",
        "coordinates": [
          [
            -1.4692529,
            50.9353253
          ],
          [
            -1.4692527,
            50.9353008
          ]
        ]
      },
      "properties": {
        "osid": "35633558-0421-4365-be4e-6be8d26c5d1e",
        "theme": "Transport",
        "changetype": "New",
        "name1_text": "Adanac Drive",
        "name2_text": null,
        "roadlinkid": "3b790492-5ecc-4acf-af08-e2edf8a6c4d6",
        "description": "Pavement",
        "versiondate": "2023-09-14",
        "name1_language": null,
        "name2_language": null,
        "routehierarchy": "Local Road",
        "geometry_length_m": 2.726,
        "alternatename1_text": null,
        "alternatename2_text": null,
        "capturespecification": "Urban",
        "versionavailabletodate": null,
        "alternatename1_language": null,
        "alternatename2_language": null,
        "roadclassificationnumber": null,
        "versionavailablefromdate": "2023-09-15T00:00:00Z",
        "presenceofpavement_source": "Ordnance Survey",
        "presenceofpavement_sideofroad": "Left",
        "presenceofpavement_updatedate": "2023-09-13",
        "presenceofpavement_evidencedate": "2021-05-06",
        "presenceofpavement_capturemethod": "Automated Process",
        "presenceofpavement_averagewidth_m": 1.28,
        "presenceofpavement_minimumwidth_m": 1.28
      }
    },
    {
      "id": "365581e0-1afd-4c92-ab4b-79c0d8028c20",
      "type": "Feature",
      "geometry": {
        "type": "LineString",
        "coordinates": [
          [
            -1.4669512,
            50.9370354
          ],
          [
            -1.4670676,
            50.9370821
          ],
          [
            -1.4671523,
            50.9371364
          ],
          [
            -1.4672932,
            50.937263
          ]
        ]
      },
      "properties": {
        "osid": "365581e0-1afd-4c92-ab4b-79c0d8028c20",
        "theme": "Transport",
        "changetype": "Modified Attributes",
        "name1_text": "Hillyfields",
        "name2_text": null,
        "roadlinkid": "85c88bda-6822-4916-a9d5-3541e8da3084",
        "description": "Pavement",
        "versiondate": "2023-11-10",
        "name1_language": null,
        "name2_language": null,
        "routehierarchy": "Local Road",
        "geometry_length_m": 35.381,
        "alternatename1_text": null,
        "alternatename2_text": null,
        "capturespecification": "Urban",
        "versionavailabletodate": null,
        "alternatename1_language": null,
        "alternatename2_language": null,
        "roadclassificationnumber": null,
        "versionavailablefromdate": "2023-11-11T00:00:00Z",
        "presenceofpavement_source": "Ordnance Survey",
        "presenceofpavement_sideofroad": "Right",
        "presenceofpavement_updatedate": "2023-11-07",
        "presenceofpavement_evidencedate": "2017-02-07",
        "presenceofpavement_capturemethod": "Automated Process",
        "presenceofpavement_averagewidth_m": 1.43,
        "presenceofpavement_minimumwidth_m": 1.33
      }
    },
    {
      "id": "37bc124e-2ec6-419e-a847-2c8e3d841ffc",
      "type": "Feature",
      "geometry": {
        "type": "LineString",
        "coordinates": [
          [
            -1.4636133,
            50.9337771
          ],
          [
            -1.4635764,
            50.9337569
          ],
          [
            -1.4635451,
            50.9337408
          ]
        ]
      },
      "properties": {
        "osid": "37bc124e-2ec6-419e-a847-2c8e3d841ffc",
        "theme": "Transport",
        "changetype": "New",
        "name1_text": "Colne Avenue",
        "name2_text": null,
        "roadlinkid": "01079aa3-f1f4-4b14-a41b-60f259b21cc4",
        "description": "Pavement",
        "versiondate": "2023-09-14",
        "name1_language": null,
        "name2_language": null,
        "routehierarchy": "Local Road",
        "geometry_length_m": 6.266,
        "alternatename1_text": null,
        "alternatename2_text": null,
        "capturespecification": "Urban",
        "versionavailabletodate": null,
        "alternatename1_language": null,
        "alternatename2_language": null,
        "roadclassificationnumber": null,
        "versionavailablefromdate": "2023-09-15T00:00:00Z",
        "presenceofpavement_source": "Ordnance Survey",
        "presenceofpavement_sideofroad": "Right",
        "presenceofpavement_updatedate": "2023-09-13",
        "presenceofpavement_evidencedate": "2016-08-12",
        "presenceofpavement_capturemethod": "Automated Process",
        "presenceofpavement_averagewidth_m": 2.32,
        "presenceofpavement_minimumwidth_m": 1.24
      }
    },
    {
      "id": "381963b1-b237-47c6-8ae1-40636f8c5d08",
      "type": "Feature",
      "geometry": {
        "type": "LineString",
        "coordinates": [
          [
            -1.4722156,
            50.9372956
          ],
          [
            -1.4721622,
            50.9372969
          ]
        ]
      },
      "properties": {
        "osid": "381963b1-b237-47c6-8ae1-40636f8c5d08",
        "theme": "Transport",
        "changetype": "New",
        "name1_text": null,
        "name2_text": null,
        "roadlinkid": "f8551868-39b7-4c41-bffd-33d68fe3154a",
        "description": "Pavement",
        "versiondate": "2023-11-10",
        "name1_language": null,
        "name2_language": null,
        "routehierarchy": "Restricted Local Access Road",
        "geometry_length_m": 3.753,
        "alternatename1_text": null,
        "alternatename2_text": null,
        "capturespecification": "Urban",
        "versionavailabletodate": null,
        "alternatename1_language": null,
        "alternatename2_language": null,
        "roadclassificationnumber": null,
        "versionavailablefromdate": "2023-11-11T00:00:00Z",
        "presenceofpavement_source": "Ordnance Survey",
        "presenceofpavement_sideofroad": "Right",
        "presenceofpavement_updatedate": "2023-11-07",
        "presenceofpavement_evidencedate": "2012-03-29",
        "presenceofpavement_capturemethod": "Automated Process",
        "presenceofpavement_averagewidth_m": 1.36,
        "presenceofpavement_minimumwidth_m": 0.8
      }
    },
    {
      "id": "382da949-f78f-440a-b397-c7e1663e2143",
      "type": "Feature",
      "geometry": {
        "type": "LineString",
        "coordinates": [
          [
            -1.4660328,
            50.936722
          ],
          [
            -1.4660324,
            50.9367536
          ],
          [
            -1.466013,
            50.9368014
          ]
        ]
      },
      "properties": {
        "osid": "382da949-f78f-440a-b397-c7e1663e2143",
        "theme": "Transport",
        "changetype": "New",
        "name1_text": "Danebury Way",
        "name2_text": null,
        "roadlinkid": "144bbeee-adc6-4b13-87d6-276fc866fb90",
        "description": "Pavement",
        "versiondate": "2023-09-14",
        "name1_language": null,
        "name2_language": null,
        "routehierarchy": "Local Road",
        "geometry_length_m": 9,
        "alternatename1_text": null,
        "alternatename2_text": null,
        "capturespecification": "Urban",
        "versionavailabletodate": null,
        "alternatename1_language": null,
        "alternatename2_language": null,
        "roadclassificationnumber": null,
        "versionavailablefromdate": "2023-09-15T00:00:00Z",
        "presenceofpavement_source": "Ordnance Survey",
        "presenceofpavement_sideofroad": "Right",
        "presenceofpavement_updatedate": "2023-09-13",
        "presenceofpavement_evidencedate": "2018-02-20",
        "presenceofpavement_capturemethod": "Automated Process",
        "presenceofpavement_averagewidth_m": 1.51,
        "presenceofpavement_minimumwidth_m": 1.36
      }
    },
    {
      "id": "386e3685-0547-4085-b648-1b9c20b285d6",
      "type": "Feature",
      "geometry": {
        "type": "LineString",
        "coordinates": [
          [
            -1.4670679,
            50.9361744
          ],
          [
            -1.4670292,
            50.9361741
          ]
        ]
      },
      "properties": {
        "osid": "386e3685-0547-4085-b648-1b9c20b285d6",
        "theme": "Transport",
        "changetype": "New",
        "name1_text": "Frogmore Lane",
        "name2_text": null,
        "roadlinkid": "76c76233-62ad-4ec6-81ee-469db625bc0c",
        "description": "Pavement",
        "versiondate": "2023-09-14",
        "name1_language": null,
        "name2_language": null,
        "routehierarchy": "Local Road",
        "geometry_length_m": 2.725,
        "alternatename1_text": null,
        "alternatename2_text": null,
        "capturespecification": "Urban",
        "versionavailabletodate": null,
        "alternatename1_language": null,
        "alternatename2_language": null,
        "roadclassificationnumber": null,
        "versionavailablefromdate": "2023-09-15T00:00:00Z",
        "presenceofpavement_source": "Ordnance Survey",
        "presenceofpavement_sideofroad": "Right",
        "presenceofpavement_updatedate": "2023-09-13",
        "presenceofpavement_evidencedate": "2018-05-09",
        "presenceofpavement_capturemethod": "Automated Process",
        "presenceofpavement_averagewidth_m": 1.05,
        "presenceofpavement_minimumwidth_m": 0.88
      }
    },
    {
      "id": "38cde7f9-59b8-4f51-98a8-cc4c45b43d5d",
      "type": "Feature",
      "geometry": {
        "type": "LineString",
        "coordinates": [
          [
            -1.4724676,
            50.9381996
          ],
          [
            -1.472468,
            50.93812
          ],
          [
            -1.4724681,
            50.938109
          ]
        ]
      },
      "properties": {
        "osid": "38cde7f9-59b8-4f51-98a8-cc4c45b43d5d",
        "theme": "Transport",
        "changetype": "Modified Attributes",
        "name1_text": "Adanac Drive",
        "name2_text": null,
        "roadlinkid": "efff79aa-08dc-4c01-8e00-e48d840414bf",
        "description": "Pavement",
        "versiondate": "2023-11-10",
        "name1_language": null,
        "name2_language": null,
        "routehierarchy": "Local Road",
        "geometry_length_m": 10.07,
        "alternatename1_text": null,
        "alternatename2_text": null,
        "capturespecification": "Urban",
        "versionavailabletodate": null,
        "alternatename1_language": null,
        "alternatename2_language": null,
        "roadclassificationnumber": null,
        "versionavailablefromdate": "2023-11-11T00:00:00Z",
        "presenceofpavement_source": "Ordnance Survey",
        "presenceofpavement_sideofroad": "Right",
        "presenceofpavement_updatedate": "2023-11-07",
        "presenceofpavement_evidencedate": "2014-03-13",
        "presenceofpavement_capturemethod": "Automated Process",
        "presenceofpavement_averagewidth_m": 1.67,
        "presenceofpavement_minimumwidth_m": 0.69
      }
    },
    {
      "id": "391cdb0b-db36-4251-a696-360dfa2dfc9c",
      "type": "Feature",
      "geometry": {
        "type": "LineString",
        "coordinates": [
          [
            -1.4655192,
            50.9401469
          ],
          [
            -1.4656903,
            50.9400427
          ],
          [
            -1.4657355,
            50.9400122
          ],
          [
            -1.4657654,
            50.939989
          ],
          [
            -1.4657975,
            50.9399609
          ],
          [
            -1.4658265,
            50.9399315
          ],
          [
            -1.4658516,
            50.939901
          ],
          [
            -1.4658626,
            50.9398851
          ],
          [
            -1.4658843,
            50.9398453
          ]
        ]
      },
      "properties": {
        "osid": "391cdb0b-db36-4251-a696-360dfa2dfc9c",
        "theme": "Transport",
        "changetype": "New",
        "name1_text": "Bodding Avenue",
        "name2_text": null,
        "roadlinkid": "e8ead8a4-c507-423e-9426-aa64cbeb3da7",
        "description": "Pavement",
        "versiondate": "2023-09-14",
        "name1_language": null,
        "name2_language": null,
        "routehierarchy": "Local Road",
        "geometry_length_m": 42.804,
        "alternatename1_text": null,
        "alternatename2_text": null,
        "capturespecification": "Urban",
        "versionavailabletodate": null,
        "alternatename1_language": null,
        "alternatename2_language": null,
        "roadclassificationnumber": null,
        "versionavailablefromdate": "2023-09-15T00:00:00Z",
        "presenceofpavement_source": "Ordnance Survey",
        "presenceofpavement_sideofroad": "Right",
        "presenceofpavement_updatedate": "2023-09-13",
        "presenceofpavement_evidencedate": "2021-08-10",
        "presenceofpavement_capturemethod": "Automated Process",
        "presenceofpavement_averagewidth_m": 1.68,
        "presenceofpavement_minimumwidth_m": 0.78
      }
    },
    {
      "id": "3a42f254-616e-4d0c-b1dc-a60fcecf875e",
      "type": "Feature",
      "geometry": {
        "type": "LineString",
        "coordinates": [
          [
            -1.4736891,
            50.9342255
          ],
          [
            -1.47349,
            50.9342156
          ]
        ]
      },
      "properties": {
        "osid": "3a42f254-616e-4d0c-b1dc-a60fcecf875e",
        "theme": "Transport",
        "changetype": "New",
        "name1_text": "Brownhill Way",
        "name2_text": null,
        "roadlinkid": "f7b76444-3652-4edb-9656-42420d20a0c6",
        "description": "Pavement",
        "versiondate": "2023-09-14",
        "name1_language": null,
        "name2_language": null,
        "routehierarchy": "Minor Road",
        "geometry_length_m": 14.036,
        "alternatename1_text": null,
        "alternatename2_text": null,
        "capturespecification": "Rural",
        "versionavailabletodate": null,
        "alternatename1_language": null,
        "alternatename2_language": null,
        "roadclassificationnumber": null,
        "versionavailablefromdate": "2023-09-15T00:00:00Z",
        "presenceofpavement_source": "Ordnance Survey",
        "presenceofpavement_sideofroad": "Left",
        "presenceofpavement_updatedate": "2023-09-13",
        "presenceofpavement_evidencedate": "2017-01-25",
        "presenceofpavement_capturemethod": "Automated Process",
        "presenceofpavement_averagewidth_m": 2.07,
        "presenceofpavement_minimumwidth_m": 1.43
      }
    },
    {
      "id": "3d1ef8e8-7433-4bc0-8efd-58af0fe82270",
      "type": "Feature",
      "geometry": {
        "type": "LineString",
        "coordinates": [
          [
            -1.4668777,
            50.9369567
          ],
          [
            -1.4668409,
            50.9369911
          ]
        ]
      },
      "properties": {
        "osid": "3d1ef8e8-7433-4bc0-8efd-58af0fe82270",
        "theme": "Transport",
        "changetype": "New",
        "name1_text": "Redbridge Lane",
        "name2_text": null,
        "roadlinkid": "49daccb0-7888-41b1-b1eb-18805241488a",
        "description": "Pavement",
        "versiondate": "2023-09-14",
        "name1_language": null,
        "name2_language": null,
        "routehierarchy": "Local Road",
        "geometry_length_m": 4.616,
        "alternatename1_text": null,
        "alternatename2_text": null,
        "capturespecification": "Urban",
        "versionavailabletodate": null,
        "alternatename1_language": null,
        "alternatename2_language": null,
        "roadclassificationnumber": null,
        "versionavailablefromdate": "2023-09-15T00:00:00Z",
        "presenceofpavement_source": "Ordnance Survey",
        "presenceofpavement_sideofroad": "Right",
        "presenceofpavement_updatedate": "2023-09-13",
        "presenceofpavement_evidencedate": "2018-02-19",
        "presenceofpavement_capturemethod": "Automated Process",
        "presenceofpavement_averagewidth_m": 1.35,
        "presenceofpavement_minimumwidth_m": 1.05
      }
    },
    {
      "id": "3df8320a-fb95-4e2c-aa73-898cd6262d10",
      "type": "Feature",
      "geometry": {
        "type": "LineString",
        "coordinates": [
          [
            -1.4636983,
            50.9338309
          ],
          [
            -1.4636754,
            50.9338113
          ],
          [
            -1.4636567,
            50.933801
          ]
        ]
      },
      "properties": {
        "osid": "3df8320a-fb95-4e2c-aa73-898cd6262d10",
        "theme": "Transport",
        "changetype": "New",
        "name1_text": "Colne Avenue",
        "name2_text": null,
        "roadlinkid": "2612636e-4667-4f33-8e24-c6df020143ee",
        "description": "Pavement",
        "versiondate": "2023-09-14",
        "name1_language": null,
        "name2_language": null,
        "routehierarchy": "Local Road",
        "geometry_length_m": 4.445,
        "alternatename1_text": null,
        "alternatename2_text": null,
        "capturespecification": "Urban",
        "versionavailabletodate": null,
        "alternatename1_language": null,
        "alternatename2_language": null,
        "roadclassificationnumber": null,
        "versionavailablefromdate": "2023-09-15T00:00:00Z",
        "presenceofpavement_source": "Ordnance Survey",
        "presenceofpavement_sideofroad": "Left",
        "presenceofpavement_updatedate": "2023-09-13",
        "presenceofpavement_evidencedate": "2022-12-06",
        "presenceofpavement_capturemethod": "Automated Process",
        "presenceofpavement_averagewidth_m": 2.07,
        "presenceofpavement_minimumwidth_m": 1.28
      }
    },
    {
      "id": "3e250c33-3818-42a2-8f77-17ddec052efb",
      "type": "Feature",
      "geometry": {
        "type": "LineString",
        "coordinates": [
          [
            -1.469448,
            50.9363323
          ],
          [
            -1.4694226,
            50.9363431
          ],
          [
            -1.4694134,
            50.9363457
          ]
        ]
      },
      "properties": {
        "osid": "3e250c33-3818-42a2-8f77-17ddec052efb",
        "theme": "Transport",
        "changetype": "New",
        "name1_text": null,
        "name2_text": null,
        "roadlinkid": "ffd7b19b-f4ca-4cde-aefe-73b1ac91979a",
        "description": "Pavement",
        "versiondate": "2023-09-14",
        "name1_language": null,
        "name2_language": null,
        "routehierarchy": "Restricted Local Access Road",
        "geometry_length_m": 2.853,
        "alternatename1_text": null,
        "alternatename2_text": null,
        "capturespecification": "Urban",
        "versionavailabletodate": null,
        "alternatename1_language": null,
        "alternatename2_language": null,
        "roadclassificationnumber": null,
        "versionavailablefromdate": "2023-09-15T00:00:00Z",
        "presenceofpavement_source": "Ordnance Survey",
        "presenceofpavement_sideofroad": "Left",
        "presenceofpavement_updatedate": "2023-09-13",
        "presenceofpavement_evidencedate": "2016-08-02",
        "presenceofpavement_capturemethod": "Automated Process",
        "presenceofpavement_averagewidth_m": 1.92,
        "presenceofpavement_minimumwidth_m": 0.83
      }
    },
    {
      "id": "3e76695c-45d9-4520-9f2c-297b43ce8498",
      "type": "Feature",
      "geometry": {
        "type": "LineString",
        "coordinates": [
          [
            -1.4694772,
            50.9362623
          ],
          [
            -1.4694315,
            50.936216
          ],
          [
            -1.4693382,
            50.9360874
          ],
          [
            -1.4692791,
            50.9359084
          ]
        ]
      },
      "properties": {
        "osid": "3e76695c-45d9-4520-9f2c-297b43ce8498",
        "theme": "Transport",
        "changetype": "New",
        "name1_text": "Adanac Drive",
        "name2_text": null,
        "roadlinkid": "f464b4c2-d9cf-460b-9566-d11c8902637d",
        "description": "Pavement",
        "versiondate": "2023-09-14",
        "name1_language": null,
        "name2_language": null,
        "routehierarchy": "Local Road",
        "geometry_length_m": 42.139,
        "alternatename1_text": null,
        "alternatename2_text": null,
        "capturespecification": "Urban",
        "versionavailabletodate": null,
        "alternatename1_language": null,
        "alternatename2_language": null,
        "roadclassificationnumber": null,
        "versionavailablefromdate": "2023-09-15T00:00:00Z",
        "presenceofpavement_source": "Ordnance Survey",
        "presenceofpavement_sideofroad": "Left",
        "presenceofpavement_updatedate": "2023-09-13",
        "presenceofpavement_evidencedate": "2022-09-29",
        "presenceofpavement_capturemethod": "Automated Process",
        "presenceofpavement_averagewidth_m": 2.3,
        "presenceofpavement_minimumwidth_m": 0.57
      }
    },
    {
      "id": "410b418f-f3b5-4d61-add4-bf48b294b4e7",
      "type": "Feature",
      "geometry": {
        "type": "LineString",
        "coordinates": [
          [
            -1.4651516,
            50.9349687
          ],
          [
            -1.4652447,
            50.9349506
          ]
        ]
      },
      "properties": {
        "osid": "410b418f-f3b5-4d61-add4-bf48b294b4e7",
        "theme": "Transport",
        "changetype": "New",
        "name1_text": "Hurst Way",
        "name2_text": null,
        "roadlinkid": "61df851f-7a57-4657-be1a-82e6c29c0100",
        "description": "Pavement",
        "versiondate": "2024-11-01",
        "name1_language": null,
        "name2_language": null,
        "routehierarchy": "Local Road",
        "geometry_length_m": 6.846,
        "alternatename1_text": null,
        "alternatename2_text": null,
        "capturespecification": "Urban",
        "versionavailabletodate": null,
        "alternatename1_language": null,
        "alternatename2_language": null,
        "roadclassificationnumber": null,
        "versionavailablefromdate": "2024-11-02T00:00:00Z",
        "presenceofpavement_source": "Ordnance Survey",
        "presenceofpavement_sideofroad": "Left",
        "presenceofpavement_updatedate": "2024-10-29",
        "presenceofpavement_evidencedate": "2022-07-28",
        "presenceofpavement_capturemethod": "Automated Process",
        "presenceofpavement_averagewidth_m": 1.46,
        "presenceofpavement_minimumwidth_m": 1.01
      }
    },
    {
      "id": "43279818-fa7c-43be-94e7-254e387ffef4",
      "type": "Feature",
      "geometry": {
        "type": "LineString",
        "coordinates": [
          [
            -1.4696305,
            50.9407312
          ],
          [
            -1.4694404,
            50.9407317
          ],
          [
            -1.4693651,
            50.9407292
          ],
          [
            -1.4693218,
            50.9407232
          ],
          [
            -1.4692729,
            50.9407112
          ],
          [
            -1.4692372,
            50.9406921
          ],
          [
            -1.4691978,
            50.9406575
          ],
          [
            -1.469166,
            50.9406123
          ],
          [
            -1.4691568,
            50.9405635
          ],
          [
            -1.4691588,
            50.9403237
          ]
        ]
      },
      "properties": {
        "osid": "43279818-fa7c-43be-94e7-254e387ffef4",
        "theme": "Transport",
        "changetype": "Modified Attributes",
        "name1_text": null,
        "name2_text": null,
        "roadlinkid": "80eefb4b-5dc7-45a0-8f79-44f7ab323c57",
        "description": "Pavement",
        "versiondate": "2023-11-10",
        "name1_language": null,
        "name2_language": null,
        "routehierarchy": "Restricted Local Access Road",
        "geometry_length_m": 71.111,
        "alternatename1_text": null,
        "alternatename2_text": null,
        "capturespecification": "Urban",
        "versionavailabletodate": null,
        "alternatename1_language": null,
        "alternatename2_language": null,
        "roadclassificationnumber": null,
        "versionavailablefromdate": "2023-11-11T00:00:00Z",
        "presenceofpavement_source": "Ordnance Survey",
        "presenceofpavement_sideofroad": "Left",
        "presenceofpavement_updatedate": "2023-11-07",
        "presenceofpavement_evidencedate": "2020-09-20",
        "presenceofpavement_capturemethod": "Automated Process",
        "presenceofpavement_averagewidth_m": 1.43,
        "presenceofpavement_minimumwidth_m": 0.98
      }
    },
    {
      "id": "436f8ae5-c7dc-451b-8081-fda7c8abb10c",
      "type": "Feature",
      "geometry": {
        "type": "LineString",
        "coordinates": [
          [
            -1.4643924,
            50.940419
          ],
          [
            -1.4644383,
            50.9404324
          ],
          [
            -1.4647327,
            50.9405441
          ],
          [
            -1.4648723,
            50.9405907
          ],
          [
            -1.4649196,
            50.9406018
          ]
        ]
      },
      "properties": {
        "osid": "436f8ae5-c7dc-451b-8081-fda7c8abb10c",
        "theme": "Transport",
        "changetype": "Modified Attributes",
        "name1_text": "Wades Crescent",
        "name2_text": null,
        "roadlinkid": "e3db46a9-57c5-4cbe-88fb-8c6a1b954a2b",
        "description": "Pavement",
        "versiondate": "2025-06-03",
        "name1_language": null,
        "name2_language": null,
        "routehierarchy": "Local Road",
        "geometry_length_m": 42.318,
        "alternatename1_text": null,
        "alternatename2_text": null,
        "capturespecification": "Urban",
        "versionavailabletodate": null,
        "alternatename1_language": null,
        "alternatename2_language": null,
        "roadclassificationnumber": null,
        "versionavailablefromdate": "2025-06-04T00:00:00Z",
        "presenceofpavement_source": "Ordnance Survey",
        "presenceofpavement_sideofroad": "Left",
        "presenceofpavement_updatedate": "2025-05-30",
        "presenceofpavement_evidencedate": "2025-04-28",
        "presenceofpavement_capturemethod": "Automated Process",
        "presenceofpavement_averagewidth_m": 1.74,
        "presenceofpavement_minimumwidth_m": 1.74
      }
    },
    {
      "id": "46d2981e-a2b3-4843-af9f-ff3202aa5a53",
      "type": "Feature",
      "geometry": {
        "type": "LineString",
        "coordinates": [
          [
            -1.4636569,
            50.9343878
          ],
          [
            -1.4636162,
            50.9343714
          ]
        ]
      },
      "properties": {
        "osid": "46d2981e-a2b3-4843-af9f-ff3202aa5a53",
        "theme": "Transport",
        "changetype": "New",
        "name1_text": "Frogmore Lane",
        "name2_text": null,
        "roadlinkid": "d830ace0-d3f2-408d-bae1-be9d993ec9c2",
        "description": "Pavement",
        "versiondate": "2023-09-14",
        "name1_language": null,
        "name2_language": null,
        "routehierarchy": "Local Road",
        "geometry_length_m": 3.401,
        "alternatename1_text": null,
        "alternatename2_text": null,
        "capturespecification": "Urban",
        "versionavailabletodate": null,
        "alternatename1_language": null,
        "alternatename2_language": null,
        "roadclassificationnumber": null,
        "versionavailablefromdate": "2023-09-15T00:00:00Z",
        "presenceofpavement_source": "Ordnance Survey",
        "presenceofpavement_sideofroad": "Right",
        "presenceofpavement_updatedate": "2023-09-13",
        "presenceofpavement_evidencedate": "2022-12-06",
        "presenceofpavement_capturemethod": "Automated Process",
        "presenceofpavement_averagewidth_m": 1.72,
        "presenceofpavement_minimumwidth_m": 1.18
      }
    },
    {
      "id": "48990b9b-ced8-43a1-8103-f83902c745f4",
      "type": "Feature",
      "geometry": {
        "type": "LineString",
        "coordinates": [
          [
            -1.4660387,
            50.9362074
          ],
          [
            -1.4660375,
            50.9363097
          ],
          [
            -1.4660374,
            50.9363172
          ]
        ]
      },
      "properties": {
        "osid": "48990b9b-ced8-43a1-8103-f83902c745f4",
        "theme": "Transport",
        "changetype": "Modified Attributes",
        "name1_text": "Danebury Way",
        "name2_text": null,
        "roadlinkid": "741177ab-63f8-44b8-96ce-bd05fad3a124",
        "description": "Pavement",
        "versiondate": "2023-11-10",
        "name1_language": null,
        "name2_language": null,
        "routehierarchy": "Local Road",
        "geometry_length_m": 12.218,
        "alternatename1_text": null,
        "alternatename2_text": null,
        "capturespecification": "Urban",
        "versionavailabletodate": null,
        "alternatename1_language": null,
        "alternatename2_language": null,
        "roadclassificationnumber": null,
        "versionavailablefromdate": "2023-11-11T00:00:00Z",
        "presenceofpavement_source": "Ordnance Survey",
        "presenceofpavement_sideofroad": "Left",
        "presenceofpavement_updatedate": "2023-11-07",
        "presenceofpavement_evidencedate": "2018-02-19",
        "presenceofpavement_capturemethod": "Automated Process",
        "presenceofpavement_averagewidth_m": 2.06,
        "presenceofpavement_minimumwidth_m": 1.07
      }
    },
    {
      "id": "49e93e46-9263-4116-b45e-318116bf5238",
      "type": "Feature",
      "geometry": {
        "type": "LineString",
        "coordinates": [
          [
            -1.4660361,
            50.9364286
          ],
          [
            -1.4660341,
            50.9366096
          ]
        ]
      },
      "properties": {
        "osid": "49e93e46-9263-4116-b45e-318116bf5238",
        "theme": "Transport",
        "changetype": "New",
        "name1_text": "Danebury Way",
        "name2_text": null,
        "roadlinkid": "fcb695ca-5fdf-481e-856c-e930a27291ae",
        "description": "Pavement",
        "versiondate": "2023-09-14",
        "name1_language": null,
        "name2_language": null,
        "routehierarchy": "Local Road",
        "geometry_length_m": 20.13,
        "alternatename1_text": null,
        "alternatename2_text": null,
        "capturespecification": "Urban",
        "versionavailabletodate": null,
        "alternatename1_language": null,
        "alternatename2_language": null,
        "roadclassificationnumber": null,
        "versionavailablefromdate": "2023-09-15T00:00:00Z",
        "presenceofpavement_source": "Ordnance Survey",
        "presenceofpavement_sideofroad": "Left",
        "presenceofpavement_updatedate": "2023-09-13",
        "presenceofpavement_evidencedate": "2006-07-01",
        "presenceofpavement_capturemethod": "Automated Process",
        "presenceofpavement_averagewidth_m": 1.94,
        "presenceofpavement_minimumwidth_m": 1.46
      }
    },
    {
      "id": "4a61e7e4-6333-4229-b3f8-2510014c79b2",
      "type": "Feature",
      "geometry": {
        "type": "LineString",
        "coordinates": [
          [
            -1.4636595,
            50.9344517
          ],
          [
            -1.463706,
            50.9344259
          ]
        ]
      },
      "properties": {
        "osid": "4a61e7e4-6333-4229-b3f8-2510014c79b2",
        "theme": "Transport",
        "changetype": "New",
        "name1_text": "Brownhill Way",
        "name2_text": null,
        "roadlinkid": "e96d83d8-4aad-4cf7-affd-74a7e043cf45",
        "description": "Pavement",
        "versiondate": "2023-09-14",
        "name1_language": null,
        "name2_language": null,
        "routehierarchy": "Minor Road",
        "geometry_length_m": 4.351,
        "alternatename1_text": null,
        "alternatename2_text": null,
        "capturespecification": "Urban",
        "versionavailabletodate": null,
        "alternatename1_language": null,
        "alternatename2_language": null,
        "roadclassificationnumber": null,
        "versionavailablefromdate": "2023-09-15T00:00:00Z",
        "presenceofpavement_source": "Ordnance Survey",
        "presenceofpavement_sideofroad": "Right",
        "presenceofpavement_updatedate": "2023-09-13",
        "presenceofpavement_evidencedate": "2022-12-08",
        "presenceofpavement_capturemethod": "Automated Process",
        "presenceofpavement_averagewidth_m": 2.87,
        "presenceofpavement_minimumwidth_m": 1.41
      }
    },
    {
      "id": "4a6f425b-12b9-4ee7-af76-bed1ebd127e5",
      "type": "Feature",
      "geometry": {
        "type": "LineString",
        "coordinates": [
          [
            -1.4707638,
            50.9367651
          ],
          [
            -1.4706493,
            50.9367645
          ]
        ]
      },
      "properties": {
        "osid": "4a6f425b-12b9-4ee7-af76-bed1ebd127e5",
        "theme": "Transport",
        "changetype": "Modified Attributes",
        "name1_text": "Adanac Drive",
        "name2_text": null,
        "roadlinkid": "c343a961-8a42-4819-aeeb-a88b1151592a",
        "description": "Pavement",
        "versiondate": "2023-11-10",
        "name1_language": null,
        "name2_language": null,
        "routehierarchy": "Local Road",
        "geometry_length_m": 8.047,
        "alternatename1_text": null,
        "alternatename2_text": null,
        "capturespecification": "Urban",
        "versionavailabletodate": null,
        "alternatename1_language": null,
        "alternatename2_language": null,
        "roadclassificationnumber": null,
        "versionavailablefromdate": "2023-11-11T00:00:00Z",
        "presenceofpavement_source": "Ordnance Survey",
        "presenceofpavement_sideofroad": "Left",
        "presenceofpavement_updatedate": "2023-11-07",
        "presenceofpavement_evidencedate": "2012-03-29",
        "presenceofpavement_capturemethod": "Automated Process",
        "presenceofpavement_averagewidth_m": 2.45,
        "presenceofpavement_minimumwidth_m": 1.2
      }
    },
    {
      "id": "4b18ca71-49c7-4951-9b74-1e29170f5b39",
      "type": "Feature",
      "geometry": {
        "type": "LineString",
        "coordinates": [
          [
            -1.4638245,
            50.9342674
          ],
          [
            -1.4637884,
            50.9342829
          ],
          [
            -1.4637687,
            50.9342931
          ]
        ]
      },
      "properties": {
        "osid": "4b18ca71-49c7-4951-9b74-1e29170f5b39",
        "theme": "Transport",
        "changetype": "New",
        "name1_text": "Brownhill Way",
        "name2_text": null,
        "roadlinkid": "39a8baeb-285b-430c-a410-0e9e7d1c5568",
        "description": "Pavement",
        "versiondate": "2023-09-14",
        "name1_language": null,
        "name2_language": null,
        "routehierarchy": "Minor Road",
        "geometry_length_m": 4.857,
        "alternatename1_text": null,
        "alternatename2_text": null,
        "capturespecification": "Urban",
        "versionavailabletodate": null,
        "alternatename1_language": null,
        "alternatename2_language": null,
        "roadclassificationnumber": null,
        "versionavailablefromdate": "2023-09-15T00:00:00Z",
        "presenceofpavement_source": "Ordnance Survey",
        "presenceofpavement_sideofroad": "Right",
        "presenceofpavement_updatedate": "2023-09-13",
        "presenceofpavement_evidencedate": "2022-12-06",
        "presenceofpavement_capturemethod": "Automated Process",
        "presenceofpavement_averagewidth_m": 2.77,
        "presenceofpavement_minimumwidth_m": 1.22
      }
    },
    {
      "id": "4b5c6149-06aa-4f94-9801-0f06a072be00",
      "type": "Feature",
      "geometry": {
        "type": "LineString",
        "coordinates": [
          [
            -1.4674437,
            50.9342402
          ],
          [
            -1.467317,
            50.9342523
          ]
        ]
      },
      "properties": {
        "osid": "4b5c6149-06aa-4f94-9801-0f06a072be00",
        "theme": "Transport",
        "changetype": "Modified Attributes",
        "name1_text": null,
        "name2_text": null,
        "roadlinkid": "cdefbb67-5c88-48fc-93be-7680204efbb0",
        "description": "Pavement",
        "versiondate": "2024-08-02",
        "name1_language": null,
        "name2_language": null,
        "routehierarchy": "Local Access Road",
        "geometry_length_m": 9.001,
        "alternatename1_text": null,
        "alternatename2_text": null,
        "capturespecification": "Urban",
        "versionavailabletodate": null,
        "alternatename1_language": null,
        "alternatename2_language": null,
        "roadclassificationnumber": null,
        "versionavailablefromdate": "2024-08-03T00:00:00Z",
        "presenceofpavement_source": "Ordnance Survey",
        "presenceofpavement_sideofroad": "Left",
        "presenceofpavement_updatedate": "2024-07-30",
        "presenceofpavement_evidencedate": "2022-07-28",
        "presenceofpavement_capturemethod": "Automated Process",
        "presenceofpavement_averagewidth_m": 4.79,
        "presenceofpavement_minimumwidth_m": 1
      }
    },
    {
      "id": "4c2710c2-1926-4f23-a761-f5e4154173ab",
      "type": "Feature",
      "geometry": {
        "type": "LineString",
        "coordinates": [
          [
            -1.4649645,
            50.9405879
          ],
          [
            -1.4650382,
            50.9404722
          ]
        ]
      },
      "properties": {
        "osid": "4c2710c2-1926-4f23-a761-f5e4154173ab",
        "theme": "Transport",
        "changetype": "Modified Attributes",
        "name1_text": "Bodding Avenue",
        "name2_text": null,
        "roadlinkid": "bc2f54fe-2dbe-4e0f-9d54-bbe6f9d4f589",
        "description": "Pavement",
        "versiondate": "2025-06-03",
        "name1_language": null,
        "name2_language": null,
        "routehierarchy": "Local Road",
        "geometry_length_m": 13.867,
        "alternatename1_text": null,
        "alternatename2_text": null,
        "capturespecification": "Urban",
        "versionavailabletodate": null,
        "alternatename1_language": null,
        "alternatename2_language": null,
        "roadclassificationnumber": null,
        "versionavailablefromdate": "2025-06-04T00:00:00Z",
        "presenceofpavement_source": "Ordnance Survey",
        "presenceofpavement_sideofroad": "Left",
        "presenceofpavement_updatedate": "2025-05-30",
        "presenceofpavement_evidencedate": "2025-04-28",
        "presenceofpavement_capturemethod": "Automated Process",
        "presenceofpavement_averagewidth_m": 1.64,
        "presenceofpavement_minimumwidth_m": 0.9
      }
    },
    {
      "id": "4c5e55f3-804e-4059-8be1-6f6a67605652",
      "type": "Feature",
      "geometry": {
        "type": "LineString",
        "coordinates": [
          [
            -1.4636086,
            50.9344801
          ],
          [
            -1.4635553,
            50.9344493
          ]
        ]
      },
      "properties": {
        "osid": "4c5e55f3-804e-4059-8be1-6f6a67605652",
        "theme": "Transport",
        "changetype": "New",
        "name1_text": "Frogmore Lane",
        "name2_text": null,
        "roadlinkid": "c7f7f8fc-2e69-4f2d-aaa1-0201978e4112",
        "description": "Pavement",
        "versiondate": "2023-09-14",
        "name1_language": null,
        "name2_language": null,
        "routehierarchy": "Local Road",
        "geometry_length_m": 5.069,
        "alternatename1_text": null,
        "alternatename2_text": null,
        "capturespecification": "Urban",
        "versionavailabletodate": null,
        "alternatename1_language": null,
        "alternatename2_language": null,
        "roadclassificationnumber": null,
        "versionavailablefromdate": "2023-09-15T00:00:00Z",
        "presenceofpavement_source": "Ordnance Survey",
        "presenceofpavement_sideofroad": "Right",
        "presenceofpavement_updatedate": "2023-09-13",
        "presenceofpavement_evidencedate": "2022-12-08",
        "presenceofpavement_capturemethod": "Automated Process",
        "presenceofpavement_averagewidth_m": 2.79,
        "presenceofpavement_minimumwidth_m": 1.46
      }
    },
    {
      "id": "4c8ea8e4-b447-4e06-aa23-0b1bf2e48ac7",
      "type": "Feature",
      "geometry": {
        "type": "LineString",
        "coordinates": [
          [
            -1.4660287,
            50.9367627
          ],
          [
            -1.4660031,
            50.9368254
          ],
          [
            -1.4659341,
            50.9369365
          ]
        ]
      },
      "properties": {
        "osid": "4c8ea8e4-b447-4e06-aa23-0b1bf2e48ac7",
        "theme": "Transport",
        "changetype": "New",
        "name1_text": "Danebury Way",
        "name2_text": null,
        "roadlinkid": "144bbeee-adc6-4b13-87d6-276fc866fb90",
        "description": "Pavement",
        "versiondate": "2023-09-14",
        "name1_language": null,
        "name2_language": null,
        "routehierarchy": "Local Road",
        "geometry_length_m": 20.469,
        "alternatename1_text": null,
        "alternatename2_text": null,
        "capturespecification": "Urban",
        "versionavailabletodate": null,
        "alternatename1_language": null,
        "alternatename2_language": null,
        "roadclassificationnumber": null,
        "versionavailablefromdate": "2023-09-15T00:00:00Z",
        "presenceofpavement_source": "Ordnance Survey",
        "presenceofpavement_sideofroad": "Left",
        "presenceofpavement_updatedate": "2023-09-13",
        "presenceofpavement_evidencedate": "2006-07-01",
        "presenceofpavement_capturemethod": "Automated Process",
        "presenceofpavement_averagewidth_m": 1.62,
        "presenceofpavement_minimumwidth_m": 0.69
      }
    },
    {
      "id": "4ca67333-d23b-4d10-8671-d8929ba6d696",
      "type": "Feature",
      "geometry": {
        "type": "LineString",
        "coordinates": [
          [
            -1.4649735,
            50.94061
          ],
          [
            -1.465053,
            50.9406131
          ]
        ]
      },
      "properties": {
        "osid": "4ca67333-d23b-4d10-8671-d8929ba6d696",
        "theme": "Transport",
        "changetype": "New",
        "name1_text": "Bodding Avenue",
        "name2_text": null,
        "roadlinkid": "d63fc87f-ee20-44ad-898c-74214e493595",
        "description": "Pavement",
        "versiondate": "2023-09-14",
        "name1_language": null,
        "name2_language": null,
        "routehierarchy": "Restricted Local Access Road",
        "geometry_length_m": 5.593,
        "alternatename1_text": null,
        "alternatename2_text": null,
        "capturespecification": "Urban",
        "versionavailabletodate": null,
        "alternatename1_language": null,
        "alternatename2_language": null,
        "roadclassificationnumber": null,
        "versionavailablefromdate": "2023-09-15T00:00:00Z",
        "presenceofpavement_source": "Ordnance Survey",
        "presenceofpavement_sideofroad": "Right",
        "presenceofpavement_updatedate": "2023-09-13",
        "presenceofpavement_evidencedate": "2021-08-10",
        "presenceofpavement_capturemethod": "Automated Process",
        "presenceofpavement_averagewidth_m": 1.67,
        "presenceofpavement_minimumwidth_m": 0.78
      }
    },
    {
      "id": "4cc82898-a771-418d-8b9e-892332a200a3",
      "type": "Feature",
      "geometry": {
        "type": "LineString",
        "coordinates": [
          [
            -1.4649606,
            50.9364523
          ],
          [
            -1.46494,
            50.9363186
          ]
        ]
      },
      "properties": {
        "osid": "4cc82898-a771-418d-8b9e-892332a200a3",
        "theme": "Transport",
        "changetype": "New",
        "name1_text": "Jerretts Lane",
        "name2_text": null,
        "roadlinkid": "84774a65-f6bc-4393-bf5f-b042cd020a47",
        "description": "Pavement",
        "versiondate": "2023-09-14",
        "name1_language": null,
        "name2_language": null,
        "routehierarchy": "Local Road",
        "geometry_length_m": 14.935,
        "alternatename1_text": "Jerrett's Lane",
        "alternatename2_text": null,
        "capturespecification": "Urban",
        "versionavailabletodate": null,
        "alternatename1_language": null,
        "alternatename2_language": null,
        "roadclassificationnumber": null,
        "versionavailablefromdate": "2023-09-15T00:00:00Z",
        "presenceofpavement_source": "Ordnance Survey",
        "presenceofpavement_sideofroad": "Right",
        "presenceofpavement_updatedate": "2023-09-13",
        "presenceofpavement_evidencedate": "2016-08-12",
        "presenceofpavement_capturemethod": "Automated Process",
        "presenceofpavement_averagewidth_m": 0.76,
        "presenceofpavement_minimumwidth_m": 0.76
      }
    },
    {
      "id": "4d1257c9-a40f-421e-a8ac-7afdd4c4f604",
      "type": "Feature",
      "geometry": {
        "type": "LineString",
        "coordinates": [
          [
            -1.4650382,
            50.9404722
          ],
          [
            -1.4650596,
            50.9404388
          ],
          [
            -1.4651828,
            50.9403337
          ],
          [
            -1.4654364,
            50.9401971
          ],
          [
            -1.4654383,
            50.9401961
          ],
          [
            -1.4654479,
            50.9401903
          ]
        ]
      },
      "properties": {
        "osid": "4d1257c9-a40f-421e-a8ac-7afdd4c4f604",
        "theme": "Transport",
        "changetype": "Modified Attributes",
        "name1_text": "Bodding Avenue",
        "name2_text": null,
        "roadlinkid": "b7eb7f14-b7a3-4489-b026-9244d0efbf29",
        "description": "Pavement",
        "versiondate": "2025-06-03",
        "name1_language": null,
        "name2_language": null,
        "routehierarchy": "Local Road",
        "geometry_length_m": 43.074,
        "alternatename1_text": null,
        "alternatename2_text": null,
        "capturespecification": "Urban",
        "versionavailabletodate": null,
        "alternatename1_language": null,
        "alternatename2_language": null,
        "roadclassificationnumber": null,
        "versionavailablefromdate": "2025-06-04T00:00:00Z",
        "presenceofpavement_source": "Ordnance Survey",
        "presenceofpavement_sideofroad": "Left",
        "presenceofpavement_updatedate": "2025-05-30",
        "presenceofpavement_evidencedate": "2025-04-28",
        "presenceofpavement_capturemethod": "Automated Process",
        "presenceofpavement_averagewidth_m": 1.72,
        "presenceofpavement_minimumwidth_m": 0.67
      }
    },
    {
      "id": "4f3ce44e-3ae8-4897-9c81-ca2c306c6f94",
      "type": "Feature",
      "geometry": {
        "type": "LineString",
        "coordinates": [
          [
            -1.4680602,
            50.9350796
          ],
          [
            -1.4679512,
            50.9349371
          ],
          [
            -1.4679295,
            50.9349088
          ],
          [
            -1.4676545,
            50.9346057
          ],
          [
            -1.4676512,
            50.9346022
          ]
        ]
      },
      "properties": {
        "osid": "4f3ce44e-3ae8-4897-9c81-ca2c306c6f94",
        "theme": "Transport",
        "changetype": "Modified Attributes",
        "name1_text": "Hurst Way",
        "name2_text": null,
        "roadlinkid": "0a7928c5-4e90-4866-9068-acd6ba2abf0a",
        "description": "Pavement",
        "versiondate": "2025-01-06",
        "name1_language": null,
        "name2_language": null,
        "routehierarchy": "Local Road",
        "geometry_length_m": 60.403,
        "alternatename1_text": null,
        "alternatename2_text": null,
        "capturespecification": "Urban",
        "versionavailabletodate": null,
        "alternatename1_language": null,
        "alternatename2_language": null,
        "roadclassificationnumber": null,
        "versionavailablefromdate": "2025-01-07T00:00:00Z",
        "presenceofpavement_source": "Ordnance Survey",
        "presenceofpavement_sideofroad": "Left",
        "presenceofpavement_updatedate": "2024-12-24",
        "presenceofpavement_evidencedate": "2024-06-20",
        "presenceofpavement_capturemethod": "Automated Process",
        "presenceofpavement_averagewidth_m": 2.02,
        "presenceofpavement_minimumwidth_m": 1.08
      }
    },
    {
      "id": "4ffa46ec-14ba-4463-aaf2-09f8ef8a269e",
      "type": "Feature",
      "geometry": {
        "type": "LineString",
        "coordinates": [
          [
            -1.4696766,
            50.9338903
          ],
          [
            -1.4696803,
            50.9339078
          ],
          [
            -1.4696832,
            50.9339383
          ],
          [
            -1.4696796,
            50.9339649
          ]
        ]
      },
      "properties": {
        "osid": "4ffa46ec-14ba-4463-aaf2-09f8ef8a269e",
        "theme": "Transport",
        "changetype": "Modified Attributes",
        "name1_text": "Brownhill Way",
        "name2_text": null,
        "roadlinkid": "75ee0cef-4614-4304-b814-c1a3dcd3934a",
        "description": "Pavement",
        "versiondate": "2025-04-02",
        "name1_language": null,
        "name2_language": null,
        "routehierarchy": "Minor Road",
        "geometry_length_m": 8.327,
        "alternatename1_text": null,
        "alternatename2_text": null,
        "capturespecification": "Urban",
        "versionavailabletodate": null,
        "alternatename1_language": null,
        "alternatename2_language": null,
        "roadclassificationnumber": null,
        "versionavailablefromdate": "2025-04-03T00:00:00Z",
        "presenceofpavement_source": "Ordnance Survey",
        "presenceofpavement_sideofroad": "Left",
        "presenceofpavement_updatedate": "2025-03-28",
        "presenceofpavement_evidencedate": "2025-03-21",
        "presenceofpavement_capturemethod": "Automated Process",
        "presenceofpavement_averagewidth_m": 2.01,
        "presenceofpavement_minimumwidth_m": 0.98
      }
    },
    {
      "id": "50711805-af99-4ee5-8af6-091125cb826a",
      "type": "Feature",
      "geometry": {
        "type": "LineString",
        "coordinates": [
          [
            -1.4639423,
            50.9346727
          ],
          [
            -1.4638897,
            50.9346424
          ],
          [
            -1.4636663,
            50.9345134
          ],
          [
            -1.4636284,
            50.9344915
          ]
        ]
      },
      "properties": {
        "osid": "50711805-af99-4ee5-8af6-091125cb826a",
        "theme": "Transport",
        "changetype": "Modified Geometry And Attributes",
        "name1_text": "Frogmore Lane",
        "name2_text": null,
        "roadlinkid": "4590f39c-f7b8-44df-8c23-84b2164369a8",
        "description": "Pavement",
        "versiondate": "2024-12-05",
        "name1_language": null,
        "name2_language": null,
        "routehierarchy": "Local Road",
        "geometry_length_m": 29.873,
        "alternatename1_text": null,
        "alternatename2_text": null,
        "capturespecification": "Urban",
        "versionavailabletodate": null,
        "alternatename1_language": null,
        "alternatename2_language": null,
        "roadclassificationnumber": null,
        "versionavailablefromdate": "2024-12-06T00:00:00Z",
        "presenceofpavement_source": "Ordnance Survey",
        "presenceofpavement_sideofroad": "Left",
        "presenceofpavement_updatedate": "2024-12-02",
        "presenceofpavement_evidencedate": "2022-12-06",
        "presenceofpavement_capturemethod": "Automated Process",
        "presenceofpavement_averagewidth_m": 2.92,
        "presenceofpavement_minimumwidth_m": 1.13
      }
    },
    {
      "id": "5083c00c-33de-44ac-bb7c-d26ba94445ea",
      "type": "Feature",
      "geometry": {
        "type": "LineString",
        "coordinates": [
          [
            -1.4653359,
            50.9393
          ],
          [
            -1.4653639,
            50.9392696
          ]
        ]
      },
      "properties": {
        "osid": "5083c00c-33de-44ac-bb7c-d26ba94445ea",
        "theme": "Transport",
        "changetype": "Modified Attributes",
        "name1_text": "Merrygrove Way",
        "name2_text": null,
        "roadlinkid": "68cae481-6a68-44b5-adc0-309958370211",
        "description": "Pavement",
        "versiondate": "2025-06-03",
        "name1_language": null,
        "name2_language": null,
        "routehierarchy": "Restricted Local Access Road",
        "geometry_length_m": 3.91,
        "alternatename1_text": null,
        "alternatename2_text": null,
        "capturespecification": "Urban",
        "versionavailabletodate": null,
        "alternatename1_language": null,
        "alternatename2_language": null,
        "roadclassificationnumber": null,
        "versionavailablefromdate": "2025-06-04T00:00:00Z",
        "presenceofpavement_source": "Ordnance Survey",
        "presenceofpavement_sideofroad": "Left",
        "presenceofpavement_updatedate": "2025-05-30",
        "presenceofpavement_evidencedate": "2025-04-28",
        "presenceofpavement_capturemethod": "Automated Process",
        "presenceofpavement_averagewidth_m": 1.8,
        "presenceofpavement_minimumwidth_m": 1.27
      }
    },
    {
      "id": "51c1c34d-c232-4bbe-918d-48c8178caf25",
      "type": "Feature",
      "geometry": {
        "type": "LineString",
        "coordinates": [
          [
            -1.4688043,
            50.9353666
          ],
          [
            -1.4686829,
            50.9353625
          ],
          [
            -1.4684335,
            50.9353536
          ],
          [
            -1.4682505,
            50.9352842
          ],
          [
            -1.4681209,
            50.935159
          ],
          [
            -1.4681083,
            50.9351425
          ]
        ]
      },
      "properties": {
        "osid": "51c1c34d-c232-4bbe-918d-48c8178caf25",
        "theme": "Transport",
        "changetype": "Modified Attributes",
        "name1_text": "Hurst Way",
        "name2_text": null,
        "roadlinkid": "0a7928c5-4e90-4866-9068-acd6ba2abf0a",
        "description": "Pavement",
        "versiondate": "2024-01-05",
        "name1_language": null,
        "name2_language": null,
        "routehierarchy": "Local Road",
        "geometry_length_m": 59.775,
        "alternatename1_text": null,
        "alternatename2_text": null,
        "capturespecification": "Urban",
        "versionavailabletodate": null,
        "alternatename1_language": null,
        "alternatename2_language": null,
        "roadclassificationnumber": null,
        "versionavailablefromdate": "2024-01-06T00:00:00Z",
        "presenceofpavement_source": "Ordnance Survey",
        "presenceofpavement_sideofroad": "Left",
        "presenceofpavement_updatedate": "2024-01-04",
        "presenceofpavement_evidencedate": "2022-09-29",
        "presenceofpavement_capturemethod": "Automated Process",
        "presenceofpavement_averagewidth_m": 2.11,
        "presenceofpavement_minimumwidth_m": 1.13
      }
    },
    {
      "id": "5243897d-a722-48df-acc2-ea047bdb951c",
      "type": "Feature",
      "geometry": {
        "type": "LineString",
        "coordinates": [
          [
            -1.4657016,
            50.9348617
          ],
          [
            -1.4657528,
            50.9348305
          ],
          [
            -1.4657613,
            50.9348254
          ],
          [
            -1.4658323,
            50.9348122
          ],
          [
            -1.4658894,
            50.9348016
          ],
          [
            -1.4659032,
            50.9347991
          ],
          [
            -1.465958,
            50.9348084
          ]
        ]
      },
      "properties": {
        "osid": "5243897d-a722-48df-acc2-ea047bdb951c",
        "theme": "Transport",
        "changetype": "Modified Attributes",
        "name1_text": "Hurst Way",
        "name2_text": null,
        "roadlinkid": "c48b7fc2-0b1b-43fe-b5c9-7eaab53d4a5c",
        "description": "Pavement",
        "versiondate": "2025-01-06",
        "name1_language": null,
        "name2_language": null,
        "routehierarchy": "Local Road",
        "geometry_length_m": 20.204,
        "alternatename1_text": null,
        "alternatename2_text": null,
        "capturespecification": "Urban",
        "versionavailabletodate": null,
        "alternatename1_language": null,
        "alternatename2_language": null,
        "roadclassificationnumber": null,
        "versionavailablefromdate": "2025-01-07T00:00:00Z",
        "presenceofpavement_source": "Ordnance Survey",
        "presenceofpavement_sideofroad": "Right",
        "presenceofpavement_updatedate": "2024-12-24",
        "presenceofpavement_evidencedate": "2024-06-20",
        "presenceofpavement_capturemethod": "Automated Process",
        "presenceofpavement_averagewidth_m": 0.92,
        "presenceofpavement_minimumwidth_m": 0.92
      }
    },
    {
      "id": "5462dfe7-62b3-4b24-91da-a1a8f1a5c8ec",
      "type": "Feature",
      "geometry": {
        "type": "LineString",
        "coordinates": [
          [
            -1.4653823,
            50.9392495
          ],
          [
            -1.4652711,
            50.9392002
          ],
          [
            -1.4649697,
            50.9391126
          ]
        ]
      },
      "properties": {
        "osid": "5462dfe7-62b3-4b24-91da-a1a8f1a5c8ec",
        "theme": "Transport",
        "changetype": "Modified Attributes",
        "name1_text": "Bodding Avenue",
        "name2_text": null,
        "roadlinkid": "2f9bf31c-fa5c-4c7e-ac6c-736143fd9337",
        "description": "Pavement",
        "versiondate": "2025-03-05",
        "name1_language": null,
        "name2_language": null,
        "routehierarchy": "Local Road",
        "geometry_length_m": 32.862,
        "alternatename1_text": null,
        "alternatename2_text": null,
        "capturespecification": "Urban",
        "versionavailabletodate": null,
        "alternatename1_language": null,
        "alternatename2_language": null,
        "roadclassificationnumber": null,
        "versionavailablefromdate": "2025-03-06T00:00:00Z",
        "presenceofpavement_source": "Ordnance Survey",
        "presenceofpavement_sideofroad": "Right",
        "presenceofpavement_updatedate": "2025-02-26",
        "presenceofpavement_evidencedate": "2025-02-18",
        "presenceofpavement_capturemethod": "Automated Process",
        "presenceofpavement_averagewidth_m": 1.84,
        "presenceofpavement_minimumwidth_m": 1.84
      }
    },
    {
      "id": "55ec2069-17f4-471c-908b-d23c06d00172",
      "type": "Feature",
      "geometry": {
        "type": "LineString",
        "coordinates": [
          [
            -1.464994,
            50.9406108
          ],
          [
            -1.4650803,
            50.9406141
          ]
        ]
      },
      "properties": {
        "osid": "55ec2069-17f4-471c-908b-d23c06d00172",
        "theme": "Transport",
        "changetype": "New",
        "name1_text": "Bodding Avenue",
        "name2_text": null,
        "roadlinkid": "d63fc87f-ee20-44ad-898c-74214e493595",
        "description": "Pavement",
        "versiondate": "2023-09-14",
        "name1_language": null,
        "name2_language": null,
        "routehierarchy": "Restricted Local Access Road",
        "geometry_length_m": 6.072,
        "alternatename1_text": null,
        "alternatename2_text": null,
        "capturespecification": "Urban",
        "versionavailabletodate": null,
        "alternatename1_language": null,
        "alternatename2_language": null,
        "roadclassificationnumber": null,
        "versionavailablefromdate": "2023-09-15T00:00:00Z",
        "presenceofpavement_source": "Ordnance Survey",
        "presenceofpavement_sideofroad": "Left",
        "presenceofpavement_updatedate": "2023-09-13",
        "presenceofpavement_evidencedate": "2021-08-10",
        "presenceofpavement_capturemethod": "Automated Process",
        "presenceofpavement_averagewidth_m": 1.76,
        "presenceofpavement_minimumwidth_m": 0.85
      }
    },
    {
      "id": "5717d20a-463f-43d0-aecf-763ca42bd8ce",
      "type": "Feature",
      "geometry": {
        "type": "LineString",
        "coordinates": [
          [
            -1.4649697,
            50.9391126
          ],
          [
            -1.4646713,
            50.9390258
          ]
        ]
      },
      "properties": {
        "osid": "5717d20a-463f-43d0-aecf-763ca42bd8ce",
        "theme": "Transport",
        "changetype": "Modified Attributes",
        "name1_text": "Bodding Avenue",
        "name2_text": null,
        "roadlinkid": "c466fa5c-43be-4508-8f32-d73af86c7493",
        "description": "Pavement",
        "versiondate": "2025-03-05",
        "name1_language": null,
        "name2_language": null,
        "routehierarchy": "Local Road",
        "geometry_length_m": 23.08,
        "alternatename1_text": null,
        "alternatename2_text": null,
        "capturespecification": "Urban",
        "versionavailabletodate": null,
        "alternatename1_language": null,
        "alternatename2_language": null,
        "roadclassificationnumber": null,
        "versionavailablefromdate": "2025-03-06T00:00:00Z",
        "presenceofpavement_source": "Ordnance Survey",
        "presenceofpavement_sideofroad": "Right",
        "presenceofpavement_updatedate": "2025-02-26",
        "presenceofpavement_evidencedate": "2025-02-18",
        "presenceofpavement_capturemethod": "Automated Process",
        "presenceofpavement_averagewidth_m": 1.78,
        "presenceofpavement_minimumwidth_m": 1.02
      }
    },
    {
      "id": "57ce52c9-808b-4344-9f82-8a328fe25d63",
      "type": "Feature",
      "geometry": {
        "type": "LineString",
        "coordinates": [
          [
            -1.4697924,
            50.9365033
          ],
          [
            -1.4695608,
            50.9363471
          ],
          [
            -1.4695495,
            50.9363357
          ]
        ]
      },
      "properties": {
        "osid": "57ce52c9-808b-4344-9f82-8a328fe25d63",
        "theme": "Transport",
        "changetype": "New",
        "name1_text": "Adanac Drive",
        "name2_text": null,
        "roadlinkid": "470800cf-2977-467e-8412-3e92a54435ec",
        "description": "Pavement",
        "versiondate": "2023-09-14",
        "name1_language": null,
        "name2_language": null,
        "routehierarchy": "Local Road",
        "geometry_length_m": 25.296,
        "alternatename1_text": null,
        "alternatename2_text": null,
        "capturespecification": "Urban",
        "versionavailabletodate": null,
        "alternatename1_language": null,
        "alternatename2_language": null,
        "roadclassificationnumber": null,
        "versionavailablefromdate": "2023-09-15T00:00:00Z",
        "presenceofpavement_source": "Ordnance Survey",
        "presenceofpavement_sideofroad": "Left",
        "presenceofpavement_updatedate": "2023-09-13",
        "presenceofpavement_evidencedate": "2016-08-02",
        "presenceofpavement_capturemethod": "Automated Process",
        "presenceofpavement_averagewidth_m": 1.96,
        "presenceofpavement_minimumwidth_m": 0.77
      }
    },
    {
      "id": "57f2b075-f1cf-4d79-bdab-4e8325c23236",
      "type": "Feature",
      "geometry": {
        "type": "LineString",
        "coordinates": [
          [
            -1.4659926,
            50.9393142
          ],
          [
            -1.4660264,
            50.9393252
          ],
          [
            -1.4660663,
            50.9393304
          ],
          [
            -1.4660979,
            50.9393309
          ],
          [
            -1.4661142,
            50.9393299
          ],
          [
            -1.4661382,
            50.9393268
          ],
          [
            -1.4661614,
            50.9393219
          ],
          [
            -1.4661978,
            50.9393099
          ],
          [
            -1.4665529,
            50.9391504
          ]
        ]
      },
      "properties": {
        "osid": "57f2b075-f1cf-4d79-bdab-4e8325c23236",
        "theme": "Transport",
        "changetype": "Modified Attributes",
        "name1_text": "Conager Close",
        "name2_text": null,
        "roadlinkid": "c8a5a577-2e3d-42b1-8a2d-109d0ea1a86c",
        "description": "Pavement",
        "versiondate": "2025-03-05",
        "name1_language": null,
        "name2_language": null,
        "routehierarchy": "Local Road",
        "geometry_length_m": 45.852,
        "alternatename1_text": null,
        "alternatename2_text": null,
        "capturespecification": "Urban",
        "versionavailabletodate": null,
        "alternatename1_language": null,
        "alternatename2_language": null,
        "roadclassificationnumber": null,
        "versionavailablefromdate": "2025-03-06T00:00:00Z",
        "presenceofpavement_source": "Ordnance Survey",
        "presenceofpavement_sideofroad": "Left",
        "presenceofpavement_updatedate": "2025-02-26",
        "presenceofpavement_evidencedate": "2025-02-18",
        "presenceofpavement_capturemethod": "Automated Process",
        "presenceofpavement_averagewidth_m": 1.74,
        "presenceofpavement_minimumwidth_m": 1.01
      }
    },
    {
      "id": "59a2f5c7-7894-43da-9b98-05a5711b7352",
      "type": "Feature",
      "geometry": {
        "type": "LineString",
        "coordinates": [
          [
            -1.4675123,
            50.9377222
          ],
          [
            -1.4675728,
            50.9378687
          ],
          [
            -1.4675833,
            50.9379384
          ]
        ]
      },
      "properties": {
        "osid": "59a2f5c7-7894-43da-9b98-05a5711b7352",
        "theme": "Transport",
        "changetype": "Modified Attributes",
        "name1_text": "Hillyfields",
        "name2_text": null,
        "roadlinkid": "5ac77b0a-b559-4742-9baf-e87ffaba2046",
        "description": "Pavement",
        "versiondate": "2024-12-05",
        "name1_language": null,
        "name2_language": null,
        "routehierarchy": "Local Road",
        "geometry_length_m": 24.627,
        "alternatename1_text": null,
        "alternatename2_text": null,
        "capturespecification": "Urban",
        "versionavailabletodate": null,
        "alternatename1_language": null,
        "alternatename2_language": null,
        "roadclassificationnumber": null,
        "versionavailablefromdate": "2024-12-06T00:00:00Z",
        "presenceofpavement_source": "Ordnance Survey",
        "presenceofpavement_sideofroad": "Right",
        "presenceofpavement_updatedate": "2024-12-02",
        "presenceofpavement_evidencedate": "2024-06-20",
        "presenceofpavement_capturemethod": "Automated Process",
        "presenceofpavement_averagewidth_m": 1.62,
        "presenceofpavement_minimumwidth_m": 1.35
      }
    },
    {
      "id": "5a12439a-92dc-4d6f-b4f7-329ea8ac81b0",
      "type": "Feature",
      "geometry": {
        "type": "LineString",
        "coordinates": [
          [
            -1.4684872,
            50.9336784
          ],
          [
            -1.4683629,
            50.9336321
          ]
        ]
      },
      "properties": {
        "osid": "5a12439a-92dc-4d6f-b4f7-329ea8ac81b0",
        "theme": "Transport",
        "changetype": "Modified Attributes",
        "name1_text": "Brownhill Way",
        "name2_text": null,
        "roadlinkid": "93efd169-246f-48fb-96e5-cf3d9fc1e19c",
        "description": "Pavement",
        "versiondate": "2023-11-10",
        "name1_language": null,
        "name2_language": null,
        "routehierarchy": "Minor Road",
        "geometry_length_m": 10.14,
        "alternatename1_text": null,
        "alternatename2_text": null,
        "capturespecification": "Urban",
        "versionavailabletodate": null,
        "alternatename1_language": null,
        "alternatename2_language": null,
        "roadclassificationnumber": null,
        "versionavailablefromdate": "2023-11-11T00:00:00Z",
        "presenceofpavement_source": "Ordnance Survey",
        "presenceofpavement_sideofroad": "Right",
        "presenceofpavement_updatedate": "2023-11-07",
        "presenceofpavement_evidencedate": "2016-09-21",
        "presenceofpavement_capturemethod": "Automated Process",
        "presenceofpavement_averagewidth_m": 2.95,
        "presenceofpavement_minimumwidth_m": 1.23
      }
    },
    {
      "id": "5b1d0245-901b-405e-a72d-31020fe9342d",
      "type": "Feature",
      "geometry": {
        "type": "LineString",
        "coordinates": [
          [
            -1.4699573,
            50.9365668
          ],
          [
            -1.4700559,
            50.9366027
          ]
        ]
      },
      "properties": {
        "osid": "5b1d0245-901b-405e-a72d-31020fe9342d",
        "theme": "Transport",
        "changetype": "Modified Attributes",
        "name1_text": "Adanac Drive",
        "name2_text": null,
        "roadlinkid": "90d9fdc5-6411-4324-9aa8-7bbcefb4b647",
        "description": "Pavement",
        "versiondate": "2024-07-24",
        "name1_language": null,
        "name2_language": null,
        "routehierarchy": "Local Road",
        "geometry_length_m": 7.993,
        "alternatename1_text": null,
        "alternatename2_text": null,
        "capturespecification": "Urban",
        "versionavailabletodate": null,
        "alternatename1_language": null,
        "alternatename2_language": null,
        "roadclassificationnumber": null,
        "versionavailablefromdate": "2024-07-25T00:00:00Z",
        "presenceofpavement_source": "Ordnance Survey",
        "presenceofpavement_sideofroad": "Left",
        "presenceofpavement_updatedate": "2024-07-01",
        "presenceofpavement_evidencedate": "2024-06-28",
        "presenceofpavement_capturemethod": "Automated Process",
        "presenceofpavement_averagewidth_m": 1.62,
        "presenceofpavement_minimumwidth_m": 1.01
      }
    },
    {
      "id": "5b3b8c4e-eb69-4b76-b7e7-737fe5c87808",
      "type": "Feature",
      "geometry": {
        "type": "LineString",
        "coordinates": [
          [
            -1.4666193,
            50.9357941
          ],
          [
            -1.4667331,
            50.9356266
          ]
        ]
      },
      "properties": {
        "osid": "5b3b8c4e-eb69-4b76-b7e7-737fe5c87808",
        "theme": "Transport",
        "changetype": "New",
        "name1_text": "Bargain Close",
        "name2_text": null,
        "roadlinkid": "7f28c22b-9381-4a9d-a0fa-40454a333a45",
        "description": "Pavement",
        "versiondate": "2023-09-14",
        "name1_language": null,
        "name2_language": null,
        "routehierarchy": "Local Road",
        "geometry_length_m": 20.268,
        "alternatename1_text": null,
        "alternatename2_text": null,
        "capturespecification": "Urban",
        "versionavailabletodate": null,
        "alternatename1_language": null,
        "alternatename2_language": null,
        "roadclassificationnumber": null,
        "versionavailablefromdate": "2023-09-15T00:00:00Z",
        "presenceofpavement_source": "Ordnance Survey",
        "presenceofpavement_sideofroad": "Left",
        "presenceofpavement_updatedate": "2023-09-13",
        "presenceofpavement_evidencedate": "2018-02-19",
        "presenceofpavement_capturemethod": "Automated Process",
        "presenceofpavement_averagewidth_m": 1.52,
        "presenceofpavement_minimumwidth_m": 1.1
      }
    },
    {
      "id": "5bee411f-e77d-4fea-a15a-b9ee95053982",
      "type": "Feature",
      "geometry": {
        "type": "LineString",
        "coordinates": [
          [
            -1.4653309,
            50.9393054
          ],
          [
            -1.4653635,
            50.93927
          ]
        ]
      },
      "properties": {
        "osid": "5bee411f-e77d-4fea-a15a-b9ee95053982",
        "theme": "Transport",
        "changetype": "Modified Attributes",
        "name1_text": "Merrygrove Way",
        "name2_text": null,
        "roadlinkid": "68cae481-6a68-44b5-adc0-309958370211",
        "description": "Pavement",
        "versiondate": "2025-06-03",
        "name1_language": null,
        "name2_language": null,
        "routehierarchy": "Restricted Local Access Road",
        "geometry_length_m": 4.562,
        "alternatename1_text": null,
        "alternatename2_text": null,
        "capturespecification": "Urban",
        "versionavailabletodate": null,
        "alternatename1_language": null,
        "alternatename2_language": null,
        "roadclassificationnumber": null,
        "versionavailablefromdate": "2025-06-04T00:00:00Z",
        "presenceofpavement_source": "Ordnance Survey",
        "presenceofpavement_sideofroad": "Right",
        "presenceofpavement_updatedate": "2025-05-30",
        "presenceofpavement_evidencedate": "2025-04-28",
        "presenceofpavement_capturemethod": "Automated Process",
        "presenceofpavement_averagewidth_m": 2.03,
        "presenceofpavement_minimumwidth_m": 0.92
      }
    },
    {
      "id": "5c80f528-1176-4be0-a89a-aad047a85dfd",
      "type": "Feature",
      "geometry": {
        "type": "LineString",
        "coordinates": [
          [
            -1.4667848,
            50.9370469
          ],
          [
            -1.466697,
            50.9371343
          ],
          [
            -1.4665534,
            50.9372416
          ],
          [
            -1.4664243,
            50.9373309
          ],
          [
            -1.4662778,
            50.9374102
          ]
        ]
      },
      "properties": {
        "osid": "5c80f528-1176-4be0-a89a-aad047a85dfd",
        "theme": "Transport",
        "changetype": "Modified Attributes",
        "name1_text": "Redbridge Lane",
        "name2_text": null,
        "roadlinkid": "f17650bc-dcae-4db9-b739-985aad991fce",
        "description": "Pavement",
        "versiondate": "2023-11-10",
        "name1_language": null,
        "name2_language": null,
        "routehierarchy": "Local Road",
        "geometry_length_m": 54.143,
        "alternatename1_text": null,
        "alternatename2_text": null,
        "capturespecification": "Urban",
        "versionavailabletodate": null,
        "alternatename1_language": null,
        "alternatename2_language": null,
        "roadclassificationnumber": null,
        "versionavailablefromdate": "2023-11-11T00:00:00Z",
        "presenceofpavement_source": "Ordnance Survey",
        "presenceofpavement_sideofroad": "Left",
        "presenceofpavement_updatedate": "2023-11-07",
        "presenceofpavement_evidencedate": "2017-02-07",
        "presenceofpavement_capturemethod": "Automated Process",
        "presenceofpavement_averagewidth_m": 2.04,
        "presenceofpavement_minimumwidth_m": 1.24
      }
    },
    {
      "id": "5c857d9a-99e5-4dd4-a718-351d0c3e2726",
      "type": "Feature",
      "geometry": {
        "type": "LineString",
        "coordinates": [
          [
            -1.4725106,
            50.9339954
          ],
          [
            -1.4723408,
            50.9339047
          ],
          [
            -1.4722441,
            50.9338541
          ],
          [
            -1.4721518,
            50.9338146
          ],
          [
            -1.4720496,
            50.93378
          ],
          [
            -1.4719167,
            50.9337441
          ],
          [
            -1.4717922,
            50.9337218
          ],
          [
            -1.4716032,
            50.9337046
          ],
          [
            -1.4701719,
            50.9336438
          ],
          [
            -1.4700813,
            50.9336443
          ],
          [
            -1.4699767,
            50.9336599
          ],
          [
            -1.4698576,
            50.9337022
          ],
          [
            -1.4698387,
            50.9337136
          ]
        ]
      },
      "properties": {
        "osid": "5c857d9a-99e5-4dd4-a718-351d0c3e2726",
        "theme": "Transport",
        "changetype": "Modified Attributes",
        "name1_text": "Brownhill Way",
        "name2_text": null,
        "roadlinkid": "81caa8ff-2ee1-4f86-b81f-5779883e7a72",
        "description": "Pavement",
        "versiondate": "2025-04-02",
        "name1_language": null,
        "name2_language": null,
        "routehierarchy": "Minor Road",
        "geometry_length_m": 199.259,
        "alternatename1_text": null,
        "alternatename2_text": null,
        "capturespecification": "Rural",
        "versionavailabletodate": null,
        "alternatename1_language": null,
        "alternatename2_language": null,
        "roadclassificationnumber": null,
        "versionavailablefromdate": "2025-04-03T00:00:00Z",
        "presenceofpavement_source": "Ordnance Survey",
        "presenceofpavement_sideofroad": "Left",
        "presenceofpavement_updatedate": "2025-03-28",
        "presenceofpavement_evidencedate": "2025-03-21",
        "presenceofpavement_capturemethod": "Automated Process",
        "presenceofpavement_averagewidth_m": 3.42,
        "presenceofpavement_minimumwidth_m": 1.06
      }
    },
    {
      "id": "5e8468c4-f6ea-405b-8ee6-8fab0a77118f",
      "type": "Feature",
      "geometry": {
        "type": "LineString",
        "coordinates": [
          [
            -1.4645484,
            50.941005
          ],
          [
            -1.4645896,
            50.9409795
          ],
          [
            -1.464615,
            50.9409619
          ],
          [
            -1.4646352,
            50.9409466
          ],
          [
            -1.464689,
            50.9408986
          ],
          [
            -1.4647908,
            50.9408032
          ],
          [
            -1.4648365,
            50.9407502
          ]
        ]
      },
      "properties": {
        "osid": "5e8468c4-f6ea-405b-8ee6-8fab0a77118f",
        "theme": "Transport",
        "changetype": "New",
        "name1_text": "Bodding Avenue",
        "name2_text": null,
        "roadlinkid": "ed302db6-b85c-4133-8cb8-ea8069cc93c6",
        "description": "Pavement",
        "versiondate": "2023-09-14",
        "name1_language": null,
        "name2_language": null,
        "routehierarchy": "Local Road",
        "geometry_length_m": 34.966,
        "alternatename1_text": null,
        "alternatename2_text": null,
        "capturespecification": "Urban",
        "versionavailabletodate": null,
        "alternatename1_language": null,
        "alternatename2_language": null,
        "roadclassificationnumber": null,
        "versionavailablefromdate": "2023-09-15T00:00:00Z",
        "presenceofpavement_source": "Ordnance Survey",
        "presenceofpavement_sideofroad": "Right",
        "presenceofpavement_updatedate": "2023-09-13",
        "presenceofpavement_evidencedate": "2021-08-10",
        "presenceofpavement_capturemethod": "Automated Process",
        "presenceofpavement_averagewidth_m": 1.83,
        "presenceofpavement_minimumwidth_m": 0.93
      }
    },
    {
      "id": "5ed43e9b-c92f-4537-8142-a2c94a47a808",
      "type": "Feature",
      "geometry": {
        "type": "LineString",
        "coordinates": [
          [
            -1.4658377,
            50.9390458
          ],
          [
            -1.4658604,
            50.9390102
          ]
        ]
      },
      "properties": {
        "osid": "5ed43e9b-c92f-4537-8142-a2c94a47a808",
        "theme": "Transport",
        "changetype": "Modified Attributes",
        "name1_text": "Ganders Mead",
        "name2_text": null,
        "roadlinkid": "02287581-7bcb-46f3-9267-4c7fffada53e",
        "description": "Pavement",
        "versiondate": "2025-03-05",
        "name1_language": null,
        "name2_language": null,
        "routehierarchy": "Restricted Local Access Road",
        "geometry_length_m": 4.271,
        "alternatename1_text": null,
        "alternatename2_text": null,
        "capturespecification": "Urban",
        "versionavailabletodate": null,
        "alternatename1_language": null,
        "alternatename2_language": null,
        "roadclassificationnumber": null,
        "versionavailablefromdate": "2025-03-06T00:00:00Z",
        "presenceofpavement_source": "Ordnance Survey",
        "presenceofpavement_sideofroad": "Right",
        "presenceofpavement_updatedate": "2025-02-26",
        "presenceofpavement_evidencedate": "2025-02-18",
        "presenceofpavement_capturemethod": "Automated Process",
        "presenceofpavement_averagewidth_m": 1.55,
        "presenceofpavement_minimumwidth_m": 1.55
      }
    },
    {
      "id": "5f6deefe-afb6-43c1-b5f9-4a8a3bf6d222",
      "type": "Feature",
      "geometry": {
        "type": "LineString",
        "coordinates": [
          [
            -1.4636176,
            50.9337795
          ],
          [
            -1.4635764,
            50.9337569
          ],
          [
            -1.4635444,
            50.9337405
          ]
        ]
      },
      "properties": {
        "osid": "5f6deefe-afb6-43c1-b5f9-4a8a3bf6d222",
        "theme": "Transport",
        "changetype": "New",
        "name1_text": "Colne Avenue",
        "name2_text": null,
        "roadlinkid": "01079aa3-f1f4-4b14-a41b-60f259b21cc4",
        "description": "Pavement",
        "versiondate": "2023-09-14",
        "name1_language": null,
        "name2_language": null,
        "routehierarchy": "Local Road",
        "geometry_length_m": 6.727,
        "alternatename1_text": null,
        "alternatename2_text": null,
        "capturespecification": "Urban",
        "versionavailabletodate": null,
        "alternatename1_language": null,
        "alternatename2_language": null,
        "roadclassificationnumber": null,
        "versionavailablefromdate": "2023-09-15T00:00:00Z",
        "presenceofpavement_source": "Ordnance Survey",
        "presenceofpavement_sideofroad": "Left",
        "presenceofpavement_updatedate": "2023-09-13",
        "presenceofpavement_evidencedate": "2022-12-06",
        "presenceofpavement_capturemethod": "Automated Process",
        "presenceofpavement_averagewidth_m": 2.79,
        "presenceofpavement_minimumwidth_m": 1.05
      }
    },
    {
      "id": "600556b0-296d-421c-9aa0-a702857553ee",
      "type": "Feature",
      "geometry": {
        "type": "LineString",
        "coordinates": [
          [
            -1.466949,
            50.9370345
          ],
          [
            -1.4670676,
            50.9370821
          ],
          [
            -1.4671523,
            50.9371364
          ],
          [
            -1.4672705,
            50.9372425
          ]
        ]
      },
      "properties": {
        "osid": "600556b0-296d-421c-9aa0-a702857553ee",
        "theme": "Transport",
        "changetype": "Modified Attributes",
        "name1_text": "Hillyfields",
        "name2_text": null,
        "roadlinkid": "85c88bda-6822-4916-a9d5-3541e8da3084",
        "description": "Pavement",
        "versiondate": "2023-11-10",
        "name1_language": null,
        "name2_language": null,
        "routehierarchy": "Local Road",
        "geometry_length_m": 32.778,
        "alternatename1_text": null,
        "alternatename2_text": null,
        "capturespecification": "Urban",
        "versionavailabletodate": null,
        "alternatename1_language": null,
        "alternatename2_language": null,
        "roadclassificationnumber": null,
        "versionavailablefromdate": "2023-11-11T00:00:00Z",
        "presenceofpavement_source": "Ordnance Survey",
        "presenceofpavement_sideofroad": "Left",
        "presenceofpavement_updatedate": "2023-11-07",
        "presenceofpavement_evidencedate": "2016-08-12",
        "presenceofpavement_capturemethod": "Automated Process",
        "presenceofpavement_averagewidth_m": 1.56,
        "presenceofpavement_minimumwidth_m": 1.02
      }
    },
    {
      "id": "6310dff9-8cda-4dab-adb7-d37349398014",
      "type": "Feature",
      "geometry": {
        "type": "LineString",
        "coordinates": [
          [
            -1.4650291,
            50.9404684
          ],
          [
            -1.4649872,
            50.9404511
          ]
        ]
      },
      "properties": {
        "osid": "6310dff9-8cda-4dab-adb7-d37349398014",
        "theme": "Transport",
        "changetype": "Modified Attributes",
        "name1_text": null,
        "name2_text": null,
        "roadlinkid": "e7e93f9e-1794-4aea-90c0-ae9a069cbe20",
        "description": "Pavement",
        "versiondate": "2025-06-03",
        "name1_language": null,
        "name2_language": null,
        "routehierarchy": "Restricted Local Access Road",
        "geometry_length_m": 3.518,
        "alternatename1_text": null,
        "alternatename2_text": null,
        "capturespecification": "Urban",
        "versionavailabletodate": null,
        "alternatename1_language": null,
        "alternatename2_language": null,
        "roadclassificationnumber": null,
        "versionavailablefromdate": "2025-06-04T00:00:00Z",
        "presenceofpavement_source": "Ordnance Survey",
        "presenceofpavement_sideofroad": "Left",
        "presenceofpavement_updatedate": "2025-05-30",
        "presenceofpavement_evidencedate": "2025-04-28",
        "presenceofpavement_capturemethod": "Automated Process",
        "presenceofpavement_averagewidth_m": 1.55,
        "presenceofpavement_minimumwidth_m": 0.87
      }
    },
    {
      "id": "6342af59-ca9f-4f90-879a-e97d1e7b9abe",
      "type": "Feature",
      "geometry": {
        "type": "LineString",
        "coordinates": [
          [
            -1.4650732,
            50.9349839
          ],
          [
            -1.4652447,
            50.9349506
          ]
        ]
      },
      "properties": {
        "osid": "6342af59-ca9f-4f90-879a-e97d1e7b9abe",
        "theme": "Transport",
        "changetype": "New",
        "name1_text": "Hurst Way",
        "name2_text": null,
        "roadlinkid": "61df851f-7a57-4657-be1a-82e6c29c0100",
        "description": "Pavement",
        "versiondate": "2024-11-01",
        "name1_language": null,
        "name2_language": null,
        "routehierarchy": "Local Road",
        "geometry_length_m": 12.615,
        "alternatename1_text": null,
        "alternatename2_text": null,
        "capturespecification": "Urban",
        "versionavailabletodate": null,
        "alternatename1_language": null,
        "alternatename2_language": null,
        "roadclassificationnumber": null,
        "versionavailablefromdate": "2024-11-02T00:00:00Z",
        "presenceofpavement_source": "Ordnance Survey",
        "presenceofpavement_sideofroad": "Right",
        "presenceofpavement_updatedate": "2024-10-29",
        "presenceofpavement_evidencedate": "2024-09-26",
        "presenceofpavement_capturemethod": "Automated Process",
        "presenceofpavement_averagewidth_m": 1.67,
        "presenceofpavement_minimumwidth_m": 1.67
      }
    },
    {
      "id": "63601f54-ac1a-4074-a697-52ce55350a2d",
      "type": "Feature",
      "geometry": {
        "type": "LineString",
        "coordinates": [
          [
            -1.4692571,
            50.9348092
          ],
          [
            -1.4693032,
            50.9345014
          ],
          [
            -1.4693036,
            50.9344655
          ]
        ]
      },
      "properties": {
        "osid": "63601f54-ac1a-4074-a697-52ce55350a2d",
        "theme": "Transport",
        "changetype": "Modified Attributes",
        "name1_text": "Adanac Drive",
        "name2_text": null,
        "roadlinkid": "6ea1f2c8-47ee-4075-b647-ce7008b82326",
        "description": "Pavement",
        "versiondate": "2023-11-10",
        "name1_language": null,
        "name2_language": null,
        "routehierarchy": "Local Road",
        "geometry_length_m": 38.382,
        "alternatename1_text": null,
        "alternatename2_text": null,
        "capturespecification": "Urban",
        "versionavailabletodate": null,
        "alternatename1_language": null,
        "alternatename2_language": null,
        "roadclassificationnumber": null,
        "versionavailablefromdate": "2023-11-11T00:00:00Z",
        "presenceofpavement_source": "Ordnance Survey",
        "presenceofpavement_sideofroad": "Left",
        "presenceofpavement_updatedate": "2023-11-07",
        "presenceofpavement_evidencedate": "2022-12-15",
        "presenceofpavement_capturemethod": "Automated Process",
        "presenceofpavement_averagewidth_m": 3.34,
        "presenceofpavement_minimumwidth_m": 1.3
      }
    },
    {
      "id": "65f804ee-0472-4738-8678-e5eb5e772107",
      "type": "Feature",
      "geometry": {
        "type": "LineString",
        "coordinates": [
          [
            -1.4638166,
            50.9339418
          ],
          [
            -1.4637599,
            50.9338836
          ],
          [
            -1.4636992,
            50.9338317
          ]
        ]
      },
      "properties": {
        "osid": "65f804ee-0472-4738-8678-e5eb5e772107",
        "theme": "Transport",
        "changetype": "New",
        "name1_text": "Colne Avenue",
        "name2_text": null,
        "roadlinkid": "107ff3c6-4a15-4813-80ad-4e135e127a71",
        "description": "Pavement",
        "versiondate": "2023-09-14",
        "name1_language": null,
        "name2_language": null,
        "routehierarchy": "Local Road",
        "geometry_length_m": 14.787,
        "alternatename1_text": null,
        "alternatename2_text": null,
        "capturespecification": "Urban",
        "versionavailabletodate": null,
        "alternatename1_language": null,
        "alternatename2_language": null,
        "roadclassificationnumber": null,
        "versionavailablefromdate": "2023-09-15T00:00:00Z",
        "presenceofpavement_source": "Ordnance Survey",
        "presenceofpavement_sideofroad": "Right",
        "presenceofpavement_updatedate": "2023-09-13",
        "presenceofpavement_evidencedate": "2016-08-12",
        "presenceofpavement_capturemethod": "Automated Process",
        "presenceofpavement_averagewidth_m": 2.94,
        "presenceofpavement_minimumwidth_m": 1.37
      }
    },
    {
      "id": "6625620b-9435-42fc-9175-eb99ddbc2253",
      "type": "Feature",
      "geometry": {
        "type": "LineString",
        "coordinates": [
          [
            -1.4642234,
            50.9350379
          ],
          [
            -1.4639423,
            50.9346727
          ]
        ]
      },
      "properties": {
        "osid": "6625620b-9435-42fc-9175-eb99ddbc2253",
        "theme": "Transport",
        "changetype": "Modified Attributes",
        "name1_text": "Frogmore Lane",
        "name2_text": null,
        "roadlinkid": "208baefe-8bca-4a0e-960a-5af8fd0603bc",
        "description": "Pavement",
        "versiondate": "2023-11-10",
        "name1_language": null,
        "name2_language": null,
        "routehierarchy": "Local Road",
        "geometry_length_m": 45.156,
        "alternatename1_text": null,
        "alternatename2_text": null,
        "capturespecification": "Urban",
        "versionavailabletodate": null,
        "alternatename1_language": null,
        "alternatename2_language": null,
        "roadclassificationnumber": null,
        "versionavailablefromdate": "2023-11-11T00:00:00Z",
        "presenceofpavement_source": "Ordnance Survey",
        "presenceofpavement_sideofroad": "Right",
        "presenceofpavement_updatedate": "2023-11-07",
        "presenceofpavement_evidencedate": "2022-12-15",
        "presenceofpavement_capturemethod": "Automated Process",
        "presenceofpavement_averagewidth_m": 1.87,
        "presenceofpavement_minimumwidth_m": 0.97
      }
    },
    {
      "id": "6668640d-0478-4f04-b453-952ce4dafa76",
      "type": "Feature",
      "geometry": {
        "type": "LineString",
        "coordinates": [
          [
            -1.4665608,
            50.9346857
          ],
          [
            -1.4665913,
            50.9346451
          ],
          [
            -1.4666143,
            50.9346146
          ],
          [
            -1.4670555,
            50.9345559
          ],
          [
            -1.4671234,
            50.9345744
          ],
          [
            -1.4671888,
            50.9345922
          ]
        ]
      },
      "properties": {
        "osid": "6668640d-0478-4f04-b453-952ce4dafa76",
        "theme": "Transport",
        "changetype": "Modified Attributes",
        "name1_text": "Hurst Way",
        "name2_text": null,
        "roadlinkid": "d5697e5b-16ec-4ec5-b18b-59aeae42027e",
        "description": "Pavement",
        "versiondate": "2024-06-11",
        "name1_language": null,
        "name2_language": null,
        "routehierarchy": "Local Road",
        "geometry_length_m": 50.638,
        "alternatename1_text": null,
        "alternatename2_text": null,
        "capturespecification": "Urban",
        "versionavailabletodate": null,
        "alternatename1_language": null,
        "alternatename2_language": null,
        "roadclassificationnumber": null,
        "versionavailablefromdate": "2024-06-12T00:00:00Z",
        "presenceofpavement_source": "Ordnance Survey",
        "presenceofpavement_sideofroad": "Left",
        "presenceofpavement_updatedate": "2024-05-29",
        "presenceofpavement_evidencedate": "2022-07-28",
        "presenceofpavement_capturemethod": "Automated Process",
        "presenceofpavement_averagewidth_m": 3.33,
        "presenceofpavement_minimumwidth_m": 1.19
      }
    },
    {
      "id": "66c07225-7ee1-4533-a222-16a0778d3284",
      "type": "Feature",
      "geometry": {
        "type": "LineString",
        "coordinates": [
          [
            -1.4698695,
            50.9365552
          ],
          [
            -1.4697924,
            50.9365033
          ]
        ]
      },
      "properties": {
        "osid": "66c07225-7ee1-4533-a222-16a0778d3284",
        "theme": "Transport",
        "changetype": "New",
        "name1_text": "Adanac Drive",
        "name2_text": null,
        "roadlinkid": "5d6e31ca-030d-4e76-b1b5-d8b6fe5f0458",
        "description": "Pavement",
        "versiondate": "2023-09-14",
        "name1_language": null,
        "name2_language": null,
        "routehierarchy": "Local Road",
        "geometry_length_m": 7.92,
        "alternatename1_text": null,
        "alternatename2_text": null,
        "capturespecification": "Urban",
        "versionavailabletodate": null,
        "alternatename1_language": null,
        "alternatename2_language": null,
        "roadclassificationnumber": null,
        "versionavailablefromdate": "2023-09-15T00:00:00Z",
        "presenceofpavement_source": "Ordnance Survey",
        "presenceofpavement_sideofroad": "Left",
        "presenceofpavement_updatedate": "2023-09-13",
        "presenceofpavement_evidencedate": "2016-08-02",
        "presenceofpavement_capturemethod": "Automated Process",
        "presenceofpavement_averagewidth_m": 1.77,
        "presenceofpavement_minimumwidth_m": 1.14
      }
    },
    {
      "id": "66c1fe73-7caa-4284-a52c-da585b5b97b0",
      "type": "Feature",
      "geometry": {
        "type": "LineString",
        "coordinates": [
          [
            -1.4628054,
            50.9348351
          ],
          [
            -1.4628242,
            50.9348232
          ],
          [
            -1.4630072,
            50.9347078
          ],
          [
            -1.4630446,
            50.9346895
          ],
          [
            -1.463231,
            50.9345839
          ],
          [
            -1.4633839,
            50.9344973
          ],
          [
            -1.4634606,
            50.9344538
          ]
        ]
      },
      "properties": {
        "osid": "66c1fe73-7caa-4284-a52c-da585b5b97b0",
        "theme": "Transport",
        "changetype": "Modified Geometry And Attributes",
        "name1_text": "Brownhill Way",
        "name2_text": null,
        "roadlinkid": "0ccbdf44-45c9-41d8-8ce3-3b4adfb55743",
        "description": "Pavement",
        "versiondate": "2024-08-02",
        "name1_language": null,
        "name2_language": null,
        "routehierarchy": "Minor Road",
        "geometry_length_m": 62.624,
        "alternatename1_text": null,
        "alternatename2_text": null,
        "capturespecification": "Urban",
        "versionavailabletodate": null,
        "alternatename1_language": null,
        "alternatename2_language": null,
        "roadclassificationnumber": null,
        "versionavailablefromdate": "2024-08-03T00:00:00Z",
        "presenceofpavement_source": "Ordnance Survey",
        "presenceofpavement_sideofroad": "Right",
        "presenceofpavement_updatedate": "2024-07-30",
        "presenceofpavement_evidencedate": "2022-12-06",
        "presenceofpavement_capturemethod": "Automated Process",
        "presenceofpavement_averagewidth_m": 2.99,
        "presenceofpavement_minimumwidth_m": 0.98
      }
    },
    {
      "id": "6b74a4d8-66d0-4078-9a73-210c03a8a6a8",
      "type": "Feature",
      "geometry": {
        "type": "LineString",
        "coordinates": [
          [
            -1.4700228,
            50.9366229
          ],
          [
            -1.4699959,
            50.9366435
          ]
        ]
      },
      "properties": {
        "osid": "6b74a4d8-66d0-4078-9a73-210c03a8a6a8",
        "theme": "Transport",
        "changetype": "New",
        "name1_text": "Adanac Drive",
        "name2_text": null,
        "roadlinkid": "34c71c10-f996-4dda-baad-80cf4b8be334",
        "description": "Pavement",
        "versiondate": "2023-09-14",
        "name1_language": null,
        "name2_language": null,
        "routehierarchy": "Local Road",
        "geometry_length_m": 2.969,
        "alternatename1_text": null,
        "alternatename2_text": null,
        "capturespecification": "Urban",
        "versionavailabletodate": null,
        "alternatename1_language": null,
        "alternatename2_language": null,
        "roadclassificationnumber": null,
        "versionavailablefromdate": "2023-09-15T00:00:00Z",
        "presenceofpavement_source": "Ordnance Survey",
        "presenceofpavement_sideofroad": "Right",
        "presenceofpavement_updatedate": "2023-09-13",
        "presenceofpavement_evidencedate": "2015-03-02",
        "presenceofpavement_capturemethod": "Automated Process",
        "presenceofpavement_averagewidth_m": 1.18,
        "presenceofpavement_minimumwidth_m": 0.84
      }
    },
    {
      "id": "6b949ce3-0eb1-4663-bdee-be8fc129d989",
      "type": "Feature",
      "geometry": {
        "type": "LineString",
        "coordinates": [
          [
            -1.4636567,
            50.933801
          ],
          [
            -1.4636176,
            50.9337795
          ]
        ]
      },
      "properties": {
        "osid": "6b949ce3-0eb1-4663-bdee-be8fc129d989",
        "theme": "Transport",
        "changetype": "New",
        "name1_text": "Colne Avenue",
        "name2_text": null,
        "roadlinkid": "7bda520c-e755-4f8d-8015-e4d645f1ef7c",
        "description": "Pavement",
        "versiondate": "2023-09-14",
        "name1_language": null,
        "name2_language": null,
        "routehierarchy": "Local Road",
        "geometry_length_m": 3.65,
        "alternatename1_text": null,
        "alternatename2_text": null,
        "capturespecification": "Urban",
        "versionavailabletodate": null,
        "alternatename1_language": null,
        "alternatename2_language": null,
        "roadclassificationnumber": null,
        "versionavailablefromdate": "2023-09-15T00:00:00Z",
        "presenceofpavement_source": "Ordnance Survey",
        "presenceofpavement_sideofroad": "Left",
        "presenceofpavement_updatedate": "2023-09-13",
        "presenceofpavement_evidencedate": "2022-12-06",
        "presenceofpavement_capturemethod": "Automated Process",
        "presenceofpavement_averagewidth_m": 2.37,
        "presenceofpavement_minimumwidth_m": 1.11
      }
    },
    {
      "id": "6cca51dd-411e-4eba-a264-adb42d2866f0",
      "type": "Feature",
      "geometry": {
        "type": "LineString",
        "coordinates": [
          [
            -1.4639129,
            50.9340691
          ],
          [
            -1.4638937,
            50.9340427
          ]
        ]
      },
      "properties": {
        "osid": "6cca51dd-411e-4eba-a264-adb42d2866f0",
        "theme": "Transport",
        "changetype": "Modified Attributes",
        "name1_text": "Colne Avenue",
        "name2_text": null,
        "roadlinkid": "84413139-8870-488f-935d-52c8d67840fd",
        "description": "Pavement",
        "versiondate": "2023-11-10",
        "name1_language": null,
        "name2_language": null,
        "routehierarchy": "Local Road",
        "geometry_length_m": 3.232,
        "alternatename1_text": null,
        "alternatename2_text": null,
        "capturespecification": "Urban",
        "versionavailabletodate": null,
        "alternatename1_language": null,
        "alternatename2_language": null,
        "roadclassificationnumber": null,
        "versionavailablefromdate": "2023-11-11T00:00:00Z",
        "presenceofpavement_source": "Ordnance Survey",
        "presenceofpavement_sideofroad": "Left",
        "presenceofpavement_updatedate": "2023-11-07",
        "presenceofpavement_evidencedate": "2022-12-06",
        "presenceofpavement_capturemethod": "Automated Process",
        "presenceofpavement_averagewidth_m": 2.15,
        "presenceofpavement_minimumwidth_m": 1.13
      }
    },
    {
      "id": "6d616c5e-af32-4c84-b2ad-6ba036791aa5",
      "type": "Feature",
      "geometry": {
        "type": "LineString",
        "coordinates": [
          [
            -1.4671888,
            50.9345922
          ],
          [
            -1.4671692,
            50.9346068
          ]
        ]
      },
      "properties": {
        "osid": "6d616c5e-af32-4c84-b2ad-6ba036791aa5",
        "theme": "Transport",
        "changetype": "Modified Attributes",
        "name1_text": "Hurst Way",
        "name2_text": null,
        "roadlinkid": "d71b5024-bcf7-4aaf-93c1-db8b887db093",
        "description": "Pavement",
        "versiondate": "2024-06-11",
        "name1_language": null,
        "name2_language": null,
        "routehierarchy": "Local Road",
        "geometry_length_m": 2.125,
        "alternatename1_text": null,
        "alternatename2_text": null,
        "capturespecification": "Urban",
        "versionavailabletodate": null,
        "alternatename1_language": null,
        "alternatename2_language": null,
        "roadclassificationnumber": null,
        "versionavailablefromdate": "2024-06-12T00:00:00Z",
        "presenceofpavement_source": "Ordnance Survey",
        "presenceofpavement_sideofroad": "Right",
        "presenceofpavement_updatedate": "2024-05-29",
        "presenceofpavement_evidencedate": "2022-07-28",
        "presenceofpavement_capturemethod": "Automated Process",
        "presenceofpavement_averagewidth_m": 0.55,
        "presenceofpavement_minimumwidth_m": 0.55
      }
    },
    {
      "id": "6d65c7f6-94c2-4e0f-8d2e-d8d84a1ee074",
      "type": "Feature",
      "geometry": {
        "type": "LineString",
        "coordinates": [
          [
            -1.4649509,
            50.9406091
          ],
          [
            -1.4650382,
            50.9404722
          ]
        ]
      },
      "properties": {
        "osid": "6d65c7f6-94c2-4e0f-8d2e-d8d84a1ee074",
        "theme": "Transport",
        "changetype": "Modified Attributes",
        "name1_text": "Bodding Avenue",
        "name2_text": null,
        "roadlinkid": "bc2f54fe-2dbe-4e0f-9d54-bbe6f9d4f589",
        "description": "Pavement",
        "versiondate": "2023-11-10",
        "name1_language": null,
        "name2_language": null,
        "routehierarchy": "Local Road",
        "geometry_length_m": 16.419,
        "alternatename1_text": null,
        "alternatename2_text": null,
        "capturespecification": "Urban",
        "versionavailabletodate": null,
        "alternatename1_language": null,
        "alternatename2_language": null,
        "roadclassificationnumber": null,
        "versionavailablefromdate": "2023-11-11T00:00:00Z",
        "presenceofpavement_source": "Ordnance Survey",
        "presenceofpavement_sideofroad": "Right",
        "presenceofpavement_updatedate": "2023-11-07",
        "presenceofpavement_evidencedate": "2021-08-10",
        "presenceofpavement_capturemethod": "Automated Process",
        "presenceofpavement_averagewidth_m": 1.93,
        "presenceofpavement_minimumwidth_m": 0.85
      }
    },
    {
      "id": "6d8d7553-d50a-467b-b62b-1fb4cafe2878",
      "type": "Feature",
      "geometry": {
        "type": "LineString",
        "coordinates": [
          [
            -1.4710162,
            50.936747
          ],
          [
            -1.4707638,
            50.9367651
          ]
        ]
      },
      "properties": {
        "osid": "6d8d7553-d50a-467b-b62b-1fb4cafe2878",
        "theme": "Transport",
        "changetype": "Modified Attributes",
        "name1_text": "Adanac Drive",
        "name2_text": null,
        "roadlinkid": "0e82e09a-26c7-4c11-95c8-e2a132ec5ba5",
        "description": "Pavement",
        "versiondate": "2024-09-06",
        "name1_language": null,
        "name2_language": null,
        "routehierarchy": "Local Road",
        "geometry_length_m": 17.846,
        "alternatename1_text": null,
        "alternatename2_text": null,
        "capturespecification": "Urban",
        "versionavailabletodate": null,
        "alternatename1_language": null,
        "alternatename2_language": null,
        "roadclassificationnumber": null,
        "versionavailablefromdate": "2024-09-07T00:00:00Z",
        "presenceofpavement_source": "Ordnance Survey",
        "presenceofpavement_sideofroad": "Right",
        "presenceofpavement_updatedate": "2024-09-02",
        "presenceofpavement_evidencedate": "2024-07-30",
        "presenceofpavement_capturemethod": "Automated Process",
        "presenceofpavement_averagewidth_m": 2,
        "presenceofpavement_minimumwidth_m": 1.4
      }
    },
    {
      "id": "6de3ecc7-ce81-4b86-a19c-da652b93b651",
      "type": "Feature",
      "geometry": {
        "type": "LineString",
        "coordinates": [
          [
            -1.468956,
            50.9353718
          ],
          [
            -1.4688044,
            50.9353666
          ]
        ]
      },
      "properties": {
        "osid": "6de3ecc7-ce81-4b86-a19c-da652b93b651",
        "theme": "Transport",
        "changetype": "New",
        "name1_text": "Hurst Way",
        "name2_text": null,
        "roadlinkid": "c6cddab2-e564-4557-8275-44335577aee2",
        "description": "Pavement",
        "versiondate": "2023-09-14",
        "name1_language": null,
        "name2_language": null,
        "routehierarchy": "Local Road",
        "geometry_length_m": 10.665,
        "alternatename1_text": null,
        "alternatename2_text": null,
        "capturespecification": "Urban",
        "versionavailabletodate": null,
        "alternatename1_language": null,
        "alternatename2_language": null,
        "roadclassificationnumber": null,
        "versionavailablefromdate": "2023-09-15T00:00:00Z",
        "presenceofpavement_source": "Ordnance Survey",
        "presenceofpavement_sideofroad": "Left",
        "presenceofpavement_updatedate": "2023-09-13",
        "presenceofpavement_evidencedate": "2022-09-29",
        "presenceofpavement_capturemethod": "Automated Process",
        "presenceofpavement_averagewidth_m": 2.46,
        "presenceofpavement_minimumwidth_m": 1.13
      }
    },
    {
      "id": "6fece07a-7b67-4dd0-ac7e-b574dfa73048",
      "type": "Feature",
      "geometry": {
        "type": "LineString",
        "coordinates": [
          [
            -1.4692762,
            50.9358993
          ],
          [
            -1.4692741,
            50.9358931
          ],
          [
            -1.4692558,
            50.9356702
          ],
          [
            -1.4692538,
            50.9354343
          ]
        ]
      },
      "properties": {
        "osid": "6fece07a-7b67-4dd0-ac7e-b574dfa73048",
        "theme": "Transport",
        "changetype": "New",
        "name1_text": "Adanac Drive",
        "name2_text": null,
        "roadlinkid": "b9a16c04-7452-4e58-ac97-509e689f877e",
        "description": "Pavement",
        "versiondate": "2023-09-14",
        "name1_language": null,
        "name2_language": null,
        "routehierarchy": "Local Road",
        "geometry_length_m": 51.764,
        "alternatename1_text": null,
        "alternatename2_text": null,
        "capturespecification": "Urban",
        "versionavailabletodate": null,
        "alternatename1_language": null,
        "alternatename2_language": null,
        "roadclassificationnumber": null,
        "versionavailablefromdate": "2023-09-15T00:00:00Z",
        "presenceofpavement_source": "Ordnance Survey",
        "presenceofpavement_sideofroad": "Left",
        "presenceofpavement_updatedate": "2023-09-13",
        "presenceofpavement_evidencedate": "2022-09-29",
        "presenceofpavement_capturemethod": "Automated Process",
        "presenceofpavement_averagewidth_m": 2.98,
        "presenceofpavement_minimumwidth_m": 0.85
      }
    },
    {
      "id": "6fedf1eb-9565-4386-b603-a897070c66e9",
      "type": "Feature",
      "geometry": {
        "type": "LineString",
        "coordinates": [
          [
            -1.4676325,
            50.9362583
          ],
          [
            -1.4674884,
            50.9363736
          ],
          [
            -1.4673012,
            50.9365616
          ],
          [
            -1.4671178,
            50.9367327
          ]
        ]
      },
      "properties": {
        "osid": "6fedf1eb-9565-4386-b603-a897070c66e9",
        "theme": "Transport",
        "changetype": "New",
        "name1_text": "Redbridge Lane",
        "name2_text": null,
        "roadlinkid": "1b4bf496-b679-4732-9e8f-b5037a26a9ef",
        "description": "Pavement",
        "versiondate": "2023-11-10",
        "name1_language": null,
        "name2_language": null,
        "routehierarchy": "Local Road",
        "geometry_length_m": 64.026,
        "alternatename1_text": null,
        "alternatename2_text": null,
        "capturespecification": "Urban",
        "versionavailabletodate": null,
        "alternatename1_language": null,
        "alternatename2_language": null,
        "roadclassificationnumber": null,
        "versionavailablefromdate": "2023-11-11T00:00:00Z",
        "presenceofpavement_source": "Ordnance Survey",
        "presenceofpavement_sideofroad": "Left",
        "presenceofpavement_updatedate": "2023-11-07",
        "presenceofpavement_evidencedate": "2016-08-12",
        "presenceofpavement_capturemethod": "Automated Process",
        "presenceofpavement_averagewidth_m": 1.67,
        "presenceofpavement_minimumwidth_m": 1.31
      }
    },
    {
      "id": "7039fcc0-1828-4c61-8850-ef062e15e190",
      "type": "Feature",
      "geometry": {
        "type": "LineString",
        "coordinates": [
          [
            -1.4685725,
            50.9396417
          ],
          [
            -1.4684357,
            50.9396413
          ]
        ]
      },
      "properties": {
        "osid": "7039fcc0-1828-4c61-8850-ef062e15e190",
        "theme": "Transport",
        "changetype": "New",
        "name1_text": null,
        "name2_text": null,
        "roadlinkid": "d8bb0ab0-d6e7-424e-93f9-9bf95f7a9417",
        "description": "Pavement",
        "versiondate": "2024-05-01",
        "name1_language": null,
        "name2_language": null,
        "routehierarchy": "Restricted Local Access Road",
        "geometry_length_m": 9.61,
        "alternatename1_text": null,
        "alternatename2_text": null,
        "capturespecification": "Urban",
        "versionavailabletodate": null,
        "alternatename1_language": null,
        "alternatename2_language": null,
        "roadclassificationnumber": null,
        "versionavailablefromdate": "2024-05-02T00:00:00Z",
        "presenceofpavement_source": "Ordnance Survey",
        "presenceofpavement_sideofroad": "Right",
        "presenceofpavement_updatedate": "2024-04-30",
        "presenceofpavement_evidencedate": "2024-04-02",
        "presenceofpavement_capturemethod": "Automated Process",
        "presenceofpavement_averagewidth_m": 1.24,
        "presenceofpavement_minimumwidth_m": 1.05
      }
    },
    {
      "id": "70411f93-88c6-450a-843e-9f52bb6df82c",
      "type": "Feature",
      "geometry": {
        "type": "LineString",
        "coordinates": [
          [
            -1.4727649,
            50.9341404
          ],
          [
            -1.47268,
            50.9341131
          ],
          [
            -1.4726234,
            50.9340858
          ],
          [
            -1.4726199,
            50.9340836
          ]
        ]
      },
      "properties": {
        "osid": "70411f93-88c6-450a-843e-9f52bb6df82c",
        "theme": "Transport",
        "changetype": "Modified Attributes",
        "name1_text": "Brownhill Way",
        "name2_text": null,
        "roadlinkid": "41b37ab8-3599-463d-ae48-3a3f117a98f4",
        "description": "Pavement",
        "versiondate": "2025-04-02",
        "name1_language": null,
        "name2_language": null,
        "routehierarchy": "Minor Road",
        "geometry_length_m": 12.039,
        "alternatename1_text": null,
        "alternatename2_text": null,
        "capturespecification": "Rural",
        "versionavailabletodate": null,
        "alternatename1_language": null,
        "alternatename2_language": null,
        "roadclassificationnumber": null,
        "versionavailablefromdate": "2025-04-03T00:00:00Z",
        "presenceofpavement_source": "Ordnance Survey",
        "presenceofpavement_sideofroad": "Left",
        "presenceofpavement_updatedate": "2025-03-28",
        "presenceofpavement_evidencedate": "2025-03-21",
        "presenceofpavement_capturemethod": "Automated Process",
        "presenceofpavement_averagewidth_m": 2.31,
        "presenceofpavement_minimumwidth_m": 0.85
      }
    },
    {
      "id": "71e41ce7-0d4a-4e86-8744-93d65e2e8e96",
      "type": "Feature",
      "geometry": {
        "type": "LineString",
        "coordinates": [
          [
            -1.4673315,
            50.9338658
          ],
          [
            -1.4673242,
            50.933842
          ]
        ]
      },
      "properties": {
        "osid": "71e41ce7-0d4a-4e86-8744-93d65e2e8e96",
        "theme": "Transport",
        "changetype": "Modified Attributes",
        "name1_text": "Hurst Way",
        "name2_text": null,
        "roadlinkid": "21130888-59e1-43be-bcb1-e65bb5f66df2",
        "description": "Pavement",
        "versiondate": "2024-07-24",
        "name1_language": null,
        "name2_language": null,
        "routehierarchy": "Local Road",
        "geometry_length_m": 2.694,
        "alternatename1_text": null,
        "alternatename2_text": null,
        "capturespecification": "Urban",
        "versionavailabletodate": null,
        "alternatename1_language": null,
        "alternatename2_language": null,
        "roadclassificationnumber": null,
        "versionavailablefromdate": "2024-07-25T00:00:00Z",
        "presenceofpavement_source": "Ordnance Survey",
        "presenceofpavement_sideofroad": "Left",
        "presenceofpavement_updatedate": "2024-07-01",
        "presenceofpavement_evidencedate": "2024-05-30",
        "presenceofpavement_capturemethod": "Automated Process",
        "presenceofpavement_averagewidth_m": 1.5,
        "presenceofpavement_minimumwidth_m": 1.41
      }
    },
    {
      "id": "7376d4a0-ba35-4e55-8def-99d154419051",
      "type": "Feature",
      "geometry": {
        "type": "LineString",
        "coordinates": [
          [
            -1.4634771,
            50.9343414
          ],
          [
            -1.4634753,
            50.9343411
          ],
          [
            -1.4634332,
            50.9343372
          ],
          [
            -1.463401,
            50.9343359
          ],
          [
            -1.4633907,
            50.9343355
          ],
          [
            -1.4633837,
            50.9343356
          ],
          [
            -1.4633803,
            50.9343357
          ]
        ]
      },
      "properties": {
        "osid": "7376d4a0-ba35-4e55-8def-99d154419051",
        "theme": "Transport",
        "changetype": "New",
        "name1_text": "Lower Brownhill Road",
        "name2_text": null,
        "roadlinkid": "c74da42f-2ecc-42c7-beab-699a3bb83a8f",
        "description": "Pavement",
        "versiondate": "2023-09-14",
        "name1_language": null,
        "name2_language": null,
        "routehierarchy": "Minor Road",
        "geometry_length_m": 6.846,
        "alternatename1_text": null,
        "alternatename2_text": null,
        "capturespecification": "Urban",
        "versionavailabletodate": null,
        "alternatename1_language": null,
        "alternatename2_language": null,
        "roadclassificationnumber": null,
        "versionavailablefromdate": "2023-09-15T00:00:00Z",
        "presenceofpavement_source": "Ordnance Survey",
        "presenceofpavement_sideofroad": "Right",
        "presenceofpavement_updatedate": "2023-09-13",
        "presenceofpavement_evidencedate": "2022-12-06",
        "presenceofpavement_capturemethod": "Automated Process",
        "presenceofpavement_averagewidth_m": 2.12,
        "presenceofpavement_minimumwidth_m": 0.97
      }
    },
    {
      "id": "77021d97-016c-4cef-80ee-9a0a4e771e66",
      "type": "Feature",
      "geometry": {
        "type": "LineString",
        "coordinates": [
          [
            -1.4649842,
            50.9390888
          ],
          [
            -1.4649994,
            50.9390641
          ]
        ]
      },
      "properties": {
        "osid": "77021d97-016c-4cef-80ee-9a0a4e771e66",
        "theme": "Transport",
        "changetype": "Modified Attributes",
        "name1_text": "Bodding Avenue",
        "name2_text": null,
        "roadlinkid": "c18cd32a-bd15-471a-80bc-cf81e31e678a",
        "description": "Pavement",
        "versiondate": "2025-03-05",
        "name1_language": null,
        "name2_language": null,
        "routehierarchy": "Restricted Local Access Road",
        "geometry_length_m": 2.953,
        "alternatename1_text": null,
        "alternatename2_text": null,
        "capturespecification": "Urban",
        "versionavailabletodate": null,
        "alternatename1_language": null,
        "alternatename2_language": null,
        "roadclassificationnumber": null,
        "versionavailablefromdate": "2025-03-06T00:00:00Z",
        "presenceofpavement_source": "Ordnance Survey",
        "presenceofpavement_sideofroad": "Right",
        "presenceofpavement_updatedate": "2025-02-26",
        "presenceofpavement_evidencedate": "2025-02-18",
        "presenceofpavement_capturemethod": "Automated Process",
        "presenceofpavement_averagewidth_m": 1.61,
        "presenceofpavement_minimumwidth_m": 1.52
      }
    },
    {
      "id": "77097990-fca5-4268-b634-0b7d9e0b816a",
      "type": "Feature",
      "geometry": {
        "type": "LineString",
        "coordinates": [
          [
            -1.4635444,
            50.9337405
          ],
          [
            -1.4635056,
            50.9337206
          ],
          [
            -1.4634207,
            50.9336842
          ],
          [
            -1.4633355,
            50.9336658
          ],
          [
            -1.4631935,
            50.9336382
          ],
          [
            -1.4630802,
            50.9335927
          ],
          [
            -1.4630236,
            50.9335655
          ],
          [
            -1.4629529,
            50.9335202
          ],
          [
            -1.4628966,
            50.933466
          ]
        ]
      },
      "properties": {
        "osid": "77097990-fca5-4268-b634-0b7d9e0b816a",
        "theme": "Transport",
        "changetype": "New",
        "name1_text": "Colne Avenue",
        "name2_text": null,
        "roadlinkid": "ffe80a97-aa30-4fbc-a12a-15e3975194ea",
        "description": "Pavement",
        "versiondate": "2023-09-14",
        "name1_language": null,
        "name2_language": null,
        "routehierarchy": "Local Road",
        "geometry_length_m": 56.205,
        "alternatename1_text": null,
        "alternatename2_text": null,
        "capturespecification": "Urban",
        "versionavailabletodate": null,
        "alternatename1_language": null,
        "alternatename2_language": null,
        "roadclassificationnumber": null,
        "versionavailablefromdate": "2023-09-15T00:00:00Z",
        "presenceofpavement_source": "Ordnance Survey",
        "presenceofpavement_sideofroad": "Left",
        "presenceofpavement_updatedate": "2023-09-13",
        "presenceofpavement_evidencedate": "2022-12-06",
        "presenceofpavement_capturemethod": "Automated Process",
        "presenceofpavement_averagewidth_m": 2.9,
        "presenceofpavement_minimumwidth_m": 1.31
      }
    },
    {
      "id": "78065571-87d5-46cc-b86c-26f483dbd396",
      "type": "Feature",
      "geometry": {
        "type": "LineString",
        "coordinates": [
          [
            -1.4692546,
            50.9344007
          ],
          [
            -1.4692345,
            50.934374
          ],
          [
            -1.4692276,
            50.9343649
          ]
        ]
      },
      "properties": {
        "osid": "78065571-87d5-46cc-b86c-26f483dbd396",
        "theme": "Transport",
        "changetype": "New",
        "name1_text": "Adanac Drive",
        "name2_text": null,
        "roadlinkid": "69ec61ef-75e3-46ec-a7ef-81e1db66f6d4",
        "description": "Pavement",
        "versiondate": "2024-12-05",
        "name1_language": null,
        "name2_language": null,
        "routehierarchy": "Local Road",
        "geometry_length_m": 4.41,
        "alternatename1_text": null,
        "alternatename2_text": null,
        "capturespecification": "Urban",
        "versionavailabletodate": null,
        "alternatename1_language": null,
        "alternatename2_language": null,
        "roadclassificationnumber": null,
        "versionavailablefromdate": "2024-12-06T00:00:00Z",
        "presenceofpavement_source": "Ordnance Survey",
        "presenceofpavement_sideofroad": "Right",
        "presenceofpavement_updatedate": "2024-12-02",
        "presenceofpavement_evidencedate": "2017-02-02",
        "presenceofpavement_capturemethod": "Automated Process",
        "presenceofpavement_averagewidth_m": 1.7,
        "presenceofpavement_minimumwidth_m": 1.22
      }
    },
    {
      "id": "7844dfa4-455b-4120-b353-4658d2dadb99",
      "type": "Feature",
      "geometry": {
        "type": "LineString",
        "coordinates": [
          [
            -1.4736891,
            50.9342255
          ],
          [
            -1.47349,
            50.9342156
          ]
        ]
      },
      "properties": {
        "osid": "7844dfa4-455b-4120-b353-4658d2dadb99",
        "theme": "Transport",
        "changetype": "New",
        "name1_text": "Brownhill Way",
        "name2_text": null,
        "roadlinkid": "f7b76444-3652-4edb-9656-42420d20a0c6",
        "description": "Pavement",
        "versiondate": "2023-09-14",
        "name1_language": null,
        "name2_language": null,
        "routehierarchy": "Minor Road",
        "geometry_length_m": 14.036,
        "alternatename1_text": null,
        "alternatename2_text": null,
        "capturespecification": "Rural",
        "versionavailabletodate": null,
        "alternatename1_language": null,
        "alternatename2_language": null,
        "roadclassificationnumber": null,
        "versionavailablefromdate": "2023-09-15T00:00:00Z",
        "presenceofpavement_source": "Ordnance Survey",
        "presenceofpavement_sideofroad": "Right",
        "presenceofpavement_updatedate": "2023-09-13",
        "presenceofpavement_evidencedate": "2016-09-21",
        "presenceofpavement_capturemethod": "Automated Process",
        "presenceofpavement_averagewidth_m": 1.83,
        "presenceofpavement_minimumwidth_m": 1.43
      }
    },
    {
      "id": "78cb8119-e0ef-467e-ba35-b9b661b4fa0d",
      "type": "Feature",
      "geometry": {
        "type": "LineString",
        "coordinates": [
          [
            -1.4639423,
            50.9346727
          ],
          [
            -1.4639299,
            50.9346285
          ],
          [
            -1.4639172,
            50.9345832
          ],
          [
            -1.4639094,
            50.9345744
          ],
          [
            -1.4637888,
            50.9344392
          ]
        ]
      },
      "properties": {
        "osid": "78cb8119-e0ef-467e-ba35-b9b661b4fa0d",
        "theme": "Transport",
        "changetype": "Modified Attributes",
        "name1_text": "Frogmore Lane",
        "name2_text": null,
        "roadlinkid": "98921e67-e0ca-4b87-b7e5-9cde9370fbff",
        "description": "Pavement",
        "versiondate": "2024-12-05",
        "name1_language": null,
        "name2_language": null,
        "routehierarchy": "Local Road",
        "geometry_length_m": 28.489,
        "alternatename1_text": null,
        "alternatename2_text": null,
        "capturespecification": "Urban",
        "versionavailabletodate": null,
        "alternatename1_language": null,
        "alternatename2_language": null,
        "roadclassificationnumber": null,
        "versionavailablefromdate": "2024-12-06T00:00:00Z",
        "presenceofpavement_source": "Ordnance Survey",
        "presenceofpavement_sideofroad": "Right",
        "presenceofpavement_updatedate": "2024-12-02",
        "presenceofpavement_evidencedate": "2022-12-15",
        "presenceofpavement_capturemethod": "Automated Process",
        "presenceofpavement_averagewidth_m": 2.45,
        "presenceofpavement_minimumwidth_m": 1
      }
    },
    {
      "id": "78dd6360-beae-48c2-b7b8-8391e28aacad",
      "type": "Feature",
      "geometry": {
        "type": "LineString",
        "coordinates": [
          [
            -1.4693036,
            50.9344655
          ],
          [
            -1.4692677,
            50.9344179
          ]
        ]
      },
      "properties": {
        "osid": "78dd6360-beae-48c2-b7b8-8391e28aacad",
        "theme": "Transport",
        "changetype": "New",
        "name1_text": "Adanac Drive",
        "name2_text": null,
        "roadlinkid": "69ec61ef-75e3-46ec-a7ef-81e1db66f6d4",
        "description": "Pavement",
        "versiondate": "2024-12-05",
        "name1_language": null,
        "name2_language": null,
        "routehierarchy": "Local Road",
        "geometry_length_m": 5.864,
        "alternatename1_text": null,
        "alternatename2_text": null,
        "capturespecification": "Urban",
        "versionavailabletodate": null,
        "alternatename1_language": null,
        "alternatename2_language": null,
        "roadclassificationnumber": null,
        "versionavailablefromdate": "2024-12-06T00:00:00Z",
        "presenceofpavement_source": "Ordnance Survey",
        "presenceofpavement_sideofroad": "Right",
        "presenceofpavement_updatedate": "2024-12-02",
        "presenceofpavement_evidencedate": "2017-02-02",
        "presenceofpavement_capturemethod": "Automated Process",
        "presenceofpavement_averagewidth_m": 1.7,
        "presenceofpavement_minimumwidth_m": 1.22
      }
    },
    {
      "id": "78f78d34-de65-45dc-8176-13b7d199bf3e",
      "type": "Feature",
      "geometry": {
        "type": "LineString",
        "coordinates": [
          [
            -1.4657419,
            50.9392323
          ],
          [
            -1.4659926,
            50.9393142
          ]
        ]
      },
      "properties": {
        "osid": "78f78d34-de65-45dc-8176-13b7d199bf3e",
        "theme": "Transport",
        "changetype": "Modified Attributes",
        "name1_text": "Conager Close",
        "name2_text": null,
        "roadlinkid": "8c0a5d43-703a-4a9c-b7fb-ccbc706cb82f",
        "description": "Pavement",
        "versiondate": "2025-03-05",
        "name1_language": null,
        "name2_language": null,
        "routehierarchy": "Local Road",
        "geometry_length_m": 19.827,
        "alternatename1_text": null,
        "alternatename2_text": null,
        "capturespecification": "Urban",
        "versionavailabletodate": null,
        "alternatename1_language": null,
        "alternatename2_language": null,
        "roadclassificationnumber": null,
        "versionavailablefromdate": "2025-03-06T00:00:00Z",
        "presenceofpavement_source": "Ordnance Survey",
        "presenceofpavement_sideofroad": "Left",
        "presenceofpavement_updatedate": "2025-02-26",
        "presenceofpavement_evidencedate": "2025-02-18",
        "presenceofpavement_capturemethod": "Automated Process",
        "presenceofpavement_averagewidth_m": 1.67,
        "presenceofpavement_minimumwidth_m": 1.61
      }
    },
    {
      "id": "792b5f4a-1c9b-487a-8477-709ed4bc928b",
      "type": "Feature",
      "geometry": {
        "type": "LineString",
        "coordinates": [
          [
            -1.4691646,
            50.9396435
          ],
          [
            -1.4686593,
            50.939642
          ]
        ]
      },
      "properties": {
        "osid": "792b5f4a-1c9b-487a-8477-709ed4bc928b",
        "theme": "Transport",
        "changetype": "Modified Attributes",
        "name1_text": null,
        "name2_text": null,
        "roadlinkid": "d8bb0ab0-d6e7-424e-93f9-9bf95f7a9417",
        "description": "Pavement",
        "versiondate": "2024-07-24",
        "name1_language": null,
        "name2_language": null,
        "routehierarchy": "Restricted Local Access Road",
        "geometry_length_m": 35.506,
        "alternatename1_text": null,
        "alternatename2_text": null,
        "capturespecification": "Urban",
        "versionavailabletodate": null,
        "alternatename1_language": null,
        "alternatename2_language": null,
        "roadclassificationnumber": null,
        "versionavailablefromdate": "2024-07-25T00:00:00Z",
        "presenceofpavement_source": "Ordnance Survey",
        "presenceofpavement_sideofroad": "Right",
        "presenceofpavement_updatedate": "2024-07-01",
        "presenceofpavement_evidencedate": "2024-06-25",
        "presenceofpavement_capturemethod": "Automated Process",
        "presenceofpavement_averagewidth_m": 1.36,
        "presenceofpavement_minimumwidth_m": 0.76
      }
    },
    {
      "id": "7994b431-711c-4a0a-949f-a28c5d147fda",
      "type": "Feature",
      "geometry": {
        "type": "LineString",
        "coordinates": [
          [
            -1.4703529,
            50.9364804
          ],
          [
            -1.4703605,
            50.9365036
          ],
          [
            -1.4703604,
            50.936507
          ],
          [
            -1.4703602,
            50.9365263
          ],
          [
            -1.4703601,
            50.9365364
          ],
          [
            -1.4703599,
            50.9365489
          ]
        ]
      },
      "properties": {
        "osid": "7994b431-711c-4a0a-949f-a28c5d147fda",
        "theme": "Transport",
        "changetype": "New",
        "name1_text": null,
        "name2_text": null,
        "roadlinkid": "f0f7986f-cf9d-46b7-b363-58b99029c4a7",
        "description": "Pavement",
        "versiondate": "2024-08-02",
        "name1_language": null,
        "name2_language": null,
        "routehierarchy": "Local Road",
        "geometry_length_m": 7.679,
        "alternatename1_text": null,
        "alternatename2_text": null,
        "capturespecification": "Urban",
        "versionavailabletodate": null,
        "alternatename1_language": null,
        "alternatename2_language": null,
        "roadclassificationnumber": null,
        "versionavailablefromdate": "2024-08-03T00:00:00Z",
        "presenceofpavement_source": "Ordnance Survey",
        "presenceofpavement_sideofroad": "Right",
        "presenceofpavement_updatedate": "2024-07-30",
        "presenceofpavement_evidencedate": "2024-06-28",
        "presenceofpavement_capturemethod": "Automated Process",
        "presenceofpavement_averagewidth_m": 1.25,
        "presenceofpavement_minimumwidth_m": 1.02
      }
    },
    {
      "id": "79e1487c-c6d2-4655-bc40-23430e91b16e",
      "type": "Feature",
      "geometry": {
        "type": "LineString",
        "coordinates": [
          [
            -1.4631718,
            50.9347226
          ],
          [
            -1.4633144,
            50.9346435
          ],
          [
            -1.4633732,
            50.9346108
          ],
          [
            -1.4634689,
            50.9345576
          ]
        ]
      },
      "properties": {
        "osid": "79e1487c-c6d2-4655-bc40-23430e91b16e",
        "theme": "Transport",
        "changetype": "New",
        "name1_text": "Brownhill Way",
        "name2_text": null,
        "roadlinkid": "b89cc885-3324-4e20-893f-ce891391e5e0",
        "description": "Pavement",
        "versiondate": "2023-09-14",
        "name1_language": null,
        "name2_language": null,
        "routehierarchy": "Minor Road",
        "geometry_length_m": 27.791,
        "alternatename1_text": null,
        "alternatename2_text": null,
        "capturespecification": "Urban",
        "versionavailabletodate": null,
        "alternatename1_language": null,
        "alternatename2_language": null,
        "roadclassificationnumber": null,
        "versionavailablefromdate": "2023-09-15T00:00:00Z",
        "presenceofpavement_source": "Ordnance Survey",
        "presenceofpavement_sideofroad": "Left",
        "presenceofpavement_updatedate": "2023-09-13",
        "presenceofpavement_evidencedate": "2022-12-08",
        "presenceofpavement_capturemethod": "Automated Process",
        "presenceofpavement_averagewidth_m": 2.75,
        "presenceofpavement_minimumwidth_m": 0.94
      }
    },
    {
      "id": "7a900d27-8658-48df-9a66-cece9ec96855",
      "type": "Feature",
      "geometry": {
        "type": "LineString",
        "coordinates": [
          [
            -1.4673532,
            50.9339361
          ],
          [
            -1.4673242,
            50.933842
          ]
        ]
      },
      "properties": {
        "osid": "7a900d27-8658-48df-9a66-cece9ec96855",
        "theme": "Transport",
        "changetype": "Modified Attributes",
        "name1_text": "Hurst Way",
        "name2_text": null,
        "roadlinkid": "21130888-59e1-43be-bcb1-e65bb5f66df2",
        "description": "Pavement",
        "versiondate": "2024-07-24",
        "name1_language": null,
        "name2_language": null,
        "routehierarchy": "Local Road",
        "geometry_length_m": 10.657,
        "alternatename1_text": null,
        "alternatename2_text": null,
        "capturespecification": "Urban",
        "versionavailabletodate": null,
        "alternatename1_language": null,
        "alternatename2_language": null,
        "roadclassificationnumber": null,
        "versionavailablefromdate": "2024-07-25T00:00:00Z",
        "presenceofpavement_source": "Ordnance Survey",
        "presenceofpavement_sideofroad": "Right",
        "presenceofpavement_updatedate": "2024-07-01",
        "presenceofpavement_evidencedate": "2024-05-30",
        "presenceofpavement_capturemethod": "Automated Process",
        "presenceofpavement_averagewidth_m": 2.7,
        "presenceofpavement_minimumwidth_m": 0.95
      }
    },
    {
      "id": "7b0bcfe5-df88-46b1-bf3e-04862b8f9b40",
      "type": "Feature",
      "geometry": {
        "type": "LineString",
        "coordinates": [
          [
            -1.4637249,
            50.9344153
          ],
          [
            -1.4636739,
            50.9343947
          ]
        ]
      },
      "properties": {
        "osid": "7b0bcfe5-df88-46b1-bf3e-04862b8f9b40",
        "theme": "Transport",
        "changetype": "New",
        "name1_text": "Frogmore Lane",
        "name2_text": null,
        "roadlinkid": "d830ace0-d3f2-408d-bae1-be9d993ec9c2",
        "description": "Pavement",
        "versiondate": "2023-09-14",
        "name1_language": null,
        "name2_language": null,
        "routehierarchy": "Local Road",
        "geometry_length_m": 4.259,
        "alternatename1_text": null,
        "alternatename2_text": null,
        "capturespecification": "Urban",
        "versionavailabletodate": null,
        "alternatename1_language": null,
        "alternatename2_language": null,
        "roadclassificationnumber": null,
        "versionavailablefromdate": "2023-09-15T00:00:00Z",
        "presenceofpavement_source": "Ordnance Survey",
        "presenceofpavement_sideofroad": "Right",
        "presenceofpavement_updatedate": "2023-09-13",
        "presenceofpavement_evidencedate": "2022-12-06",
        "presenceofpavement_capturemethod": "Automated Process",
        "presenceofpavement_averagewidth_m": 1.72,
        "presenceofpavement_minimumwidth_m": 1.18
      }
    },
    {
      "id": "7ba3dde7-33ef-43d0-b941-4af5639a0035",
      "type": "Feature",
      "geometry": {
        "type": "LineString",
        "coordinates": [
          [
            -1.4660373,
            50.936331
          ],
          [
            -1.4660363,
            50.9364179
          ],
          [
            -1.4660362,
            50.9364276
          ]
        ]
      },
      "properties": {
        "osid": "7ba3dde7-33ef-43d0-b941-4af5639a0035",
        "theme": "Transport",
        "changetype": "New",
        "name1_text": "Danebury Way",
        "name2_text": null,
        "roadlinkid": "633dc2cc-690d-4669-8667-26a3f7ec7857",
        "description": "Pavement",
        "versiondate": "2023-09-14",
        "name1_language": null,
        "name2_language": null,
        "routehierarchy": "Local Road",
        "geometry_length_m": 10.746,
        "alternatename1_text": null,
        "alternatename2_text": null,
        "capturespecification": "Urban",
        "versionavailabletodate": null,
        "alternatename1_language": null,
        "alternatename2_language": null,
        "roadclassificationnumber": null,
        "versionavailablefromdate": "2023-09-15T00:00:00Z",
        "presenceofpavement_source": "Ordnance Survey",
        "presenceofpavement_sideofroad": "Right",
        "presenceofpavement_updatedate": "2023-09-13",
        "presenceofpavement_evidencedate": "2018-02-20",
        "presenceofpavement_capturemethod": "Automated Process",
        "presenceofpavement_averagewidth_m": 1.47,
        "presenceofpavement_minimumwidth_m": 1.25
      }
    },
    {
      "id": "7bbdcec5-d8e7-452a-8dc5-a31dd4c24150",
      "type": "Feature",
      "geometry": {
        "type": "LineString",
        "coordinates": [
          [
            -1.4703105,
            50.9370038
          ],
          [
            -1.4703006,
            50.9369783
          ]
        ]
      },
      "properties": {
        "osid": "7bbdcec5-d8e7-452a-8dc5-a31dd4c24150",
        "theme": "Transport",
        "changetype": "New",
        "name1_text": null,
        "name2_text": null,
        "roadlinkid": "55424fc0-df12-426c-9d35-dde349ab5b32",
        "description": "Pavement",
        "versiondate": "2023-09-14",
        "name1_language": null,
        "name2_language": null,
        "routehierarchy": "Local Road",
        "geometry_length_m": 2.927,
        "alternatename1_text": null,
        "alternatename2_text": null,
        "capturespecification": "Urban",
        "versionavailabletodate": null,
        "alternatename1_language": null,
        "alternatename2_language": null,
        "roadclassificationnumber": null,
        "versionavailablefromdate": "2023-09-15T00:00:00Z",
        "presenceofpavement_source": "Ordnance Survey",
        "presenceofpavement_sideofroad": "Left",
        "presenceofpavement_updatedate": "2023-09-13",
        "presenceofpavement_evidencedate": "2010-10-25",
        "presenceofpavement_capturemethod": "Automated Process",
        "presenceofpavement_averagewidth_m": 1.64,
        "presenceofpavement_minimumwidth_m": 1.27
      }
    },
    {
      "id": "7bd734d7-4909-4e6f-94e7-26af5ab1eada",
      "type": "Feature",
      "geometry": {
        "type": "LineString",
        "coordinates": [
          [
            -1.4675626,
            50.9378439
          ],
          [
            -1.4675728,
            50.9378687
          ],
          [
            -1.4675824,
            50.9379325
          ]
        ]
      },
      "properties": {
        "osid": "7bd734d7-4909-4e6f-94e7-26af5ab1eada",
        "theme": "Transport",
        "changetype": "Modified Attributes",
        "name1_text": "Hillyfields",
        "name2_text": null,
        "roadlinkid": "5ac77b0a-b559-4742-9baf-e87ffaba2046",
        "description": "Pavement",
        "versiondate": "2024-12-05",
        "name1_language": null,
        "name2_language": null,
        "routehierarchy": "Local Road",
        "geometry_length_m": 9.968,
        "alternatename1_text": null,
        "alternatename2_text": null,
        "capturespecification": "Urban",
        "versionavailabletodate": null,
        "alternatename1_language": null,
        "alternatename2_language": null,
        "roadclassificationnumber": null,
        "versionavailablefromdate": "2024-12-06T00:00:00Z",
        "presenceofpavement_source": "Ordnance Survey",
        "presenceofpavement_sideofroad": "Left",
        "presenceofpavement_updatedate": "2024-12-02",
        "presenceofpavement_evidencedate": "2024-06-20",
        "presenceofpavement_capturemethod": "Automated Process",
        "presenceofpavement_averagewidth_m": 0.86,
        "presenceofpavement_minimumwidth_m": 0.82
      }
    },
    {
      "id": "7d96d978-e2e4-4412-b8ef-851c665f3782",
      "type": "Feature",
      "geometry": {
        "type": "LineString",
        "coordinates": [
          [
            -1.4724186,
            50.9390327
          ],
          [
            -1.4724179,
            50.9388094
          ]
        ]
      },
      "properties": {
        "osid": "7d96d978-e2e4-4412-b8ef-851c665f3782",
        "theme": "Transport",
        "changetype": "Modified Attributes",
        "name1_text": "Adanac Drive",
        "name2_text": null,
        "roadlinkid": "526d6ebe-a4de-4427-b55e-afa7056500ef",
        "description": "Pavement",
        "versiondate": "2023-11-10",
        "name1_language": null,
        "name2_language": null,
        "routehierarchy": "Local Road",
        "geometry_length_m": 24.835,
        "alternatename1_text": null,
        "alternatename2_text": null,
        "capturespecification": "Urban",
        "versionavailabletodate": null,
        "alternatename1_language": null,
        "alternatename2_language": null,
        "roadclassificationnumber": null,
        "versionavailablefromdate": "2023-11-11T00:00:00Z",
        "presenceofpavement_source": "Ordnance Survey",
        "presenceofpavement_sideofroad": "Left",
        "presenceofpavement_updatedate": "2023-11-07",
        "presenceofpavement_evidencedate": "2016-08-12",
        "presenceofpavement_capturemethod": "Automated Process",
        "presenceofpavement_averagewidth_m": 2.4,
        "presenceofpavement_minimumwidth_m": 1.19
      }
    },
    {
      "id": "7dc4d760-91e8-45d2-b95f-f6660e36d3d5",
      "type": "Feature",
      "geometry": {
        "type": "LineString",
        "coordinates": [
          [
            -1.4643634,
            50.9351892
          ],
          [
            -1.4644347,
            50.9351776
          ],
          [
            -1.464514,
            50.9351566
          ],
          [
            -1.4645623,
            50.9351336
          ],
          [
            -1.4645965,
            50.9351088
          ],
          [
            -1.4646589,
            50.9350805
          ],
          [
            -1.4647213,
            50.9350576
          ],
          [
            -1.4648205,
            50.9350331
          ],
          [
            -1.4650136,
            50.9349955
          ]
        ]
      },
      "properties": {
        "osid": "7dc4d760-91e8-45d2-b95f-f6660e36d3d5",
        "theme": "Transport",
        "changetype": "Modified Geometry And Attributes",
        "name1_text": "Hurst Way",
        "name2_text": null,
        "roadlinkid": "72b9b0a3-7d5c-4f40-935d-f3dcd61592f6",
        "description": "Pavement",
        "versiondate": "2024-02-06",
        "name1_language": null,
        "name2_language": null,
        "routehierarchy": "Local Road",
        "geometry_length_m": 51.276,
        "alternatename1_text": null,
        "alternatename2_text": null,
        "capturespecification": "Urban",
        "versionavailabletodate": null,
        "alternatename1_language": null,
        "alternatename2_language": null,
        "roadclassificationnumber": null,
        "versionavailablefromdate": "2024-02-07T00:00:00Z",
        "presenceofpavement_source": "Ordnance Survey",
        "presenceofpavement_sideofroad": "Left",
        "presenceofpavement_updatedate": "2024-02-02",
        "presenceofpavement_evidencedate": "2022-12-15",
        "presenceofpavement_capturemethod": "Automated Process",
        "presenceofpavement_averagewidth_m": 1.82,
        "presenceofpavement_minimumwidth_m": 1.12
      }
    },
    {
      "id": "7e45b977-bc2d-492c-ad76-c5fa1f54b1c4",
      "type": "Feature",
      "geometry": {
        "type": "LineString",
        "coordinates": [
          [
            -1.4686185,
            50.936491
          ],
          [
            -1.4685676,
            50.9365853
          ],
          [
            -1.4685094,
            50.936693
          ],
          [
            -1.468437,
            50.9368006
          ],
          [
            -1.4683938,
            50.9368453
          ]
        ]
      },
      "properties": {
        "osid": "7e45b977-bc2d-492c-ad76-c5fa1f54b1c4",
        "theme": "Transport",
        "changetype": "New",
        "name1_text": "Hillyfields",
        "name2_text": null,
        "roadlinkid": "4c03a3ca-2576-4a49-9399-b986554fc1d5",
        "description": "Pavement",
        "versiondate": "2023-11-10",
        "name1_language": null,
        "name2_language": null,
        "routehierarchy": "Local Road",
        "geometry_length_m": 42.56,
        "alternatename1_text": null,
        "alternatename2_text": null,
        "capturespecification": "Urban",
        "versionavailabletodate": null,
        "alternatename1_language": null,
        "alternatename2_language": null,
        "roadclassificationnumber": null,
        "versionavailablefromdate": "2023-11-11T00:00:00Z",
        "presenceofpavement_source": "Ordnance Survey",
        "presenceofpavement_sideofroad": "Right",
        "presenceofpavement_updatedate": "2023-11-07",
        "presenceofpavement_evidencedate": "2016-08-12",
        "presenceofpavement_capturemethod": "Automated Process",
        "presenceofpavement_averagewidth_m": 1.3,
        "presenceofpavement_minimumwidth_m": 0.91
      }
    },
    {
      "id": "809c9e47-2b0d-45b7-80c5-a8c806513e64",
      "type": "Feature",
      "geometry": {
        "type": "LineString",
        "coordinates": [
          [
            -1.4654742,
            50.9402065
          ],
          [
            -1.465516,
            50.9402323
          ]
        ]
      },
      "properties": {
        "osid": "809c9e47-2b0d-45b7-80c5-a8c806513e64",
        "theme": "Transport",
        "changetype": "New",
        "name1_text": "Bodding Avenue",
        "name2_text": null,
        "roadlinkid": "5bb59e20-7e59-4eea-bb8d-be4a7ed908f0",
        "description": "Pavement",
        "versiondate": "2023-09-14",
        "name1_language": null,
        "name2_language": null,
        "routehierarchy": "Restricted Local Access Road",
        "geometry_length_m": 4.107,
        "alternatename1_text": null,
        "alternatename2_text": null,
        "capturespecification": "Urban",
        "versionavailabletodate": null,
        "alternatename1_language": null,
        "alternatename2_language": null,
        "roadclassificationnumber": null,
        "versionavailablefromdate": "2023-09-15T00:00:00Z",
        "presenceofpavement_source": "Ordnance Survey",
        "presenceofpavement_sideofroad": "Right",
        "presenceofpavement_updatedate": "2023-09-13",
        "presenceofpavement_evidencedate": "2021-08-10",
        "presenceofpavement_capturemethod": "Automated Process",
        "presenceofpavement_averagewidth_m": 1.81,
        "presenceofpavement_minimumwidth_m": 1.47
      }
    },
    {
      "id": "81891287-7ceb-442f-9979-3e4bd1a2f931",
      "type": "Feature",
      "geometry": {
        "type": "LineString",
        "coordinates": [
          [
            -1.4659926,
            50.9393142
          ],
          [
            -1.4660114,
            50.9393694
          ]
        ]
      },
      "properties": {
        "osid": "81891287-7ceb-442f-9979-3e4bd1a2f931",
        "theme": "Transport",
        "changetype": "New",
        "name1_text": "Conager Close",
        "name2_text": null,
        "roadlinkid": "0f17ae9e-f292-4ee7-8d26-4b09ce7e1405",
        "description": "Pavement",
        "versiondate": "2023-09-14",
        "name1_language": null,
        "name2_language": null,
        "routehierarchy": "Restricted Local Access Road",
        "geometry_length_m": 6.287,
        "alternatename1_text": null,
        "alternatename2_text": null,
        "capturespecification": "Urban",
        "versionavailabletodate": null,
        "alternatename1_language": null,
        "alternatename2_language": null,
        "roadclassificationnumber": null,
        "versionavailablefromdate": "2023-09-15T00:00:00Z",
        "presenceofpavement_source": "Ordnance Survey",
        "presenceofpavement_sideofroad": "Right",
        "presenceofpavement_updatedate": "2023-09-13",
        "presenceofpavement_evidencedate": "2021-08-10",
        "presenceofpavement_capturemethod": "Automated Process",
        "presenceofpavement_averagewidth_m": 1.56,
        "presenceofpavement_minimumwidth_m": 0.96
      }
    },
    {
      "id": "81b1460d-0710-47ac-9a2d-0bc94011c579",
      "type": "Feature",
      "geometry": {
        "type": "LineString",
        "coordinates": [
          [
            -1.4699752,
            50.9365733
          ],
          [
            -1.4700063,
            50.9365847
          ]
        ]
      },
      "properties": {
        "osid": "81b1460d-0710-47ac-9a2d-0bc94011c579",
        "theme": "Transport",
        "changetype": "New",
        "name1_text": "Adanac Drive",
        "name2_text": null,
        "roadlinkid": "90d9fdc5-6411-4324-9aa8-7bbcefb4b647",
        "description": "Pavement",
        "versiondate": "2023-09-14",
        "name1_language": null,
        "name2_language": null,
        "routehierarchy": "Local Road",
        "geometry_length_m": 2.522,
        "alternatename1_text": null,
        "alternatename2_text": null,
        "capturespecification": "Urban",
        "versionavailabletodate": null,
        "alternatename1_language": null,
        "alternatename2_language": null,
        "roadclassificationnumber": null,
        "versionavailablefromdate": "2023-09-15T00:00:00Z",
        "presenceofpavement_source": "Ordnance Survey",
        "presenceofpavement_sideofroad": "Right",
        "presenceofpavement_updatedate": "2023-09-13",
        "presenceofpavement_evidencedate": "2015-03-02",
        "presenceofpavement_capturemethod": "Automated Process",
        "presenceofpavement_averagewidth_m": 1.18,
        "presenceofpavement_minimumwidth_m": 0.84
      }
    },
    {
      "id": "83b4e899-2211-48dc-86c7-36f3caa23301",
      "type": "Feature",
      "geometry": {
        "type": "LineString",
        "coordinates": [
          [
            -1.4659986,
            50.9393161
          ],
          [
            -1.4660264,
            50.9393252
          ],
          [
            -1.4660663,
            50.9393304
          ],
          [
            -1.4660979,
            50.9393309
          ],
          [
            -1.4661142,
            50.9393299
          ],
          [
            -1.4661382,
            50.9393268
          ],
          [
            -1.4661614,
            50.9393219
          ],
          [
            -1.4661978,
            50.9393099
          ],
          [
            -1.4665525,
            50.9391506
          ]
        ]
      },
      "properties": {
        "osid": "83b4e899-2211-48dc-86c7-36f3caa23301",
        "theme": "Transport",
        "changetype": "New",
        "name1_text": "Conager Close",
        "name2_text": null,
        "roadlinkid": "c8a5a577-2e3d-42b1-8a2d-109d0ea1a86c",
        "description": "Pavement",
        "versiondate": "2023-09-14",
        "name1_language": null,
        "name2_language": null,
        "routehierarchy": "Local Road",
        "geometry_length_m": 45.338,
        "alternatename1_text": null,
        "alternatename2_text": null,
        "capturespecification": "Urban",
        "versionavailabletodate": null,
        "alternatename1_language": null,
        "alternatename2_language": null,
        "roadclassificationnumber": null,
        "versionavailablefromdate": "2023-09-15T00:00:00Z",
        "presenceofpavement_source": "Ordnance Survey",
        "presenceofpavement_sideofroad": "Right",
        "presenceofpavement_updatedate": "2023-09-13",
        "presenceofpavement_evidencedate": "2021-08-10",
        "presenceofpavement_capturemethod": "Automated Process",
        "presenceofpavement_averagewidth_m": 1.75,
        "presenceofpavement_minimumwidth_m": 0.77
      }
    },
    {
      "id": "8412485b-78fb-48b5-a94b-111d7c6e7767",
      "type": "Feature",
      "geometry": {
        "type": "LineString",
        "coordinates": [
          [
            -1.4645752,
            50.9390384
          ],
          [
            -1.4645124,
            50.939112
          ]
        ]
      },
      "properties": {
        "osid": "8412485b-78fb-48b5-a94b-111d7c6e7767",
        "theme": "Transport",
        "changetype": "Modified Attributes",
        "name1_text": "Redbridge Lane",
        "name2_text": null,
        "roadlinkid": "85d92820-dc02-4feb-8fb8-9131478f4325",
        "description": "Pavement",
        "versiondate": "2025-06-03",
        "name1_language": null,
        "name2_language": null,
        "routehierarchy": "Local Road",
        "geometry_length_m": 9.3,
        "alternatename1_text": null,
        "alternatename2_text": null,
        "capturespecification": "Urban",
        "versionavailabletodate": null,
        "alternatename1_language": null,
        "alternatename2_language": null,
        "roadclassificationnumber": null,
        "versionavailablefromdate": "2025-06-04T00:00:00Z",
        "presenceofpavement_source": "Ordnance Survey",
        "presenceofpavement_sideofroad": "Left",
        "presenceofpavement_updatedate": "2025-05-30",
        "presenceofpavement_evidencedate": "2025-04-28",
        "presenceofpavement_capturemethod": "Automated Process",
        "presenceofpavement_averagewidth_m": 3.05,
        "presenceofpavement_minimumwidth_m": 1.19
      }
    },
    {
      "id": "84b5f558-1862-49d9-abc8-2f2219e07489",
      "type": "Feature",
      "geometry": {
        "type": "LineString",
        "coordinates": [
          [
            -1.4659949,
            50.936316
          ],
          [
            -1.465958,
            50.9363149
          ]
        ]
      },
      "properties": {
        "osid": "84b5f558-1862-49d9-abc8-2f2219e07489",
        "theme": "Transport",
        "changetype": "New",
        "name1_text": null,
        "name2_text": null,
        "roadlinkid": "3370f4b9-d554-438a-b853-511a2d0a95dc",
        "description": "Pavement",
        "versiondate": "2023-09-14",
        "name1_language": null,
        "name2_language": null,
        "routehierarchy": "Restricted Secondary Access Road",
        "geometry_length_m": 2.596,
        "alternatename1_text": null,
        "alternatename2_text": null,
        "capturespecification": "Urban",
        "versionavailabletodate": null,
        "alternatename1_language": null,
        "alternatename2_language": null,
        "roadclassificationnumber": null,
        "versionavailablefromdate": "2023-09-15T00:00:00Z",
        "presenceofpavement_source": "Ordnance Survey",
        "presenceofpavement_sideofroad": "Left",
        "presenceofpavement_updatedate": "2023-09-13",
        "presenceofpavement_evidencedate": "2018-02-20",
        "presenceofpavement_capturemethod": "Automated Process",
        "presenceofpavement_averagewidth_m": 1.57,
        "presenceofpavement_minimumwidth_m": 1.26
      }
    },
    {
      "id": "86de7861-b342-489d-979b-c0fc8c684a2b",
      "type": "Feature",
      "geometry": {
        "type": "LineString",
        "coordinates": [
          [
            -1.4648736,
            50.9407625
          ],
          [
            -1.4649245,
            50.9407825
          ]
        ]
      },
      "properties": {
        "osid": "86de7861-b342-489d-979b-c0fc8c684a2b",
        "theme": "Transport",
        "changetype": "New",
        "name1_text": "Bodding Avenue",
        "name2_text": null,
        "roadlinkid": "86c2f041-8f4a-49e5-9d00-37c964424520",
        "description": "Pavement",
        "versiondate": "2023-09-14",
        "name1_language": null,
        "name2_language": null,
        "routehierarchy": "Restricted Local Access Road",
        "geometry_length_m": 4.214,
        "alternatename1_text": null,
        "alternatename2_text": null,
        "capturespecification": "Urban",
        "versionavailabletodate": null,
        "alternatename1_language": null,
        "alternatename2_language": null,
        "roadclassificationnumber": null,
        "versionavailablefromdate": "2023-09-15T00:00:00Z",
        "presenceofpavement_source": "Ordnance Survey",
        "presenceofpavement_sideofroad": "Right",
        "presenceofpavement_updatedate": "2023-09-13",
        "presenceofpavement_evidencedate": "2021-08-10",
        "presenceofpavement_capturemethod": "Automated Process",
        "presenceofpavement_averagewidth_m": 1.7,
        "presenceofpavement_minimumwidth_m": 0.95
      }
    },
    {
      "id": "8775efb1-0c18-46af-8c38-27557f97aa22",
      "type": "Feature",
      "geometry": {
        "type": "LineString",
        "coordinates": [
          [
            -1.4657016,
            50.9348617
          ],
          [
            -1.4657528,
            50.9348305
          ],
          [
            -1.4657613,
            50.9348254
          ],
          [
            -1.4658323,
            50.9348122
          ],
          [
            -1.4658894,
            50.9348016
          ],
          [
            -1.4659032,
            50.9347991
          ],
          [
            -1.465958,
            50.9348084
          ]
        ]
      },
      "properties": {
        "osid": "8775efb1-0c18-46af-8c38-27557f97aa22",
        "theme": "Transport",
        "changetype": "Modified Attributes",
        "name1_text": "Hurst Way",
        "name2_text": null,
        "roadlinkid": "c48b7fc2-0b1b-43fe-b5c9-7eaab53d4a5c",
        "description": "Pavement",
        "versiondate": "2024-06-11",
        "name1_language": null,
        "name2_language": null,
        "routehierarchy": "Local Road",
        "geometry_length_m": 20.204,
        "alternatename1_text": null,
        "alternatename2_text": null,
        "capturespecification": "Urban",
        "versionavailabletodate": null,
        "alternatename1_language": null,
        "alternatename2_language": null,
        "roadclassificationnumber": null,
        "versionavailablefromdate": "2024-06-12T00:00:00Z",
        "presenceofpavement_source": "Ordnance Survey",
        "presenceofpavement_sideofroad": "Left",
        "presenceofpavement_updatedate": "2024-05-29",
        "presenceofpavement_evidencedate": "2022-07-28",
        "presenceofpavement_capturemethod": "Automated Process",
        "presenceofpavement_averagewidth_m": 1.84,
        "presenceofpavement_minimumwidth_m": 0.99
      }
    },
    {
      "id": "87c81dc8-8adf-484a-847c-1ae95433f8dc",
      "type": "Feature",
      "geometry": {
        "type": "LineString",
        "coordinates": [
          [
            -1.4660489,
            50.9394797
          ],
          [
            -1.4660638,
            50.9395237
          ],
          [
            -1.4661028,
            50.9395689
          ]
        ]
      },
      "properties": {
        "osid": "87c81dc8-8adf-484a-847c-1ae95433f8dc",
        "theme": "Transport",
        "changetype": "New",
        "name1_text": "Conager Close",
        "name2_text": null,
        "roadlinkid": "0f17ae9e-f292-4ee7-8d26-4b09ce7e1405",
        "description": "Pavement",
        "versiondate": "2023-09-14",
        "name1_language": null,
        "name2_language": null,
        "routehierarchy": "Restricted Local Access Road",
        "geometry_length_m": 10.732,
        "alternatename1_text": null,
        "alternatename2_text": null,
        "capturespecification": "Urban",
        "versionavailabletodate": null,
        "alternatename1_language": null,
        "alternatename2_language": null,
        "roadclassificationnumber": null,
        "versionavailablefromdate": "2023-09-15T00:00:00Z",
        "presenceofpavement_source": "Ordnance Survey",
        "presenceofpavement_sideofroad": "Right",
        "presenceofpavement_updatedate": "2023-09-13",
        "presenceofpavement_evidencedate": "2021-08-10",
        "presenceofpavement_capturemethod": "Automated Process",
        "presenceofpavement_averagewidth_m": 0.75,
        "presenceofpavement_minimumwidth_m": 0.75
      }
    },
    {
      "id": "88ba3000-0788-4c5c-b4f7-95f7d3e7094f",
      "type": "Feature",
      "geometry": {
        "type": "LineString",
        "coordinates": [
          [
            -1.4633234,
            50.93429
          ],
          [
            -1.4635089,
            50.9342329
          ],
          [
            -1.4638203,
            50.934144
          ]
        ]
      },
      "properties": {
        "osid": "88ba3000-0788-4c5c-b4f7-95f7d3e7094f",
        "theme": "Transport",
        "changetype": "New",
        "name1_text": "Lower Brownhill Road",
        "name2_text": null,
        "roadlinkid": "bef56844-7c9e-4ecb-8452-ff8d10a1aac9",
        "description": "Pavement",
        "versiondate": "2023-09-14",
        "name1_language": null,
        "name2_language": null,
        "routehierarchy": "Local Road",
        "geometry_length_m": 38.51,
        "alternatename1_text": null,
        "alternatename2_text": null,
        "capturespecification": "Urban",
        "versionavailabletodate": null,
        "alternatename1_language": null,
        "alternatename2_language": null,
        "roadclassificationnumber": null,
        "versionavailablefromdate": "2023-09-15T00:00:00Z",
        "presenceofpavement_source": "Ordnance Survey",
        "presenceofpavement_sideofroad": "Left",
        "presenceofpavement_updatedate": "2023-09-13",
        "presenceofpavement_evidencedate": "2022-12-06",
        "presenceofpavement_capturemethod": "Automated Process",
        "presenceofpavement_averagewidth_m": 3.03,
        "presenceofpavement_minimumwidth_m": 1.33
      }
    },
    {
      "id": "89f7f33e-b60c-4d50-8d62-da58338e25e4",
      "type": "Feature",
      "geometry": {
        "type": "LineString",
        "coordinates": [
          [
            -1.4674379,
            50.9357764
          ],
          [
            -1.4675866,
            50.9358113
          ]
        ]
      },
      "properties": {
        "osid": "89f7f33e-b60c-4d50-8d62-da58338e25e4",
        "theme": "Transport",
        "changetype": "New",
        "name1_text": "Bargain Close",
        "name2_text": null,
        "roadlinkid": "d780804b-fda7-4a8e-9c27-49e6ed2ffee4",
        "description": "Pavement",
        "versiondate": "2023-09-14",
        "name1_language": null,
        "name2_language": null,
        "routehierarchy": "Local Road",
        "geometry_length_m": 11.149,
        "alternatename1_text": null,
        "alternatename2_text": null,
        "capturespecification": "Urban",
        "versionavailabletodate": null,
        "alternatename1_language": null,
        "alternatename2_language": null,
        "roadclassificationnumber": null,
        "versionavailablefromdate": "2023-09-15T00:00:00Z",
        "presenceofpavement_source": "Ordnance Survey",
        "presenceofpavement_sideofroad": "Left",
        "presenceofpavement_updatedate": "2023-09-13",
        "presenceofpavement_evidencedate": "2018-05-09",
        "presenceofpavement_capturemethod": "Automated Process",
        "presenceofpavement_averagewidth_m": 1.36,
        "presenceofpavement_minimumwidth_m": 1.2
      }
    },
    {
      "id": "8c2b4067-dfb2-4f09-9df7-9bf020bac79e",
      "type": "Feature",
      "geometry": {
        "type": "LineString",
        "coordinates": [
          [
            -1.4693798,
            50.9343484
          ],
          [
            -1.4693706,
            50.9343686
          ],
          [
            -1.4693575,
            50.9343975
          ],
          [
            -1.4693036,
            50.9344655
          ]
        ]
      },
      "properties": {
        "osid": "8c2b4067-dfb2-4f09-9df7-9bf020bac79e",
        "theme": "Transport",
        "changetype": "Modified Geometry And Attributes",
        "name1_text": "Adanac Drive",
        "name2_text": null,
        "roadlinkid": "e3edf7be-2578-42a6-a400-3b550d87c37f",
        "description": "Pavement",
        "versiondate": "2024-12-05",
        "name1_language": null,
        "name2_language": null,
        "routehierarchy": "Local Road",
        "geometry_length_m": 14.13,
        "alternatename1_text": null,
        "alternatename2_text": null,
        "capturespecification": "Urban",
        "versionavailabletodate": null,
        "alternatename1_language": null,
        "alternatename2_language": null,
        "roadclassificationnumber": null,
        "versionavailablefromdate": "2024-12-06T00:00:00Z",
        "presenceofpavement_source": "Ordnance Survey",
        "presenceofpavement_sideofroad": "Right",
        "presenceofpavement_updatedate": "2024-12-02",
        "presenceofpavement_evidencedate": "2017-02-02",
        "presenceofpavement_capturemethod": "Automated Process",
        "presenceofpavement_averagewidth_m": 1.7,
        "presenceofpavement_minimumwidth_m": 1.22
      }
    },
    {
      "id": "8d6492ab-7fb7-42ea-94f7-62f75439bd06",
      "type": "Feature",
      "geometry": {
        "type": "LineString",
        "coordinates": [
          [
            -1.4675977,
            50.934532
          ],
          [
            -1.4674825,
            50.9343675
          ],
          [
            -1.4674613,
            50.934298
          ]
        ]
      },
      "properties": {
        "osid": "8d6492ab-7fb7-42ea-94f7-62f75439bd06",
        "theme": "Transport",
        "changetype": "Modified Attributes",
        "name1_text": "Hurst Way",
        "name2_text": null,
        "roadlinkid": "12d7f52c-53bd-42b0-b7df-11b6cf8a756d",
        "description": "Pavement",
        "versiondate": "2024-12-05",
        "name1_language": null,
        "name2_language": null,
        "routehierarchy": "Local Road",
        "geometry_length_m": 27.879,
        "alternatename1_text": null,
        "alternatename2_text": null,
        "capturespecification": "Urban",
        "versionavailabletodate": null,
        "alternatename1_language": null,
        "alternatename2_language": null,
        "roadclassificationnumber": null,
        "versionavailablefromdate": "2024-12-06T00:00:00Z",
        "presenceofpavement_source": "Ordnance Survey",
        "presenceofpavement_sideofroad": "Left",
        "presenceofpavement_updatedate": "2024-12-02",
        "presenceofpavement_evidencedate": "2022-07-28",
        "presenceofpavement_capturemethod": "Automated Process",
        "presenceofpavement_averagewidth_m": 3.88,
        "presenceofpavement_minimumwidth_m": 1.07
      }
    },
    {
      "id": "8e7375c7-144a-4910-89c8-423ae1590aba",
      "type": "Feature",
      "geometry": {
        "type": "LineString",
        "coordinates": [
          [
            -1.4726035,
            50.9340731
          ],
          [
            -1.4725669,
            50.9340496
          ],
          [
            -1.4725105,
            50.9340044
          ]
        ]
      },
      "properties": {
        "osid": "8e7375c7-144a-4910-89c8-423ae1590aba",
        "theme": "Transport",
        "changetype": "Modified Attributes",
        "name1_text": "Brownhill Way",
        "name2_text": null,
        "roadlinkid": "e80275e0-de20-4c88-a636-339d9bc4340c",
        "description": "Pavement",
        "versiondate": "2025-04-02",
        "name1_language": null,
        "name2_language": null,
        "routehierarchy": "Minor Road",
        "geometry_length_m": 10.069,
        "alternatename1_text": null,
        "alternatename2_text": null,
        "capturespecification": "Rural",
        "versionavailabletodate": null,
        "alternatename1_language": null,
        "alternatename2_language": null,
        "roadclassificationnumber": null,
        "versionavailablefromdate": "2025-04-03T00:00:00Z",
        "presenceofpavement_source": "Ordnance Survey",
        "presenceofpavement_sideofroad": "Left",
        "presenceofpavement_updatedate": "2025-03-28",
        "presenceofpavement_evidencedate": "2025-03-21",
        "presenceofpavement_capturemethod": "Automated Process",
        "presenceofpavement_averagewidth_m": 2.72,
        "presenceofpavement_minimumwidth_m": 1.23
      }
    },
    {
      "id": "9012bcf2-2412-4e1a-8a1c-519789a9d7ce",
      "type": "Feature",
      "geometry": {
        "type": "LineString",
        "coordinates": [
          [
            -1.4654555,
            50.9379452
          ],
          [
            -1.4654471,
            50.9379522
          ],
          [
            -1.4652901,
            50.9380898
          ]
        ]
      },
      "properties": {
        "osid": "9012bcf2-2412-4e1a-8a1c-519789a9d7ce",
        "theme": "Transport",
        "changetype": "Modified Attributes",
        "name1_text": "Redbridge Lane",
        "name2_text": null,
        "roadlinkid": "cac15787-0e3b-448b-9038-58698d8e7d09",
        "description": "Pavement",
        "versiondate": "2025-03-05",
        "name1_language": null,
        "name2_language": null,
        "routehierarchy": "Local Road",
        "geometry_length_m": 19.835,
        "alternatename1_text": null,
        "alternatename2_text": null,
        "capturespecification": "Urban",
        "versionavailabletodate": null,
        "alternatename1_language": null,
        "alternatename2_language": null,
        "roadclassificationnumber": null,
        "versionavailablefromdate": "2025-03-06T00:00:00Z",
        "presenceofpavement_source": "Ordnance Survey",
        "presenceofpavement_sideofroad": "Left",
        "presenceofpavement_updatedate": "2025-02-26",
        "presenceofpavement_evidencedate": "2025-02-18",
        "presenceofpavement_capturemethod": "Automated Process",
        "presenceofpavement_averagewidth_m": 1,
        "presenceofpavement_minimumwidth_m": 0.9
      }
    },
    {
      "id": "90eecd0f-93f1-4cfb-97eb-c6a6b01662db",
      "type": "Feature",
      "geometry": {
        "type": "LineString",
        "coordinates": [
          [
            -1.4722881,
            50.9372937
          ],
          [
            -1.4722165,
            50.9372955
          ]
        ]
      },
      "properties": {
        "osid": "90eecd0f-93f1-4cfb-97eb-c6a6b01662db",
        "theme": "Transport",
        "changetype": "New",
        "name1_text": null,
        "name2_text": null,
        "roadlinkid": "537d58d3-528a-4046-8b40-e8882e84db79",
        "description": "Pavement",
        "versiondate": "2023-09-14",
        "name1_language": null,
        "name2_language": null,
        "routehierarchy": "Restricted Local Access Road",
        "geometry_length_m": 5.038,
        "alternatename1_text": null,
        "alternatename2_text": null,
        "capturespecification": "Urban",
        "versionavailabletodate": null,
        "alternatename1_language": null,
        "alternatename2_language": null,
        "roadclassificationnumber": null,
        "versionavailablefromdate": "2023-09-15T00:00:00Z",
        "presenceofpavement_source": "Ordnance Survey",
        "presenceofpavement_sideofroad": "Right",
        "presenceofpavement_updatedate": "2023-09-13",
        "presenceofpavement_evidencedate": "2012-03-29",
        "presenceofpavement_capturemethod": "Automated Process",
        "presenceofpavement_averagewidth_m": 1.85,
        "presenceofpavement_minimumwidth_m": 1.15
      }
    },
    {
      "id": "922b87fe-38db-4104-89c9-4491c86926e9",
      "type": "Feature",
      "geometry": {
        "type": "LineString",
        "coordinates": [
          [
            -1.4664223,
            50.9361358
          ],
          [
            -1.4664225,
            50.9361186
          ],
          [
            -1.4664228,
            50.9360929
          ],
          [
            -1.4664344,
            50.9360673
          ],
          [
            -1.4664505,
            50.9360402
          ],
          [
            -1.466478,
            50.9360018
          ],
          [
            -1.4664859,
            50.9359903
          ]
        ]
      },
      "properties": {
        "osid": "922b87fe-38db-4104-89c9-4491c86926e9",
        "theme": "Transport",
        "changetype": "Modified Geometry And Attributes",
        "name1_text": "Bargain Close",
        "name2_text": null,
        "roadlinkid": "92094c8d-17a9-4206-95e8-6c876458c1f1",
        "description": "Pavement",
        "versiondate": "2024-12-05",
        "name1_language": null,
        "name2_language": null,
        "routehierarchy": "Local Road",
        "geometry_length_m": 17.04,
        "alternatename1_text": null,
        "alternatename2_text": null,
        "capturespecification": "Urban",
        "versionavailabletodate": null,
        "alternatename1_language": null,
        "alternatename2_language": null,
        "roadclassificationnumber": null,
        "versionavailablefromdate": "2024-12-06T00:00:00Z",
        "presenceofpavement_source": "Ordnance Survey",
        "presenceofpavement_sideofroad": "Right",
        "presenceofpavement_updatedate": "2024-12-02",
        "presenceofpavement_evidencedate": "2018-05-09",
        "presenceofpavement_capturemethod": "Automated Process",
        "presenceofpavement_averagewidth_m": 1.44,
        "presenceofpavement_minimumwidth_m": 0.98
      }
    },
    {
      "id": "92cdbbc3-5d24-42bd-a430-181ac1fd857e",
      "type": "Feature",
      "geometry": {
        "type": "LineString",
        "coordinates": [
          [
            -1.4747053,
            50.9340697
          ],
          [
            -1.4745901,
            50.934132
          ]
        ]
      },
      "properties": {
        "osid": "92cdbbc3-5d24-42bd-a430-181ac1fd857e",
        "theme": "Transport",
        "changetype": "Modified Attributes",
        "name1_text": "Brownhill Way",
        "name2_text": null,
        "roadlinkid": "30fb1b1c-71e6-4ed1-a4e3-b68e843cd18b",
        "description": "Pavement",
        "versiondate": "2023-11-10",
        "name1_language": null,
        "name2_language": null,
        "routehierarchy": "Minor Road",
        "geometry_length_m": 10.645,
        "alternatename1_text": null,
        "alternatename2_text": null,
        "capturespecification": "Rural",
        "versionavailabletodate": null,
        "alternatename1_language": null,
        "alternatename2_language": null,
        "roadclassificationnumber": null,
        "versionavailablefromdate": "2023-11-11T00:00:00Z",
        "presenceofpavement_source": "Ordnance Survey",
        "presenceofpavement_sideofroad": "Right",
        "presenceofpavement_updatedate": "2023-11-07",
        "presenceofpavement_evidencedate": "2017-01-25",
        "presenceofpavement_capturemethod": "Automated Process",
        "presenceofpavement_averagewidth_m": 2.74,
        "presenceofpavement_minimumwidth_m": 1.24
      }
    },
    {
      "id": "93e85555-c243-46dd-92df-3e6d050b2c56",
      "type": "Feature",
      "geometry": {
        "type": "LineString",
        "coordinates": [
          [
            -1.4683672,
            50.9368978
          ],
          [
            -1.4683488,
            50.936934
          ]
        ]
      },
      "properties": {
        "osid": "93e85555-c243-46dd-92df-3e6d050b2c56",
        "theme": "Transport",
        "changetype": "New",
        "name1_text": "Hillyfields",
        "name2_text": null,
        "roadlinkid": "3e383a37-15c5-4c3d-a39c-2cd26d65ea8c",
        "description": "Pavement",
        "versiondate": "2023-09-14",
        "name1_language": null,
        "name2_language": null,
        "routehierarchy": "Local Road",
        "geometry_length_m": 4.225,
        "alternatename1_text": null,
        "alternatename2_text": null,
        "capturespecification": "Urban",
        "versionavailabletodate": null,
        "alternatename1_language": null,
        "alternatename2_language": null,
        "roadclassificationnumber": null,
        "versionavailablefromdate": "2023-09-15T00:00:00Z",
        "presenceofpavement_source": "Ordnance Survey",
        "presenceofpavement_sideofroad": "Right",
        "presenceofpavement_updatedate": "2023-09-13",
        "presenceofpavement_evidencedate": "2019-06-28",
        "presenceofpavement_capturemethod": "Automated Process",
        "presenceofpavement_averagewidth_m": 1.73,
        "presenceofpavement_minimumwidth_m": 0.82
      }
    },
    {
      "id": "93ea416a-38dd-4a0c-bbc1-1a319ad2cb8a",
      "type": "Feature",
      "geometry": {
        "type": "LineString",
        "coordinates": [
          [
            -1.4654479,
            50.9401903
          ],
          [
            -1.4655179,
            50.9401477
          ]
        ]
      },
      "properties": {
        "osid": "93ea416a-38dd-4a0c-bbc1-1a319ad2cb8a",
        "theme": "Transport",
        "changetype": "New",
        "name1_text": "Bodding Avenue",
        "name2_text": null,
        "roadlinkid": "892dca11-29ed-4c9b-a281-3d2169881f82",
        "description": "Pavement",
        "versiondate": "2023-09-14",
        "name1_language": null,
        "name2_language": null,
        "routehierarchy": "Local Road",
        "geometry_length_m": 6.83,
        "alternatename1_text": null,
        "alternatename2_text": null,
        "capturespecification": "Urban",
        "versionavailabletodate": null,
        "alternatename1_language": null,
        "alternatename2_language": null,
        "roadclassificationnumber": null,
        "versionavailablefromdate": "2023-09-15T00:00:00Z",
        "presenceofpavement_source": "Ordnance Survey",
        "presenceofpavement_sideofroad": "Right",
        "presenceofpavement_updatedate": "2023-09-13",
        "presenceofpavement_evidencedate": "2021-08-10",
        "presenceofpavement_capturemethod": "Automated Process",
        "presenceofpavement_averagewidth_m": 1.95,
        "presenceofpavement_minimumwidth_m": 1.42
      }
    },
    {
      "id": "949a79bb-587a-4e43-a1ec-ff0b04770fd7",
      "type": "Feature",
      "geometry": {
        "type": "LineString",
        "coordinates": [
          [
            -1.4659811,
            50.9363156
          ],
          [
            -1.4656534,
            50.936306
          ]
        ]
      },
      "properties": {
        "osid": "949a79bb-587a-4e43-a1ec-ff0b04770fd7",
        "theme": "Transport",
        "changetype": "New",
        "name1_text": null,
        "name2_text": null,
        "roadlinkid": "3370f4b9-d554-438a-b853-511a2d0a95dc",
        "description": "Pavement",
        "versiondate": "2023-09-14",
        "name1_language": null,
        "name2_language": null,
        "routehierarchy": "Restricted Secondary Access Road",
        "geometry_length_m": 23.054,
        "alternatename1_text": null,
        "alternatename2_text": null,
        "capturespecification": "Urban",
        "versionavailabletodate": null,
        "alternatename1_language": null,
        "alternatename2_language": null,
        "roadclassificationnumber": null,
        "versionavailablefromdate": "2023-09-15T00:00:00Z",
        "presenceofpavement_source": "Ordnance Survey",
        "presenceofpavement_sideofroad": "Right",
        "presenceofpavement_updatedate": "2023-09-13",
        "presenceofpavement_evidencedate": "2016-08-12",
        "presenceofpavement_capturemethod": "Automated Process",
        "presenceofpavement_averagewidth_m": 1.79,
        "presenceofpavement_minimumwidth_m": 1.19
      }
    },
    {
      "id": "95f0219d-f8d0-41fe-97c6-838940e9ae9d",
      "type": "Feature",
      "geometry": {
        "type": "LineString",
        "coordinates": [
          [
            -1.4747053,
            50.9340697
          ],
          [
            -1.4748185,
            50.9339804
          ],
          [
            -1.4748308,
            50.9339429
          ],
          [
            -1.4749031,
            50.9338353
          ],
          [
            -1.474918,
            50.9337814
          ],
          [
            -1.4749181,
            50.933765
          ]
        ]
      },
      "properties": {
        "osid": "95f0219d-f8d0-41fe-97c6-838940e9ae9d",
        "theme": "Transport",
        "changetype": "New",
        "name1_text": "Brownhill Way",
        "name2_text": null,
        "roadlinkid": "8cbc24a9-857e-419d-8c6f-a6cedb43e8db",
        "description": "Pavement",
        "versiondate": "2023-09-14",
        "name1_language": null,
        "name2_language": null,
        "routehierarchy": "Minor Road",
        "geometry_length_m": 37.901,
        "alternatename1_text": null,
        "alternatename2_text": null,
        "capturespecification": "Rural",
        "versionavailabletodate": null,
        "alternatename1_language": null,
        "alternatename2_language": null,
        "roadclassificationnumber": null,
        "versionavailablefromdate": "2023-09-15T00:00:00Z",
        "presenceofpavement_source": "Ordnance Survey",
        "presenceofpavement_sideofroad": "Left",
        "presenceofpavement_updatedate": "2023-09-13",
        "presenceofpavement_evidencedate": "2017-01-25",
        "presenceofpavement_capturemethod": "Automated Process",
        "presenceofpavement_averagewidth_m": 3.44,
        "presenceofpavement_minimumwidth_m": 1.09
      }
    },
    {
      "id": "965d9741-7905-48fb-ab24-44ef3345c382",
      "type": "Feature",
      "geometry": {
        "type": "LineString",
        "coordinates": [
          [
            -1.4698695,
            50.9365552
          ],
          [
            -1.4699343,
            50.9365585
          ],
          [
            -1.4699373,
            50.9365595
          ],
          [
            -1.4699749,
            50.9365732
          ]
        ]
      },
      "properties": {
        "osid": "965d9741-7905-48fb-ab24-44ef3345c382",
        "theme": "Transport",
        "changetype": "New",
        "name1_text": "Adanac Drive",
        "name2_text": null,
        "roadlinkid": "90d9fdc5-6411-4324-9aa8-7bbcefb4b647",
        "description": "Pavement",
        "versiondate": "2023-09-14",
        "name1_language": null,
        "name2_language": null,
        "routehierarchy": "Local Road",
        "geometry_length_m": 7.863,
        "alternatename1_text": null,
        "alternatename2_text": null,
        "capturespecification": "Urban",
        "versionavailabletodate": null,
        "alternatename1_language": null,
        "alternatename2_language": null,
        "roadclassificationnumber": null,
        "versionavailablefromdate": "2023-09-15T00:00:00Z",
        "presenceofpavement_source": "Ordnance Survey",
        "presenceofpavement_sideofroad": "Right",
        "presenceofpavement_updatedate": "2023-09-13",
        "presenceofpavement_evidencedate": "2015-03-02",
        "presenceofpavement_capturemethod": "Automated Process",
        "presenceofpavement_averagewidth_m": 1.18,
        "presenceofpavement_minimumwidth_m": 0.84
      }
    },
    {
      "id": "9743928b-2543-4ddc-8f75-b151f34670f6",
      "type": "Feature",
      "geometry": {
        "type": "LineString",
        "coordinates": [
          [
            -1.4698205,
            50.9368626
          ],
          [
            -1.4698591,
            50.9368521
          ]
        ]
      },
      "properties": {
        "osid": "9743928b-2543-4ddc-8f75-b151f34670f6",
        "theme": "Transport",
        "changetype": "New",
        "name1_text": null,
        "name2_text": null,
        "roadlinkid": "460cf159-8e60-4b82-bf6c-c5725c365057",
        "description": "Pavement",
        "versiondate": "2023-09-14",
        "name1_language": null,
        "name2_language": null,
        "routehierarchy": "Local Road",
        "geometry_length_m": 2.951,
        "alternatename1_text": null,
        "alternatename2_text": null,
        "capturespecification": "Urban",
        "versionavailabletodate": null,
        "alternatename1_language": null,
        "alternatename2_language": null,
        "roadclassificationnumber": null,
        "versionavailablefromdate": "2023-09-15T00:00:00Z",
        "presenceofpavement_source": "Ordnance Survey",
        "presenceofpavement_sideofroad": "Left",
        "presenceofpavement_updatedate": "2023-09-13",
        "presenceofpavement_evidencedate": "2016-08-02",
        "presenceofpavement_capturemethod": "Automated Process",
        "presenceofpavement_averagewidth_m": 1.75,
        "presenceofpavement_minimumwidth_m": 1.32
      }
    },
    {
      "id": "97aa36be-8e25-46a7-988b-4a887f53cb31",
      "type": "Feature",
      "geometry": {
        "type": "LineString",
        "coordinates": [
          [
            -1.4726049,
            50.9397475
          ],
          [
            -1.4726144,
            50.9397745
          ]
        ]
      },
      "properties": {
        "osid": "97aa36be-8e25-46a7-988b-4a887f53cb31",
        "theme": "Transport",
        "changetype": "New",
        "name1_text": "Adanac Drive",
        "name2_text": null,
        "roadlinkid": "96bca469-7a80-4283-95f6-0e6a8cf6fef1",
        "description": "Pavement",
        "versiondate": "2024-10-02",
        "name1_language": null,
        "name2_language": null,
        "routehierarchy": "Restricted Local Access Road",
        "geometry_length_m": 3.078,
        "alternatename1_text": null,
        "alternatename2_text": null,
        "capturespecification": "Urban",
        "versionavailabletodate": null,
        "alternatename1_language": null,
        "alternatename2_language": null,
        "roadclassificationnumber": null,
        "versionavailablefromdate": "2024-10-03T00:00:00Z",
        "presenceofpavement_source": "Ordnance Survey",
        "presenceofpavement_sideofroad": "Right",
        "presenceofpavement_updatedate": "2024-09-30",
        "presenceofpavement_evidencedate": "2021-03-10",
        "presenceofpavement_capturemethod": "Automated Process",
        "presenceofpavement_averagewidth_m": 1.18,
        "presenceofpavement_minimumwidth_m": 1.18
      }
    },
    {
      "id": "98514be0-24cd-44a6-84c0-e6e579efe081",
      "type": "Feature",
      "geometry": {
        "type": "LineString",
        "coordinates": [
          [
            -1.4692533,
            50.9353798
          ],
          [
            -1.4692531,
            50.935355
          ]
        ]
      },
      "properties": {
        "osid": "98514be0-24cd-44a6-84c0-e6e579efe081",
        "theme": "Transport",
        "changetype": "New",
        "name1_text": "Adanac Drive",
        "name2_text": null,
        "roadlinkid": "3b790492-5ecc-4acf-af08-e2edf8a6c4d6",
        "description": "Pavement",
        "versiondate": "2023-09-14",
        "name1_language": null,
        "name2_language": null,
        "routehierarchy": "Local Road",
        "geometry_length_m": 2.756,
        "alternatename1_text": null,
        "alternatename2_text": null,
        "capturespecification": "Urban",
        "versionavailabletodate": null,
        "alternatename1_language": null,
        "alternatename2_language": null,
        "roadclassificationnumber": null,
        "versionavailablefromdate": "2023-09-15T00:00:00Z",
        "presenceofpavement_source": "Ordnance Survey",
        "presenceofpavement_sideofroad": "Left",
        "presenceofpavement_updatedate": "2023-09-13",
        "presenceofpavement_evidencedate": "2021-05-06",
        "presenceofpavement_capturemethod": "Automated Process",
        "presenceofpavement_averagewidth_m": 1.28,
        "presenceofpavement_minimumwidth_m": 1.28
      }
    },
    {
      "id": "988bf01e-c324-4cb1-b83c-f2bea8a96364",
      "type": "Feature",
      "geometry": {
        "type": "LineString",
        "coordinates": [
          [
            -1.4690933,
            50.9396433
          ],
          [
            -1.4683616,
            50.9396411
          ]
        ]
      },
      "properties": {
        "osid": "988bf01e-c324-4cb1-b83c-f2bea8a96364",
        "theme": "Transport",
        "changetype": "New",
        "name1_text": null,
        "name2_text": null,
        "roadlinkid": "d8bb0ab0-d6e7-424e-93f9-9bf95f7a9417",
        "description": "Pavement",
        "versiondate": "2023-09-14",
        "name1_language": null,
        "name2_language": null,
        "routehierarchy": "Restricted Local Access Road",
        "geometry_length_m": 51.409,
        "alternatename1_text": null,
        "alternatename2_text": null,
        "capturespecification": "Urban",
        "versionavailabletodate": null,
        "alternatename1_language": null,
        "alternatename2_language": null,
        "roadclassificationnumber": null,
        "versionavailablefromdate": "2023-09-15T00:00:00Z",
        "presenceofpavement_source": "Ordnance Survey",
        "presenceofpavement_sideofroad": "Left",
        "presenceofpavement_updatedate": "2023-09-13",
        "presenceofpavement_evidencedate": "2020-09-20",
        "presenceofpavement_capturemethod": "Automated Process",
        "presenceofpavement_averagewidth_m": 1.71,
        "presenceofpavement_minimumwidth_m": 1.1
      }
    },
    {
      "id": "997886ea-9adf-40ec-9d51-d93b78ee5da9",
      "type": "Feature",
      "geometry": {
        "type": "LineString",
        "coordinates": [
          [
            -1.4649697,
            50.9391126
          ],
          [
            -1.4646459,
            50.9390184
          ]
        ]
      },
      "properties": {
        "osid": "997886ea-9adf-40ec-9d51-d93b78ee5da9",
        "theme": "Transport",
        "changetype": "Modified Attributes",
        "name1_text": "Bodding Avenue",
        "name2_text": null,
        "roadlinkid": "c466fa5c-43be-4508-8f32-d73af86c7493",
        "description": "Pavement",
        "versiondate": "2025-06-03",
        "name1_language": null,
        "name2_language": null,
        "routehierarchy": "Local Road",
        "geometry_length_m": 25.044,
        "alternatename1_text": null,
        "alternatename2_text": null,
        "capturespecification": "Urban",
        "versionavailabletodate": null,
        "alternatename1_language": null,
        "alternatename2_language": null,
        "roadclassificationnumber": null,
        "versionavailablefromdate": "2025-06-04T00:00:00Z",
        "presenceofpavement_source": "Ordnance Survey",
        "presenceofpavement_sideofroad": "Left",
        "presenceofpavement_updatedate": "2025-05-30",
        "presenceofpavement_evidencedate": "2025-04-28",
        "presenceofpavement_capturemethod": "Automated Process",
        "presenceofpavement_averagewidth_m": 1.82,
        "presenceofpavement_minimumwidth_m": 0.96
      }
    },
    {
      "id": "99868372-e8b1-4aab-9327-cb32a73d21ba",
      "type": "Feature",
      "geometry": {
        "type": "LineString",
        "coordinates": [
          [
            -1.4666736,
            50.9378219
          ],
          [
            -1.4666926,
            50.9378193
          ],
          [
            -1.4670705,
            50.9377684
          ]
        ]
      },
      "properties": {
        "osid": "99868372-e8b1-4aab-9327-cb32a73d21ba",
        "theme": "Transport",
        "changetype": "Modified Attributes",
        "name1_text": "Hillyfields",
        "name2_text": null,
        "roadlinkid": "4f37b1e1-7f48-4aab-917b-63110a1c5e0d",
        "description": "Pavement",
        "versiondate": "2024-12-05",
        "name1_language": null,
        "name2_language": null,
        "routehierarchy": "Local Road",
        "geometry_length_m": 28.517,
        "alternatename1_text": null,
        "alternatename2_text": null,
        "capturespecification": "Urban",
        "versionavailabletodate": null,
        "alternatename1_language": null,
        "alternatename2_language": null,
        "roadclassificationnumber": null,
        "versionavailablefromdate": "2024-12-06T00:00:00Z",
        "presenceofpavement_source": "Ordnance Survey",
        "presenceofpavement_sideofroad": "Right",
        "presenceofpavement_updatedate": "2024-12-02",
        "presenceofpavement_evidencedate": "2024-06-20",
        "presenceofpavement_capturemethod": "Automated Process",
        "presenceofpavement_averagewidth_m": 1.47,
        "presenceofpavement_minimumwidth_m": 0.93
      }
    },
    {
      "id": "99f1a03a-b3dd-49a0-82fd-0eef5770980d",
      "type": "Feature",
      "geometry": {
        "type": "LineString",
        "coordinates": [
          [
            -1.4655179,
            50.9401477
          ],
          [
            -1.4656903,
            50.9400427
          ],
          [
            -1.4657355,
            50.9400122
          ],
          [
            -1.4657654,
            50.939989
          ],
          [
            -1.4657975,
            50.9399609
          ],
          [
            -1.4658265,
            50.9399315
          ],
          [
            -1.4658516,
            50.939901
          ],
          [
            -1.4658626,
            50.9398851
          ],
          [
            -1.4658852,
            50.9398437
          ]
        ]
      },
      "properties": {
        "osid": "99f1a03a-b3dd-49a0-82fd-0eef5770980d",
        "theme": "Transport",
        "changetype": "Modified Attributes",
        "name1_text": "Bodding Avenue",
        "name2_text": null,
        "roadlinkid": "e8ead8a4-c507-423e-9426-aa64cbeb3da7",
        "description": "Pavement",
        "versiondate": "2025-06-03",
        "name1_language": null,
        "name2_language": null,
        "routehierarchy": "Local Road",
        "geometry_length_m": 43.124,
        "alternatename1_text": null,
        "alternatename2_text": null,
        "capturespecification": "Urban",
        "versionavailabletodate": null,
        "alternatename1_language": null,
        "alternatename2_language": null,
        "roadclassificationnumber": null,
        "versionavailablefromdate": "2025-06-04T00:00:00Z",
        "presenceofpavement_source": "Ordnance Survey",
        "presenceofpavement_sideofroad": "Left",
        "presenceofpavement_updatedate": "2025-05-30",
        "presenceofpavement_evidencedate": "2025-04-28",
        "presenceofpavement_capturemethod": "Automated Process",
        "presenceofpavement_averagewidth_m": 1.74,
        "presenceofpavement_minimumwidth_m": 1.13
      }
    },
    {
      "id": "9a59c909-6dea-46ca-af57-b1871126abd7",
      "type": "Feature",
      "geometry": {
        "type": "LineString",
        "coordinates": [
          [
            -1.4638319,
            50.9343567
          ],
          [
            -1.4638465,
            50.9343487
          ],
          [
            -1.4638701,
            50.9343357
          ],
          [
            -1.4639227,
            50.9342959
          ],
          [
            -1.4639283,
            50.9342916
          ],
          [
            -1.4639836,
            50.9342584
          ]
        ]
      },
      "properties": {
        "osid": "9a59c909-6dea-46ca-af57-b1871126abd7",
        "theme": "Transport",
        "changetype": "New",
        "name1_text": "Brownhill Way",
        "name2_text": null,
        "roadlinkid": "3f78e4f1-898c-444f-84e7-366160124c46",
        "description": "Pavement",
        "versiondate": "2023-09-14",
        "name1_language": null,
        "name2_language": null,
        "routehierarchy": "Minor Road",
        "geometry_length_m": 15.307,
        "alternatename1_text": null,
        "alternatename2_text": null,
        "capturespecification": "Urban",
        "versionavailabletodate": null,
        "alternatename1_language": null,
        "alternatename2_language": null,
        "roadclassificationnumber": null,
        "versionavailablefromdate": "2023-09-15T00:00:00Z",
        "presenceofpavement_source": "Ordnance Survey",
        "presenceofpavement_sideofroad": "Left",
        "presenceofpavement_updatedate": "2023-09-13",
        "presenceofpavement_evidencedate": "2022-12-06",
        "presenceofpavement_capturemethod": "Automated Process",
        "presenceofpavement_averagewidth_m": 2.85,
        "presenceofpavement_minimumwidth_m": 1.22
      }
    },
    {
      "id": "9a7970c0-05d0-499c-addd-e0b24dda18a6",
      "type": "Feature",
      "geometry": {
        "type": "LineString",
        "coordinates": [
          [
            -1.465745,
            50.9392333
          ],
          [
            -1.4659926,
            50.9393142
          ]
        ]
      },
      "properties": {
        "osid": "9a7970c0-05d0-499c-addd-e0b24dda18a6",
        "theme": "Transport",
        "changetype": "New",
        "name1_text": "Conager Close",
        "name2_text": null,
        "roadlinkid": "8c0a5d43-703a-4a9c-b7fb-ccbc706cb82f",
        "description": "Pavement",
        "versiondate": "2023-09-14",
        "name1_language": null,
        "name2_language": null,
        "routehierarchy": "Local Road",
        "geometry_length_m": 19.579,
        "alternatename1_text": null,
        "alternatename2_text": null,
        "capturespecification": "Urban",
        "versionavailabletodate": null,
        "alternatename1_language": null,
        "alternatename2_language": null,
        "roadclassificationnumber": null,
        "versionavailablefromdate": "2023-09-15T00:00:00Z",
        "presenceofpavement_source": "Ordnance Survey",
        "presenceofpavement_sideofroad": "Right",
        "presenceofpavement_updatedate": "2023-09-13",
        "presenceofpavement_evidencedate": "2021-08-10",
        "presenceofpavement_capturemethod": "Automated Process",
        "presenceofpavement_averagewidth_m": 1.82,
        "presenceofpavement_minimumwidth_m": 1.81
      }
    },
    {
      "id": "9a8b3648-5c07-4fe5-88f1-594770dfe171",
      "type": "Feature",
      "geometry": {
        "type": "LineString",
        "coordinates": [
          [
            -1.4707638,
            50.9367651
          ],
          [
            -1.4706493,
            50.9367645
          ]
        ]
      },
      "properties": {
        "osid": "9a8b3648-5c07-4fe5-88f1-594770dfe171",
        "theme": "Transport",
        "changetype": "Modified Attributes",
        "name1_text": "Adanac Drive",
        "name2_text": null,
        "roadlinkid": "c343a961-8a42-4819-aeeb-a88b1151592a",
        "description": "Pavement",
        "versiondate": "2024-09-06",
        "name1_language": null,
        "name2_language": null,
        "routehierarchy": "Local Road",
        "geometry_length_m": 8.047,
        "alternatename1_text": null,
        "alternatename2_text": null,
        "capturespecification": "Urban",
        "versionavailabletodate": null,
        "alternatename1_language": null,
        "alternatename2_language": null,
        "roadclassificationnumber": null,
        "versionavailablefromdate": "2024-09-07T00:00:00Z",
        "presenceofpavement_source": "Ordnance Survey",
        "presenceofpavement_sideofroad": "Right",
        "presenceofpavement_updatedate": "2024-09-02",
        "presenceofpavement_evidencedate": "2024-07-30",
        "presenceofpavement_capturemethod": "Automated Process",
        "presenceofpavement_averagewidth_m": 1.79,
        "presenceofpavement_minimumwidth_m": 1.15
      }
    },
    {
      "id": "9af0bced-2553-4fd1-8354-a1d4d152b18a",
      "type": "Feature",
      "geometry": {
        "type": "LineString",
        "coordinates": [
          [
            -1.4697857,
            50.9340855
          ],
          [
            -1.4697755,
            50.9340756
          ],
          [
            -1.4697196,
            50.9340242
          ]
        ]
      },
      "properties": {
        "osid": "9af0bced-2553-4fd1-8354-a1d4d152b18a",
        "theme": "Transport",
        "changetype": "New",
        "name1_text": null,
        "name2_text": null,
        "roadlinkid": "e1e3a853-3ced-4f77-ba44-bd8e37367c70",
        "description": "Pavement",
        "versiondate": "2025-08-08",
        "name1_language": null,
        "name2_language": null,
        "routehierarchy": "Local Road",
        "geometry_length_m": 8.246,
        "alternatename1_text": null,
        "alternatename2_text": null,
        "capturespecification": "Urban",
        "versionavailabletodate": null,
        "alternatename1_language": null,
        "alternatename2_language": null,
        "roadclassificationnumber": null,
        "versionavailablefromdate": "2025-08-09T00:00:00Z",
        "presenceofpavement_source": "Ordnance Survey",
        "presenceofpavement_sideofroad": "Right",
        "presenceofpavement_updatedate": "2025-08-02",
        "presenceofpavement_evidencedate": "2025-03-21",
        "presenceofpavement_capturemethod": "Automated Process",
        "presenceofpavement_averagewidth_m": 2.22,
        "presenceofpavement_minimumwidth_m": 0.9
      }
    },
    {
      "id": "9b48ef01-54e6-4f5d-8d90-feaa74690310",
      "type": "Feature",
      "geometry": {
        "type": "LineString",
        "coordinates": [
          [
            -1.4659931,
            50.9361369
          ],
          [
            -1.4656272,
            50.9360953
          ],
          [
            -1.4653539,
            50.9360688
          ],
          [
            -1.4652622,
            50.9360539
          ]
        ]
      },
      "properties": {
        "osid": "9b48ef01-54e6-4f5d-8d90-feaa74690310",
        "theme": "Transport",
        "changetype": "New",
        "name1_text": "Frogmore Lane",
        "name2_text": null,
        "roadlinkid": "48dbc138-4f06-4e57-90b9-bd5c9fc706af",
        "description": "Pavement",
        "versiondate": "2023-11-10",
        "name1_language": null,
        "name2_language": null,
        "routehierarchy": "Local Road",
        "geometry_length_m": 52.207,
        "alternatename1_text": null,
        "alternatename2_text": null,
        "capturespecification": "Urban",
        "versionavailabletodate": null,
        "alternatename1_language": null,
        "alternatename2_language": null,
        "roadclassificationnumber": null,
        "versionavailablefromdate": "2023-11-11T00:00:00Z",
        "presenceofpavement_source": "Ordnance Survey",
        "presenceofpavement_sideofroad": "Left",
        "presenceofpavement_updatedate": "2023-11-07",
        "presenceofpavement_evidencedate": "2016-08-12",
        "presenceofpavement_capturemethod": "Automated Process",
        "presenceofpavement_averagewidth_m": 1.68,
        "presenceofpavement_minimumwidth_m": 1.09
      }
    },
    {
      "id": "9b87f725-a848-4822-9243-033331dc2d6d",
      "type": "Feature",
      "geometry": {
        "type": "LineString",
        "coordinates": [
          [
            -1.4670292,
            50.9361741
          ],
          [
            -1.4668645,
            50.9361729
          ],
          [
            -1.4664711,
            50.9361583
          ]
        ]
      },
      "properties": {
        "osid": "9b87f725-a848-4822-9243-033331dc2d6d",
        "theme": "Transport",
        "changetype": "New",
        "name1_text": "Frogmore Lane",
        "name2_text": null,
        "roadlinkid": "6c3f8329-bf75-40de-9259-f33d6ba6c5e4",
        "description": "Pavement",
        "versiondate": "2023-11-10",
        "name1_language": null,
        "name2_language": null,
        "routehierarchy": "Local Road",
        "geometry_length_m": 39.263,
        "alternatename1_text": null,
        "alternatename2_text": null,
        "capturespecification": "Urban",
        "versionavailabletodate": null,
        "alternatename1_language": null,
        "alternatename2_language": null,
        "roadclassificationnumber": null,
        "versionavailablefromdate": "2023-11-11T00:00:00Z",
        "presenceofpavement_source": "Ordnance Survey",
        "presenceofpavement_sideofroad": "Right",
        "presenceofpavement_updatedate": "2023-11-07",
        "presenceofpavement_evidencedate": "2018-05-09",
        "presenceofpavement_capturemethod": "Automated Process",
        "presenceofpavement_averagewidth_m": 1.71,
        "presenceofpavement_minimumwidth_m": 0.75
      }
    },
    {
      "id": "9c0c8dcc-a028-4ea2-86cd-a20ea4d40744",
      "type": "Feature",
      "geometry": {
        "type": "LineString",
        "coordinates": [
          [
            -1.4702323,
            50.9365674
          ],
          [
            -1.4701629,
            50.9365701
          ],
          [
            -1.4700972,
            50.9365845
          ],
          [
            -1.4700671,
            50.9365978
          ]
        ]
      },
      "properties": {
        "osid": "9c0c8dcc-a028-4ea2-86cd-a20ea4d40744",
        "theme": "Transport",
        "changetype": "Modified Attributes",
        "name1_text": "Adanac Drive",
        "name2_text": null,
        "roadlinkid": "9696bb44-764f-4b9d-ab2b-382902a6951d",
        "description": "Pavement",
        "versiondate": "2024-07-24",
        "name1_language": null,
        "name2_language": null,
        "routehierarchy": "Local Road",
        "geometry_length_m": 12.346,
        "alternatename1_text": null,
        "alternatename2_text": null,
        "capturespecification": "Urban",
        "versionavailabletodate": null,
        "alternatename1_language": null,
        "alternatename2_language": null,
        "roadclassificationnumber": null,
        "versionavailablefromdate": "2024-07-25T00:00:00Z",
        "presenceofpavement_source": "Ordnance Survey",
        "presenceofpavement_sideofroad": "Right",
        "presenceofpavement_updatedate": "2024-07-01",
        "presenceofpavement_evidencedate": "2024-06-28",
        "presenceofpavement_capturemethod": "Automated Process",
        "presenceofpavement_averagewidth_m": 1.84,
        "presenceofpavement_minimumwidth_m": 1.26
      }
    },
    {
      "id": "9de0f9ac-4769-4b0d-b3a2-0704457b4a6b",
      "type": "Feature",
      "geometry": {
        "type": "LineString",
        "coordinates": [
          [
            -1.4636916,
            50.933744
          ],
          [
            -1.4636176,
            50.9337795
          ]
        ]
      },
      "properties": {
        "osid": "9de0f9ac-4769-4b0d-b3a2-0704457b4a6b",
        "theme": "Transport",
        "changetype": "New",
        "name1_text": null,
        "name2_text": null,
        "roadlinkid": "7970904d-49d0-481b-9630-ab77592ac3bb",
        "description": "Pavement",
        "versiondate": "2023-09-14",
        "name1_language": null,
        "name2_language": null,
        "routehierarchy": "Restricted Local Access Road",
        "geometry_length_m": 6.531,
        "alternatename1_text": null,
        "alternatename2_text": null,
        "capturespecification": "Urban",
        "versionavailabletodate": null,
        "alternatename1_language": null,
        "alternatename2_language": null,
        "roadclassificationnumber": null,
        "versionavailablefromdate": "2023-09-15T00:00:00Z",
        "presenceofpavement_source": "Ordnance Survey",
        "presenceofpavement_sideofroad": "Right",
        "presenceofpavement_updatedate": "2023-09-13",
        "presenceofpavement_evidencedate": "2016-08-12",
        "presenceofpavement_capturemethod": "Automated Process",
        "presenceofpavement_averagewidth_m": 2.83,
        "presenceofpavement_minimumwidth_m": 1.15
      }
    },
    {
      "id": "9f50ad11-327a-454f-9660-4c1c61575c45",
      "type": "Feature",
      "geometry": {
        "type": "LineString",
        "coordinates": [
          [
            -1.4698872,
            50.9341838
          ],
          [
            -1.469824,
            50.9341632
          ],
          [
            -1.4698113,
            50.9341591
          ],
          [
            -1.4697268,
            50.9341367
          ],
          [
            -1.4696623,
            50.9341229
          ]
        ]
      },
      "properties": {
        "osid": "9f50ad11-327a-454f-9660-4c1c61575c45",
        "theme": "Transport",
        "changetype": "New",
        "name1_text": null,
        "name2_text": null,
        "roadlinkid": "6ec4f92d-6340-470f-9b23-116178e2bf1e",
        "description": "Pavement",
        "versiondate": "2025-08-08",
        "name1_language": null,
        "name2_language": null,
        "routehierarchy": "Local Road",
        "geometry_length_m": 17.226,
        "alternatename1_text": null,
        "alternatename2_text": null,
        "capturespecification": "Urban",
        "versionavailabletodate": null,
        "alternatename1_language": null,
        "alternatename2_language": null,
        "roadclassificationnumber": null,
        "versionavailablefromdate": "2025-08-09T00:00:00Z",
        "presenceofpavement_source": "Ordnance Survey",
        "presenceofpavement_sideofroad": "Left",
        "presenceofpavement_updatedate": "2025-08-02",
        "presenceofpavement_evidencedate": "2025-06-20",
        "presenceofpavement_capturemethod": "Automated Process",
        "presenceofpavement_averagewidth_m": 2.36,
        "presenceofpavement_minimumwidth_m": 1.18
      }
    },
    {
      "id": "9fd9e1de-fe85-4dc6-96ae-c19b4f0909e6",
      "type": "Feature",
      "geometry": {
        "type": "LineString",
        "coordinates": [
          [
            -1.463803,
            50.9343725
          ],
          [
            -1.4638701,
            50.9343357
          ],
          [
            -1.4639283,
            50.9342916
          ],
          [
            -1.4640143,
            50.9342399
          ],
          [
            -1.4640659,
            50.9342089
          ]
        ]
      },
      "properties": {
        "osid": "9fd9e1de-fe85-4dc6-96ae-c19b4f0909e6",
        "theme": "Transport",
        "changetype": "New",
        "name1_text": "Brownhill Way",
        "name2_text": null,
        "roadlinkid": "3f78e4f1-898c-444f-84e7-366160124c46",
        "description": "Pavement",
        "versiondate": "2023-09-14",
        "name1_language": null,
        "name2_language": null,
        "routehierarchy": "Minor Road",
        "geometry_length_m": 25.969,
        "alternatename1_text": null,
        "alternatename2_text": null,
        "capturespecification": "Urban",
        "versionavailabletodate": null,
        "alternatename1_language": null,
        "alternatename2_language": null,
        "roadclassificationnumber": null,
        "versionavailablefromdate": "2023-09-15T00:00:00Z",
        "presenceofpavement_source": "Ordnance Survey",
        "presenceofpavement_sideofroad": "Right",
        "presenceofpavement_updatedate": "2023-09-13",
        "presenceofpavement_evidencedate": "2022-12-15",
        "presenceofpavement_capturemethod": "Automated Process",
        "presenceofpavement_averagewidth_m": 3.24,
        "presenceofpavement_minimumwidth_m": 1
      }
    },
    {
      "id": "9ff560eb-9eac-49d9-b21d-cb6b9872d8d8",
      "type": "Feature",
      "geometry": {
        "type": "LineString",
        "coordinates": [
          [
            -1.465603,
            50.9393486
          ],
          [
            -1.4656026,
            50.9393482
          ],
          [
            -1.4655766,
            50.9393357
          ],
          [
            -1.4653823,
            50.9392495
          ]
        ]
      },
      "properties": {
        "osid": "9ff560eb-9eac-49d9-b21d-cb6b9872d8d8",
        "theme": "Transport",
        "changetype": "Modified Attributes",
        "name1_text": "Bodding Avenue",
        "name2_text": null,
        "roadlinkid": "1adda4e2-6802-4364-91f5-f73ad9cf3475",
        "description": "Pavement",
        "versiondate": "2025-06-03",
        "name1_language": null,
        "name2_language": null,
        "routehierarchy": "Local Road",
        "geometry_length_m": 19.022,
        "alternatename1_text": null,
        "alternatename2_text": null,
        "capturespecification": "Urban",
        "versionavailabletodate": null,
        "alternatename1_language": null,
        "alternatename2_language": null,
        "roadclassificationnumber": null,
        "versionavailablefromdate": "2025-06-04T00:00:00Z",
        "presenceofpavement_source": "Ordnance Survey",
        "presenceofpavement_sideofroad": "Left",
        "presenceofpavement_updatedate": "2025-05-30",
        "presenceofpavement_evidencedate": "2025-04-28",
        "presenceofpavement_capturemethod": "Automated Process",
        "presenceofpavement_averagewidth_m": 1.99,
        "presenceofpavement_minimumwidth_m": 0.92
      }
    },
    {
      "id": "a0d868c7-6bd3-41a9-9501-5a1fb934e248",
      "type": "Feature",
      "geometry": {
        "type": "LineString",
        "coordinates": [
          [
            -1.4645474,
            50.9410056
          ],
          [
            -1.4645896,
            50.9409795
          ],
          [
            -1.464615,
            50.9409619
          ],
          [
            -1.4646352,
            50.9409466
          ],
          [
            -1.464689,
            50.9408986
          ],
          [
            -1.4647908,
            50.9408032
          ],
          [
            -1.464838,
            50.9407484
          ]
        ]
      },
      "properties": {
        "osid": "a0d868c7-6bd3-41a9-9501-5a1fb934e248",
        "theme": "Transport",
        "changetype": "New",
        "name1_text": "Bodding Avenue",
        "name2_text": null,
        "roadlinkid": "ed302db6-b85c-4133-8cb8-ea8069cc93c6",
        "description": "Pavement",
        "versiondate": "2023-09-14",
        "name1_language": null,
        "name2_language": null,
        "routehierarchy": "Local Road",
        "geometry_length_m": 35.286,
        "alternatename1_text": null,
        "alternatename2_text": null,
        "capturespecification": "Urban",
        "versionavailabletodate": null,
        "alternatename1_language": null,
        "alternatename2_language": null,
        "roadclassificationnumber": null,
        "versionavailablefromdate": "2023-09-15T00:00:00Z",
        "presenceofpavement_source": "Ordnance Survey",
        "presenceofpavement_sideofroad": "Left",
        "presenceofpavement_updatedate": "2023-09-13",
        "presenceofpavement_evidencedate": "2020-08-21",
        "presenceofpavement_capturemethod": "Automated Process",
        "presenceofpavement_averagewidth_m": 1.76,
        "presenceofpavement_minimumwidth_m": 1.57
      }
    },
    {
      "id": "a124c7cb-510c-4b4d-9736-89cc65a18acc",
      "type": "Feature",
      "geometry": {
        "type": "LineString",
        "coordinates": [
          [
            -1.4712281,
            50.9367289
          ],
          [
            -1.4711704,
            50.9367109
          ],
          [
            -1.471156,
            50.9367123
          ],
          [
            -1.4711395,
            50.9367139
          ],
          [
            -1.4711351,
            50.9367143
          ],
          [
            -1.4711025,
            50.9367174
          ],
          [
            -1.471078,
            50.9367198
          ],
          [
            -1.4710545,
            50.9367221
          ],
          [
            -1.4710162,
            50.936747
          ]
        ]
      },
      "properties": {
        "osid": "a124c7cb-510c-4b4d-9736-89cc65a18acc",
        "theme": "Transport",
        "changetype": "New",
        "name1_text": "Adanac Drive",
        "name2_text": null,
        "roadlinkid": "ab46e6f5-c60a-4c51-9d96-55717a96b918",
        "description": "Pavement",
        "versiondate": "2023-09-14",
        "name1_language": null,
        "name2_language": null,
        "routehierarchy": "Local Road",
        "geometry_length_m": 16.624,
        "alternatename1_text": null,
        "alternatename2_text": null,
        "capturespecification": "Urban",
        "versionavailabletodate": null,
        "alternatename1_language": null,
        "alternatename2_language": null,
        "roadclassificationnumber": null,
        "versionavailablefromdate": "2023-09-15T00:00:00Z",
        "presenceofpavement_source": "Ordnance Survey",
        "presenceofpavement_sideofroad": "Left",
        "presenceofpavement_updatedate": "2023-09-13",
        "presenceofpavement_evidencedate": "2012-03-29",
        "presenceofpavement_capturemethod": "Automated Process",
        "presenceofpavement_averagewidth_m": 0.65,
        "presenceofpavement_minimumwidth_m": 0.65
      }
    },
    {
      "id": "a35f637f-883c-4cb5-8f4f-b1b129ee18bf",
      "type": "Feature",
      "geometry": {
        "type": "LineString",
        "coordinates": [
          [
            -1.4644584,
            50.9391754
          ],
          [
            -1.4643535,
            50.9392983
          ],
          [
            -1.4640975,
            50.9395939
          ],
          [
            -1.463781,
            50.939887
          ],
          [
            -1.4636643,
            50.9399838
          ],
          [
            -1.4635835,
            50.9400508
          ]
        ]
      },
      "properties": {
        "osid": "a35f637f-883c-4cb5-8f4f-b1b129ee18bf",
        "theme": "Transport",
        "changetype": "Modified Attributes",
        "name1_text": "Redbridge Lane",
        "name2_text": null,
        "roadlinkid": "553bb45e-43e9-43cf-aeb8-e8efbca830d4",
        "description": "Pavement",
        "versiondate": "2025-06-03",
        "name1_language": null,
        "name2_language": null,
        "routehierarchy": "Local Road",
        "geometry_length_m": 115.356,
        "alternatename1_text": null,
        "alternatename2_text": null,
        "capturespecification": "Urban",
        "versionavailabletodate": null,
        "alternatename1_language": null,
        "alternatename2_language": null,
        "roadclassificationnumber": null,
        "versionavailablefromdate": "2025-06-04T00:00:00Z",
        "presenceofpavement_source": "Ordnance Survey",
        "presenceofpavement_sideofroad": "Left",
        "presenceofpavement_updatedate": "2025-05-30",
        "presenceofpavement_evidencedate": "2025-04-28",
        "presenceofpavement_capturemethod": "Automated Process",
        "presenceofpavement_averagewidth_m": 1.41,
        "presenceofpavement_minimumwidth_m": 1.18
      }
    },
    {
      "id": "a59a4fa6-e508-45e5-9de6-dd0782b6d827",
      "type": "Feature",
      "geometry": {
        "type": "LineString",
        "coordinates": [
          [
            -1.468956,
            50.9353718
          ],
          [
            -1.4688044,
            50.9353666
          ]
        ]
      },
      "properties": {
        "osid": "a59a4fa6-e508-45e5-9de6-dd0782b6d827",
        "theme": "Transport",
        "changetype": "New",
        "name1_text": "Hurst Way",
        "name2_text": null,
        "roadlinkid": "c6cddab2-e564-4557-8275-44335577aee2",
        "description": "Pavement",
        "versiondate": "2023-09-14",
        "name1_language": null,
        "name2_language": null,
        "routehierarchy": "Local Road",
        "geometry_length_m": 10.665,
        "alternatename1_text": null,
        "alternatename2_text": null,
        "capturespecification": "Urban",
        "versionavailabletodate": null,
        "alternatename1_language": null,
        "alternatename2_language": null,
        "roadclassificationnumber": null,
        "versionavailablefromdate": "2023-09-15T00:00:00Z",
        "presenceofpavement_source": "Ordnance Survey",
        "presenceofpavement_sideofroad": "Right",
        "presenceofpavement_updatedate": "2023-09-13",
        "presenceofpavement_evidencedate": "2022-12-15",
        "presenceofpavement_capturemethod": "Automated Process",
        "presenceofpavement_averagewidth_m": 1.8,
        "presenceofpavement_minimumwidth_m": 1.6
      }
    },
    {
      "id": "a5ada7af-74fb-4fef-9dc6-967e8cdaf6d9",
      "type": "Feature",
      "geometry": {
        "type": "LineString",
        "coordinates": [
          [
            -1.4730321,
            50.9341884
          ],
          [
            -1.4729639,
            50.9341773
          ],
          [
            -1.4729375,
            50.9341738
          ]
        ]
      },
      "properties": {
        "osid": "a5ada7af-74fb-4fef-9dc6-967e8cdaf6d9",
        "theme": "Transport",
        "changetype": "Modified Attributes",
        "name1_text": "Brownhill Way",
        "name2_text": null,
        "roadlinkid": "41b37ab8-3599-463d-ae48-3a3f117a98f4",
        "description": "Pavement",
        "versiondate": "2023-11-10",
        "name1_language": null,
        "name2_language": null,
        "routehierarchy": "Minor Road",
        "geometry_length_m": 6.839,
        "alternatename1_text": null,
        "alternatename2_text": null,
        "capturespecification": "Rural",
        "versionavailabletodate": null,
        "alternatename1_language": null,
        "alternatename2_language": null,
        "roadclassificationnumber": null,
        "versionavailablefromdate": "2023-11-11T00:00:00Z",
        "presenceofpavement_source": "Ordnance Survey",
        "presenceofpavement_sideofroad": "Left",
        "presenceofpavement_updatedate": "2023-11-07",
        "presenceofpavement_evidencedate": "2017-01-25",
        "presenceofpavement_capturemethod": "Automated Process",
        "presenceofpavement_averagewidth_m": 2.75,
        "presenceofpavement_minimumwidth_m": 1.01
      }
    },
    {
      "id": "a650b182-77f5-4f20-9869-812802dc0e80",
      "type": "Feature",
      "geometry": {
        "type": "LineString",
        "coordinates": [
          [
            -1.466039,
            50.9361786
          ],
          [
            -1.4660377,
            50.9362955
          ]
        ]
      },
      "properties": {
        "osid": "a650b182-77f5-4f20-9869-812802dc0e80",
        "theme": "Transport",
        "changetype": "Modified Geometry And Attributes",
        "name1_text": "Danebury Way",
        "name2_text": null,
        "roadlinkid": "741177ab-63f8-44b8-96ce-bd05fad3a124",
        "description": "Pavement",
        "versiondate": "2023-11-10",
        "name1_language": null,
        "name2_language": null,
        "routehierarchy": "Local Road",
        "geometry_length_m": 12.996,
        "alternatename1_text": null,
        "alternatename2_text": null,
        "capturespecification": "Urban",
        "versionavailabletodate": null,
        "alternatename1_language": null,
        "alternatename2_language": null,
        "roadclassificationnumber": null,
        "versionavailablefromdate": "2023-11-11T00:00:00Z",
        "presenceofpavement_source": "Ordnance Survey",
        "presenceofpavement_sideofroad": "Right",
        "presenceofpavement_updatedate": "2023-11-07",
        "presenceofpavement_evidencedate": "2016-08-12",
        "presenceofpavement_capturemethod": "Automated Process",
        "presenceofpavement_averagewidth_m": 1.61,
        "presenceofpavement_minimumwidth_m": 1.31
      }
    },
    {
      "id": "a8933423-b923-4677-b365-e75912b2b771",
      "type": "Feature",
      "geometry": {
        "type": "LineString",
        "coordinates": [
          [
            -1.4745901,
            50.934132
          ],
          [
            -1.4744576,
            50.934182
          ],
          [
            -1.4743748,
            50.9342061
          ],
          [
            -1.4742583,
            50.9342281
          ],
          [
            -1.4741728,
            50.9342367
          ],
          [
            -1.4741017,
            50.9342364
          ],
          [
            -1.4739626,
            50.9342327
          ],
          [
            -1.4739625,
            50.9342327
          ],
          [
            -1.4736891,
            50.9342255
          ]
        ]
      },
      "properties": {
        "osid": "a8933423-b923-4677-b365-e75912b2b771",
        "theme": "Transport",
        "changetype": "Modified Attributes",
        "name1_text": "Brownhill Way",
        "name2_text": null,
        "roadlinkid": "7159c51c-624a-47b8-9a61-3741cf0e1502",
        "description": "Pavement",
        "versiondate": "2023-11-10",
        "name1_language": null,
        "name2_language": null,
        "routehierarchy": "Minor Road",
        "geometry_length_m": 65.899,
        "alternatename1_text": null,
        "alternatename2_text": null,
        "capturespecification": "Rural",
        "versionavailabletodate": null,
        "alternatename1_language": null,
        "alternatename2_language": null,
        "roadclassificationnumber": null,
        "versionavailablefromdate": "2023-11-11T00:00:00Z",
        "presenceofpavement_source": "Ordnance Survey",
        "presenceofpavement_sideofroad": "Right",
        "presenceofpavement_updatedate": "2023-11-07",
        "presenceofpavement_evidencedate": "2017-01-25",
        "presenceofpavement_capturemethod": "Automated Process",
        "presenceofpavement_averagewidth_m": 2.75,
        "presenceofpavement_minimumwidth_m": 1.22
      }
    },
    {
      "id": "a90f6779-ebb6-4dd1-8d72-d6a9a7e2591d",
      "type": "Feature",
      "geometry": {
        "type": "LineString",
        "coordinates": [
          [
            -1.4697634,
            50.9341464
          ],
          [
            -1.4697535,
            50.9341437
          ],
          [
            -1.4697268,
            50.9341367
          ],
          [
            -1.4697048,
            50.934132
          ]
        ]
      },
      "properties": {
        "osid": "a90f6779-ebb6-4dd1-8d72-d6a9a7e2591d",
        "theme": "Transport",
        "changetype": "Modified Geometry And Attributes",
        "name1_text": null,
        "name2_text": null,
        "roadlinkid": "6ec4f92d-6340-470f-9b23-116178e2bf1e",
        "description": "Pavement",
        "versiondate": "2025-08-08",
        "name1_language": null,
        "name2_language": null,
        "routehierarchy": "Local Road",
        "geometry_length_m": 4.415,
        "alternatename1_text": null,
        "alternatename2_text": null,
        "capturespecification": "Urban",
        "versionavailabletodate": null,
        "alternatename1_language": null,
        "alternatename2_language": null,
        "roadclassificationnumber": null,
        "versionavailablefromdate": "2025-08-09T00:00:00Z",
        "presenceofpavement_source": "Ordnance Survey",
        "presenceofpavement_sideofroad": "Right",
        "presenceofpavement_updatedate": "2025-08-02",
        "presenceofpavement_evidencedate": "2025-03-21",
        "presenceofpavement_capturemethod": "Automated Process",
        "presenceofpavement_averagewidth_m": 1.37,
        "presenceofpavement_minimumwidth_m": 0.9
      }
    },
    {
      "id": "aa974a58-63a8-4fd3-b070-dd4d401e5ac2",
      "type": "Feature",
      "geometry": {
        "type": "LineString",
        "coordinates": [
          [
            -1.4656222,
            50.9348771
          ],
          [
            -1.465674,
            50.934867
          ],
          [
            -1.4657016,
            50.9348617
          ]
        ]
      },
      "properties": {
        "osid": "aa974a58-63a8-4fd3-b070-dd4d401e5ac2",
        "theme": "Transport",
        "changetype": "Modified Attributes",
        "name1_text": "Hurst Way",
        "name2_text": null,
        "roadlinkid": "ded7c996-e99a-4a0b-8069-ad4429c59caf",
        "description": "Pavement",
        "versiondate": "2024-06-11",
        "name1_language": null,
        "name2_language": null,
        "routehierarchy": "Local Road",
        "geometry_length_m": 5.84,
        "alternatename1_text": null,
        "alternatename2_text": null,
        "capturespecification": "Urban",
        "versionavailabletodate": null,
        "alternatename1_language": null,
        "alternatename2_language": null,
        "roadclassificationnumber": null,
        "versionavailablefromdate": "2024-06-12T00:00:00Z",
        "presenceofpavement_source": "Ordnance Survey",
        "presenceofpavement_sideofroad": "Left",
        "presenceofpavement_updatedate": "2024-05-29",
        "presenceofpavement_evidencedate": "2022-07-28",
        "presenceofpavement_capturemethod": "Automated Process",
        "presenceofpavement_averagewidth_m": 1.44,
        "presenceofpavement_minimumwidth_m": 1.44
      }
    },
    {
      "id": "ab7a65e9-179d-4dc0-a381-a24519b54b81",
      "type": "Feature",
      "geometry": {
        "type": "LineString",
        "coordinates": [
          [
            -1.4660362,
            50.9364276
          ],
          [
            -1.4660341,
            50.9366096
          ]
        ]
      },
      "properties": {
        "osid": "ab7a65e9-179d-4dc0-a381-a24519b54b81",
        "theme": "Transport",
        "changetype": "New",
        "name1_text": "Danebury Way",
        "name2_text": null,
        "roadlinkid": "fcb695ca-5fdf-481e-856c-e930a27291ae",
        "description": "Pavement",
        "versiondate": "2023-09-14",
        "name1_language": null,
        "name2_language": null,
        "routehierarchy": "Local Road",
        "geometry_length_m": 20.234,
        "alternatename1_text": null,
        "alternatename2_text": null,
        "capturespecification": "Urban",
        "versionavailabletodate": null,
        "alternatename1_language": null,
        "alternatename2_language": null,
        "roadclassificationnumber": null,
        "versionavailablefromdate": "2023-09-15T00:00:00Z",
        "presenceofpavement_source": "Ordnance Survey",
        "presenceofpavement_sideofroad": "Right",
        "presenceofpavement_updatedate": "2023-09-13",
        "presenceofpavement_evidencedate": "2018-02-20",
        "presenceofpavement_capturemethod": "Automated Process",
        "presenceofpavement_averagewidth_m": 1.63,
        "presenceofpavement_minimumwidth_m": 1.25
      }
    },
    {
      "id": "ac9f1fc8-8ba5-495c-a3ea-1b8153941f1a",
      "type": "Feature",
      "geometry": {
        "type": "LineString",
        "coordinates": [
          [
            -1.465958,
            50.9348084
          ],
          [
            -1.4665608,
            50.9346857
          ]
        ]
      },
      "properties": {
        "osid": "ac9f1fc8-8ba5-495c-a3ea-1b8153941f1a",
        "theme": "Transport",
        "changetype": "Modified Attributes",
        "name1_text": "Hurst Way",
        "name2_text": null,
        "roadlinkid": "4c0e0497-1b8e-4548-ab45-d51753339ff8",
        "description": "Pavement",
        "versiondate": "2025-01-06",
        "name1_language": null,
        "name2_language": null,
        "routehierarchy": "Local Road",
        "geometry_length_m": 44.499,
        "alternatename1_text": null,
        "alternatename2_text": null,
        "capturespecification": "Urban",
        "versionavailabletodate": null,
        "alternatename1_language": null,
        "alternatename2_language": null,
        "roadclassificationnumber": null,
        "versionavailablefromdate": "2025-01-07T00:00:00Z",
        "presenceofpavement_source": "Ordnance Survey",
        "presenceofpavement_sideofroad": "Right",
        "presenceofpavement_updatedate": "2024-12-24",
        "presenceofpavement_evidencedate": "2024-06-20",
        "presenceofpavement_capturemethod": "Automated Process",
        "presenceofpavement_averagewidth_m": 2.31,
        "presenceofpavement_minimumwidth_m": 0.93
      }
    },
    {
      "id": "acdbca2b-fd9e-4eb2-93a1-8e40aa0cb796",
      "type": "Feature",
      "geometry": {
        "type": "LineString",
        "coordinates": [
          [
            -1.4702708,
            50.9365305
          ],
          [
            -1.4702805,
            50.9365212
          ],
          [
            -1.4702905,
            50.9365116
          ],
          [
            -1.4703015,
            50.9365011
          ],
          [
            -1.4703066,
            50.9364969
          ],
          [
            -1.4703474,
            50.9364632
          ]
        ]
      },
      "properties": {
        "osid": "acdbca2b-fd9e-4eb2-93a1-8e40aa0cb796",
        "theme": "Transport",
        "changetype": "Modified Geometry And Attributes",
        "name1_text": null,
        "name2_text": null,
        "roadlinkid": "57224efd-c40c-4449-bebf-c16471c57c1d",
        "description": "Pavement",
        "versiondate": "2024-09-06",
        "name1_language": null,
        "name2_language": null,
        "routehierarchy": "Local Road",
        "geometry_length_m": 9.214,
        "alternatename1_text": null,
        "alternatename2_text": null,
        "capturespecification": "Urban",
        "versionavailabletodate": null,
        "alternatename1_language": null,
        "alternatename2_language": null,
        "roadclassificationnumber": null,
        "versionavailablefromdate": "2024-09-07T00:00:00Z",
        "presenceofpavement_source": "Ordnance Survey",
        "presenceofpavement_sideofroad": "Right",
        "presenceofpavement_updatedate": "2024-09-02",
        "presenceofpavement_evidencedate": "2024-07-30",
        "presenceofpavement_capturemethod": "Automated Process",
        "presenceofpavement_averagewidth_m": 1.56,
        "presenceofpavement_minimumwidth_m": 1.21
      }
    },
    {
      "id": "ad3e25ca-a301-426c-9571-b1e1e7b39a1b",
      "type": "Feature",
      "geometry": {
        "type": "LineString",
        "coordinates": [
          [
            -1.4652685,
            50.9338591
          ],
          [
            -1.4649547,
            50.933934
          ],
          [
            -1.4643692,
            50.9341112
          ],
          [
            -1.4640659,
            50.9342089
          ]
        ]
      },
      "properties": {
        "osid": "ad3e25ca-a301-426c-9571-b1e1e7b39a1b",
        "theme": "Transport",
        "changetype": "New",
        "name1_text": "Brownhill Way",
        "name2_text": null,
        "roadlinkid": "6f791281-75e6-44c3-990a-69b85c65ea5b",
        "description": "Pavement",
        "versiondate": "2024-02-06",
        "name1_language": null,
        "name2_language": null,
        "routehierarchy": "Minor Road",
        "geometry_length_m": 93.118,
        "alternatename1_text": null,
        "alternatename2_text": null,
        "capturespecification": "Urban",
        "versionavailabletodate": null,
        "alternatename1_language": null,
        "alternatename2_language": null,
        "roadclassificationnumber": null,
        "versionavailablefromdate": "2024-02-07T00:00:00Z",
        "presenceofpavement_source": "Ordnance Survey",
        "presenceofpavement_sideofroad": "Left",
        "presenceofpavement_updatedate": "2024-02-02",
        "presenceofpavement_evidencedate": "2022-12-15",
        "presenceofpavement_capturemethod": "Automated Process",
        "presenceofpavement_averagewidth_m": 3.3,
        "presenceofpavement_minimumwidth_m": 1.25
      }
    },
    {
      "id": "ad78d1bc-5533-4683-9d83-5ee0d8cde81e",
      "type": "Feature",
      "geometry": {
        "type": "LineString",
        "coordinates": [
          [
            -1.4629189,
            50.9348673
          ],
          [
            -1.4629805,
            50.9348332
          ],
          [
            -1.4630765,
            50.9347755
          ],
          [
            -1.4635771,
            50.9344976
          ]
        ]
      },
      "properties": {
        "osid": "ad78d1bc-5533-4683-9d83-5ee0d8cde81e",
        "theme": "Transport",
        "changetype": "New",
        "name1_text": "Brownhill Way",
        "name2_text": null,
        "roadlinkid": "b89cc885-3324-4e20-893f-ce891391e5e0",
        "description": "Pavement",
        "versiondate": "2023-09-14",
        "name1_language": null,
        "name2_language": null,
        "routehierarchy": "Minor Road",
        "geometry_length_m": 61.889,
        "alternatename1_text": null,
        "alternatename2_text": null,
        "capturespecification": "Urban",
        "versionavailabletodate": null,
        "alternatename1_language": null,
        "alternatename2_language": null,
        "roadclassificationnumber": null,
        "versionavailablefromdate": "2023-09-15T00:00:00Z",
        "presenceofpavement_source": "Ordnance Survey",
        "presenceofpavement_sideofroad": "Right",
        "presenceofpavement_updatedate": "2023-09-13",
        "presenceofpavement_evidencedate": "2022-12-06",
        "presenceofpavement_capturemethod": "Automated Process",
        "presenceofpavement_averagewidth_m": 3.18,
        "presenceofpavement_minimumwidth_m": 1.18
      }
    },
    {
      "id": "ae3f0432-f3fd-4ec6-95a7-7480a1565325",
      "type": "Feature",
      "geometry": {
        "type": "LineString",
        "coordinates": [
          [
            -1.4702332,
            50.9365665
          ],
          [
            -1.470287,
            50.9365149
          ]
        ]
      },
      "properties": {
        "osid": "ae3f0432-f3fd-4ec6-95a7-7480a1565325",
        "theme": "Transport",
        "changetype": "Modified Attributes",
        "name1_text": null,
        "name2_text": null,
        "roadlinkid": "57224efd-c40c-4449-bebf-c16471c57c1d",
        "description": "Pavement",
        "versiondate": "2024-07-24",
        "name1_language": null,
        "name2_language": null,
        "routehierarchy": "Local Road",
        "geometry_length_m": 6.873,
        "alternatename1_text": null,
        "alternatename2_text": null,
        "capturespecification": "Urban",
        "versionavailabletodate": null,
        "alternatename1_language": null,
        "alternatename2_language": null,
        "roadclassificationnumber": null,
        "versionavailablefromdate": "2024-07-25T00:00:00Z",
        "presenceofpavement_source": "Ordnance Survey",
        "presenceofpavement_sideofroad": "Left",
        "presenceofpavement_updatedate": "2024-07-01",
        "presenceofpavement_evidencedate": "2024-06-28",
        "presenceofpavement_capturemethod": "Automated Process",
        "presenceofpavement_averagewidth_m": 1.6,
        "presenceofpavement_minimumwidth_m": 0.82
      }
    },
    {
      "id": "aee80b43-c3bd-4eac-801c-621ce21bdf96",
      "type": "Feature",
      "geometry": {
        "type": "LineString",
        "coordinates": [
          [
            -1.4692856,
            50.9341967
          ],
          [
            -1.4693234,
            50.9341928
          ]
        ]
      },
      "properties": {
        "osid": "aee80b43-c3bd-4eac-801c-621ce21bdf96",
        "theme": "Transport",
        "changetype": "New",
        "name1_text": "Brownhill Way",
        "name2_text": null,
        "roadlinkid": "0ddf97f9-d7c8-4c1b-bf7a-8b4e97e2c688",
        "description": "Pavement",
        "versiondate": "2023-09-14",
        "name1_language": null,
        "name2_language": null,
        "routehierarchy": "Minor Road",
        "geometry_length_m": 2.689,
        "alternatename1_text": null,
        "alternatename2_text": null,
        "capturespecification": "Urban",
        "versionavailabletodate": null,
        "alternatename1_language": null,
        "alternatename2_language": null,
        "roadclassificationnumber": null,
        "versionavailablefromdate": "2023-09-15T00:00:00Z",
        "presenceofpavement_source": "Ordnance Survey",
        "presenceofpavement_sideofroad": "Right",
        "presenceofpavement_updatedate": "2023-09-13",
        "presenceofpavement_evidencedate": "2017-02-02",
        "presenceofpavement_capturemethod": "Automated Process",
        "presenceofpavement_averagewidth_m": 1.7,
        "presenceofpavement_minimumwidth_m": 1.22
      }
    },
    {
      "id": "af13f6af-7d32-4fa1-a069-cb131d718436",
      "type": "Feature",
      "geometry": {
        "type": "LineString",
        "coordinates": [
          [
            -1.4693004,
            50.9344612
          ],
          [
            -1.4692345,
            50.934374
          ],
          [
            -1.4692009,
            50.9343297
          ],
          [
            -1.4691263,
            50.9341883
          ]
        ]
      },
      "properties": {
        "osid": "af13f6af-7d32-4fa1-a069-cb131d718436",
        "theme": "Transport",
        "changetype": "Modified Attributes",
        "name1_text": "Adanac Drive",
        "name2_text": null,
        "roadlinkid": "69ec61ef-75e3-46ec-a7ef-81e1db66f6d4",
        "description": "Pavement",
        "versiondate": "2023-11-10",
        "name1_language": null,
        "name2_language": null,
        "routehierarchy": "Local Road",
        "geometry_length_m": 32.785,
        "alternatename1_text": null,
        "alternatename2_text": null,
        "capturespecification": "Urban",
        "versionavailabletodate": null,
        "alternatename1_language": null,
        "alternatename2_language": null,
        "roadclassificationnumber": null,
        "versionavailablefromdate": "2023-11-11T00:00:00Z",
        "presenceofpavement_source": "Ordnance Survey",
        "presenceofpavement_sideofroad": "Left",
        "presenceofpavement_updatedate": "2023-11-07",
        "presenceofpavement_evidencedate": "2022-12-15",
        "presenceofpavement_capturemethod": "Automated Process",
        "presenceofpavement_averagewidth_m": 3.32,
        "presenceofpavement_minimumwidth_m": 1.1
      }
    },
    {
      "id": "b00fafeb-1aa3-4571-b944-742cf28d782f",
      "type": "Feature",
      "geometry": {
        "type": "LineString",
        "coordinates": [
          [
            -1.4654479,
            50.9401903
          ],
          [
            -1.4655179,
            50.9401477
          ]
        ]
      },
      "properties": {
        "osid": "b00fafeb-1aa3-4571-b944-742cf28d782f",
        "theme": "Transport",
        "changetype": "Modified Attributes",
        "name1_text": "Bodding Avenue",
        "name2_text": null,
        "roadlinkid": "892dca11-29ed-4c9b-a281-3d2169881f82",
        "description": "Pavement",
        "versiondate": "2025-06-03",
        "name1_language": null,
        "name2_language": null,
        "routehierarchy": "Local Road",
        "geometry_length_m": 6.83,
        "alternatename1_text": null,
        "alternatename2_text": null,
        "capturespecification": "Urban",
        "versionavailabletodate": null,
        "alternatename1_language": null,
        "alternatename2_language": null,
        "roadclassificationnumber": null,
        "versionavailablefromdate": "2025-06-04T00:00:00Z",
        "presenceofpavement_source": "Ordnance Survey",
        "presenceofpavement_sideofroad": "Left",
        "presenceofpavement_updatedate": "2025-05-30",
        "presenceofpavement_evidencedate": "2025-04-28",
        "presenceofpavement_capturemethod": "Automated Process",
        "presenceofpavement_averagewidth_m": 2.33,
        "presenceofpavement_minimumwidth_m": 0.67
      }
    },
    {
      "id": "b1ab9484-afdc-4b41-8288-05fca6c111d2",
      "type": "Feature",
      "geometry": {
        "type": "LineString",
        "coordinates": [
          [
            -1.4643904,
            50.9351848
          ],
          [
            -1.4644347,
            50.9351776
          ],
          [
            -1.464514,
            50.9351566
          ],
          [
            -1.4645623,
            50.9351336
          ],
          [
            -1.4645965,
            50.9351088
          ],
          [
            -1.4646589,
            50.9350805
          ],
          [
            -1.4647213,
            50.9350576
          ],
          [
            -1.4648205,
            50.9350331
          ],
          [
            -1.4650732,
            50.9349839
          ]
        ]
      },
      "properties": {
        "osid": "b1ab9484-afdc-4b41-8288-05fca6c111d2",
        "theme": "Transport",
        "changetype": "Modified Attributes",
        "name1_text": "Hurst Way",
        "name2_text": null,
        "roadlinkid": "72b9b0a3-7d5c-4f40-935d-f3dcd61592f6",
        "description": "Pavement",
        "versiondate": "2024-11-01",
        "name1_language": null,
        "name2_language": null,
        "routehierarchy": "Local Road",
        "geometry_length_m": 53.694,
        "alternatename1_text": null,
        "alternatename2_text": null,
        "capturespecification": "Urban",
        "versionavailabletodate": null,
        "alternatename1_language": null,
        "alternatename2_language": null,
        "roadclassificationnumber": null,
        "versionavailablefromdate": "2024-11-02T00:00:00Z",
        "presenceofpavement_source": "Ordnance Survey",
        "presenceofpavement_sideofroad": "Right",
        "presenceofpavement_updatedate": "2024-10-29",
        "presenceofpavement_evidencedate": "2024-09-26",
        "presenceofpavement_capturemethod": "Automated Process",
        "presenceofpavement_averagewidth_m": 1.84,
        "presenceofpavement_minimumwidth_m": 1.55
      }
    },
    {
      "id": "b2f39cf0-1b4b-472a-9b04-0ee8e71a8031",
      "type": "Feature",
      "geometry": {
        "type": "LineString",
        "coordinates": [
          [
            -1.468603,
            50.9365197
          ],
          [
            -1.4685676,
            50.9365853
          ],
          [
            -1.4685094,
            50.936693
          ],
          [
            -1.468437,
            50.9368006
          ],
          [
            -1.4683967,
            50.9368424
          ]
        ]
      },
      "properties": {
        "osid": "b2f39cf0-1b4b-472a-9b04-0ee8e71a8031",
        "theme": "Transport",
        "changetype": "Modified Geometry And Attributes",
        "name1_text": "Hillyfields",
        "name2_text": null,
        "roadlinkid": "4c03a3ca-2576-4a49-9399-b986554fc1d5",
        "description": "Pavement",
        "versiondate": "2023-11-10",
        "name1_language": null,
        "name2_language": null,
        "routehierarchy": "Local Road",
        "geometry_length_m": 38.808,
        "alternatename1_text": null,
        "alternatename2_text": null,
        "capturespecification": "Urban",
        "versionavailabletodate": null,
        "alternatename1_language": null,
        "alternatename2_language": null,
        "roadclassificationnumber": null,
        "versionavailablefromdate": "2023-11-11T00:00:00Z",
        "presenceofpavement_source": "Ordnance Survey",
        "presenceofpavement_sideofroad": "Left",
        "presenceofpavement_updatedate": "2023-11-07",
        "presenceofpavement_evidencedate": "2019-06-28",
        "presenceofpavement_capturemethod": "Automated Process",
        "presenceofpavement_averagewidth_m": 1.33,
        "presenceofpavement_minimumwidth_m": 0.64
      }
    },
    {
      "id": "b4769874-8599-42ca-aabc-9fc163c40045",
      "type": "Feature",
      "geometry": {
        "type": "LineString",
        "coordinates": [
          [
            -1.4694666,
            50.9363219
          ],
          [
            -1.4694528,
            50.9363303
          ],
          [
            -1.4694226,
            50.9363431
          ],
          [
            -1.4693925,
            50.9363517
          ],
          [
            -1.4693616,
            50.936356
          ]
        ]
      },
      "properties": {
        "osid": "b4769874-8599-42ca-aabc-9fc163c40045",
        "theme": "Transport",
        "changetype": "New",
        "name1_text": null,
        "name2_text": null,
        "roadlinkid": "ffd7b19b-f4ca-4cde-aefe-73b1ac91979a",
        "description": "Pavement",
        "versiondate": "2023-09-14",
        "name1_language": null,
        "name2_language": null,
        "routehierarchy": "Restricted Local Access Road",
        "geometry_length_m": 8.453,
        "alternatename1_text": null,
        "alternatename2_text": null,
        "capturespecification": "Urban",
        "versionavailabletodate": null,
        "alternatename1_language": null,
        "alternatename2_language": null,
        "roadclassificationnumber": null,
        "versionavailablefromdate": "2023-09-15T00:00:00Z",
        "presenceofpavement_source": "Ordnance Survey",
        "presenceofpavement_sideofroad": "Right",
        "presenceofpavement_updatedate": "2023-09-13",
        "presenceofpavement_evidencedate": "2022-09-29",
        "presenceofpavement_capturemethod": "Automated Process",
        "presenceofpavement_averagewidth_m": 1.67,
        "presenceofpavement_minimumwidth_m": 0.9
      }
    },
    {
      "id": "b50a9517-8c58-4647-a9f9-8c06a8d259b8",
      "type": "Feature",
      "geometry": {
        "type": "LineString",
        "coordinates": [
          [
            -1.4711671,
            50.9367112
          ],
          [
            -1.471156,
            50.9367123
          ],
          [
            -1.471078,
            50.9367198
          ],
          [
            -1.4710545,
            50.9367221
          ],
          [
            -1.4710162,
            50.936747
          ]
        ]
      },
      "properties": {
        "osid": "b50a9517-8c58-4647-a9f9-8c06a8d259b8",
        "theme": "Transport",
        "changetype": "Modified Attributes",
        "name1_text": "Adanac Drive",
        "name2_text": null,
        "roadlinkid": "ab46e6f5-c60a-4c51-9d96-55717a96b918",
        "description": "Pavement",
        "versiondate": "2024-09-06",
        "name1_language": null,
        "name2_language": null,
        "routehierarchy": "Local Road",
        "geometry_length_m": 11.872,
        "alternatename1_text": null,
        "alternatename2_text": null,
        "capturespecification": "Urban",
        "versionavailabletodate": null,
        "alternatename1_language": null,
        "alternatename2_language": null,
        "roadclassificationnumber": null,
        "versionavailablefromdate": "2024-09-07T00:00:00Z",
        "presenceofpavement_source": "Ordnance Survey",
        "presenceofpavement_sideofroad": "Right",
        "presenceofpavement_updatedate": "2024-09-02",
        "presenceofpavement_evidencedate": "2024-07-30",
        "presenceofpavement_capturemethod": "Automated Process",
        "presenceofpavement_averagewidth_m": 1.76,
        "presenceofpavement_minimumwidth_m": 1.3
      }
    },
    {
      "id": "b6558e59-247d-40bb-8d49-136922fa8383",
      "type": "Feature",
      "geometry": {
        "type": "LineString",
        "coordinates": [
          [
            -1.464994,
            50.936669
          ],
          [
            -1.4649894,
            50.9366394
          ]
        ]
      },
      "properties": {
        "osid": "b6558e59-247d-40bb-8d49-136922fa8383",
        "theme": "Transport",
        "changetype": "New",
        "name1_text": "Jerretts Lane",
        "name2_text": null,
        "roadlinkid": "809e8cc2-723b-4e21-9c48-6950f4207707",
        "description": "Pavement",
        "versiondate": "2023-09-14",
        "name1_language": null,
        "name2_language": null,
        "routehierarchy": "Local Road",
        "geometry_length_m": 3.307,
        "alternatename1_text": "Jerrett's Lane",
        "alternatename2_text": null,
        "capturespecification": "Urban",
        "versionavailabletodate": null,
        "alternatename1_language": null,
        "alternatename2_language": null,
        "roadclassificationnumber": null,
        "versionavailablefromdate": "2023-09-15T00:00:00Z",
        "presenceofpavement_source": "Ordnance Survey",
        "presenceofpavement_sideofroad": "Right",
        "presenceofpavement_updatedate": "2023-09-13",
        "presenceofpavement_evidencedate": "2016-08-12",
        "presenceofpavement_capturemethod": "Automated Process",
        "presenceofpavement_averagewidth_m": 1.23,
        "presenceofpavement_minimumwidth_m": 0.64
      }
    },
    {
      "id": "b73c04a2-f3d0-435d-90a8-e0456f2221ba",
      "type": "Feature",
      "geometry": {
        "type": "LineString",
        "coordinates": [
          [
            -1.469933,
            50.936638
          ],
          [
            -1.4698866,
            50.9366045
          ],
          [
            -1.469885,
            50.9366
          ],
          [
            -1.4698695,
            50.9365552
          ]
        ]
      },
      "properties": {
        "osid": "b73c04a2-f3d0-435d-90a8-e0456f2221ba",
        "theme": "Transport",
        "changetype": "Modified Attributes",
        "name1_text": "Adanac Drive",
        "name2_text": null,
        "roadlinkid": "bb805d38-77b5-42d1-a70d-026f3d0980b8",
        "description": "Pavement",
        "versiondate": "2024-08-02",
        "name1_language": null,
        "name2_language": null,
        "routehierarchy": "Local Road",
        "geometry_length_m": 10.566,
        "alternatename1_text": null,
        "alternatename2_text": null,
        "capturespecification": "Urban",
        "versionavailabletodate": null,
        "alternatename1_language": null,
        "alternatename2_language": null,
        "roadclassificationnumber": null,
        "versionavailablefromdate": "2024-08-03T00:00:00Z",
        "presenceofpavement_source": "Ordnance Survey",
        "presenceofpavement_sideofroad": "Left",
        "presenceofpavement_updatedate": "2024-07-30",
        "presenceofpavement_evidencedate": "2016-08-02",
        "presenceofpavement_capturemethod": "Automated Process",
        "presenceofpavement_averagewidth_m": 2.48,
        "presenceofpavement_minimumwidth_m": 1.17
      }
    },
    {
      "id": "b7478d4c-b9b2-46ba-b787-e1735954d54b",
      "type": "Feature",
      "geometry": {
        "type": "LineString",
        "coordinates": [
          [
            -1.4639082,
            50.9340626
          ],
          [
            -1.4638937,
            50.9340427
          ]
        ]
      },
      "properties": {
        "osid": "b7478d4c-b9b2-46ba-b787-e1735954d54b",
        "theme": "Transport",
        "changetype": "Modified Attributes",
        "name1_text": "Colne Avenue",
        "name2_text": null,
        "roadlinkid": "84413139-8870-488f-935d-52c8d67840fd",
        "description": "Pavement",
        "versiondate": "2023-11-10",
        "name1_language": null,
        "name2_language": null,
        "routehierarchy": "Local Road",
        "geometry_length_m": 2.44,
        "alternatename1_text": null,
        "alternatename2_text": null,
        "capturespecification": "Urban",
        "versionavailabletodate": null,
        "alternatename1_language": null,
        "alternatename2_language": null,
        "roadclassificationnumber": null,
        "versionavailablefromdate": "2023-11-11T00:00:00Z",
        "presenceofpavement_source": "Ordnance Survey",
        "presenceofpavement_sideofroad": "Right",
        "presenceofpavement_updatedate": "2023-11-07",
        "presenceofpavement_evidencedate": "2016-08-12",
        "presenceofpavement_capturemethod": "Automated Process",
        "presenceofpavement_averagewidth_m": 1.26,
        "presenceofpavement_minimumwidth_m": 1.26
      }
    },
    {
      "id": "b78b41fe-d359-46ff-bc51-509c378d703f",
      "type": "Feature",
      "geometry": {
        "type": "LineString",
        "coordinates": [
          [
            -1.4679072,
            50.9368532
          ],
          [
            -1.4678241,
            50.9368877
          ],
          [
            -1.4677526,
            50.9369143
          ],
          [
            -1.467724,
            50.9369322
          ],
          [
            -1.4676808,
            50.936977
          ],
          [
            -1.4675656,
            50.9370933
          ],
          [
            -1.4674792,
            50.9371829
          ],
          [
            -1.4674505,
            50.9372007
          ],
          [
            -1.4673284,
            50.937249
          ]
        ]
      },
      "properties": {
        "osid": "b78b41fe-d359-46ff-bc51-509c378d703f",
        "theme": "Transport",
        "changetype": "Modified Attributes",
        "name1_text": "Hillyfields",
        "name2_text": null,
        "roadlinkid": "1b5916cb-80ce-4d47-9294-5399562d3aad",
        "description": "Pavement",
        "versiondate": "2023-11-10",
        "name1_language": null,
        "name2_language": null,
        "routehierarchy": "Local Road",
        "geometry_length_m": 61.354,
        "alternatename1_text": null,
        "alternatename2_text": null,
        "capturespecification": "Urban",
        "versionavailabletodate": null,
        "alternatename1_language": null,
        "alternatename2_language": null,
        "roadclassificationnumber": null,
        "versionavailablefromdate": "2023-11-11T00:00:00Z",
        "presenceofpavement_source": "Ordnance Survey",
        "presenceofpavement_sideofroad": "Right",
        "presenceofpavement_updatedate": "2023-11-07",
        "presenceofpavement_evidencedate": "2016-08-12",
        "presenceofpavement_capturemethod": "Automated Process",
        "presenceofpavement_averagewidth_m": 1.59,
        "presenceofpavement_minimumwidth_m": 0.9
      }
    },
    {
      "id": "b7adee32-eb92-4453-a7de-37163edeeffd",
      "type": "Feature",
      "geometry": {
        "type": "LineString",
        "coordinates": [
          [
            -1.4701021,
            50.9343736
          ],
          [
            -1.4700106,
            50.9342593
          ],
          [
            -1.4698872,
            50.9341838
          ]
        ]
      },
      "properties": {
        "osid": "b7adee32-eb92-4453-a7de-37163edeeffd",
        "theme": "Transport",
        "changetype": "New",
        "name1_text": null,
        "name2_text": null,
        "roadlinkid": "4a5e3e41-a5ef-4644-800a-f40f50b7a4ad",
        "description": "Pavement",
        "versiondate": "2025-07-02",
        "name1_language": null,
        "name2_language": null,
        "routehierarchy": "Local Road",
        "geometry_length_m": 26.312,
        "alternatename1_text": null,
        "alternatename2_text": null,
        "capturespecification": "Urban",
        "versionavailabletodate": null,
        "alternatename1_language": null,
        "alternatename2_language": null,
        "roadclassificationnumber": null,
        "versionavailablefromdate": "2025-07-03T00:00:00Z",
        "presenceofpavement_source": "Ordnance Survey",
        "presenceofpavement_sideofroad": "Left",
        "presenceofpavement_updatedate": "2025-06-30",
        "presenceofpavement_evidencedate": "2025-06-20",
        "presenceofpavement_capturemethod": "Automated Process",
        "presenceofpavement_averagewidth_m": 1.93,
        "presenceofpavement_minimumwidth_m": 1.43
      }
    },
    {
      "id": "b85ec2fe-37b5-4295-9f09-172fb08c3373",
      "type": "Feature",
      "geometry": {
        "type": "LineString",
        "coordinates": [
          [
            -1.4653823,
            50.9392495
          ],
          [
            -1.4652711,
            50.9392002
          ],
          [
            -1.4649697,
            50.9391126
          ]
        ]
      },
      "properties": {
        "osid": "b85ec2fe-37b5-4295-9f09-172fb08c3373",
        "theme": "Transport",
        "changetype": "Modified Attributes",
        "name1_text": "Bodding Avenue",
        "name2_text": null,
        "roadlinkid": "2f9bf31c-fa5c-4c7e-ac6c-736143fd9337",
        "description": "Pavement",
        "versiondate": "2025-06-03",
        "name1_language": null,
        "name2_language": null,
        "routehierarchy": "Local Road",
        "geometry_length_m": 32.862,
        "alternatename1_text": null,
        "alternatename2_text": null,
        "capturespecification": "Urban",
        "versionavailabletodate": null,
        "alternatename1_language": null,
        "alternatename2_language": null,
        "roadclassificationnumber": null,
        "versionavailablefromdate": "2025-06-04T00:00:00Z",
        "presenceofpavement_source": "Ordnance Survey",
        "presenceofpavement_sideofroad": "Left",
        "presenceofpavement_updatedate": "2025-05-30",
        "presenceofpavement_evidencedate": "2025-04-28",
        "presenceofpavement_capturemethod": "Automated Process",
        "presenceofpavement_averagewidth_m": 1.8,
        "presenceofpavement_minimumwidth_m": 1.27
      }
    },
    {
      "id": "b8d43db8-2f67-407c-98f0-c64f1c474d04",
      "type": "Feature",
      "geometry": {
        "type": "LineString",
        "coordinates": [
          [
            -1.4706421,
            50.936766
          ],
          [
            -1.4705489,
            50.9367855
          ],
          [
            -1.4704597,
            50.9367918
          ]
        ]
      },
      "properties": {
        "osid": "b8d43db8-2f67-407c-98f0-c64f1c474d04",
        "theme": "Transport",
        "changetype": "Modified Attributes",
        "name1_text": "Adanac Drive",
        "name2_text": null,
        "roadlinkid": "e103efc4-7e1e-4ff3-a936-6dae2eac2812",
        "description": "Pavement",
        "versiondate": "2023-11-10",
        "name1_language": null,
        "name2_language": null,
        "routehierarchy": "Local Road",
        "geometry_length_m": 13.202,
        "alternatename1_text": null,
        "alternatename2_text": null,
        "capturespecification": "Urban",
        "versionavailabletodate": null,
        "alternatename1_language": null,
        "alternatename2_language": null,
        "roadclassificationnumber": null,
        "versionavailablefromdate": "2023-11-11T00:00:00Z",
        "presenceofpavement_source": "Ordnance Survey",
        "presenceofpavement_sideofroad": "Left",
        "presenceofpavement_updatedate": "2023-11-07",
        "presenceofpavement_evidencedate": "2012-03-29",
        "presenceofpavement_capturemethod": "Automated Process",
        "presenceofpavement_averagewidth_m": 2.59,
        "presenceofpavement_minimumwidth_m": 1.15
      }
    },
    {
      "id": "b8dc4b17-54b7-4d84-9337-7422630a49cf",
      "type": "Feature",
      "geometry": {
        "type": "LineString",
        "coordinates": [
          [
            -1.4649113,
            50.936132
          ],
          [
            -1.4649001,
            50.9360597
          ]
        ]
      },
      "properties": {
        "osid": "b8dc4b17-54b7-4d84-9337-7422630a49cf",
        "theme": "Transport",
        "changetype": "New",
        "name1_text": "Jerretts Lane",
        "name2_text": null,
        "roadlinkid": "84774a65-f6bc-4393-bf5f-b042cd020a47",
        "description": "Pavement",
        "versiondate": "2023-09-14",
        "name1_language": null,
        "name2_language": null,
        "routehierarchy": "Local Road",
        "geometry_length_m": 8.088,
        "alternatename1_text": "Jerrett's Lane",
        "alternatename2_text": null,
        "capturespecification": "Urban",
        "versionavailabletodate": null,
        "alternatename1_language": null,
        "alternatename2_language": null,
        "roadclassificationnumber": null,
        "versionavailablefromdate": "2023-09-15T00:00:00Z",
        "presenceofpavement_source": "Ordnance Survey",
        "presenceofpavement_sideofroad": "Right",
        "presenceofpavement_updatedate": "2023-09-13",
        "presenceofpavement_evidencedate": "2016-08-12",
        "presenceofpavement_capturemethod": "Automated Process",
        "presenceofpavement_averagewidth_m": 1.32,
        "presenceofpavement_minimumwidth_m": 1.26
      }
    },
    {
      "id": "b94f8b09-65ef-4cc3-ae96-7aa4da51f99a",
      "type": "Feature",
      "geometry": {
        "type": "LineString",
        "coordinates": [
          [
            -1.4694039,
            50.9407305
          ],
          [
            -1.4693651,
            50.9407292
          ],
          [
            -1.4693436,
            50.9407262
          ]
        ]
      },
      "properties": {
        "osid": "b94f8b09-65ef-4cc3-ae96-7aa4da51f99a",
        "theme": "Transport",
        "changetype": "Modified Attributes",
        "name1_text": null,
        "name2_text": null,
        "roadlinkid": "80eefb4b-5dc7-45a0-8f79-44f7ab323c57",
        "description": "Pavement",
        "versiondate": "2023-11-10",
        "name1_language": null,
        "name2_language": null,
        "routehierarchy": "Restricted Local Access Road",
        "geometry_length_m": 4.283,
        "alternatename1_text": null,
        "alternatename2_text": null,
        "capturespecification": "Urban",
        "versionavailabletodate": null,
        "alternatename1_language": null,
        "alternatename2_language": null,
        "roadclassificationnumber": null,
        "versionavailablefromdate": "2023-11-11T00:00:00Z",
        "presenceofpavement_source": "Ordnance Survey",
        "presenceofpavement_sideofroad": "Right",
        "presenceofpavement_updatedate": "2023-11-07",
        "presenceofpavement_evidencedate": "2020-09-20",
        "presenceofpavement_capturemethod": "Automated Process",
        "presenceofpavement_averagewidth_m": 1.35,
        "presenceofpavement_minimumwidth_m": 1.16
      }
    },
    {
      "id": "b9a538cb-a6a4-4a03-9d57-c7664cf53636",
      "type": "Feature",
      "geometry": {
        "type": "LineString",
        "coordinates": [
          [
            -1.4691636,
            50.939756
          ],
          [
            -1.4691639,
            50.9397184
          ]
        ]
      },
      "properties": {
        "osid": "b9a538cb-a6a4-4a03-9d57-c7664cf53636",
        "theme": "Transport",
        "changetype": "Modified Attributes",
        "name1_text": null,
        "name2_text": null,
        "roadlinkid": "80eefb4b-5dc7-45a0-8f79-44f7ab323c57",
        "description": "Pavement",
        "versiondate": "2023-11-10",
        "name1_language": null,
        "name2_language": null,
        "routehierarchy": "Restricted Local Access Road",
        "geometry_length_m": 4.175,
        "alternatename1_text": null,
        "alternatename2_text": null,
        "capturespecification": "Urban",
        "versionavailabletodate": null,
        "alternatename1_language": null,
        "alternatename2_language": null,
        "roadclassificationnumber": null,
        "versionavailablefromdate": "2023-11-11T00:00:00Z",
        "presenceofpavement_source": "Ordnance Survey",
        "presenceofpavement_sideofroad": "Left",
        "presenceofpavement_updatedate": "2023-11-07",
        "presenceofpavement_evidencedate": "2020-09-20",
        "presenceofpavement_capturemethod": "Automated Process",
        "presenceofpavement_averagewidth_m": 2.17,
        "presenceofpavement_minimumwidth_m": 1.1
      }
    },
    {
      "id": "ba5777de-2dd2-4532-9ce4-f163f2087768",
      "type": "Feature",
      "geometry": {
        "type": "LineString",
        "coordinates": [
          [
            -1.4734889,
            50.9342156
          ],
          [
            -1.4732133,
            50.9341992
          ],
          [
            -1.4732129,
            50.9341992
          ],
          [
            -1.4731629,
            50.9341962
          ],
          [
            -1.4730775,
            50.9341958
          ],
          [
            -1.4729761,
            50.9341793
          ]
        ]
      },
      "properties": {
        "osid": "ba5777de-2dd2-4532-9ce4-f163f2087768",
        "theme": "Transport",
        "changetype": "Modified Attributes",
        "name1_text": "Brownhill Way",
        "name2_text": null,
        "roadlinkid": "41b37ab8-3599-463d-ae48-3a3f117a98f4",
        "description": "Pavement",
        "versiondate": "2023-11-10",
        "name1_language": null,
        "name2_language": null,
        "routehierarchy": "Minor Road",
        "geometry_length_m": 36.375,
        "alternatename1_text": null,
        "alternatename2_text": null,
        "capturespecification": "Rural",
        "versionavailabletodate": null,
        "alternatename1_language": null,
        "alternatename2_language": null,
        "roadclassificationnumber": null,
        "versionavailablefromdate": "2023-11-11T00:00:00Z",
        "presenceofpavement_source": "Ordnance Survey",
        "presenceofpavement_sideofroad": "Right",
        "presenceofpavement_updatedate": "2023-11-07",
        "presenceofpavement_evidencedate": "2016-09-21",
        "presenceofpavement_capturemethod": "Automated Process",
        "presenceofpavement_averagewidth_m": 2.32,
        "presenceofpavement_minimumwidth_m": 1.07
      }
    },
    {
      "id": "ba5f171c-9da4-4618-942b-415082a72f19",
      "type": "Feature",
      "geometry": {
        "type": "LineString",
        "coordinates": [
          [
            -1.4660931,
            50.9364153
          ],
          [
            -1.4661498,
            50.936403
          ]
        ]
      },
      "properties": {
        "osid": "ba5f171c-9da4-4618-942b-415082a72f19",
        "theme": "Transport",
        "changetype": "New",
        "name1_text": null,
        "name2_text": null,
        "roadlinkid": "e59d0f67-ac64-4db7-a2ed-c0750144aea9",
        "description": "Pavement",
        "versiondate": "2023-09-14",
        "name1_language": null,
        "name2_language": null,
        "routehierarchy": "Restricted Secondary Access Road",
        "geometry_length_m": 4.213,
        "alternatename1_text": null,
        "alternatename2_text": null,
        "capturespecification": "Urban",
        "versionavailabletodate": null,
        "alternatename1_language": null,
        "alternatename2_language": null,
        "roadclassificationnumber": null,
        "versionavailablefromdate": "2023-09-15T00:00:00Z",
        "presenceofpavement_source": "Ordnance Survey",
        "presenceofpavement_sideofroad": "Left",
        "presenceofpavement_updatedate": "2023-09-13",
        "presenceofpavement_evidencedate": "2018-02-19",
        "presenceofpavement_capturemethod": "Automated Process",
        "presenceofpavement_averagewidth_m": 1.6,
        "presenceofpavement_minimumwidth_m": 1.32
      }
    },
    {
      "id": "ba9b760f-7dcc-4b7a-9033-ad4511214997",
      "type": "Feature",
      "geometry": {
        "type": "LineString",
        "coordinates": [
          [
            -1.4671174,
            50.9367331
          ],
          [
            -1.466909,
            50.9369276
          ]
        ]
      },
      "properties": {
        "osid": "ba9b760f-7dcc-4b7a-9033-ad4511214997",
        "theme": "Transport",
        "changetype": "New",
        "name1_text": "Redbridge Lane",
        "name2_text": null,
        "roadlinkid": "10438729-3cc9-44ea-ad88-15a239678aba",
        "description": "Pavement",
        "versiondate": "2023-09-14",
        "name1_language": null,
        "name2_language": null,
        "routehierarchy": "Local Road",
        "geometry_length_m": 26.114,
        "alternatename1_text": null,
        "alternatename2_text": null,
        "capturespecification": "Urban",
        "versionavailabletodate": null,
        "alternatename1_language": null,
        "alternatename2_language": null,
        "roadclassificationnumber": null,
        "versionavailablefromdate": "2023-09-15T00:00:00Z",
        "presenceofpavement_source": "Ordnance Survey",
        "presenceofpavement_sideofroad": "Left",
        "presenceofpavement_updatedate": "2023-09-13",
        "presenceofpavement_evidencedate": "2016-08-12",
        "presenceofpavement_capturemethod": "Automated Process",
        "presenceofpavement_averagewidth_m": 1.83,
        "presenceofpavement_minimumwidth_m": 0.84
      }
    },
    {
      "id": "bc164457-5c75-4524-b65f-3ebe2b217684",
      "type": "Feature",
      "geometry": {
        "type": "LineString",
        "coordinates": [
          [
            -1.4723925,
            50.9396452
          ],
          [
            -1.4723277,
            50.9396526
          ],
          [
            -1.4721338,
            50.9396546
          ],
          [
            -1.4708486,
            50.9396488
          ]
        ]
      },
      "properties": {
        "osid": "bc164457-5c75-4524-b65f-3ebe2b217684",
        "theme": "Transport",
        "changetype": "New",
        "name1_text": null,
        "name2_text": null,
        "roadlinkid": "e0f05a60-b922-4192-aa8d-0559155f6b37",
        "description": "Pavement",
        "versiondate": "2023-09-14",
        "name1_language": null,
        "name2_language": null,
        "routehierarchy": "Restricted Local Access Road",
        "geometry_length_m": 108.56,
        "alternatename1_text": null,
        "alternatename2_text": null,
        "capturespecification": "Urban",
        "versionavailabletodate": null,
        "alternatename1_language": null,
        "alternatename2_language": null,
        "roadclassificationnumber": null,
        "versionavailablefromdate": "2023-09-15T00:00:00Z",
        "presenceofpavement_source": "Ordnance Survey",
        "presenceofpavement_sideofroad": "Left",
        "presenceofpavement_updatedate": "2023-09-13",
        "presenceofpavement_evidencedate": "2021-03-10",
        "presenceofpavement_capturemethod": "Automated Process",
        "presenceofpavement_averagewidth_m": 1.5,
        "presenceofpavement_minimumwidth_m": 0.99
      }
    },
    {
      "id": "bcdedb34-2d88-4582-8a12-da7b4a947fa9",
      "type": "Feature",
      "geometry": {
        "type": "LineString",
        "coordinates": [
          [
            -1.4706848,
            50.9396482
          ],
          [
            -1.4692481,
            50.9396438
          ]
        ]
      },
      "properties": {
        "osid": "bcdedb34-2d88-4582-8a12-da7b4a947fa9",
        "theme": "Transport",
        "changetype": "New",
        "name1_text": null,
        "name2_text": null,
        "roadlinkid": "6bd20876-8181-4d13-9c36-0114d0aa9b0d",
        "description": "Pavement",
        "versiondate": "2024-06-11",
        "name1_language": null,
        "name2_language": null,
        "routehierarchy": "Restricted Local Access Road",
        "geometry_length_m": 100.948,
        "alternatename1_text": null,
        "alternatename2_text": null,
        "capturespecification": "Urban",
        "versionavailabletodate": null,
        "alternatename1_language": null,
        "alternatename2_language": null,
        "roadclassificationnumber": null,
        "versionavailablefromdate": "2024-06-12T00:00:00Z",
        "presenceofpavement_source": "Ordnance Survey",
        "presenceofpavement_sideofroad": "Left",
        "presenceofpavement_updatedate": "2024-05-29",
        "presenceofpavement_evidencedate": "2024-04-02",
        "presenceofpavement_capturemethod": "Automated Process",
        "presenceofpavement_averagewidth_m": 1.59,
        "presenceofpavement_minimumwidth_m": 1.1
      }
    },
    {
      "id": "bd4f734f-3e48-4c5e-a1d4-a00bf37c75d9",
      "type": "Feature",
      "geometry": {
        "type": "LineString",
        "coordinates": [
          [
            -1.4649003,
            50.9359374
          ],
          [
            -1.46465,
            50.9356862
          ],
          [
            -1.4645378,
            50.9355418
          ],
          [
            -1.4644118,
            50.9353613
          ],
          [
            -1.464316,
            50.9351969
          ]
        ]
      },
      "properties": {
        "osid": "bd4f734f-3e48-4c5e-a1d4-a00bf37c75d9",
        "theme": "Transport",
        "changetype": "Modified Attributes",
        "name1_text": "Frogmore Lane",
        "name2_text": null,
        "roadlinkid": "34b2bde7-879a-4992-9196-84c04f692a0d",
        "description": "Pavement",
        "versiondate": "2023-11-10",
        "name1_language": null,
        "name2_language": null,
        "routehierarchy": "Local Road",
        "geometry_length_m": 92.316,
        "alternatename1_text": null,
        "alternatename2_text": null,
        "capturespecification": "Urban",
        "versionavailabletodate": null,
        "alternatename1_language": null,
        "alternatename2_language": null,
        "roadclassificationnumber": null,
        "versionavailablefromdate": "2023-11-11T00:00:00Z",
        "presenceofpavement_source": "Ordnance Survey",
        "presenceofpavement_sideofroad": "Left",
        "presenceofpavement_updatedate": "2023-11-07",
        "presenceofpavement_evidencedate": "2010-02-25",
        "presenceofpavement_capturemethod": "Automated Process",
        "presenceofpavement_averagewidth_m": 2.19,
        "presenceofpavement_minimumwidth_m": 0.8
      }
    },
    {
      "id": "bdc5c95b-702b-4850-94ee-01124a0aa92c",
      "type": "Feature",
      "geometry": {
        "type": "LineString",
        "coordinates": [
          [
            -1.4724449,
            50.939199
          ],
          [
            -1.4724233,
            50.939095
          ]
        ]
      },
      "properties": {
        "osid": "bdc5c95b-702b-4850-94ee-01124a0aa92c",
        "theme": "Transport",
        "changetype": "New",
        "name1_text": "Adanac Drive",
        "name2_text": null,
        "roadlinkid": "ae28350f-747d-48c7-aec6-4c667b11142e",
        "description": "Pavement",
        "versiondate": "2024-06-11",
        "name1_language": null,
        "name2_language": null,
        "routehierarchy": "Local Road",
        "geometry_length_m": 11.661,
        "alternatename1_text": null,
        "alternatename2_text": null,
        "capturespecification": "Urban",
        "versionavailabletodate": null,
        "alternatename1_language": null,
        "alternatename2_language": null,
        "roadclassificationnumber": null,
        "versionavailablefromdate": "2024-06-12T00:00:00Z",
        "presenceofpavement_source": "Ordnance Survey",
        "presenceofpavement_sideofroad": "Left",
        "presenceofpavement_updatedate": "2024-05-29",
        "presenceofpavement_evidencedate": "2024-04-18",
        "presenceofpavement_capturemethod": "Automated Process",
        "presenceofpavement_averagewidth_m": 1.64,
        "presenceofpavement_minimumwidth_m": 0.98
      }
    },
    {
      "id": "bde33602-e2ff-4891-b85f-5ec10931559c",
      "type": "Feature",
      "geometry": {
        "type": "LineString",
        "coordinates": [
          [
            -1.4660362,
            50.9364276
          ],
          [
            -1.4660986,
            50.9364141
          ]
        ]
      },
      "properties": {
        "osid": "bde33602-e2ff-4891-b85f-5ec10931559c",
        "theme": "Transport",
        "changetype": "New",
        "name1_text": null,
        "name2_text": null,
        "roadlinkid": "e59d0f67-ac64-4db7-a2ed-c0750144aea9",
        "description": "Pavement",
        "versiondate": "2023-09-14",
        "name1_language": null,
        "name2_language": null,
        "routehierarchy": "Restricted Secondary Access Road",
        "geometry_length_m": 4.637,
        "alternatename1_text": null,
        "alternatename2_text": null,
        "capturespecification": "Urban",
        "versionavailabletodate": null,
        "alternatename1_language": null,
        "alternatename2_language": null,
        "roadclassificationnumber": null,
        "versionavailablefromdate": "2023-09-15T00:00:00Z",
        "presenceofpavement_source": "Ordnance Survey",
        "presenceofpavement_sideofroad": "Right",
        "presenceofpavement_updatedate": "2023-09-13",
        "presenceofpavement_evidencedate": "2006-07-01",
        "presenceofpavement_capturemethod": "Automated Process",
        "presenceofpavement_averagewidth_m": 1.7,
        "presenceofpavement_minimumwidth_m": 1.41
      }
    },
    {
      "id": "bebb6937-2343-41b5-821e-2a9ce57bab19",
      "type": "Feature",
      "geometry": {
        "type": "LineString",
        "coordinates": [
          [
            -1.4698205,
            50.9368626
          ],
          [
            -1.4698835,
            50.9368454
          ]
        ]
      },
      "properties": {
        "osid": "bebb6937-2343-41b5-821e-2a9ce57bab19",
        "theme": "Transport",
        "changetype": "New",
        "name1_text": null,
        "name2_text": null,
        "roadlinkid": "460cf159-8e60-4b82-bf6c-c5725c365057",
        "description": "Pavement",
        "versiondate": "2023-09-14",
        "name1_language": null,
        "name2_language": null,
        "routehierarchy": "Local Road",
        "geometry_length_m": 4.825,
        "alternatename1_text": null,
        "alternatename2_text": null,
        "capturespecification": "Urban",
        "versionavailabletodate": null,
        "alternatename1_language": null,
        "alternatename2_language": null,
        "roadclassificationnumber": null,
        "versionavailablefromdate": "2023-09-15T00:00:00Z",
        "presenceofpavement_source": "Ordnance Survey",
        "presenceofpavement_sideofroad": "Right",
        "presenceofpavement_updatedate": "2023-09-13",
        "presenceofpavement_evidencedate": "2010-10-25",
        "presenceofpavement_capturemethod": "Automated Process",
        "presenceofpavement_averagewidth_m": 2.09,
        "presenceofpavement_minimumwidth_m": 1.34
      }
    },
    {
      "id": "bfcfdd1f-b2e9-409e-b356-fd4d843d3f59",
      "type": "Feature",
      "geometry": {
        "type": "LineString",
        "coordinates": [
          [
            -1.4659222,
            50.9398548
          ],
          [
            -1.4659836,
            50.9398731
          ]
        ]
      },
      "properties": {
        "osid": "bfcfdd1f-b2e9-409e-b356-fd4d843d3f59",
        "theme": "Transport",
        "changetype": "Modified Attributes",
        "name1_text": "Bodding Avenue",
        "name2_text": null,
        "roadlinkid": "5e02e4ac-c48f-4e20-9387-d199cc7d74cb",
        "description": "Pavement",
        "versiondate": "2024-02-06",
        "name1_language": null,
        "name2_language": null,
        "routehierarchy": "Restricted Local Access Road",
        "geometry_length_m": 4.77,
        "alternatename1_text": null,
        "alternatename2_text": null,
        "capturespecification": "Urban",
        "versionavailabletodate": null,
        "alternatename1_language": null,
        "alternatename2_language": null,
        "roadclassificationnumber": null,
        "versionavailablefromdate": "2024-02-07T00:00:00Z",
        "presenceofpavement_source": "Ordnance Survey",
        "presenceofpavement_sideofroad": "Right",
        "presenceofpavement_updatedate": "2024-02-02",
        "presenceofpavement_evidencedate": "2021-08-10",
        "presenceofpavement_capturemethod": "Automated Process",
        "presenceofpavement_averagewidth_m": 1.66,
        "presenceofpavement_minimumwidth_m": 0.78
      }
    },
    {
      "id": "c0352fd4-33a7-4bd0-810e-483c15d6ba24",
      "type": "Feature",
      "geometry": {
        "type": "LineString",
        "coordinates": [
          [
            -1.4692227,
            50.9343585
          ],
          [
            -1.4692009,
            50.9343297
          ],
          [
            -1.469192,
            50.9343128
          ]
        ]
      },
      "properties": {
        "osid": "c0352fd4-33a7-4bd0-810e-483c15d6ba24",
        "theme": "Transport",
        "changetype": "Modified Attributes",
        "name1_text": "Adanac Drive",
        "name2_text": null,
        "roadlinkid": "69ec61ef-75e3-46ec-a7ef-81e1db66f6d4",
        "description": "Pavement",
        "versiondate": "2023-11-10",
        "name1_language": null,
        "name2_language": null,
        "routehierarchy": "Local Road",
        "geometry_length_m": 5.525,
        "alternatename1_text": null,
        "alternatename2_text": null,
        "capturespecification": "Urban",
        "versionavailabletodate": null,
        "alternatename1_language": null,
        "alternatename2_language": null,
        "roadclassificationnumber": null,
        "versionavailablefromdate": "2023-11-11T00:00:00Z",
        "presenceofpavement_source": "Ordnance Survey",
        "presenceofpavement_sideofroad": "Right",
        "presenceofpavement_updatedate": "2023-11-07",
        "presenceofpavement_evidencedate": "2017-02-02",
        "presenceofpavement_capturemethod": "Automated Process",
        "presenceofpavement_averagewidth_m": 1.7,
        "presenceofpavement_minimumwidth_m": 1.22
      }
    },
    {
      "id": "c2dc14c3-1eb4-4492-9a59-310727b3bbe3",
      "type": "Feature",
      "geometry": {
        "type": "LineString",
        "coordinates": [
          [
            -1.4648385,
            50.9407478
          ],
          [
            -1.4649307,
            50.9406409
          ],
          [
            -1.4649473,
            50.9406149
          ],
          [
            -1.4649485,
            50.9406129
          ],
          [
            -1.4649496,
            50.9406113
          ]
        ]
      },
      "properties": {
        "osid": "c2dc14c3-1eb4-4492-9a59-310727b3bbe3",
        "theme": "Transport",
        "changetype": "Modified Attributes",
        "name1_text": "Bodding Avenue",
        "name2_text": null,
        "roadlinkid": "05c98a95-148f-48b7-8819-b90009b2b97f",
        "description": "Pavement",
        "versiondate": "2023-11-10",
        "name1_language": null,
        "name2_language": null,
        "routehierarchy": "Local Road",
        "geometry_length_m": 17.09,
        "alternatename1_text": null,
        "alternatename2_text": null,
        "capturespecification": "Urban",
        "versionavailabletodate": null,
        "alternatename1_language": null,
        "alternatename2_language": null,
        "roadclassificationnumber": null,
        "versionavailablefromdate": "2023-11-11T00:00:00Z",
        "presenceofpavement_source": "Ordnance Survey",
        "presenceofpavement_sideofroad": "Right",
        "presenceofpavement_updatedate": "2023-11-07",
        "presenceofpavement_evidencedate": "2021-08-10",
        "presenceofpavement_capturemethod": "Automated Process",
        "presenceofpavement_averagewidth_m": 1.82,
        "presenceofpavement_minimumwidth_m": 0.69
      }
    },
    {
      "id": "c48ad122-3837-45f3-9786-a1e52051829b",
      "type": "Feature",
      "geometry": {
        "type": "LineString",
        "coordinates": [
          [
            -1.466937,
            50.9369014
          ],
          [
            -1.4668777,
            50.9369567
          ]
        ]
      },
      "properties": {
        "osid": "c48ad122-3837-45f3-9786-a1e52051829b",
        "theme": "Transport",
        "changetype": "New",
        "name1_text": "Redbridge Lane",
        "name2_text": null,
        "roadlinkid": "10438729-3cc9-44ea-ad88-15a239678aba",
        "description": "Pavement",
        "versiondate": "2023-09-14",
        "name1_language": null,
        "name2_language": null,
        "routehierarchy": "Local Road",
        "geometry_length_m": 7.433,
        "alternatename1_text": null,
        "alternatename2_text": null,
        "capturespecification": "Urban",
        "versionavailabletodate": null,
        "alternatename1_language": null,
        "alternatename2_language": null,
        "roadclassificationnumber": null,
        "versionavailablefromdate": "2023-09-15T00:00:00Z",
        "presenceofpavement_source": "Ordnance Survey",
        "presenceofpavement_sideofroad": "Right",
        "presenceofpavement_updatedate": "2023-09-13",
        "presenceofpavement_evidencedate": "2018-02-19",
        "presenceofpavement_capturemethod": "Automated Process",
        "presenceofpavement_averagewidth_m": 0.54,
        "presenceofpavement_minimumwidth_m": 0.54
      }
    },
    {
      "id": "c53b7fea-b0da-4e67-8022-4d74f0647d54",
      "type": "Feature",
      "geometry": {
        "type": "LineString",
        "coordinates": [
          [
            -1.4692615,
            50.9349902
          ],
          [
            -1.4693002,
            50.9349525
          ],
          [
            -1.4693036,
            50.9349491
          ],
          [
            -1.4693072,
            50.9348927
          ],
          [
            -1.4692961,
            50.9348467
          ],
          [
            -1.4692959,
            50.9348457
          ],
          [
            -1.4692704,
            50.9348218
          ]
        ]
      },
      "properties": {
        "osid": "c53b7fea-b0da-4e67-8022-4d74f0647d54",
        "theme": "Transport",
        "changetype": "Modified Attributes",
        "name1_text": "Adanac Drive",
        "name2_text": null,
        "roadlinkid": "544bad79-c018-406d-81d6-fd40ee7d03af",
        "description": "Pavement",
        "versiondate": "2025-07-02",
        "name1_language": null,
        "name2_language": null,
        "routehierarchy": "Local Road",
        "geometry_length_m": 20.218,
        "alternatename1_text": null,
        "alternatename2_text": null,
        "capturespecification": "Urban",
        "versionavailabletodate": null,
        "alternatename1_language": null,
        "alternatename2_language": null,
        "roadclassificationnumber": null,
        "versionavailablefromdate": "2025-07-03T00:00:00Z",
        "presenceofpavement_source": "Ordnance Survey",
        "presenceofpavement_sideofroad": "Right",
        "presenceofpavement_updatedate": "2025-06-30",
        "presenceofpavement_evidencedate": "2025-06-20",
        "presenceofpavement_capturemethod": "Automated Process",
        "presenceofpavement_averagewidth_m": 3.07,
        "presenceofpavement_minimumwidth_m": 1.15
      }
    },
    {
      "id": "c63808e9-c5dc-4dcf-9d4b-312917d4db3c",
      "type": "Feature",
      "geometry": {
        "type": "LineString",
        "coordinates": [
          [
            -1.4694018,
            50.9343001
          ],
          [
            -1.469384,
            50.9343392
          ]
        ]
      },
      "properties": {
        "osid": "c63808e9-c5dc-4dcf-9d4b-312917d4db3c",
        "theme": "Transport",
        "changetype": "Modified Attributes",
        "name1_text": "Adanac Drive",
        "name2_text": null,
        "roadlinkid": "e3edf7be-2578-42a6-a400-3b550d87c37f",
        "description": "Pavement",
        "versiondate": "2023-11-10",
        "name1_language": null,
        "name2_language": null,
        "routehierarchy": "Local Road",
        "geometry_length_m": 4.52,
        "alternatename1_text": null,
        "alternatename2_text": null,
        "capturespecification": "Urban",
        "versionavailabletodate": null,
        "alternatename1_language": null,
        "alternatename2_language": null,
        "roadclassificationnumber": null,
        "versionavailablefromdate": "2023-11-11T00:00:00Z",
        "presenceofpavement_source": "Ordnance Survey",
        "presenceofpavement_sideofroad": "Right",
        "presenceofpavement_updatedate": "2023-11-07",
        "presenceofpavement_evidencedate": "2017-02-02",
        "presenceofpavement_capturemethod": "Automated Process",
        "presenceofpavement_averagewidth_m": 1.7,
        "presenceofpavement_minimumwidth_m": 1.22
      }
    },
    {
      "id": "c70c6026-a83e-4bc0-9556-48f0ba64586a",
      "type": "Feature",
      "geometry": {
        "type": "LineString",
        "coordinates": [
          [
            -1.4662773,
            50.9374105
          ],
          [
            -1.4661565,
            50.9374759
          ],
          [
            -1.4660631,
            50.9375229
          ]
        ]
      },
      "properties": {
        "osid": "c70c6026-a83e-4bc0-9556-48f0ba64586a",
        "theme": "Transport",
        "changetype": "Modified Attributes",
        "name1_text": "Redbridge Lane",
        "name2_text": null,
        "roadlinkid": "c1df3e90-90eb-42af-8312-7475da0122af",
        "description": "Pavement",
        "versiondate": "2023-11-10",
        "name1_language": null,
        "name2_language": null,
        "routehierarchy": "Local Road",
        "geometry_length_m": 19.567,
        "alternatename1_text": null,
        "alternatename2_text": null,
        "capturespecification": "Urban",
        "versionavailabletodate": null,
        "alternatename1_language": null,
        "alternatename2_language": null,
        "roadclassificationnumber": null,
        "versionavailablefromdate": "2023-11-11T00:00:00Z",
        "presenceofpavement_source": "Ordnance Survey",
        "presenceofpavement_sideofroad": "Left",
        "presenceofpavement_updatedate": "2023-11-07",
        "presenceofpavement_evidencedate": "2017-02-07",
        "presenceofpavement_capturemethod": "Automated Process",
        "presenceofpavement_averagewidth_m": 1.6,
        "presenceofpavement_minimumwidth_m": 0.88
      }
    },
    {
      "id": "c87d11d8-3140-4f45-bcc6-212e4fcf394f",
      "type": "Feature",
      "geometry": {
        "type": "LineString",
        "coordinates": [
          [
            -1.4658852,
            50.9398437
          ],
          [
            -1.4658894,
            50.939836
          ],
          [
            -1.4659019,
            50.9398022
          ],
          [
            -1.4659077,
            50.9397801
          ],
          [
            -1.4659106,
            50.9397195
          ],
          [
            -1.4659059,
            50.9396778
          ],
          [
            -1.4658814,
            50.9396065
          ],
          [
            -1.4658455,
            50.9395351
          ],
          [
            -1.4658333,
            50.9395085
          ],
          [
            -1.4658231,
            50.9394917
          ],
          [
            -1.4657972,
            50.939467
          ],
          [
            -1.4657642,
            50.9394454
          ],
          [
            -1.4657227,
            50.939421
          ],
          [
            -1.4656415,
            50.9393753
          ],
          [
            -1.4656062,
            50.9393508
          ]
        ]
      },
      "properties": {
        "osid": "c87d11d8-3140-4f45-bcc6-212e4fcf394f",
        "theme": "Transport",
        "changetype": "Modified Attributes",
        "name1_text": "Bodding Avenue",
        "name2_text": null,
        "roadlinkid": "a0c3041f-6dd7-4deb-9107-981f9bd74f58",
        "description": "Pavement",
        "versiondate": "2025-06-03",
        "name1_language": null,
        "name2_language": null,
        "routehierarchy": "Local Road",
        "geometry_length_m": 62.118,
        "alternatename1_text": null,
        "alternatename2_text": null,
        "capturespecification": "Urban",
        "versionavailabletodate": null,
        "alternatename1_language": null,
        "alternatename2_language": null,
        "roadclassificationnumber": null,
        "versionavailablefromdate": "2025-06-04T00:00:00Z",
        "presenceofpavement_source": "Ordnance Survey",
        "presenceofpavement_sideofroad": "Left",
        "presenceofpavement_updatedate": "2025-05-30",
        "presenceofpavement_evidencedate": "2025-04-28",
        "presenceofpavement_capturemethod": "Automated Process",
        "presenceofpavement_averagewidth_m": 1.78,
        "presenceofpavement_minimumwidth_m": 1.46
      }
    },
    {
      "id": "c8a380d5-6ac7-4ad7-b9df-421d201a9a5e",
      "type": "Feature",
      "geometry": {
        "type": "LineString",
        "coordinates": [
          [
            -1.4712281,
            50.9367289
          ],
          [
            -1.4712039,
            50.936744
          ]
        ]
      },
      "properties": {
        "osid": "c8a380d5-6ac7-4ad7-b9df-421d201a9a5e",
        "theme": "Transport",
        "changetype": "New",
        "name1_text": "Adanac Drive",
        "name2_text": null,
        "roadlinkid": "73ba3efd-65f5-4353-a599-4834150521fc",
        "description": "Pavement",
        "versiondate": "2023-09-14",
        "name1_language": null,
        "name2_language": null,
        "routehierarchy": "Local Road",
        "geometry_length_m": 2.39,
        "alternatename1_text": null,
        "alternatename2_text": null,
        "capturespecification": "Urban",
        "versionavailabletodate": null,
        "alternatename1_language": null,
        "alternatename2_language": null,
        "roadclassificationnumber": null,
        "versionavailablefromdate": "2023-09-15T00:00:00Z",
        "presenceofpavement_source": "Ordnance Survey",
        "presenceofpavement_sideofroad": "Right",
        "presenceofpavement_updatedate": "2023-09-13",
        "presenceofpavement_evidencedate": "2018-03-12",
        "presenceofpavement_capturemethod": "Automated Process",
        "presenceofpavement_averagewidth_m": 1.08,
        "presenceofpavement_minimumwidth_m": 1.08
      }
    },
    {
      "id": "c94bfaea-8354-468a-8439-a664937cfb86",
      "type": "Feature",
      "geometry": {
        "type": "LineString",
        "coordinates": [
          [
            -1.4650092,
            50.9404602
          ],
          [
            -1.4649771,
            50.940447
          ]
        ]
      },
      "properties": {
        "osid": "c94bfaea-8354-468a-8439-a664937cfb86",
        "theme": "Transport",
        "changetype": "Modified Attributes",
        "name1_text": null,
        "name2_text": null,
        "roadlinkid": "e7e93f9e-1794-4aea-90c0-ae9a069cbe20",
        "description": "Pavement",
        "versiondate": "2025-06-03",
        "name1_language": null,
        "name2_language": null,
        "routehierarchy": "Restricted Local Access Road",
        "geometry_length_m": 2.695,
        "alternatename1_text": null,
        "alternatename2_text": null,
        "capturespecification": "Urban",
        "versionavailabletodate": null,
        "alternatename1_language": null,
        "alternatename2_language": null,
        "roadclassificationnumber": null,
        "versionavailablefromdate": "2025-06-04T00:00:00Z",
        "presenceofpavement_source": "Ordnance Survey",
        "presenceofpavement_sideofroad": "Right",
        "presenceofpavement_updatedate": "2025-05-30",
        "presenceofpavement_evidencedate": "2025-04-28",
        "presenceofpavement_capturemethod": "Automated Process",
        "presenceofpavement_averagewidth_m": 1.55,
        "presenceofpavement_minimumwidth_m": 1.53
      }
    },
    {
      "id": "ca1d6bbc-b349-4612-8ef5-9a878e133199",
      "type": "Feature",
      "geometry": {
        "type": "LineString",
        "coordinates": [
          [
            -1.4696623,
            50.9340076
          ],
          [
            -1.469658,
            50.9340193
          ],
          [
            -1.4696454,
            50.9340402
          ]
        ]
      },
      "properties": {
        "osid": "ca1d6bbc-b349-4612-8ef5-9a878e133199",
        "theme": "Transport",
        "changetype": "New",
        "name1_text": "Brownhill Way",
        "name2_text": null,
        "roadlinkid": "748a05ed-a36d-4406-82df-6fb4a159856e",
        "description": "Pavement",
        "versiondate": "2023-09-14",
        "name1_language": null,
        "name2_language": null,
        "routehierarchy": "Minor Road",
        "geometry_length_m": 3.83,
        "alternatename1_text": null,
        "alternatename2_text": null,
        "capturespecification": "Urban",
        "versionavailabletodate": null,
        "alternatename1_language": null,
        "alternatename2_language": null,
        "roadclassificationnumber": null,
        "versionavailablefromdate": "2023-09-15T00:00:00Z",
        "presenceofpavement_source": "Ordnance Survey",
        "presenceofpavement_sideofroad": "Left",
        "presenceofpavement_updatedate": "2023-09-13",
        "presenceofpavement_evidencedate": "2017-01-25",
        "presenceofpavement_capturemethod": "Automated Process",
        "presenceofpavement_averagewidth_m": 1.52,
        "presenceofpavement_minimumwidth_m": 1.31
      }
    },
    {
      "id": "cb2ec766-985a-4213-9a8a-025552cc6147",
      "type": "Feature",
      "geometry": {
        "type": "LineString",
        "coordinates": [
          [
            -1.4724179,
            50.9388094
          ],
          [
            -1.4725027,
            50.938332
          ],
          [
            -1.4725071,
            50.9382771
          ]
        ]
      },
      "properties": {
        "osid": "cb2ec766-985a-4213-9a8a-025552cc6147",
        "theme": "Transport",
        "changetype": "New",
        "name1_text": "Adanac Drive",
        "name2_text": null,
        "roadlinkid": "072ad6eb-957d-443c-a113-43a6d39308eb",
        "description": "Pavement",
        "versiondate": "2023-09-14",
        "name1_language": null,
        "name2_language": null,
        "routehierarchy": "Local Road",
        "geometry_length_m": 59.532,
        "alternatename1_text": null,
        "alternatename2_text": null,
        "capturespecification": "Urban",
        "versionavailabletodate": null,
        "alternatename1_language": null,
        "alternatename2_language": null,
        "roadclassificationnumber": null,
        "versionavailablefromdate": "2023-09-15T00:00:00Z",
        "presenceofpavement_source": "Ordnance Survey",
        "presenceofpavement_sideofroad": "Left",
        "presenceofpavement_updatedate": "2023-09-13",
        "presenceofpavement_evidencedate": "2016-08-12",
        "presenceofpavement_capturemethod": "Automated Process",
        "presenceofpavement_averagewidth_m": 3.43,
        "presenceofpavement_minimumwidth_m": 1.42
      }
    },
    {
      "id": "cca8903f-b80a-4056-88b4-d1dcff895f82",
      "type": "Feature",
      "geometry": {
        "type": "LineString",
        "coordinates": [
          [
            -1.4739622,
            50.9342327
          ],
          [
            -1.4736907,
            50.9342256
          ]
        ]
      },
      "properties": {
        "osid": "cca8903f-b80a-4056-88b4-d1dcff895f82",
        "theme": "Transport",
        "changetype": "Modified Attributes",
        "name1_text": "Brownhill Way",
        "name2_text": null,
        "roadlinkid": "7159c51c-624a-47b8-9a61-3741cf0e1502",
        "description": "Pavement",
        "versiondate": "2023-11-10",
        "name1_language": null,
        "name2_language": null,
        "routehierarchy": "Minor Road",
        "geometry_length_m": 19.1,
        "alternatename1_text": null,
        "alternatename2_text": null,
        "capturespecification": "Rural",
        "versionavailabletodate": null,
        "alternatename1_language": null,
        "alternatename2_language": null,
        "roadclassificationnumber": null,
        "versionavailablefromdate": "2023-11-11T00:00:00Z",
        "presenceofpavement_source": "Ordnance Survey",
        "presenceofpavement_sideofroad": "Left",
        "presenceofpavement_updatedate": "2023-11-07",
        "presenceofpavement_evidencedate": "2017-01-25",
        "presenceofpavement_capturemethod": "Automated Process",
        "presenceofpavement_averagewidth_m": 1.96,
        "presenceofpavement_minimumwidth_m": 1.09
      }
    },
    {
      "id": "ccbf5002-ca16-42ad-814d-3e382032c425",
      "type": "Feature",
      "geometry": {
        "type": "LineString",
        "coordinates": [
          [
            -1.4659113,
            50.9398515
          ],
          [
            -1.4659741,
            50.9398703
          ]
        ]
      },
      "properties": {
        "osid": "ccbf5002-ca16-42ad-814d-3e382032c425",
        "theme": "Transport",
        "changetype": "Modified Attributes",
        "name1_text": "Bodding Avenue",
        "name2_text": null,
        "roadlinkid": "5e02e4ac-c48f-4e20-9387-d199cc7d74cb",
        "description": "Pavement",
        "versiondate": "2024-02-06",
        "name1_language": null,
        "name2_language": null,
        "routehierarchy": "Restricted Local Access Road",
        "geometry_length_m": 4.884,
        "alternatename1_text": null,
        "alternatename2_text": null,
        "capturespecification": "Urban",
        "versionavailabletodate": null,
        "alternatename1_language": null,
        "alternatename2_language": null,
        "roadclassificationnumber": null,
        "versionavailablefromdate": "2024-02-07T00:00:00Z",
        "presenceofpavement_source": "Ordnance Survey",
        "presenceofpavement_sideofroad": "Left",
        "presenceofpavement_updatedate": "2024-02-02",
        "presenceofpavement_evidencedate": "2021-08-10",
        "presenceofpavement_capturemethod": "Automated Process",
        "presenceofpavement_averagewidth_m": 1.84,
        "presenceofpavement_minimumwidth_m": 1.22
      }
    },
    {
      "id": "ce795753-ba1d-4f83-9fa1-838ef1e29403",
      "type": "Feature",
      "geometry": {
        "type": "LineString",
        "coordinates": [
          [
            -1.4635923,
            50.9343832
          ],
          [
            -1.4636162,
            50.9343714
          ]
        ]
      },
      "properties": {
        "osid": "ce795753-ba1d-4f83-9fa1-838ef1e29403",
        "theme": "Transport",
        "changetype": "New",
        "name1_text": "Brownhill Way",
        "name2_text": null,
        "roadlinkid": "01030df4-5a2e-4f4e-b59f-b359b91a147b",
        "description": "Pavement",
        "versiondate": "2023-09-14",
        "name1_language": null,
        "name2_language": null,
        "routehierarchy": "Minor Road",
        "geometry_length_m": 2.133,
        "alternatename1_text": null,
        "alternatename2_text": null,
        "capturespecification": "Urban",
        "versionavailabletodate": null,
        "alternatename1_language": null,
        "alternatename2_language": null,
        "roadclassificationnumber": null,
        "versionavailablefromdate": "2023-09-15T00:00:00Z",
        "presenceofpavement_source": "Ordnance Survey",
        "presenceofpavement_sideofroad": "Right",
        "presenceofpavement_updatedate": "2023-09-13",
        "presenceofpavement_evidencedate": "2022-12-08",
        "presenceofpavement_capturemethod": "Automated Process",
        "presenceofpavement_averagewidth_m": 2.02,
        "presenceofpavement_minimumwidth_m": 1.41
      }
    },
    {
      "id": "cf6a3dc0-3b7a-47bf-87c7-0771390e2ea6",
      "type": "Feature",
      "geometry": {
        "type": "LineString",
        "coordinates": [
          [
            -1.4685948,
            50.9364385
          ],
          [
            -1.4684257,
            50.9363929
          ],
          [
            -1.4679296,
            50.9362158
          ],
          [
            -1.4678704,
            50.9362044
          ]
        ]
      },
      "properties": {
        "osid": "cf6a3dc0-3b7a-47bf-87c7-0771390e2ea6",
        "theme": "Transport",
        "changetype": "New",
        "name1_text": "Yewtree Lane",
        "name2_text": null,
        "roadlinkid": "3ff8b391-7a45-4ec9-9c44-c8a39c259238",
        "description": "Pavement",
        "versiondate": "2023-09-14",
        "name1_language": null,
        "name2_language": null,
        "routehierarchy": "Local Road",
        "geometry_length_m": 57.309,
        "alternatename1_text": null,
        "alternatename2_text": null,
        "capturespecification": "Urban",
        "versionavailabletodate": null,
        "alternatename1_language": null,
        "alternatename2_language": null,
        "roadclassificationnumber": null,
        "versionavailablefromdate": "2023-09-15T00:00:00Z",
        "presenceofpavement_source": "Ordnance Survey",
        "presenceofpavement_sideofroad": "Left",
        "presenceofpavement_updatedate": "2023-09-13",
        "presenceofpavement_evidencedate": "2016-08-12",
        "presenceofpavement_capturemethod": "Automated Process",
        "presenceofpavement_averagewidth_m": 1.8,
        "presenceofpavement_minimumwidth_m": 1.07
      }
    },
    {
      "id": "d094a48e-af28-4b33-a01e-5df827c61dea",
      "type": "Feature",
      "geometry": {
        "type": "LineString",
        "coordinates": [
          [
            -1.4711508,
            50.9367612
          ],
          [
            -1.4711324,
            50.9367629
          ],
          [
            -1.4711135,
            50.9367647
          ],
          [
            -1.4710866,
            50.9367671
          ],
          [
            -1.4710689,
            50.9367688
          ],
          [
            -1.4710162,
            50.936747
          ]
        ]
      },
      "properties": {
        "osid": "d094a48e-af28-4b33-a01e-5df827c61dea",
        "theme": "Transport",
        "changetype": "New",
        "name1_text": "Adanac Drive",
        "name2_text": null,
        "roadlinkid": "73ba3efd-65f5-4353-a599-4834150521fc",
        "description": "Pavement",
        "versiondate": "2023-09-14",
        "name1_language": null,
        "name2_language": null,
        "routehierarchy": "Local Road",
        "geometry_length_m": 10.239,
        "alternatename1_text": null,
        "alternatename2_text": null,
        "capturespecification": "Urban",
        "versionavailabletodate": null,
        "alternatename1_language": null,
        "alternatename2_language": null,
        "roadclassificationnumber": null,
        "versionavailablefromdate": "2023-09-15T00:00:00Z",
        "presenceofpavement_source": "Ordnance Survey",
        "presenceofpavement_sideofroad": "Right",
        "presenceofpavement_updatedate": "2023-09-13",
        "presenceofpavement_evidencedate": "2018-03-12",
        "presenceofpavement_capturemethod": "Automated Process",
        "presenceofpavement_averagewidth_m": 1.08,
        "presenceofpavement_minimumwidth_m": 1.08
      }
    },
    {
      "id": "d185e0c0-f705-4eed-9288-4da0fc469ed1",
      "type": "Feature",
      "geometry": {
        "type": "LineString",
        "coordinates": [
          [
            -1.4664221,
            50.9361564
          ],
          [
            -1.4664076,
            50.9361559
          ],
          [
            -1.4660858,
            50.9361439
          ]
        ]
      },
      "properties": {
        "osid": "d185e0c0-f705-4eed-9288-4da0fc469ed1",
        "theme": "Transport",
        "changetype": "New",
        "name1_text": "Frogmore Lane",
        "name2_text": null,
        "roadlinkid": "45b6d3d3-776c-4d8e-9914-8a7a32f5bf33",
        "description": "Pavement",
        "versiondate": "2024-12-05",
        "name1_language": null,
        "name2_language": null,
        "routehierarchy": "Local Road",
        "geometry_length_m": 23.672,
        "alternatename1_text": null,
        "alternatename2_text": null,
        "capturespecification": "Urban",
        "versionavailabletodate": null,
        "alternatename1_language": null,
        "alternatename2_language": null,
        "roadclassificationnumber": null,
        "versionavailablefromdate": "2024-12-06T00:00:00Z",
        "presenceofpavement_source": "Ordnance Survey",
        "presenceofpavement_sideofroad": "Left",
        "presenceofpavement_updatedate": "2024-12-02",
        "presenceofpavement_evidencedate": "2018-02-19",
        "presenceofpavement_capturemethod": "Automated Process",
        "presenceofpavement_averagewidth_m": 1.3,
        "presenceofpavement_minimumwidth_m": 0.81
      }
    },
    {
      "id": "d58816c8-9a41-47ea-b930-7b67076e471b",
      "type": "Feature",
      "geometry": {
        "type": "LineString",
        "coordinates": [
          [
            -1.464838,
            50.9407484
          ],
          [
            -1.4649307,
            50.9406409
          ],
          [
            -1.464937,
            50.940631
          ]
        ]
      },
      "properties": {
        "osid": "d58816c8-9a41-47ea-b930-7b67076e471b",
        "theme": "Transport",
        "changetype": "Modified Geometry And Attributes",
        "name1_text": "Bodding Avenue",
        "name2_text": null,
        "roadlinkid": "05c98a95-148f-48b7-8819-b90009b2b97f",
        "description": "Pavement",
        "versiondate": "2023-11-10",
        "name1_language": null,
        "name2_language": null,
        "routehierarchy": "Local Road",
        "geometry_length_m": 14.804,
        "alternatename1_text": null,
        "alternatename2_text": null,
        "capturespecification": "Urban",
        "versionavailabletodate": null,
        "alternatename1_language": null,
        "alternatename2_language": null,
        "roadclassificationnumber": null,
        "versionavailablefromdate": "2023-11-11T00:00:00Z",
        "presenceofpavement_source": "Ordnance Survey",
        "presenceofpavement_sideofroad": "Left",
        "presenceofpavement_updatedate": "2023-11-07",
        "presenceofpavement_evidencedate": "2020-08-21",
        "presenceofpavement_capturemethod": "Automated Process",
        "presenceofpavement_averagewidth_m": 1.75,
        "presenceofpavement_minimumwidth_m": 1.75
      }
    },
    {
      "id": "d74e48e1-586b-40ad-8216-c6d6f93f4b3c",
      "type": "Feature",
      "geometry": {
        "type": "LineString",
        "coordinates": [
          [
            -1.4657016,
            50.9348617
          ],
          [
            -1.4657726,
            50.9348651
          ],
          [
            -1.4657789,
            50.9348654
          ],
          [
            -1.4658284,
            50.9348557
          ],
          [
            -1.4659095,
            50.9348399
          ],
          [
            -1.4659193,
            50.934838
          ],
          [
            -1.4659576,
            50.9348085
          ]
        ]
      },
      "properties": {
        "osid": "d74e48e1-586b-40ad-8216-c6d6f93f4b3c",
        "theme": "Transport",
        "changetype": "Modified Attributes",
        "name1_text": "Hurst Way",
        "name2_text": null,
        "roadlinkid": "11ef3028-9342-4734-8c76-feeab384d2d2",
        "description": "Pavement",
        "versiondate": "2024-11-01",
        "name1_language": null,
        "name2_language": null,
        "routehierarchy": "Local Road",
        "geometry_length_m": 20.017,
        "alternatename1_text": null,
        "alternatename2_text": null,
        "capturespecification": "Urban",
        "versionavailabletodate": null,
        "alternatename1_language": null,
        "alternatename2_language": null,
        "roadclassificationnumber": null,
        "versionavailablefromdate": "2024-11-02T00:00:00Z",
        "presenceofpavement_source": "Ordnance Survey",
        "presenceofpavement_sideofroad": "Left",
        "presenceofpavement_updatedate": "2024-10-29",
        "presenceofpavement_evidencedate": "2022-07-28",
        "presenceofpavement_capturemethod": "Automated Process",
        "presenceofpavement_averagewidth_m": 1.02,
        "presenceofpavement_minimumwidth_m": 1.02
      }
    },
    {
      "id": "d8935747-2a62-486c-9b9c-e2c53a2756bc",
      "type": "Feature",
      "geometry": {
        "type": "LineString",
        "coordinates": [
          [
            -1.4697723,
            50.9396454
          ],
          [
            -1.4691646,
            50.9396435
          ]
        ]
      },
      "properties": {
        "osid": "d8935747-2a62-486c-9b9c-e2c53a2756bc",
        "theme": "Transport",
        "changetype": "Modified Attributes",
        "name1_text": null,
        "name2_text": null,
        "roadlinkid": "6bd20876-8181-4d13-9c36-0114d0aa9b0d",
        "description": "Pavement",
        "versiondate": "2024-07-24",
        "name1_language": null,
        "name2_language": null,
        "routehierarchy": "Restricted Local Access Road",
        "geometry_length_m": 42.7,
        "alternatename1_text": null,
        "alternatename2_text": null,
        "capturespecification": "Urban",
        "versionavailabletodate": null,
        "alternatename1_language": null,
        "alternatename2_language": null,
        "roadclassificationnumber": null,
        "versionavailablefromdate": "2024-07-25T00:00:00Z",
        "presenceofpavement_source": "Ordnance Survey",
        "presenceofpavement_sideofroad": "Right",
        "presenceofpavement_updatedate": "2024-07-01",
        "presenceofpavement_evidencedate": "2024-06-25",
        "presenceofpavement_capturemethod": "Automated Process",
        "presenceofpavement_averagewidth_m": 2.07,
        "presenceofpavement_minimumwidth_m": 1.43
      }
    },
    {
      "id": "d8ebf9e2-dcfc-4e5a-9f0f-c008440cb1a4",
      "type": "Feature",
      "geometry": {
        "type": "LineString",
        "coordinates": [
          [
            -1.4639423,
            50.9346727
          ],
          [
            -1.4638897,
            50.9346424
          ],
          [
            -1.4638147,
            50.9345991
          ],
          [
            -1.4637761,
            50.9345768
          ],
          [
            -1.4637632,
            50.9345694
          ],
          [
            -1.463739,
            50.9345554
          ],
          [
            -1.4636663,
            50.9345134
          ],
          [
            -1.4636634,
            50.9345118
          ]
        ]
      },
      "properties": {
        "osid": "d8ebf9e2-dcfc-4e5a-9f0f-c008440cb1a4",
        "theme": "Transport",
        "changetype": "New",
        "name1_text": "Frogmore Lane",
        "name2_text": null,
        "roadlinkid": "4590f39c-f7b8-44df-8c23-84b2164369a8",
        "description": "Pavement",
        "versiondate": "2024-12-05",
        "name1_language": null,
        "name2_language": null,
        "routehierarchy": "Local Road",
        "geometry_length_m": 26.539,
        "alternatename1_text": null,
        "alternatename2_text": null,
        "capturespecification": "Urban",
        "versionavailabletodate": null,
        "alternatename1_language": null,
        "alternatename2_language": null,
        "roadclassificationnumber": null,
        "versionavailablefromdate": "2024-12-06T00:00:00Z",
        "presenceofpavement_source": "Ordnance Survey",
        "presenceofpavement_sideofroad": "Right",
        "presenceofpavement_updatedate": "2024-12-02",
        "presenceofpavement_evidencedate": "2022-12-15",
        "presenceofpavement_capturemethod": "Automated Process",
        "presenceofpavement_averagewidth_m": 2.11,
        "presenceofpavement_minimumwidth_m": 0.97
      }
    },
    {
      "id": "dacc0f84-47bf-4562-880a-440eeb5cb051",
      "type": "Feature",
      "geometry": {
        "type": "LineString",
        "coordinates": [
          [
            -1.4692615,
            50.9349902
          ],
          [
            -1.4693002,
            50.9349525
          ],
          [
            -1.4693036,
            50.9349491
          ],
          [
            -1.4693055,
            50.9349198
          ],
          [
            -1.4693062,
            50.9349087
          ],
          [
            -1.4693069,
            50.9348978
          ],
          [
            -1.4693072,
            50.9348927
          ],
          [
            -1.4692961,
            50.9348467
          ],
          [
            -1.4692959,
            50.9348457
          ],
          [
            -1.4692571,
            50.9348092
          ]
        ]
      },
      "properties": {
        "osid": "dacc0f84-47bf-4562-880a-440eeb5cb051",
        "theme": "Transport",
        "changetype": "New",
        "name1_text": "Adanac Drive",
        "name2_text": null,
        "roadlinkid": "544bad79-c018-406d-81d6-fd40ee7d03af",
        "description": "Pavement",
        "versiondate": "2023-09-14",
        "name1_language": null,
        "name2_language": null,
        "routehierarchy": "Local Road",
        "geometry_length_m": 21.895,
        "alternatename1_text": null,
        "alternatename2_text": null,
        "capturespecification": "Urban",
        "versionavailabletodate": null,
        "alternatename1_language": null,
        "alternatename2_language": null,
        "roadclassificationnumber": null,
        "versionavailablefromdate": "2023-09-15T00:00:00Z",
        "presenceofpavement_source": "Ordnance Survey",
        "presenceofpavement_sideofroad": "Left",
        "presenceofpavement_updatedate": "2023-09-13",
        "presenceofpavement_evidencedate": "2022-12-15",
        "presenceofpavement_capturemethod": "Automated Process",
        "presenceofpavement_averagewidth_m": 1.86,
        "presenceofpavement_minimumwidth_m": 1.08
      }
    },
    {
      "id": "db684cb3-a261-49b0-b70c-e248e052f07d",
      "type": "Feature",
      "geometry": {
        "type": "LineString",
        "coordinates": [
          [
            -1.468956,
            50.9353718
          ],
          [
            -1.468988,
            50.9353496
          ],
          [
            -1.4690102,
            50.9353445
          ],
          [
            -1.4690342,
            50.9353389
          ],
          [
            -1.4690659,
            50.9353315
          ],
          [
            -1.4690766,
            50.9353291
          ]
        ]
      },
      "properties": {
        "osid": "db684cb3-a261-49b0-b70c-e248e052f07d",
        "theme": "Transport",
        "changetype": "New",
        "name1_text": null,
        "name2_text": null,
        "roadlinkid": "2d2bc7db-612d-481d-adfb-8780e105e334",
        "description": "Pavement",
        "versiondate": "2023-09-14",
        "name1_language": null,
        "name2_language": null,
        "routehierarchy": "Local Road",
        "geometry_length_m": 9.973,
        "alternatename1_text": null,
        "alternatename2_text": null,
        "capturespecification": "Urban",
        "versionavailabletodate": null,
        "alternatename1_language": null,
        "alternatename2_language": null,
        "roadclassificationnumber": null,
        "versionavailablefromdate": "2023-09-15T00:00:00Z",
        "presenceofpavement_source": "Ordnance Survey",
        "presenceofpavement_sideofroad": "Right",
        "presenceofpavement_updatedate": "2023-09-13",
        "presenceofpavement_evidencedate": "2022-09-29",
        "presenceofpavement_capturemethod": "Automated Process",
        "presenceofpavement_averagewidth_m": 2.37,
        "presenceofpavement_minimumwidth_m": 1.02
      }
    },
    {
      "id": "db761518-80bd-43bd-aac8-9ef2c4c4fe8f",
      "type": "Feature",
      "geometry": {
        "type": "LineString",
        "coordinates": [
          [
            -1.4654923,
            50.9401318
          ],
          [
            -1.465447,
            50.9401035
          ]
        ]
      },
      "properties": {
        "osid": "db761518-80bd-43bd-aac8-9ef2c4c4fe8f",
        "theme": "Transport",
        "changetype": "Modified Attributes",
        "name1_text": "Merrygrove Way",
        "name2_text": null,
        "roadlinkid": "25d86b9c-c89b-4e98-b303-2a9cdd65c4dc",
        "description": "Pavement",
        "versiondate": "2025-06-03",
        "name1_language": null,
        "name2_language": null,
        "routehierarchy": "Restricted Local Access Road",
        "geometry_length_m": 4.469,
        "alternatename1_text": null,
        "alternatename2_text": null,
        "capturespecification": "Urban",
        "versionavailabletodate": null,
        "alternatename1_language": null,
        "alternatename2_language": null,
        "roadclassificationnumber": null,
        "versionavailablefromdate": "2025-06-04T00:00:00Z",
        "presenceofpavement_source": "Ordnance Survey",
        "presenceofpavement_sideofroad": "Left",
        "presenceofpavement_updatedate": "2025-05-30",
        "presenceofpavement_evidencedate": "2025-04-28",
        "presenceofpavement_capturemethod": "Automated Process",
        "presenceofpavement_averagewidth_m": 2.14,
        "presenceofpavement_minimumwidth_m": 0.67
      }
    },
    {
      "id": "db9d9081-e25d-4667-b01b-dfac8ca62172",
      "type": "Feature",
      "geometry": {
        "type": "LineString",
        "coordinates": [
          [
            -1.4722061,
            50.9372958
          ],
          [
            -1.4721554,
            50.9372971
          ]
        ]
      },
      "properties": {
        "osid": "db9d9081-e25d-4667-b01b-dfac8ca62172",
        "theme": "Transport",
        "changetype": "Modified Attributes",
        "name1_text": null,
        "name2_text": null,
        "roadlinkid": "f8551868-39b7-4c41-bffd-33d68fe3154a",
        "description": "Pavement",
        "versiondate": "2023-11-10",
        "name1_language": null,
        "name2_language": null,
        "routehierarchy": "Restricted Local Access Road",
        "geometry_length_m": 3.568,
        "alternatename1_text": null,
        "alternatename2_text": null,
        "capturespecification": "Urban",
        "versionavailabletodate": null,
        "alternatename1_language": null,
        "alternatename2_language": null,
        "roadclassificationnumber": null,
        "versionavailablefromdate": "2023-11-11T00:00:00Z",
        "presenceofpavement_source": "Ordnance Survey",
        "presenceofpavement_sideofroad": "Left",
        "presenceofpavement_updatedate": "2023-11-07",
        "presenceofpavement_evidencedate": "2016-08-12",
        "presenceofpavement_capturemethod": "Automated Process",
        "presenceofpavement_averagewidth_m": 1.64,
        "presenceofpavement_minimumwidth_m": 0.89
      }
    },
    {
      "id": "dd9d4fe1-b474-41be-b434-66d370bab5ae",
      "type": "Feature",
      "geometry": {
        "type": "LineString",
        "coordinates": [
          [
            -1.4665529,
            50.9391504
          ],
          [
            -1.4665633,
            50.9391368
          ],
          [
            -1.4665676,
            50.9391311
          ],
          [
            -1.4665843,
            50.9391092
          ]
        ]
      },
      "properties": {
        "osid": "dd9d4fe1-b474-41be-b434-66d370bab5ae",
        "theme": "Transport",
        "changetype": "New",
        "name1_text": "Conager Close",
        "name2_text": null,
        "roadlinkid": "d53ef042-47ea-4cae-a0dc-64b35cc88f38",
        "description": "Pavement",
        "versiondate": "2023-09-14",
        "name1_language": null,
        "name2_language": null,
        "routehierarchy": "Restricted Local Access Road",
        "geometry_length_m": 5.079,
        "alternatename1_text": null,
        "alternatename2_text": null,
        "capturespecification": "Urban",
        "versionavailabletodate": null,
        "alternatename1_language": null,
        "alternatename2_language": null,
        "roadclassificationnumber": null,
        "versionavailablefromdate": "2023-09-15T00:00:00Z",
        "presenceofpavement_source": "Ordnance Survey",
        "presenceofpavement_sideofroad": "Left",
        "presenceofpavement_updatedate": "2023-09-13",
        "presenceofpavement_evidencedate": "2021-08-10",
        "presenceofpavement_capturemethod": "Automated Process",
        "presenceofpavement_averagewidth_m": 1.09,
        "presenceofpavement_minimumwidth_m": 0.95
      }
    },
    {
      "id": "df148d12-abd2-4b54-9522-c03b02ccab36",
      "type": "Feature",
      "geometry": {
        "type": "LineString",
        "coordinates": [
          [
            -1.464316,
            50.9351969
          ],
          [
            -1.4642588,
            50.9350987
          ]
        ]
      },
      "properties": {
        "osid": "df148d12-abd2-4b54-9522-c03b02ccab36",
        "theme": "Transport",
        "changetype": "New",
        "name1_text": "Frogmore Lane",
        "name2_text": null,
        "roadlinkid": "d6365ab7-7baa-4fad-9b80-99965178f796",
        "description": "Pavement",
        "versiondate": "2023-09-14",
        "name1_language": null,
        "name2_language": null,
        "routehierarchy": "Local Road",
        "geometry_length_m": 11.638,
        "alternatename1_text": null,
        "alternatename2_text": null,
        "capturespecification": "Urban",
        "versionavailabletodate": null,
        "alternatename1_language": null,
        "alternatename2_language": null,
        "roadclassificationnumber": null,
        "versionavailablefromdate": "2023-09-15T00:00:00Z",
        "presenceofpavement_source": "Ordnance Survey",
        "presenceofpavement_sideofroad": "Left",
        "presenceofpavement_updatedate": "2023-09-13",
        "presenceofpavement_evidencedate": "2010-02-25",
        "presenceofpavement_capturemethod": "Automated Process",
        "presenceofpavement_averagewidth_m": 1.6,
        "presenceofpavement_minimumwidth_m": 0.61
      }
    },
    {
      "id": "e02c0b2a-d3e2-42d5-8538-8a1b17d08aae",
      "type": "Feature",
      "geometry": {
        "type": "LineString",
        "coordinates": [
          [
            -1.4725071,
            50.9382771
          ],
          [
            -1.4724675,
            50.9382271
          ],
          [
            -1.4724676,
            50.9382027
          ],
          [
            -1.472468,
            50.93812
          ],
          [
            -1.4724682,
            50.9380894
          ],
          [
            -1.4725022,
            50.9380472
          ]
        ]
      },
      "properties": {
        "osid": "e02c0b2a-d3e2-42d5-8538-8a1b17d08aae",
        "theme": "Transport",
        "changetype": "Modified Attributes",
        "name1_text": "Adanac Drive",
        "name2_text": null,
        "roadlinkid": "efff79aa-08dc-4c01-8e00-e48d840414bf",
        "description": "Pavement",
        "versiondate": "2024-12-05",
        "name1_language": null,
        "name2_language": null,
        "routehierarchy": "Local Road",
        "geometry_length_m": 26.801,
        "alternatename1_text": null,
        "alternatename2_text": null,
        "capturespecification": "Urban",
        "versionavailabletodate": null,
        "alternatename1_language": null,
        "alternatename2_language": null,
        "roadclassificationnumber": null,
        "versionavailablefromdate": "2024-12-06T00:00:00Z",
        "presenceofpavement_source": "Ordnance Survey",
        "presenceofpavement_sideofroad": "Left",
        "presenceofpavement_updatedate": "2024-12-02",
        "presenceofpavement_evidencedate": "2016-08-12",
        "presenceofpavement_capturemethod": "Automated Process",
        "presenceofpavement_averagewidth_m": 3.28,
        "presenceofpavement_minimumwidth_m": 0.85
      }
    },
    {
      "id": "e039ce45-5333-440b-ad62-a8db558958f9",
      "type": "Feature",
      "geometry": {
        "type": "LineString",
        "coordinates": [
          [
            -1.4649023,
            50.9360093
          ],
          [
            -1.4649254,
            50.9359943
          ]
        ]
      },
      "properties": {
        "osid": "e039ce45-5333-440b-ad62-a8db558958f9",
        "theme": "Transport",
        "changetype": "New",
        "name1_text": "Jerretts Lane",
        "name2_text": null,
        "roadlinkid": "84774a65-f6bc-4393-bf5f-b042cd020a47",
        "description": "Pavement",
        "versiondate": "2023-09-14",
        "name1_language": null,
        "name2_language": null,
        "routehierarchy": "Local Road",
        "geometry_length_m": 2.325,
        "alternatename1_text": "Jerrett's Lane",
        "alternatename2_text": null,
        "capturespecification": "Urban",
        "versionavailabletodate": null,
        "alternatename1_language": null,
        "alternatename2_language": null,
        "roadclassificationnumber": null,
        "versionavailablefromdate": "2023-09-15T00:00:00Z",
        "presenceofpavement_source": "Ordnance Survey",
        "presenceofpavement_sideofroad": "Left",
        "presenceofpavement_updatedate": "2023-09-13",
        "presenceofpavement_evidencedate": "2010-02-25",
        "presenceofpavement_capturemethod": "Automated Process",
        "presenceofpavement_averagewidth_m": 0.79,
        "presenceofpavement_minimumwidth_m": 0.79
      }
    },
    {
      "id": "e07a2e61-de62-48f6-a3ff-e0bed732af15",
      "type": "Feature",
      "geometry": {
        "type": "LineString",
        "coordinates": [
          [
            -1.4636965,
            50.9338294
          ],
          [
            -1.4636754,
            50.9338113
          ],
          [
            -1.4636605,
            50.9338031
          ]
        ]
      },
      "properties": {
        "osid": "e07a2e61-de62-48f6-a3ff-e0bed732af15",
        "theme": "Transport",
        "changetype": "New",
        "name1_text": "Colne Avenue",
        "name2_text": null,
        "roadlinkid": "2612636e-4667-4f33-8e24-c6df020143ee",
        "description": "Pavement",
        "versiondate": "2023-09-14",
        "name1_language": null,
        "name2_language": null,
        "routehierarchy": "Local Road",
        "geometry_length_m": 3.885,
        "alternatename1_text": null,
        "alternatename2_text": null,
        "capturespecification": "Urban",
        "versionavailabletodate": null,
        "alternatename1_language": null,
        "alternatename2_language": null,
        "roadclassificationnumber": null,
        "versionavailablefromdate": "2023-09-15T00:00:00Z",
        "presenceofpavement_source": "Ordnance Survey",
        "presenceofpavement_sideofroad": "Right",
        "presenceofpavement_updatedate": "2023-09-13",
        "presenceofpavement_evidencedate": "2016-08-12",
        "presenceofpavement_capturemethod": "Automated Process",
        "presenceofpavement_averagewidth_m": 1.93,
        "presenceofpavement_minimumwidth_m": 1.07
      }
    },
    {
      "id": "e196c0fb-392d-4b65-b225-5ddbc3196869",
      "type": "Feature",
      "geometry": {
        "type": "LineString",
        "coordinates": [
          [
            -1.4688044,
            50.9353666
          ],
          [
            -1.4686829,
            50.9353625
          ],
          [
            -1.4684335,
            50.9353536
          ],
          [
            -1.4682505,
            50.9352842
          ],
          [
            -1.4681209,
            50.935159
          ],
          [
            -1.4680866,
            50.9351142
          ],
          [
            -1.4679712,
            50.9349633
          ]
        ]
      },
      "properties": {
        "osid": "e196c0fb-392d-4b65-b225-5ddbc3196869",
        "theme": "Transport",
        "changetype": "Modified Attributes",
        "name1_text": "Hurst Way",
        "name2_text": null,
        "roadlinkid": "0a7928c5-4e90-4866-9068-acd6ba2abf0a",
        "description": "Pavement",
        "versiondate": "2024-01-05",
        "name1_language": null,
        "name2_language": null,
        "routehierarchy": "Local Road",
        "geometry_length_m": 81.915,
        "alternatename1_text": null,
        "alternatename2_text": null,
        "capturespecification": "Urban",
        "versionavailabletodate": null,
        "alternatename1_language": null,
        "alternatename2_language": null,
        "roadclassificationnumber": null,
        "versionavailablefromdate": "2024-01-06T00:00:00Z",
        "presenceofpavement_source": "Ordnance Survey",
        "presenceofpavement_sideofroad": "Right",
        "presenceofpavement_updatedate": "2024-01-04",
        "presenceofpavement_evidencedate": "2022-12-15",
        "presenceofpavement_capturemethod": "Automated Process",
        "presenceofpavement_averagewidth_m": 2.12,
        "presenceofpavement_minimumwidth_m": 1.08
      }
    },
    {
      "id": "e1d0100c-c985-4bbf-b591-44565e0ee223",
      "type": "Feature",
      "geometry": {
        "type": "LineString",
        "coordinates": [
          [
            -1.4635594,
            50.9344517
          ],
          [
            -1.4635511,
            50.9344469
          ],
          [
            -1.4635132,
            50.934425
          ]
        ]
      },
      "properties": {
        "osid": "e1d0100c-c985-4bbf-b591-44565e0ee223",
        "theme": "Transport",
        "changetype": "New",
        "name1_text": "Frogmore Lane",
        "name2_text": null,
        "roadlinkid": "c7f7f8fc-2e69-4f2d-aaa1-0201978e4112",
        "description": "Pavement",
        "versiondate": "2023-09-14",
        "name1_language": null,
        "name2_language": null,
        "routehierarchy": "Local Road",
        "geometry_length_m": 4.399,
        "alternatename1_text": null,
        "alternatename2_text": null,
        "capturespecification": "Urban",
        "versionavailabletodate": null,
        "alternatename1_language": null,
        "alternatename2_language": null,
        "roadclassificationnumber": null,
        "versionavailablefromdate": "2023-09-15T00:00:00Z",
        "presenceofpavement_source": "Ordnance Survey",
        "presenceofpavement_sideofroad": "Left",
        "presenceofpavement_updatedate": "2023-09-13",
        "presenceofpavement_evidencedate": "2022-12-06",
        "presenceofpavement_capturemethod": "Automated Process",
        "presenceofpavement_averagewidth_m": 2.99,
        "presenceofpavement_minimumwidth_m": 1.42
      }
    },
    {
      "id": "e2471228-64ff-4796-a727-357374f5277b",
      "type": "Feature",
      "geometry": {
        "type": "LineString",
        "coordinates": [
          [
            -1.4703587,
            50.9368607
          ],
          [
            -1.4704099,
            50.9368309
          ],
          [
            -1.4704394,
            50.9368008
          ]
        ]
      },
      "properties": {
        "osid": "e2471228-64ff-4796-a727-357374f5277b",
        "theme": "Transport",
        "changetype": "New",
        "name1_text": "Adanac Drive",
        "name2_text": null,
        "roadlinkid": "2101879c-6035-4453-a574-49746a96792b",
        "description": "Pavement",
        "versiondate": "2023-09-14",
        "name1_language": null,
        "name2_language": null,
        "routehierarchy": "Local Road",
        "geometry_length_m": 8.831,
        "alternatename1_text": null,
        "alternatename2_text": null,
        "capturespecification": "Urban",
        "versionavailabletodate": null,
        "alternatename1_language": null,
        "alternatename2_language": null,
        "roadclassificationnumber": null,
        "versionavailablefromdate": "2023-09-15T00:00:00Z",
        "presenceofpavement_source": "Ordnance Survey",
        "presenceofpavement_sideofroad": "Right",
        "presenceofpavement_updatedate": "2023-09-13",
        "presenceofpavement_evidencedate": "2012-03-29",
        "presenceofpavement_capturemethod": "Automated Process",
        "presenceofpavement_averagewidth_m": 0.72,
        "presenceofpavement_minimumwidth_m": 0.72
      }
    },
    {
      "id": "e24ca9a7-0314-4dc5-9b4b-f9e57200e692",
      "type": "Feature",
      "geometry": {
        "type": "LineString",
        "coordinates": [
          [
            -1.4639423,
            50.9346727
          ],
          [
            -1.4639299,
            50.9346285
          ],
          [
            -1.4639172,
            50.9345832
          ],
          [
            -1.4639094,
            50.9345744
          ],
          [
            -1.4638935,
            50.9345565
          ],
          [
            -1.4638769,
            50.934538
          ],
          [
            -1.4638525,
            50.9345106
          ],
          [
            -1.4637888,
            50.9344392
          ],
          [
            -1.4637589,
            50.934428
          ]
        ]
      },
      "properties": {
        "osid": "e24ca9a7-0314-4dc5-9b4b-f9e57200e692",
        "theme": "Transport",
        "changetype": "New",
        "name1_text": "Frogmore Lane",
        "name2_text": null,
        "roadlinkid": "98921e67-e0ca-4b87-b7e5-9cde9370fbff",
        "description": "Pavement",
        "versiondate": "2024-12-05",
        "name1_language": null,
        "name2_language": null,
        "routehierarchy": "Local Road",
        "geometry_length_m": 30.937,
        "alternatename1_text": null,
        "alternatename2_text": null,
        "capturespecification": "Urban",
        "versionavailabletodate": null,
        "alternatename1_language": null,
        "alternatename2_language": null,
        "roadclassificationnumber": null,
        "versionavailablefromdate": "2024-12-06T00:00:00Z",
        "presenceofpavement_source": "Ordnance Survey",
        "presenceofpavement_sideofroad": "Left",
        "presenceofpavement_updatedate": "2024-12-02",
        "presenceofpavement_evidencedate": "2022-12-06",
        "presenceofpavement_capturemethod": "Automated Process",
        "presenceofpavement_averagewidth_m": 2.45,
        "presenceofpavement_minimumwidth_m": 1.13
      }
    },
    {
      "id": "e35f9e7e-9cb6-4400-a1c1-3c6199454a58",
      "type": "Feature",
      "geometry": {
        "type": "LineString",
        "coordinates": [
          [
            -1.4703097,
            50.9370016
          ],
          [
            -1.4702929,
            50.9369582
          ]
        ]
      },
      "properties": {
        "osid": "e35f9e7e-9cb6-4400-a1c1-3c6199454a58",
        "theme": "Transport",
        "changetype": "New",
        "name1_text": null,
        "name2_text": null,
        "roadlinkid": "55424fc0-df12-426c-9d35-dde349ab5b32",
        "description": "Pavement",
        "versiondate": "2023-09-14",
        "name1_language": null,
        "name2_language": null,
        "routehierarchy": "Local Road",
        "geometry_length_m": 4.968,
        "alternatename1_text": null,
        "alternatename2_text": null,
        "capturespecification": "Urban",
        "versionavailabletodate": null,
        "alternatename1_language": null,
        "alternatename2_language": null,
        "roadclassificationnumber": null,
        "versionavailablefromdate": "2023-09-15T00:00:00Z",
        "presenceofpavement_source": "Ordnance Survey",
        "presenceofpavement_sideofroad": "Right",
        "presenceofpavement_updatedate": "2023-09-13",
        "presenceofpavement_evidencedate": "2012-03-29",
        "presenceofpavement_capturemethod": "Automated Process",
        "presenceofpavement_averagewidth_m": 1.92,
        "presenceofpavement_minimumwidth_m": 0.71
      }
    },
    {
      "id": "e488ec71-aedc-4c2f-8fe2-934ceffd6ed4",
      "type": "Feature",
      "geometry": {
        "type": "LineString",
        "coordinates": [
          [
            -1.4665529,
            50.9391504
          ],
          [
            -1.4665707,
            50.939127
          ]
        ]
      },
      "properties": {
        "osid": "e488ec71-aedc-4c2f-8fe2-934ceffd6ed4",
        "theme": "Transport",
        "changetype": "New",
        "name1_text": "Conager Close",
        "name2_text": null,
        "roadlinkid": "d53ef042-47ea-4cae-a0dc-64b35cc88f38",
        "description": "Pavement",
        "versiondate": "2023-09-14",
        "name1_language": null,
        "name2_language": null,
        "routehierarchy": "Restricted Local Access Road",
        "geometry_length_m": 2.883,
        "alternatename1_text": null,
        "alternatename2_text": null,
        "capturespecification": "Urban",
        "versionavailabletodate": null,
        "alternatename1_language": null,
        "alternatename2_language": null,
        "roadclassificationnumber": null,
        "versionavailablefromdate": "2023-09-15T00:00:00Z",
        "presenceofpavement_source": "Ordnance Survey",
        "presenceofpavement_sideofroad": "Right",
        "presenceofpavement_updatedate": "2023-09-13",
        "presenceofpavement_evidencedate": "2021-08-10",
        "presenceofpavement_capturemethod": "Automated Process",
        "presenceofpavement_averagewidth_m": 1.26,
        "presenceofpavement_minimumwidth_m": 1.06
      }
    },
    {
      "id": "e719ae4b-8b8d-4fbc-82e8-86669681804e",
      "type": "Feature",
      "geometry": {
        "type": "LineString",
        "coordinates": [
          [
            -1.4660374,
            50.9363172
          ],
          [
            -1.4660366,
            50.936393
          ]
        ]
      },
      "properties": {
        "osid": "e719ae4b-8b8d-4fbc-82e8-86669681804e",
        "theme": "Transport",
        "changetype": "New",
        "name1_text": "Danebury Way",
        "name2_text": null,
        "roadlinkid": "633dc2cc-690d-4669-8667-26a3f7ec7857",
        "description": "Pavement",
        "versiondate": "2023-09-14",
        "name1_language": null,
        "name2_language": null,
        "routehierarchy": "Local Road",
        "geometry_length_m": 8.432,
        "alternatename1_text": null,
        "alternatename2_text": null,
        "capturespecification": "Urban",
        "versionavailabletodate": null,
        "alternatename1_language": null,
        "alternatename2_language": null,
        "roadclassificationnumber": null,
        "versionavailablefromdate": "2023-09-15T00:00:00Z",
        "presenceofpavement_source": "Ordnance Survey",
        "presenceofpavement_sideofroad": "Left",
        "presenceofpavement_updatedate": "2023-09-13",
        "presenceofpavement_evidencedate": "2018-02-19",
        "presenceofpavement_capturemethod": "Automated Process",
        "presenceofpavement_averagewidth_m": 1.65,
        "presenceofpavement_minimumwidth_m": 1.32
      }
    },
    {
      "id": "e71f0987-869b-4a4d-9254-11b89d8e054c",
      "type": "Feature",
      "geometry": {
        "type": "LineString",
        "coordinates": [
          [
            -1.4641303,
            50.934917
          ],
          [
            -1.4639423,
            50.9346727
          ]
        ]
      },
      "properties": {
        "osid": "e71f0987-869b-4a4d-9254-11b89d8e054c",
        "theme": "Transport",
        "changetype": "Modified Attributes",
        "name1_text": "Frogmore Lane",
        "name2_text": null,
        "roadlinkid": "208baefe-8bca-4a0e-960a-5af8fd0603bc",
        "description": "Pavement",
        "versiondate": "2023-11-10",
        "name1_language": null,
        "name2_language": null,
        "routehierarchy": "Local Road",
        "geometry_length_m": 30.204,
        "alternatename1_text": null,
        "alternatename2_text": null,
        "capturespecification": "Urban",
        "versionavailabletodate": null,
        "alternatename1_language": null,
        "alternatename2_language": null,
        "roadclassificationnumber": null,
        "versionavailablefromdate": "2023-11-11T00:00:00Z",
        "presenceofpavement_source": "Ordnance Survey",
        "presenceofpavement_sideofroad": "Left",
        "presenceofpavement_updatedate": "2023-11-07",
        "presenceofpavement_evidencedate": "2022-12-06",
        "presenceofpavement_capturemethod": "Automated Process",
        "presenceofpavement_averagewidth_m": 2.55,
        "presenceofpavement_minimumwidth_m": 1.3
      }
    },
    {
      "id": "e75bc071-b32f-46f5-8c1b-e39b19306217",
      "type": "Feature",
      "geometry": {
        "type": "LineString",
        "coordinates": [
          [
            -1.4688268,
            50.9339095
          ],
          [
            -1.4688246,
            50.9339246
          ],
          [
            -1.4688299,
            50.9339692
          ],
          [
            -1.4688468,
            50.9340127
          ],
          [
            -1.4688748,
            50.9340538
          ],
          [
            -1.4689131,
            50.9340914
          ],
          [
            -1.4689607,
            50.9341245
          ],
          [
            -1.4690162,
            50.9341522
          ],
          [
            -1.4690782,
            50.9341738
          ],
          [
            -1.4690995,
            50.9341785
          ]
        ]
      },
      "properties": {
        "osid": "e75bc071-b32f-46f5-8c1b-e39b19306217",
        "theme": "Transport",
        "changetype": "New",
        "name1_text": "Brownhill Way",
        "name2_text": null,
        "roadlinkid": "46363caa-a71b-4d4c-a57f-ff24a529bac2",
        "description": "Pavement",
        "versiondate": "2023-09-14",
        "name1_language": null,
        "name2_language": null,
        "routehierarchy": "Minor Road",
        "geometry_length_m": 38.086,
        "alternatename1_text": null,
        "alternatename2_text": null,
        "capturespecification": "Urban",
        "versionavailabletodate": null,
        "alternatename1_language": null,
        "alternatename2_language": null,
        "roadclassificationnumber": null,
        "versionavailablefromdate": "2023-09-15T00:00:00Z",
        "presenceofpavement_source": "Ordnance Survey",
        "presenceofpavement_sideofroad": "Right",
        "presenceofpavement_updatedate": "2023-09-13",
        "presenceofpavement_evidencedate": "2022-12-15",
        "presenceofpavement_capturemethod": "Automated Process",
        "presenceofpavement_averagewidth_m": 3.51,
        "presenceofpavement_minimumwidth_m": 1.27
      }
    },
    {
      "id": "e7fc113c-dda2-4907-897e-cfa1ff04b246",
      "type": "Feature",
      "geometry": {
        "type": "LineString",
        "coordinates": [
          [
            -1.4638174,
            50.9339426
          ],
          [
            -1.4637599,
            50.9338836
          ],
          [
            -1.4636983,
            50.9338309
          ]
        ]
      },
      "properties": {
        "osid": "e7fc113c-dda2-4907-897e-cfa1ff04b246",
        "theme": "Transport",
        "changetype": "New",
        "name1_text": "Colne Avenue",
        "name2_text": null,
        "roadlinkid": "107ff3c6-4a15-4813-80ad-4e135e127a71",
        "description": "Pavement",
        "versiondate": "2023-09-14",
        "name1_language": null,
        "name2_language": null,
        "routehierarchy": "Local Road",
        "geometry_length_m": 14.998,
        "alternatename1_text": null,
        "alternatename2_text": null,
        "capturespecification": "Urban",
        "versionavailabletodate": null,
        "alternatename1_language": null,
        "alternatename2_language": null,
        "roadclassificationnumber": null,
        "versionavailablefromdate": "2023-09-15T00:00:00Z",
        "presenceofpavement_source": "Ordnance Survey",
        "presenceofpavement_sideofroad": "Left",
        "presenceofpavement_updatedate": "2023-09-13",
        "presenceofpavement_evidencedate": "2022-12-06",
        "presenceofpavement_capturemethod": "Automated Process",
        "presenceofpavement_averagewidth_m": 3.03,
        "presenceofpavement_minimumwidth_m": 1.15
      }
    },
    {
      "id": "e80d0d8d-9d18-4b56-a929-ae348a778be7",
      "type": "Feature",
      "geometry": {
        "type": "LineString",
        "coordinates": [
          [
            -1.4725022,
            50.9380472
          ],
          [
            -1.4724923,
            50.9379193
          ],
          [
            -1.4724313,
            50.9376324
          ],
          [
            -1.4723751,
            50.9374
          ]
        ]
      },
      "properties": {
        "osid": "e80d0d8d-9d18-4b56-a929-ae348a778be7",
        "theme": "Transport",
        "changetype": "Modified Attributes",
        "name1_text": "Adanac Drive",
        "name2_text": null,
        "roadlinkid": "270f33f3-dc0e-449b-bc3f-85e68db73f1a",
        "description": "Pavement",
        "versiondate": "2023-11-10",
        "name1_language": null,
        "name2_language": null,
        "routehierarchy": "Local Road",
        "geometry_length_m": 72.572,
        "alternatename1_text": null,
        "alternatename2_text": null,
        "capturespecification": "Urban",
        "versionavailabletodate": null,
        "alternatename1_language": null,
        "alternatename2_language": null,
        "roadclassificationnumber": null,
        "versionavailablefromdate": "2023-11-11T00:00:00Z",
        "presenceofpavement_source": "Ordnance Survey",
        "presenceofpavement_sideofroad": "Left",
        "presenceofpavement_updatedate": "2023-11-07",
        "presenceofpavement_evidencedate": "2016-08-12",
        "presenceofpavement_capturemethod": "Automated Process",
        "presenceofpavement_averagewidth_m": 3.22,
        "presenceofpavement_minimumwidth_m": 1
      }
    },
    {
      "id": "e80e4e7a-0540-4c61-993f-ef0654233155",
      "type": "Feature",
      "geometry": {
        "type": "LineString",
        "coordinates": [
          [
            -1.4672932,
            50.937263
          ],
          [
            -1.4674199,
            50.9373894
          ],
          [
            -1.467462,
            50.9374346
          ],
          [
            -1.4675049,
            50.9374821
          ],
          [
            -1.4675328,
            50.9375364
          ],
          [
            -1.4675348,
            50.9375456
          ]
        ]
      },
      "properties": {
        "osid": "e80e4e7a-0540-4c61-993f-ef0654233155",
        "theme": "Transport",
        "changetype": "New",
        "name1_text": "Hillyfields",
        "name2_text": null,
        "roadlinkid": "a3e2e8b4-e9a9-4669-bb9c-e024c107f2d9",
        "description": "Pavement",
        "versiondate": "2023-09-14",
        "name1_language": null,
        "name2_language": null,
        "routehierarchy": "Local Road",
        "geometry_length_m": 35.936,
        "alternatename1_text": null,
        "alternatename2_text": null,
        "capturespecification": "Urban",
        "versionavailabletodate": null,
        "alternatename1_language": null,
        "alternatename2_language": null,
        "roadclassificationnumber": null,
        "versionavailablefromdate": "2023-09-15T00:00:00Z",
        "presenceofpavement_source": "Ordnance Survey",
        "presenceofpavement_sideofroad": "Right",
        "presenceofpavement_updatedate": "2023-09-13",
        "presenceofpavement_evidencedate": "2017-02-07",
        "presenceofpavement_capturemethod": "Automated Process",
        "presenceofpavement_averagewidth_m": 1.62,
        "presenceofpavement_minimumwidth_m": 1.18
      }
    },
    {
      "id": "e96a5fae-5d7a-4a96-8cad-8196f28215a8",
      "type": "Feature",
      "geometry": {
        "type": "LineString",
        "coordinates": [
          [
            -1.464872,
            50.9407618
          ],
          [
            -1.4649251,
            50.9407827
          ]
        ]
      },
      "properties": {
        "osid": "e96a5fae-5d7a-4a96-8cad-8196f28215a8",
        "theme": "Transport",
        "changetype": "New",
        "name1_text": "Bodding Avenue",
        "name2_text": null,
        "roadlinkid": "86c2f041-8f4a-49e5-9d00-37c964424520",
        "description": "Pavement",
        "versiondate": "2023-09-14",
        "name1_language": null,
        "name2_language": null,
        "routehierarchy": "Restricted Local Access Road",
        "geometry_length_m": 4.394,
        "alternatename1_text": null,
        "alternatename2_text": null,
        "capturespecification": "Urban",
        "versionavailabletodate": null,
        "alternatename1_language": null,
        "alternatename2_language": null,
        "roadclassificationnumber": null,
        "versionavailablefromdate": "2023-09-15T00:00:00Z",
        "presenceofpavement_source": "Ordnance Survey",
        "presenceofpavement_sideofroad": "Left",
        "presenceofpavement_updatedate": "2023-09-13",
        "presenceofpavement_evidencedate": "2021-08-10",
        "presenceofpavement_capturemethod": "Automated Process",
        "presenceofpavement_averagewidth_m": 1.84,
        "presenceofpavement_minimumwidth_m": 0.91
      }
    },
    {
      "id": "e9bc3283-7044-44ab-9f23-045e46c0f006",
      "type": "Feature",
      "geometry": {
        "type": "LineString",
        "coordinates": [
          [
            -1.469145,
            50.9341886
          ],
          [
            -1.4692013,
            50.9341948
          ]
        ]
      },
      "properties": {
        "osid": "e9bc3283-7044-44ab-9f23-045e46c0f006",
        "theme": "Transport",
        "changetype": "New",
        "name1_text": "Brownhill Way",
        "name2_text": null,
        "roadlinkid": "0ddf97f9-d7c8-4c1b-bf7a-8b4e97e2c688",
        "description": "Pavement",
        "versiondate": "2023-09-14",
        "name1_language": null,
        "name2_language": null,
        "routehierarchy": "Minor Road",
        "geometry_length_m": 4.017,
        "alternatename1_text": null,
        "alternatename2_text": null,
        "capturespecification": "Urban",
        "versionavailabletodate": null,
        "alternatename1_language": null,
        "alternatename2_language": null,
        "roadclassificationnumber": null,
        "versionavailablefromdate": "2023-09-15T00:00:00Z",
        "presenceofpavement_source": "Ordnance Survey",
        "presenceofpavement_sideofroad": "Right",
        "presenceofpavement_updatedate": "2023-09-13",
        "presenceofpavement_evidencedate": "2022-12-15",
        "presenceofpavement_capturemethod": "Automated Process",
        "presenceofpavement_averagewidth_m": 1.79,
        "presenceofpavement_minimumwidth_m": 0.87
      }
    },
    {
      "id": "e9bfa90c-9185-4bd8-8be8-5957d03424df",
      "type": "Feature",
      "geometry": {
        "type": "LineString",
        "coordinates": [
          [
            -1.465867,
            50.9376369
          ],
          [
            -1.4656734,
            50.9377644
          ],
          [
            -1.4655143,
            50.9378965
          ],
          [
            -1.4654555,
            50.9379452
          ]
        ]
      },
      "properties": {
        "osid": "e9bfa90c-9185-4bd8-8be8-5957d03424df",
        "theme": "Transport",
        "changetype": "Modified Attributes",
        "name1_text": "Redbridge Lane",
        "name2_text": null,
        "roadlinkid": "43657e45-3513-4c9a-9be4-be6209c5e042",
        "description": "Pavement",
        "versiondate": "2025-03-05",
        "name1_language": null,
        "name2_language": null,
        "routehierarchy": "Local Road",
        "geometry_length_m": 44.922,
        "alternatename1_text": null,
        "alternatename2_text": null,
        "capturespecification": "Urban",
        "versionavailabletodate": null,
        "alternatename1_language": null,
        "alternatename2_language": null,
        "roadclassificationnumber": null,
        "versionavailablefromdate": "2025-03-06T00:00:00Z",
        "presenceofpavement_source": "Ordnance Survey",
        "presenceofpavement_sideofroad": "Left",
        "presenceofpavement_updatedate": "2025-02-26",
        "presenceofpavement_evidencedate": "2025-02-18",
        "presenceofpavement_capturemethod": "Automated Process",
        "presenceofpavement_averagewidth_m": 1.16,
        "presenceofpavement_minimumwidth_m": 1
      }
    },
    {
      "id": "ea256533-6f65-4103-bc2b-35e5dd79ffca",
      "type": "Feature",
      "geometry": {
        "type": "LineString",
        "coordinates": [
          [
            -1.4692121,
            50.9354219
          ],
          [
            -1.469012,
            50.9353984
          ],
          [
            -1.4690026,
            50.9353972
          ],
          [
            -1.468956,
            50.9353718
          ]
        ]
      },
      "properties": {
        "osid": "ea256533-6f65-4103-bc2b-35e5dd79ffca",
        "theme": "Transport",
        "changetype": "New",
        "name1_text": null,
        "name2_text": null,
        "roadlinkid": "9e1546f3-f30b-4f23-8c6f-99406d275a71",
        "description": "Pavement",
        "versiondate": "2023-09-14",
        "name1_language": null,
        "name2_language": null,
        "routehierarchy": "Local Road",
        "geometry_length_m": 19.303,
        "alternatename1_text": null,
        "alternatename2_text": null,
        "capturespecification": "Urban",
        "versionavailabletodate": null,
        "alternatename1_language": null,
        "alternatename2_language": null,
        "roadclassificationnumber": null,
        "versionavailablefromdate": "2023-09-15T00:00:00Z",
        "presenceofpavement_source": "Ordnance Survey",
        "presenceofpavement_sideofroad": "Left",
        "presenceofpavement_updatedate": "2023-09-13",
        "presenceofpavement_evidencedate": "2022-09-29",
        "presenceofpavement_capturemethod": "Automated Process",
        "presenceofpavement_averagewidth_m": 2.83,
        "presenceofpavement_minimumwidth_m": 1.06
      }
    },
    {
      "id": "ebdcd060-ebd2-4897-b162-6e628ab2985e",
      "type": "Feature",
      "geometry": {
        "type": "LineString",
        "coordinates": [
          [
            -1.4657089,
            50.9392215
          ],
          [
            -1.4658377,
            50.9390458
          ]
        ]
      },
      "properties": {
        "osid": "ebdcd060-ebd2-4897-b162-6e628ab2985e",
        "theme": "Transport",
        "changetype": "Modified Attributes",
        "name1_text": "Ganders Mead",
        "name2_text": null,
        "roadlinkid": "e8120f97-f4c8-491d-87ff-97207de1fdc9",
        "description": "Pavement",
        "versiondate": "2025-03-05",
        "name1_language": null,
        "name2_language": null,
        "routehierarchy": "Local Road",
        "geometry_length_m": 21.535,
        "alternatename1_text": null,
        "alternatename2_text": null,
        "capturespecification": "Urban",
        "versionavailabletodate": null,
        "alternatename1_language": null,
        "alternatename2_language": null,
        "roadclassificationnumber": null,
        "versionavailablefromdate": "2025-03-06T00:00:00Z",
        "presenceofpavement_source": "Ordnance Survey",
        "presenceofpavement_sideofroad": "Left",
        "presenceofpavement_updatedate": "2025-02-26",
        "presenceofpavement_evidencedate": "2025-02-18",
        "presenceofpavement_capturemethod": "Automated Process",
        "presenceofpavement_averagewidth_m": 1.82,
        "presenceofpavement_minimumwidth_m": 0.89
      }
    },
    {
      "id": "ec05cefa-f8c3-49d1-9478-e626be6c6d9d",
      "type": "Feature",
      "geometry": {
        "type": "LineString",
        "coordinates": [
          [
            -1.4660625,
            50.9375232
          ],
          [
            -1.4659661,
            50.9375716
          ],
          [
            -1.465899,
            50.9376158
          ]
        ]
      },
      "properties": {
        "osid": "ec05cefa-f8c3-49d1-9478-e626be6c6d9d",
        "theme": "Transport",
        "changetype": "New",
        "name1_text": "Redbridge Lane",
        "name2_text": null,
        "roadlinkid": "43657e45-3513-4c9a-9be4-be6209c5e042",
        "description": "Pavement",
        "versiondate": "2023-09-14",
        "name1_language": null,
        "name2_language": null,
        "routehierarchy": "Local Road",
        "geometry_length_m": 15.459,
        "alternatename1_text": null,
        "alternatename2_text": null,
        "capturespecification": "Urban",
        "versionavailabletodate": null,
        "alternatename1_language": null,
        "alternatename2_language": null,
        "roadclassificationnumber": null,
        "versionavailablefromdate": "2023-09-15T00:00:00Z",
        "presenceofpavement_source": "Ordnance Survey",
        "presenceofpavement_sideofroad": "Left",
        "presenceofpavement_updatedate": "2023-09-13",
        "presenceofpavement_evidencedate": "2017-02-07",
        "presenceofpavement_capturemethod": "Automated Process",
        "presenceofpavement_averagewidth_m": 0.98,
        "presenceofpavement_minimumwidth_m": 0.88
      }
    },
    {
      "id": "ec751d81-b8b6-41e7-8ecc-86b9e185a47b",
      "type": "Feature",
      "geometry": {
        "type": "LineString",
        "coordinates": [
          [
            -1.4654766,
            50.940208
          ],
          [
            -1.4655203,
            50.9402349
          ]
        ]
      },
      "properties": {
        "osid": "ec751d81-b8b6-41e7-8ecc-86b9e185a47b",
        "theme": "Transport",
        "changetype": "New",
        "name1_text": "Bodding Avenue",
        "name2_text": null,
        "roadlinkid": "5bb59e20-7e59-4eea-bb8d-be4a7ed908f0",
        "description": "Pavement",
        "versiondate": "2023-09-14",
        "name1_language": null,
        "name2_language": null,
        "routehierarchy": "Restricted Local Access Road",
        "geometry_length_m": 4.286,
        "alternatename1_text": null,
        "alternatename2_text": null,
        "capturespecification": "Urban",
        "versionavailabletodate": null,
        "alternatename1_language": null,
        "alternatename2_language": null,
        "roadclassificationnumber": null,
        "versionavailablefromdate": "2023-09-15T00:00:00Z",
        "presenceofpavement_source": "Ordnance Survey",
        "presenceofpavement_sideofroad": "Left",
        "presenceofpavement_updatedate": "2023-09-13",
        "presenceofpavement_evidencedate": "2021-08-10",
        "presenceofpavement_capturemethod": "Automated Process",
        "presenceofpavement_averagewidth_m": 1.93,
        "presenceofpavement_minimumwidth_m": 1.38
      }
    },
    {
      "id": "ece2b853-3aa9-4f60-bf78-1afcb369fd66",
      "type": "Feature",
      "geometry": {
        "type": "LineString",
        "coordinates": [
          [
            -1.4652901,
            50.9380898
          ],
          [
            -1.465271,
            50.9381065
          ],
          [
            -1.46508,
            50.9383125
          ],
          [
            -1.4649388,
            50.9385299
          ],
          [
            -1.4648153,
            50.9387497
          ],
          [
            -1.4646781,
            50.9389176
          ],
          [
            -1.4646339,
            50.9389696
          ]
        ]
      },
      "properties": {
        "osid": "ece2b853-3aa9-4f60-bf78-1afcb369fd66",
        "theme": "Transport",
        "changetype": "Modified Attributes",
        "name1_text": "Redbridge Lane",
        "name2_text": null,
        "roadlinkid": "2fd02e62-e7ae-4617-b7cd-07b0f1e49c53",
        "description": "Pavement",
        "versiondate": "2025-03-05",
        "name1_language": null,
        "name2_language": null,
        "routehierarchy": "Local Road",
        "geometry_length_m": 108.49,
        "alternatename1_text": null,
        "alternatename2_text": null,
        "capturespecification": "Urban",
        "versionavailabletodate": null,
        "alternatename1_language": null,
        "alternatename2_language": null,
        "roadclassificationnumber": null,
        "versionavailablefromdate": "2025-03-06T00:00:00Z",
        "presenceofpavement_source": "Ordnance Survey",
        "presenceofpavement_sideofroad": "Left",
        "presenceofpavement_updatedate": "2025-02-26",
        "presenceofpavement_evidencedate": "2025-02-18",
        "presenceofpavement_capturemethod": "Automated Process",
        "presenceofpavement_averagewidth_m": 1.3,
        "presenceofpavement_minimumwidth_m": 0.8
      }
    },
    {
      "id": "ed00066d-c88c-4a1f-88c9-52ac532688e5",
      "type": "Feature",
      "geometry": {
        "type": "LineString",
        "coordinates": [
          [
            -1.4702917,
            50.936955
          ],
          [
            -1.4702706,
            50.9369005
          ]
        ]
      },
      "properties": {
        "osid": "ed00066d-c88c-4a1f-88c9-52ac532688e5",
        "theme": "Transport",
        "changetype": "New",
        "name1_text": null,
        "name2_text": null,
        "roadlinkid": "e64a592c-bd85-43fe-a2bc-02a36d92878c",
        "description": "Pavement",
        "versiondate": "2024-12-05",
        "name1_language": null,
        "name2_language": null,
        "routehierarchy": "Local Road",
        "geometry_length_m": 6.239,
        "alternatename1_text": null,
        "alternatename2_text": null,
        "capturespecification": "Urban",
        "versionavailabletodate": null,
        "alternatename1_language": null,
        "alternatename2_language": null,
        "roadclassificationnumber": null,
        "versionavailablefromdate": "2024-12-06T00:00:00Z",
        "presenceofpavement_source": "Ordnance Survey",
        "presenceofpavement_sideofroad": "Right",
        "presenceofpavement_updatedate": "2024-12-02",
        "presenceofpavement_evidencedate": "2012-03-29",
        "presenceofpavement_capturemethod": "Automated Process",
        "presenceofpavement_averagewidth_m": 1.86,
        "presenceofpavement_minimumwidth_m": 1.01
      }
    },
    {
      "id": "ed708d2c-432f-4563-b1fb-ea4b05bfc85c",
      "type": "Feature",
      "geometry": {
        "type": "LineString",
        "coordinates": [
          [
            -1.4709347,
            50.9418134
          ],
          [
            -1.4709353,
            50.9417555
          ],
          [
            -1.4709514,
            50.9407781
          ]
        ]
      },
      "properties": {
        "osid": "ed708d2c-432f-4563-b1fb-ea4b05bfc85c",
        "theme": "Transport",
        "changetype": "New",
        "name1_text": null,
        "name2_text": null,
        "roadlinkid": "29b51cf4-f2fc-4890-b1dd-83af51781600",
        "description": "Pavement",
        "versiondate": "2024-07-24",
        "name1_language": null,
        "name2_language": null,
        "routehierarchy": "Restricted Local Access Road",
        "geometry_length_m": 115.14,
        "alternatename1_text": null,
        "alternatename2_text": null,
        "capturespecification": "Urban",
        "versionavailabletodate": null,
        "alternatename1_language": null,
        "alternatename2_language": null,
        "roadclassificationnumber": null,
        "versionavailablefromdate": "2024-07-25T00:00:00Z",
        "presenceofpavement_source": "Ordnance Survey",
        "presenceofpavement_sideofroad": "Left",
        "presenceofpavement_updatedate": "2024-07-01",
        "presenceofpavement_evidencedate": "2020-09-20",
        "presenceofpavement_capturemethod": "Automated Process",
        "presenceofpavement_averagewidth_m": 1.93,
        "presenceofpavement_minimumwidth_m": 1.15
      }
    },
    {
      "id": "edcee4c0-4ebb-4a1a-bf5b-0cdd46e5c486",
      "type": "Feature",
      "geometry": {
        "type": "LineString",
        "coordinates": [
          [
            -1.4658377,
            50.9390458
          ],
          [
            -1.4658619,
            50.939008
          ]
        ]
      },
      "properties": {
        "osid": "edcee4c0-4ebb-4a1a-bf5b-0cdd46e5c486",
        "theme": "Transport",
        "changetype": "Modified Attributes",
        "name1_text": "Ganders Mead",
        "name2_text": null,
        "roadlinkid": "02287581-7bcb-46f3-9267-4c7fffada53e",
        "description": "Pavement",
        "versiondate": "2025-03-05",
        "name1_language": null,
        "name2_language": null,
        "routehierarchy": "Restricted Local Access Road",
        "geometry_length_m": 4.542,
        "alternatename1_text": null,
        "alternatename2_text": null,
        "capturespecification": "Urban",
        "versionavailabletodate": null,
        "alternatename1_language": null,
        "alternatename2_language": null,
        "roadclassificationnumber": null,
        "versionavailablefromdate": "2025-03-06T00:00:00Z",
        "presenceofpavement_source": "Ordnance Survey",
        "presenceofpavement_sideofroad": "Left",
        "presenceofpavement_updatedate": "2025-02-26",
        "presenceofpavement_evidencedate": "2025-02-18",
        "presenceofpavement_capturemethod": "Automated Process",
        "presenceofpavement_averagewidth_m": 1.54,
        "presenceofpavement_minimumwidth_m": 1.54
      }
    },
    {
      "id": "ef59936d-f68f-437d-9bff-6bf53a35c5a3",
      "type": "Feature",
      "geometry": {
        "type": "LineString",
        "coordinates": [
          [
            -1.4635424,
            50.9337394
          ],
          [
            -1.4635056,
            50.9337206
          ],
          [
            -1.4634207,
            50.9336842
          ],
          [
            -1.4633355,
            50.9336658
          ],
          [
            -1.4631935,
            50.9336382
          ],
          [
            -1.4630802,
            50.9335927
          ],
          [
            -1.4630236,
            50.9335655
          ],
          [
            -1.4629529,
            50.9335202
          ],
          [
            -1.4629243,
            50.9334926
          ]
        ]
      },
      "properties": {
        "osid": "ef59936d-f68f-437d-9bff-6bf53a35c5a3",
        "theme": "Transport",
        "changetype": "New",
        "name1_text": "Colne Avenue",
        "name2_text": null,
        "roadlinkid": "ffe80a97-aa30-4fbc-a12a-15e3975194ea",
        "description": "Pavement",
        "versiondate": "2023-09-14",
        "name1_language": null,
        "name2_language": null,
        "routehierarchy": "Local Road",
        "geometry_length_m": 52.479,
        "alternatename1_text": null,
        "alternatename2_text": null,
        "capturespecification": "Urban",
        "versionavailabletodate": null,
        "alternatename1_language": null,
        "alternatename2_language": null,
        "roadclassificationnumber": null,
        "versionavailablefromdate": "2023-09-15T00:00:00Z",
        "presenceofpavement_source": "Ordnance Survey",
        "presenceofpavement_sideofroad": "Right",
        "presenceofpavement_updatedate": "2023-09-13",
        "presenceofpavement_evidencedate": "2016-08-12",
        "presenceofpavement_capturemethod": "Automated Process",
        "presenceofpavement_averagewidth_m": 2.83,
        "presenceofpavement_minimumwidth_m": 0.97
      }
    },
    {
      "id": "f01553f8-7f96-4d27-9d90-6214e127f2d0",
      "type": "Feature",
      "geometry": {
        "type": "LineString",
        "coordinates": [
          [
            -1.4703633,
            50.9360978
          ],
          [
            -1.4703596,
            50.9361709
          ],
          [
            -1.4703616,
            50.9362136
          ],
          [
            -1.4703634,
            50.9364053
          ],
          [
            -1.4703474,
            50.9364632
          ]
        ]
      },
      "properties": {
        "osid": "f01553f8-7f96-4d27-9d90-6214e127f2d0",
        "theme": "Transport",
        "changetype": "Modified Attributes",
        "name1_text": null,
        "name2_text": null,
        "roadlinkid": "e3c39a5e-85e4-451f-bce3-9ee5274cf4f3",
        "description": "Pavement",
        "versiondate": "2024-09-06",
        "name1_language": null,
        "name2_language": null,
        "routehierarchy": "Local Road",
        "geometry_length_m": 40.745,
        "alternatename1_text": null,
        "alternatename2_text": null,
        "capturespecification": "Urban",
        "versionavailabletodate": null,
        "alternatename1_language": null,
        "alternatename2_language": null,
        "roadclassificationnumber": null,
        "versionavailablefromdate": "2024-09-07T00:00:00Z",
        "presenceofpavement_source": "Ordnance Survey",
        "presenceofpavement_sideofroad": "Left",
        "presenceofpavement_updatedate": "2024-09-02",
        "presenceofpavement_evidencedate": "2024-07-30",
        "presenceofpavement_capturemethod": "Automated Process",
        "presenceofpavement_averagewidth_m": 1.8,
        "presenceofpavement_minimumwidth_m": 1.15
      }
    },
    {
      "id": "f15898ee-ca09-400f-b838-53776e88991c",
      "type": "Feature",
      "geometry": {
        "type": "LineString",
        "coordinates": [
          [
            -1.4723407,
            50.9396511
          ],
          [
            -1.4723277,
            50.9396526
          ],
          [
            -1.4721338,
            50.9396546
          ],
          [
            -1.4717907,
            50.9396531
          ]
        ]
      },
      "properties": {
        "osid": "f15898ee-ca09-400f-b838-53776e88991c",
        "theme": "Transport",
        "changetype": "New",
        "name1_text": null,
        "name2_text": null,
        "roadlinkid": "e0f05a60-b922-4192-aa8d-0559155f6b37",
        "description": "Pavement",
        "versiondate": "2024-05-01",
        "name1_language": null,
        "name2_language": null,
        "routehierarchy": "Restricted Local Access Road",
        "geometry_length_m": 38.66,
        "alternatename1_text": null,
        "alternatename2_text": null,
        "capturespecification": "Urban",
        "versionavailabletodate": null,
        "alternatename1_language": null,
        "alternatename2_language": null,
        "roadclassificationnumber": null,
        "versionavailablefromdate": "2024-05-02T00:00:00Z",
        "presenceofpavement_source": "Ordnance Survey",
        "presenceofpavement_sideofroad": "Right",
        "presenceofpavement_updatedate": "2024-04-30",
        "presenceofpavement_evidencedate": "2024-04-02",
        "presenceofpavement_capturemethod": "Automated Process",
        "presenceofpavement_averagewidth_m": 1.58,
        "presenceofpavement_minimumwidth_m": 1.12
      }
    },
    {
      "id": "f18b93b7-67bc-41cf-a164-4e362b7e9dfd",
      "type": "Feature",
      "geometry": {
        "type": "LineString",
        "coordinates": [
          [
            -1.4667624,
            50.9370692
          ],
          [
            -1.466697,
            50.9371343
          ],
          [
            -1.466623,
            50.9371896
          ]
        ]
      },
      "properties": {
        "osid": "f18b93b7-67bc-41cf-a164-4e362b7e9dfd",
        "theme": "Transport",
        "changetype": "New",
        "name1_text": "Redbridge Lane",
        "name2_text": null,
        "roadlinkid": "f17650bc-dcae-4db9-b739-985aad991fce",
        "description": "Pavement",
        "versiondate": "2023-11-10",
        "name1_language": null,
        "name2_language": null,
        "routehierarchy": "Local Road",
        "geometry_length_m": 16.624,
        "alternatename1_text": null,
        "alternatename2_text": null,
        "capturespecification": "Urban",
        "versionavailabletodate": null,
        "alternatename1_language": null,
        "alternatename2_language": null,
        "roadclassificationnumber": null,
        "versionavailablefromdate": "2023-11-11T00:00:00Z",
        "presenceofpavement_source": "Ordnance Survey",
        "presenceofpavement_sideofroad": "Right",
        "presenceofpavement_updatedate": "2023-11-07",
        "presenceofpavement_evidencedate": "2018-02-19",
        "presenceofpavement_capturemethod": "Automated Process",
        "presenceofpavement_averagewidth_m": 0.85,
        "presenceofpavement_minimumwidth_m": 0.85
      }
    },
    {
      "id": "f21447b3-6aed-4828-9844-cb0d8ac5e3a0",
      "type": "Feature",
      "geometry": {
        "type": "LineString",
        "coordinates": [
          [
            -1.4676512,
            50.9346022
          ],
          [
            -1.4675738,
            50.9345982
          ],
          [
            -1.4673564,
            50.934587
          ],
          [
            -1.4671888,
            50.9345922
          ]
        ]
      },
      "properties": {
        "osid": "f21447b3-6aed-4828-9844-cb0d8ac5e3a0",
        "theme": "Transport",
        "changetype": "Modified Attributes",
        "name1_text": "Hurst Way",
        "name2_text": null,
        "roadlinkid": "95a7a825-0bff-45f4-9126-e8958a7255a4",
        "description": "Pavement",
        "versiondate": "2025-01-06",
        "name1_language": null,
        "name2_language": null,
        "routehierarchy": "Local Road",
        "geometry_length_m": 32.58,
        "alternatename1_text": null,
        "alternatename2_text": null,
        "capturespecification": "Urban",
        "versionavailabletodate": null,
        "alternatename1_language": null,
        "alternatename2_language": null,
        "roadclassificationnumber": null,
        "versionavailablefromdate": "2025-01-07T00:00:00Z",
        "presenceofpavement_source": "Ordnance Survey",
        "presenceofpavement_sideofroad": "Left",
        "presenceofpavement_updatedate": "2024-12-24",
        "presenceofpavement_evidencedate": "2024-06-20",
        "presenceofpavement_capturemethod": "Automated Process",
        "presenceofpavement_averagewidth_m": 4.69,
        "presenceofpavement_minimumwidth_m": 1
      }
    },
    {
      "id": "f310406a-915a-4e6e-8075-bb7166161fa9",
      "type": "Feature",
      "geometry": {
        "type": "LineString",
        "coordinates": [
          [
            -1.4675348,
            50.9375456
          ],
          [
            -1.4675465,
            50.9375999
          ],
          [
            -1.4675461,
            50.9376451
          ],
          [
            -1.4675316,
            50.9376723
          ],
          [
            -1.467503,
            50.9376998
          ]
        ]
      },
      "properties": {
        "osid": "f310406a-915a-4e6e-8075-bb7166161fa9",
        "theme": "Transport",
        "changetype": "Modified Attributes",
        "name1_text": "Hillyfields",
        "name2_text": null,
        "roadlinkid": "701203ca-2d01-4404-bd37-da3405507802",
        "description": "Pavement",
        "versiondate": "2023-11-10",
        "name1_language": null,
        "name2_language": null,
        "routehierarchy": "Local Road",
        "geometry_length_m": 17.97,
        "alternatename1_text": null,
        "alternatename2_text": null,
        "capturespecification": "Urban",
        "versionavailabletodate": null,
        "alternatename1_language": null,
        "alternatename2_language": null,
        "roadclassificationnumber": null,
        "versionavailablefromdate": "2023-11-11T00:00:00Z",
        "presenceofpavement_source": "Ordnance Survey",
        "presenceofpavement_sideofroad": "Right",
        "presenceofpavement_updatedate": "2023-11-07",
        "presenceofpavement_evidencedate": "2017-02-07",
        "presenceofpavement_capturemethod": "Automated Process",
        "presenceofpavement_averagewidth_m": 1.56,
        "presenceofpavement_minimumwidth_m": 0.94
      }
    },
    {
      "id": "f3d688be-b73a-476d-a086-9cf7e3a41150",
      "type": "Feature",
      "geometry": {
        "type": "LineString",
        "coordinates": [
          [
            -1.4652447,
            50.9349506
          ],
          [
            -1.4655845,
            50.9348845
          ]
        ]
      },
      "properties": {
        "osid": "f3d688be-b73a-476d-a086-9cf7e3a41150",
        "theme": "Transport",
        "changetype": "New",
        "name1_text": "Hurst Way",
        "name2_text": null,
        "roadlinkid": "bc2be9a8-69c6-4ff2-a299-ab5a626cbbbc",
        "description": "Pavement",
        "versiondate": "2024-11-01",
        "name1_language": null,
        "name2_language": null,
        "routehierarchy": "Local Road",
        "geometry_length_m": 24.983,
        "alternatename1_text": null,
        "alternatename2_text": null,
        "capturespecification": "Urban",
        "versionavailabletodate": null,
        "alternatename1_language": null,
        "alternatename2_language": null,
        "roadclassificationnumber": null,
        "versionavailablefromdate": "2024-11-02T00:00:00Z",
        "presenceofpavement_source": "Ordnance Survey",
        "presenceofpavement_sideofroad": "Right",
        "presenceofpavement_updatedate": "2024-10-29",
        "presenceofpavement_evidencedate": "2024-09-26",
        "presenceofpavement_capturemethod": "Automated Process",
        "presenceofpavement_averagewidth_m": 1.78,
        "presenceofpavement_minimumwidth_m": 1.03
      }
    },
    {
      "id": "f3dbca05-0bd8-470f-a672-de6ac9ba3775",
      "type": "Feature",
      "geometry": {
        "type": "LineString",
        "coordinates": [
          [
            -1.4638211,
            50.9341438
          ],
          [
            -1.4638926,
            50.9341234
          ]
        ]
      },
      "properties": {
        "osid": "f3dbca05-0bd8-470f-a672-de6ac9ba3775",
        "theme": "Transport",
        "changetype": "Modified Attributes",
        "name1_text": "Lower Brownhill Road",
        "name2_text": null,
        "roadlinkid": "352ff656-66f2-4df7-b76a-15349fa60ea8",
        "description": "Pavement",
        "versiondate": "2023-11-10",
        "name1_language": null,
        "name2_language": null,
        "routehierarchy": "Local Road",
        "geometry_length_m": 5.516,
        "alternatename1_text": null,
        "alternatename2_text": null,
        "capturespecification": "Urban",
        "versionavailabletodate": null,
        "alternatename1_language": null,
        "alternatename2_language": null,
        "roadclassificationnumber": null,
        "versionavailablefromdate": "2023-11-11T00:00:00Z",
        "presenceofpavement_source": "Ordnance Survey",
        "presenceofpavement_sideofroad": "Left",
        "presenceofpavement_updatedate": "2023-11-07",
        "presenceofpavement_evidencedate": "2022-12-06",
        "presenceofpavement_capturemethod": "Automated Process",
        "presenceofpavement_averagewidth_m": 2.4,
        "presenceofpavement_minimumwidth_m": 1.1
      }
    },
    {
      "id": "f891c3e3-50f9-4263-aad7-cd7f865ce982",
      "type": "Feature",
      "geometry": {
        "type": "LineString",
        "coordinates": [
          [
            -1.4656314,
            50.9393155
          ],
          [
            -1.4656897,
            50.9392477
          ],
          [
            -1.4657089,
            50.9392215
          ]
        ]
      },
      "properties": {
        "osid": "f891c3e3-50f9-4263-aad7-cd7f865ce982",
        "theme": "Transport",
        "changetype": "Modified Attributes",
        "name1_text": "Ganders Mead",
        "name2_text": null,
        "roadlinkid": "81b53ab7-0449-4d95-b04d-548e95b46c62",
        "description": "Pavement",
        "versiondate": "2025-03-05",
        "name1_language": null,
        "name2_language": null,
        "routehierarchy": "Local Road",
        "geometry_length_m": 11.787,
        "alternatename1_text": null,
        "alternatename2_text": null,
        "capturespecification": "Urban",
        "versionavailabletodate": null,
        "alternatename1_language": null,
        "alternatename2_language": null,
        "roadclassificationnumber": null,
        "versionavailablefromdate": "2025-03-06T00:00:00Z",
        "presenceofpavement_source": "Ordnance Survey",
        "presenceofpavement_sideofroad": "Left",
        "presenceofpavement_updatedate": "2025-02-26",
        "presenceofpavement_evidencedate": "2025-02-18",
        "presenceofpavement_capturemethod": "Automated Process",
        "presenceofpavement_averagewidth_m": 1.75,
        "presenceofpavement_minimumwidth_m": 1.75
      }
    },
    {
      "id": "f9ce3fe9-2357-46a7-91ad-402e489d396e",
      "type": "Feature",
      "geometry": {
        "type": "LineString",
        "coordinates": [
          [
            -1.4706493,
            50.9367645
          ],
          [
            -1.4705571,
            50.9367179
          ],
          [
            -1.4704639,
            50.9367023
          ]
        ]
      },
      "properties": {
        "osid": "f9ce3fe9-2357-46a7-91ad-402e489d396e",
        "theme": "Transport",
        "changetype": "Modified Attributes",
        "name1_text": "Adanac Drive",
        "name2_text": null,
        "roadlinkid": "6e68e0e7-89f6-4111-86c1-10df9cadf9ee",
        "description": "Pavement",
        "versiondate": "2024-09-06",
        "name1_language": null,
        "name2_language": null,
        "routehierarchy": "Local Road",
        "geometry_length_m": 15.067,
        "alternatename1_text": null,
        "alternatename2_text": null,
        "capturespecification": "Urban",
        "versionavailabletodate": null,
        "alternatename1_language": null,
        "alternatename2_language": null,
        "roadclassificationnumber": null,
        "versionavailablefromdate": "2024-09-07T00:00:00Z",
        "presenceofpavement_source": "Ordnance Survey",
        "presenceofpavement_sideofroad": "Right",
        "presenceofpavement_updatedate": "2024-09-02",
        "presenceofpavement_evidencedate": "2024-07-30",
        "presenceofpavement_capturemethod": "Automated Process",
        "presenceofpavement_averagewidth_m": 2.02,
        "presenceofpavement_minimumwidth_m": 0.92
      }
    },
    {
      "id": "fc0ccb5a-ee03-4d02-84b2-7fe8da1ed2ad",
      "type": "Feature",
      "geometry": {
        "type": "LineString",
        "coordinates": [
          [
            -1.4636642,
            50.9341886
          ],
          [
            -1.4637439,
            50.9341658
          ]
        ]
      },
      "properties": {
        "osid": "fc0ccb5a-ee03-4d02-84b2-7fe8da1ed2ad",
        "theme": "Transport",
        "changetype": "New",
        "name1_text": "Lower Brownhill Road",
        "name2_text": null,
        "roadlinkid": "bef56844-7c9e-4ecb-8452-ff8d10a1aac9",
        "description": "Pavement",
        "versiondate": "2023-09-14",
        "name1_language": null,
        "name2_language": null,
        "routehierarchy": "Local Road",
        "geometry_length_m": 6.149,
        "alternatename1_text": null,
        "alternatename2_text": null,
        "capturespecification": "Urban",
        "versionavailabletodate": null,
        "alternatename1_language": null,
        "alternatename2_language": null,
        "roadclassificationnumber": null,
        "versionavailablefromdate": "2023-09-15T00:00:00Z",
        "presenceofpavement_source": "Ordnance Survey",
        "presenceofpavement_sideofroad": "Right",
        "presenceofpavement_updatedate": "2023-09-13",
        "presenceofpavement_evidencedate": "2022-12-06",
        "presenceofpavement_capturemethod": "Automated Process",
        "presenceofpavement_averagewidth_m": 2.77,
        "presenceofpavement_minimumwidth_m": 1.22
      }
    },
    {
      "id": "fc27ec79-ccb2-4c58-9e70-0585d4d52ab9",
      "type": "Feature",
      "geometry": {
        "type": "LineString",
        "coordinates": [
          [
            -1.4749224,
            50.9339922
          ],
          [
            -1.4748343,
            50.9340177
          ],
          [
            -1.4747098,
            50.9340679
          ]
        ]
      },
      "properties": {
        "osid": "fc27ec79-ccb2-4c58-9e70-0585d4d52ab9",
        "theme": "Transport",
        "changetype": "New",
        "name1_text": "Brownhill Way",
        "name2_text": null,
        "roadlinkid": "0c6403ae-9101-444a-b8f9-d4a9fc3d4436",
        "description": "Pavement",
        "versiondate": "2023-11-10",
        "name1_language": null,
        "name2_language": null,
        "routehierarchy": "Minor Road",
        "geometry_length_m": 17.187,
        "alternatename1_text": null,
        "alternatename2_text": null,
        "capturespecification": "Rural",
        "versionavailabletodate": null,
        "alternatename1_language": null,
        "alternatename2_language": null,
        "roadclassificationnumber": null,
        "versionavailablefromdate": "2023-11-11T00:00:00Z",
        "presenceofpavement_source": "Ordnance Survey",
        "presenceofpavement_sideofroad": "Right",
        "presenceofpavement_updatedate": "2023-11-07",
        "presenceofpavement_evidencedate": "2017-01-25",
        "presenceofpavement_capturemethod": "Automated Process",
        "presenceofpavement_averagewidth_m": 3,
        "presenceofpavement_minimumwidth_m": 1.09
      }
    },
    {
      "id": "fcf76bd7-5294-450f-98e6-e1cd38306bfa",
      "type": "Feature",
      "geometry": {
        "type": "LineString",
        "coordinates": [
          [
            -1.46614,
            50.9367225
          ],
          [
            -1.4661937,
            50.9367227
          ]
        ]
      },
      "properties": {
        "osid": "fcf76bd7-5294-450f-98e6-e1cd38306bfa",
        "theme": "Transport",
        "changetype": "New",
        "name1_text": "Danebury Way",
        "name2_text": null,
        "roadlinkid": "c32bb9f3-96ce-47d1-bde8-7002ed8412a1",
        "description": "Pavement",
        "versiondate": "2023-09-14",
        "name1_language": null,
        "name2_language": null,
        "routehierarchy": "Local Road",
        "geometry_length_m": 3.772,
        "alternatename1_text": null,
        "alternatename2_text": null,
        "capturespecification": "Urban",
        "versionavailabletodate": null,
        "alternatename1_language": null,
        "alternatename2_language": null,
        "roadclassificationnumber": null,
        "versionavailablefromdate": "2023-09-15T00:00:00Z",
        "presenceofpavement_source": "Ordnance Survey",
        "presenceofpavement_sideofroad": "Right",
        "presenceofpavement_updatedate": "2023-09-13",
        "presenceofpavement_evidencedate": "2006-07-01",
        "presenceofpavement_capturemethod": "Automated Process",
        "presenceofpavement_averagewidth_m": 1.36,
        "presenceofpavement_minimumwidth_m": 1
      }
    },
    {
      "id": "fe03d4ba-9015-47b4-9c67-d5da98889275",
      "type": "Feature",
      "geometry": {
        "type": "LineString",
        "coordinates": [
          [
            -1.4683913,
            50.9368453
          ],
          [
            -1.4683654,
            50.9368452
          ],
          [
            -1.4682372,
            50.9368536
          ],
          [
            -1.4680735,
            50.9368529
          ]
        ]
      },
      "properties": {
        "osid": "fe03d4ba-9015-47b4-9c67-d5da98889275",
        "theme": "Transport",
        "changetype": "Modified Attributes",
        "name1_text": "Hillyfields",
        "name2_text": null,
        "roadlinkid": "1b5916cb-80ce-4d47-9294-5399562d3aad",
        "description": "Pavement",
        "versiondate": "2023-11-10",
        "name1_language": null,
        "name2_language": null,
        "routehierarchy": "Local Road",
        "geometry_length_m": 22.376,
        "alternatename1_text": null,
        "alternatename2_text": null,
        "capturespecification": "Urban",
        "versionavailabletodate": null,
        "alternatename1_language": null,
        "alternatename2_language": null,
        "roadclassificationnumber": null,
        "versionavailablefromdate": "2023-11-11T00:00:00Z",
        "presenceofpavement_source": "Ordnance Survey",
        "presenceofpavement_sideofroad": "Right",
        "presenceofpavement_updatedate": "2023-11-07",
        "presenceofpavement_evidencedate": "2016-08-12",
        "presenceofpavement_capturemethod": "Automated Process",
        "presenceofpavement_averagewidth_m": 1.61,
        "presenceofpavement_minimumwidth_m": 0.98
      }
    },
    {
      "id": "fe584e5e-823a-443a-a780-8f98aac04c88",
      "type": "Feature",
      "geometry": {
        "type": "LineString",
        "coordinates": [
          [
            -1.4648443,
            50.9405814
          ],
          [
            -1.4648723,
            50.9405907
          ],
          [
            -1.4649091,
            50.9405993
          ]
        ]
      },
      "properties": {
        "osid": "fe584e5e-823a-443a-a780-8f98aac04c88",
        "theme": "Transport",
        "changetype": "Modified Attributes",
        "name1_text": "Wades Crescent",
        "name2_text": null,
        "roadlinkid": "e3db46a9-57c5-4cbe-88fb-8c6a1b954a2b",
        "description": "Pavement",
        "versiondate": "2023-11-10",
        "name1_language": null,
        "name2_language": null,
        "routehierarchy": "Local Road",
        "geometry_length_m": 4.98,
        "alternatename1_text": null,
        "alternatename2_text": null,
        "capturespecification": "Urban",
        "versionavailabletodate": null,
        "alternatename1_language": null,
        "alternatename2_language": null,
        "roadclassificationnumber": null,
        "versionavailablefromdate": "2023-11-11T00:00:00Z",
        "presenceofpavement_source": "Ordnance Survey",
        "presenceofpavement_sideofroad": "Right",
        "presenceofpavement_updatedate": "2023-11-07",
        "presenceofpavement_evidencedate": "2020-08-21",
        "presenceofpavement_capturemethod": "Automated Process",
        "presenceofpavement_averagewidth_m": 1.57,
        "presenceofpavement_minimumwidth_m": 1.57
      }
    },
    {
      "id": "fe99a701-1c82-4305-82f5-8e86b3a9c054",
      "type": "Feature",
      "geometry": {
        "type": "LineString",
        "coordinates": [
          [
            -1.4667525,
            50.9355982
          ],
          [
            -1.4669348,
            50.9356252
          ],
          [
            -1.4672349,
            50.9357194
          ],
          [
            -1.4674379,
            50.9357764
          ]
        ]
      },
      "properties": {
        "osid": "fe99a701-1c82-4305-82f5-8e86b3a9c054",
        "theme": "Transport",
        "changetype": "New",
        "name1_text": "Bargain Close",
        "name2_text": null,
        "roadlinkid": "7f28c22b-9381-4a9d-a0fa-40454a333a45",
        "description": "Pavement",
        "versiondate": "2023-09-14",
        "name1_language": null,
        "name2_language": null,
        "routehierarchy": "Local Road",
        "geometry_length_m": 52.313,
        "alternatename1_text": null,
        "alternatename2_text": null,
        "capturespecification": "Urban",
        "versionavailabletodate": null,
        "alternatename1_language": null,
        "alternatename2_language": null,
        "roadclassificationnumber": null,
        "versionavailablefromdate": "2023-09-15T00:00:00Z",
        "presenceofpavement_source": "Ordnance Survey",
        "presenceofpavement_sideofroad": "Left",
        "presenceofpavement_updatedate": "2023-09-13",
        "presenceofpavement_evidencedate": "2018-02-19",
        "presenceofpavement_capturemethod": "Automated Process",
        "presenceofpavement_averagewidth_m": 1.52,
        "presenceofpavement_minimumwidth_m": 1.1
      }
    },
    {
      "id": "ffec6f63-24f6-449a-a373-6ea26638b16f",
      "type": "Feature",
      "geometry": {
        "type": "LineString",
        "coordinates": [
          [
            -1.4670705,
            50.9377684
          ],
          [
            -1.4671946,
            50.9377517
          ]
        ]
      },
      "properties": {
        "osid": "ffec6f63-24f6-449a-a373-6ea26638b16f",
        "theme": "Transport",
        "changetype": "Modified Attributes",
        "name1_text": "Hillyfields",
        "name2_text": null,
        "roadlinkid": "a46298e0-b744-478e-8723-b84de2a9e8a7",
        "description": "Pavement",
        "versiondate": "2024-12-05",
        "name1_language": null,
        "name2_language": null,
        "routehierarchy": "Local Road",
        "geometry_length_m": 8.912,
        "alternatename1_text": null,
        "alternatename2_text": null,
        "capturespecification": "Urban",
        "versionavailabletodate": null,
        "alternatename1_language": null,
        "alternatename2_language": null,
        "roadclassificationnumber": null,
        "versionavailablefromdate": "2024-12-06T00:00:00Z",
        "presenceofpavement_source": "Ordnance Survey",
        "presenceofpavement_sideofroad": "Right",
        "presenceofpavement_updatedate": "2024-12-02",
        "presenceofpavement_evidencedate": "2024-06-20",
        "presenceofpavement_capturemethod": "Automated Process",
        "presenceofpavement_averagewidth_m": 1.69,
        "presenceofpavement_minimumwidth_m": 0.99
      }
    }
  ]
}