{
  "type": "FeatureCollection",
  "features": [
    {
      "id": "092ddbc2-3238-4b1d-8430-cf9e7dab9fe7",
      "type": "Feature",
      "geometry": {
        "type": "LineString",
        "coordinates": [
          [
            -1.4662841,
            50.9381522
          ],
          [
            -1.4663025,
            50.9381247
          ]
        ]
      },
      "properties": {
        "osid": "092ddbc2-3238-4b1d-8430-cf9e7dab9fe7",
        "toid": "osgb4000000080749135",
        "theme": "Transport",
        "endnode": "2d0b789d-825b-46f8-90a1-d53983badbd6",
        "startnode": "bdd05679-4042-48dd-b889-83165c91f405",
        "changetype": "New",
        "description": "Path",
        "matchstatus": "No Match",
        "surfacetype": "Made Sealed",
        "versiondate": "2025-08-19",
        "pathname1_text": null,
        "pathname2_text": null,
        "heightingmethod": "DTM",
        "geometry_length_m": 3.321,
        "endgradeseparation": 0,
        "pathname1_language": null,
        "pathname2_language": null,
        "alternatename1_text": null,
        "alternatename2_text": null,
        "capturespecification": "Urban",
        "startgradeseparation": 0,
        "versionavailabletodate": null,
        "alternatename1_language": null,
        "alternatename2_language": null,
        "versionavailablefromdate": "2025-08-20T00:00:00Z",
        "elevationgain_indirection": 0,
        "presenceofcyclelane_overall_m": 0,
        "elevationgain_againstdirection": 0.1,
        "presenceofcyclelane_updatedate": "2025-07-29",
        "presenceofstreetlight_coverage": "Fully Unlit",
        "presenceofcyclelane_evidencedate": "2025-04-02",
        "presenceofstreetlight_updatedate": "2025-05-30",
        "presenceofcyclelane_capturemethod": "Automated Process",
        "presenceofcyclelane_indirection_m": 0,
        "presenceofstreetlight_evidencedate": "2023-07-16",
        "presenceofstreetlight_capturemethod": "Automated Process",
        "presenceofcyclelane_overallpercentage": 0,
        "presenceofcyclelane_indirectionpercentage": 0,
        "presenceofcyclelane_inoppositedirection_m": 0,
        "presenceofcyclelane_indirectionsegregated_m": 0,
        "presenceofcyclelane_inoppositedirectionpercentage": 0,
        "presenceofcyclelane_inoppositedirectionsegregated_m": 0
      }
    },
    {
      "id": "09fe6f60-542c-4a77-853e-a46fbfdd22e9",
      "type": "Feature",
      "geometry": {
        "type": "LineString",
        "coordinates": [
          [
            -1.4680292,
            50.9359432
          ],
          [
            -1.4681213,
            50.9358699
          ]
        ]
      },
      "properties": {
        "osid": "09fe6f60-542c-4a77-853e-a46fbfdd22e9",
        "toid": "osgb4000000080095591",
        "theme": "Transport",
        "endnode": "9b09d7c4-09d6-45fa-a414-3dc0217ff78f",
        "startnode": "0e183f53-449d-40ff-8a3e-c2a1e4c0a4b0",
        "changetype": "New",
        "description": "Path",
        "matchstatus": "Matched",
        "surfacetype": "Made Sealed",
        "versiondate": "2025-08-19",
        "pathname1_text": "REDBRIDGE LANE",
        "pathname2_text": null,
        "heightingmethod": "DTM",
        "geometry_length_m": 10.403,
        "endgradeseparation": 0,
        "pathname1_language": null,
        "pathname2_language": null,
        "alternatename1_text": null,
        "alternatename2_text": null,
        "capturespecification": "Urban",
        "startgradeseparation": 0,
        "versionavailabletodate": null,
        "alternatename1_language": null,
        "alternatename2_language": null,
        "versionavailablefromdate": "2025-08-20T00:00:00Z",
        "elevationgain_indirection": 0,
        "presenceofcyclelane_overall_m": 0,
        "elevationgain_againstdirection": 0.2,
        "presenceofcyclelane_updatedate": "2025-07-29",
        "presenceofstreetlight_coverage": "Fully Unlit",
        "presenceofcyclelane_evidencedate": "2025-04-02",
        "presenceofstreetlight_updatedate": "2025-05-30",
        "presenceofcyclelane_capturemethod": "Automated Process",
        "presenceofcyclelane_indirection_m": 0,
        "presenceofstreetlight_evidencedate": "2024-12-14",
        "presenceofstreetlight_capturemethod": "Automated Process",
        "presenceofcyclelane_overallpercentage": 0,
        "presenceofcyclelane_indirectionpercentage": 0,
        "presenceofcyclelane_inoppositedirection_m": 0,
        "presenceofcyclelane_indirectionsegregated_m": 0,
        "presenceofcyclelane_inoppositedirectionpercentage": 0,
        "presenceofcyclelane_inoppositedirectionsegregated_m": 0
      }
    },
    {
      "id": "0e86ffce-3eba-475f-a6bd-8885bd126b55",
      "type": "Feature",
      "geometry": {
        "type": "LineString",
        "coordinates": [
          [
            -1.4665351,
            50.9383719
          ],
          [
            -1.4665016,
            50.9384188
          ],
          [
            -1.4662204,
            50.9383518
          ]
        ]
      },
      "properties": {
        "osid": "0e86ffce-3eba-475f-a6bd-8885bd126b55",
        "toid": "osgb4000000080766225",
        "theme": "Transport",
        "endnode": "7acdb8b7-fdc1-40ce-8370-b55636dfa957",
        "startnode": "bb050279-9dc1-4196-a39c-398bb762c681",
        "changetype": "New",
        "description": "Path",
        "matchstatus": "No Match",
        "surfacetype": "Made Sealed",
        "versiondate": "2025-08-19",
        "pathname1_text": null,
        "pathname2_text": null,
        "heightingmethod": "DTM",
        "geometry_length_m": 26.831,
        "endgradeseparation": 0,
        "pathname1_language": null,
        "pathname2_language": null,
        "alternatename1_text": null,
        "alternatename2_text": null,
        "capturespecification": "Urban",
        "startgradeseparation": 0,
        "versionavailabletodate": null,
        "alternatename1_language": null,
        "alternatename2_language": null,
        "versionavailablefromdate": "2025-08-20T00:00:00Z",
        "elevationgain_indirection": 1.1,
        "presenceofcyclelane_overall_m": 0,
        "elevationgain_againstdirection": 0,
        "presenceofcyclelane_updatedate": "2025-07-29",
        "presenceofstreetlight_coverage": "Fully Unlit",
        "presenceofcyclelane_evidencedate": "2025-04-02",
        "presenceofstreetlight_updatedate": "2025-05-30",
        "presenceofcyclelane_capturemethod": "Automated Process",
        "presenceofcyclelane_indirection_m": 0,
        "presenceofstreetlight_evidencedate": "2023-07-16",
        "presenceofstreetlight_capturemethod": "Automated Process",
        "presenceofcyclelane_overallpercentage": 0,
        "presenceofcyclelane_indirectionpercentage": 0,
        "presenceofcyclelane_inoppositedirection_m": 0,
        "presenceofcyclelane_indirectionsegregated_m": 0,
        "presenceofcyclelane_inoppositedirectionpercentage": 0,
        "presenceofcyclelane_inoppositedirectionsegregated_m": 0
      }
    },
    {
      "id": "12d3a3b3-6acc-4224-9575-3f31bf056f17",
      "type": "Feature",
      "geometry": {
        "type": "LineString",
        "coordinates": [
          [
            -1.4637597,
            50.9360929
          ],
          [
            -1.4638204,
            50.9360246
          ],
          [
            -1.4638081,
            50.9360153
          ],
          [
            -1.4636604,
            50.9360601
          ],
          [
            -1.4636573,
            50.936061
          ],
          [
            -1.4636508,
            50.9360541
          ],
          [
            -1.4636473,
            50.9360503
          ],
          [
            -1.4637509,
            50.9359801
          ],
          [
            -1.4637386,
            50.9359707
          ],
          [
            -1.463598,
            50.9360165
          ],
          [
            -1.4635879,
            50.9360057
          ],
          [
            -1.4636802,
            50.9359391
          ],
          [
            -1.4636667,
            50.9359297
          ],
          [
            -1.4635295,
            50.935978
          ],
          [
            -1.4634626,
            50.9360016
          ]
        ]
      },
      "properties": {
        "osid": "12d3a3b3-6acc-4224-9575-3f31bf056f17",
        "toid": "osgb4000000080095433",
        "theme": "Transport",
        "endnode": "08a58675-a874-4503-8ffc-63a499915109",
        "startnode": "298fd4aa-4a53-4b3e-9088-258393e19031",
        "changetype": "New",
        "description": "Path",
        "matchstatus": "No Match",
        "surfacetype": "Made Sealed",
        "versiondate": "2025-08-19",
        "pathname1_text": null,
        "pathname2_text": null,
        "heightingmethod": "DTM",
        "geometry_length_m": 75.397,
        "endgradeseparation": 0,
        "pathname1_language": null,
        "pathname2_language": null,
        "alternatename1_text": null,
        "alternatename2_text": null,
        "capturespecification": "Urban",
        "startgradeseparation": 0,
        "versionavailabletodate": null,
        "alternatename1_language": null,
        "alternatename2_language": null,
        "versionavailablefromdate": "2025-08-20T00:00:00Z",
        "elevationgain_indirection": 0.1,
        "presenceofcyclelane_overall_m": 0,
        "elevationgain_againstdirection": 2.8,
        "presenceofcyclelane_updatedate": "2025-07-29",
        "presenceofstreetlight_coverage": "Fully Unlit",
        "presenceofcyclelane_evidencedate": "2025-04-02",
        "presenceofstreetlight_updatedate": "2025-05-30",
        "presenceofcyclelane_capturemethod": "Automated Process",
        "presenceofcyclelane_indirection_m": 0,
        "presenceofstreetlight_evidencedate": "2024-04-18",
        "presenceofstreetlight_capturemethod": "Automated Process",
        "presenceofcyclelane_overallpercentage": 0,
        "presenceofcyclelane_indirectionpercentage": 0,
        "presenceofcyclelane_inoppositedirection_m": 0,
        "presenceofcyclelane_indirectionsegregated_m": 0,
        "presenceofcyclelane_inoppositedirectionpercentage": 0,
        "presenceofcyclelane_inoppositedirectionsegregated_m": 0
      }
    },
    {
      "id": "18df5ac1-78b4-4d7b-9d52-b1ea43cd7a95",
      "type": "Feature",
      "geometry": {
        "type": "LineString",
        "coordinates": [
          [
            -1.4645178,
            50.9338282
          ],
          [
            -1.4644149,
            50.9337405
          ]
        ]
      },
      "properties": {
        "osid": "18df5ac1-78b4-4d7b-9d52-b1ea43cd7a95",
        "toid": "osgb4000000067168333",
        "theme": "Transport",
        "endnode": "6de1a184-3bfe-41cf-96dd-5128c7dbccc7",
        "startnode": "78e7f5c9-f9b7-4464-b359-649017fc2b51",
        "changetype": "New",
        "description": "Path",
        "matchstatus": "Matched",
        "surfacetype": "Made Sealed",
        "versiondate": "2025-08-19",
        "pathname1_text": null,
        "pathname2_text": null,
        "heightingmethod": "DTM",
        "geometry_length_m": 12.14,
        "endgradeseparation": 0,
        "pathname1_language": null,
        "pathname2_language": null,
        "alternatename1_text": null,
        "alternatename2_text": null,
        "capturespecification": "Urban",
        "startgradeseparation": 0,
        "versionavailabletodate": null,
        "alternatename1_language": null,
        "alternatename2_language": null,
        "versionavailablefromdate": "2025-08-20T00:00:00Z",
        "elevationgain_indirection": 0.1,
        "presenceofcyclelane_overall_m": 0,
        "elevationgain_againstdirection": 0,
        "presenceofcyclelane_updatedate": "2025-07-29",
        "presenceofstreetlight_coverage": "Fully Lit",
        "presenceofcyclelane_evidencedate": "2025-04-02",
        "presenceofstreetlight_updatedate": "2025-08-07",
        "presenceofcyclelane_capturemethod": "Automated Process",
        "presenceofcyclelane_indirection_m": 0,
        "presenceofstreetlight_evidencedate": "2024-06-20",
        "presenceofstreetlight_capturemethod": "Automated Process",
        "presenceofcyclelane_overallpercentage": 0,
        "presenceofcyclelane_indirectionpercentage": 0,
        "presenceofcyclelane_inoppositedirection_m": 0,
        "presenceofcyclelane_indirectionsegregated_m": 0,
        "presenceofcyclelane_inoppositedirectionpercentage": 0,
        "presenceofcyclelane_inoppositedirectionsegregated_m": 0
      }
    },
    {
      "id": "1970680e-4660-4c76-a7eb-461b80392eb9",
      "type": "Feature",
      "geometry": {
        "type": "LineString",
        "coordinates": [
          [
            -1.4637249,
            50.9361043
          ],
          [
            -1.4637289,
            50.936103
          ],
          [
            -1.4637597,
            50.9360929
          ]
        ]
      },
      "properties": {
        "osid": "1970680e-4660-4c76-a7eb-461b80392eb9",
        "toid": "osgb5000005335708595",
        "theme": "Transport",
        "endnode": "298fd4aa-4a53-4b3e-9088-258393e19031",
        "startnode": "e4da02bb-db6d-4f41-8047-f9a65761edfd",
        "changetype": "New",
        "description": "Path",
        "matchstatus": "No Match",
        "surfacetype": "Made Sealed",
        "versiondate": "2025-08-19",
        "pathname1_text": null,
        "pathname2_text": null,
        "heightingmethod": "DTM",
        "geometry_length_m": 2.757,
        "endgradeseparation": 0,
        "pathname1_language": null,
        "pathname2_language": null,
        "alternatename1_text": null,
        "alternatename2_text": null,
        "capturespecification": "Urban",
        "startgradeseparation": 0,
        "versionavailabletodate": null,
        "alternatename1_language": null,
        "alternatename2_language": null,
        "versionavailablefromdate": "2025-08-20T00:00:00Z",
        "elevationgain_indirection": 0.1,
        "presenceofcyclelane_overall_m": 0,
        "elevationgain_againstdirection": 0,
        "presenceofcyclelane_updatedate": "2025-07-29",
        "presenceofstreetlight_coverage": "Fully Unlit",
        "presenceofcyclelane_evidencedate": "2025-04-02",
        "presenceofstreetlight_updatedate": "2025-05-30",
        "presenceofcyclelane_capturemethod": "Automated Process",
        "presenceofcyclelane_indirection_m": 0,
        "presenceofstreetlight_evidencedate": "2024-07-18",
        "presenceofstreetlight_capturemethod": "Automated Process",
        "presenceofcyclelane_overallpercentage": 0,
        "presenceofcyclelane_indirectionpercentage": 0,
        "presenceofcyclelane_inoppositedirection_m": 0,
        "presenceofcyclelane_indirectionsegregated_m": 0,
        "presenceofcyclelane_inoppositedirectionpercentage": 0,
        "presenceofcyclelane_inoppositedirectionsegregated_m": 0
      }
    },
    {
      "id": "1bbdbe1e-1115-4539-a97e-e5aa2a462e7e",
      "type": "Feature",
      "geometry": {
        "type": "LineString",
        "coordinates": [
          [
            -1.4645178,
            50.9338282
          ],
          [
            -1.4643226,
            50.9339171
          ],
          [
            -1.4640132,
            50.9340232
          ],
          [
            -1.4639632,
            50.9340339
          ]
        ]
      },
      "properties": {
        "osid": "1bbdbe1e-1115-4539-a97e-e5aa2a462e7e",
        "toid": "osgb4000000068543131",
        "theme": "Transport",
        "endnode": "32bd1738-7701-4e65-8662-fb8debb1ed10",
        "startnode": "78e7f5c9-f9b7-4464-b359-649017fc2b51",
        "changetype": "New",
        "description": "Path",
        "matchstatus": "Matched",
        "surfacetype": "Made Sealed",
        "versiondate": "2025-08-19",
        "pathname1_text": null,
        "pathname2_text": null,
        "heightingmethod": "DTM",
        "geometry_length_m": 45.357,
        "endgradeseparation": 0,
        "pathname1_language": null,
        "pathname2_language": null,
        "alternatename1_text": null,
        "alternatename2_text": null,
        "capturespecification": "Urban",
        "startgradeseparation": 0,
        "versionavailabletodate": null,
        "alternatename1_language": null,
        "alternatename2_language": null,
        "versionavailablefromdate": "2025-08-20T00:00:00Z",
        "elevationgain_indirection": 0.1,
        "presenceofcyclelane_overall_m": 0,
        "elevationgain_againstdirection": 0,
        "presenceofcyclelane_updatedate": "2025-07-29",
        "presenceofstreetlight_coverage": "Fully Lit",
        "presenceofcyclelane_evidencedate": "2025-04-02",
        "presenceofstreetlight_updatedate": "2025-08-07",
        "presenceofcyclelane_capturemethod": "Automated Process",
        "presenceofcyclelane_indirection_m": 0,
        "presenceofstreetlight_evidencedate": "2024-06-20",
        "presenceofstreetlight_capturemethod": "Automated Process",
        "presenceofcyclelane_overallpercentage": 0,
        "presenceofcyclelane_indirectionpercentage": 0,
        "presenceofcyclelane_inoppositedirection_m": 0,
        "presenceofcyclelane_indirectionsegregated_m": 0,
        "presenceofcyclelane_inoppositedirectionpercentage": 0,
        "presenceofcyclelane_inoppositedirectionsegregated_m": 0
      }
    },
    {
      "id": "1c1f889f-90db-4767-99c1-f0a0537d9be3",
      "type": "Feature",
      "geometry": {
        "type": "LineString",
        "coordinates": [
          [
            -1.4658221,
            50.9408567
          ],
          [
            -1.4657558,
            50.9408616
          ],
          [
            -1.4656884,
            50.9408229
          ]
        ]
      },
      "properties": {
        "osid": "1c1f889f-90db-4767-99c1-f0a0537d9be3",
        "toid": "osgb4000000080095116",
        "theme": "Transport",
        "endnode": "fe20bbe3-72ac-47c5-a125-4d1e04dd0a7f",
        "startnode": "a292de93-258c-4434-83fc-afcccce737ad",
        "changetype": "New",
        "description": "Path",
        "matchstatus": "No Match",
        "surfacetype": "Made Sealed",
        "versiondate": "2025-08-19",
        "pathname1_text": null,
        "pathname2_text": null,
        "heightingmethod": "DTM",
        "geometry_length_m": 11.09,
        "endgradeseparation": 0,
        "pathname1_language": null,
        "pathname2_language": null,
        "alternatename1_text": null,
        "alternatename2_text": null,
        "capturespecification": "Urban",
        "startgradeseparation": 0,
        "versionavailabletodate": null,
        "alternatename1_language": null,
        "alternatename2_language": null,
        "versionavailablefromdate": "2025-08-20T00:00:00Z",
        "elevationgain_indirection": 0.3,
        "presenceofcyclelane_overall_m": 0,
        "elevationgain_againstdirection": 0.1,
        "presenceofcyclelane_updatedate": "2025-07-29",
        "presenceofstreetlight_coverage": "Fully Unlit",
        "presenceofcyclelane_evidencedate": "2025-04-02",
        "presenceofstreetlight_updatedate": "2025-05-30",
        "presenceofcyclelane_capturemethod": "Automated Process",
        "presenceofcyclelane_indirection_m": 0,
        "presenceofstreetlight_evidencedate": "2024-04-18",
        "presenceofstreetlight_capturemethod": "Automated Process",
        "presenceofcyclelane_overallpercentage": 0,
        "presenceofcyclelane_indirectionpercentage": 0,
        "presenceofcyclelane_inoppositedirection_m": 0,
        "presenceofcyclelane_indirectionsegregated_m": 0,
        "presenceofcyclelane_inoppositedirectionpercentage": 0,
        "presenceofcyclelane_inoppositedirectionsegregated_m": 0
      }
    },
    {
      "id": "23810c5e-a7ad-492e-80e0-4a37899a4f77",
      "type": "Feature",
      "geometry": {
        "type": "LineString",
        "coordinates": [
          [
            -1.464328,
            50.9403357
          ],
          [
            -1.4643238,
            50.9403833
          ]
        ]
      },
      "properties": {
        "osid": "23810c5e-a7ad-492e-80e0-4a37899a4f77",
        "toid": "osgb4000000080096662",
        "theme": "Transport",
        "endnode": "584b2e7a-8fa6-4b9d-ba71-596b9641182d",
        "startnode": "a68fb146-8056-4d0c-8b38-1004dd8fcb75",
        "changetype": "New",
        "description": "Path",
        "matchstatus": "No Match",
        "surfacetype": "Made Sealed",
        "versiondate": "2025-08-19",
        "pathname1_text": null,
        "pathname2_text": null,
        "heightingmethod": "DTM",
        "geometry_length_m": 5.3,
        "endgradeseparation": 0,
        "pathname1_language": null,
        "pathname2_language": null,
        "alternatename1_text": null,
        "alternatename2_text": null,
        "capturespecification": "Urban",
        "startgradeseparation": 0,
        "versionavailabletodate": null,
        "alternatename1_language": null,
        "alternatename2_language": null,
        "versionavailablefromdate": "2025-08-20T00:00:00Z",
        "elevationgain_indirection": 0,
        "presenceofcyclelane_overall_m": 0,
        "elevationgain_againstdirection": 0,
        "presenceofcyclelane_updatedate": "2025-07-29",
        "presenceofstreetlight_coverage": "Fully Lit",
        "presenceofcyclelane_evidencedate": "2025-04-02",
        "presenceofstreetlight_updatedate": "2025-08-07",
        "presenceofcyclelane_capturemethod": "Automated Process",
        "presenceofcyclelane_indirection_m": 0,
        "presenceofstreetlight_evidencedate": "2024-06-20",
        "presenceofstreetlight_capturemethod": "Automated Process",
        "presenceofcyclelane_overallpercentage": 0,
        "presenceofcyclelane_indirectionpercentage": 0,
        "presenceofcyclelane_inoppositedirection_m": 0,
        "presenceofcyclelane_indirectionsegregated_m": 0,
        "presenceofcyclelane_inoppositedirectionpercentage": 0,
        "presenceofcyclelane_inoppositedirectionsegregated_m": 0
      }
    },
    {
      "id": "2666e74a-ff54-48a3-b5d5-2209e26232f9",
      "type": "Feature",
      "geometry": {
        "type": "LineString",
        "coordinates": [
          [
            -1.4634626,
            50.9360016
          ],
          [
            -1.4635055,
            50.9359629
          ],
          [
            -1.463539,
            50.9359327
          ],
          [
            -1.4635846,
            50.9359044
          ],
          [
            -1.463596,
            50.9358916
          ],
          [
            -1.4635975,
            50.935863
          ],
          [
            -1.463375,
            50.9358542
          ]
        ]
      },
      "properties": {
        "osid": "2666e74a-ff54-48a3-b5d5-2209e26232f9",
        "toid": "osgb4000000080096557",
        "theme": "Transport",
        "endnode": "7a9e8890-1de0-4ca2-abad-327f6e81ec40",
        "startnode": "08a58675-a874-4503-8ffc-63a499915109",
        "changetype": "New",
        "description": "Path",
        "matchstatus": "No Match",
        "surfacetype": "Made Sealed",
        "versiondate": "2025-08-19",
        "pathname1_text": null,
        "pathname2_text": null,
        "heightingmethod": "DTM",
        "geometry_length_m": 34.318,
        "endgradeseparation": 0,
        "pathname1_language": null,
        "pathname2_language": null,
        "alternatename1_text": null,
        "alternatename2_text": null,
        "capturespecification": "Urban",
        "startgradeseparation": 0,
        "versionavailabletodate": null,
        "alternatename1_language": null,
        "alternatename2_language": null,
        "versionavailablefromdate": "2025-08-20T00:00:00Z",
        "elevationgain_indirection": 0,
        "presenceofcyclelane_overall_m": 0,
        "elevationgain_againstdirection": 1.3,
        "presenceofcyclelane_updatedate": "2025-07-29",
        "presenceofstreetlight_coverage": "Fully Unlit",
        "presenceofcyclelane_evidencedate": "2025-04-02",
        "presenceofstreetlight_updatedate": "2025-05-30",
        "presenceofcyclelane_capturemethod": "Automated Process",
        "presenceofcyclelane_indirection_m": 0,
        "presenceofstreetlight_evidencedate": "2024-04-18",
        "presenceofstreetlight_capturemethod": "Automated Process",
        "presenceofcyclelane_overallpercentage": 0,
        "presenceofcyclelane_indirectionpercentage": 0,
        "presenceofcyclelane_inoppositedirection_m": 0,
        "presenceofcyclelane_indirectionsegregated_m": 0,
        "presenceofcyclelane_inoppositedirectionpercentage": 0,
        "presenceofcyclelane_inoppositedirectionsegregated_m": 0
      }
    },
    {
      "id": "2ab09d7d-d0b2-42a0-9eb1-2536408d95df",
      "type": "Feature",
      "geometry": {
        "type": "LineString",
        "coordinates": [
          [
            -1.4641265,
            50.9338385
          ],
          [
            -1.4639356,
            50.9336845
          ],
          [
            -1.4638824,
            50.9336808
          ],
          [
            -1.463756,
            50.9337388
          ]
        ]
      },
      "properties": {
        "osid": "2ab09d7d-d0b2-42a0-9eb1-2536408d95df",
        "toid": "osgb4000000068543134",
        "theme": "Transport",
        "endnode": "0ad2d08e-12de-42ba-81fa-e684c8f78d02",
        "startnode": "f4390b46-b475-4bf4-aaa4-b5f265397093",
        "changetype": "New",
        "description": "Path",
        "matchstatus": "No Match",
        "surfacetype": "Made Sealed",
        "versiondate": "2025-08-19",
        "pathname1_text": null,
        "pathname2_text": null,
        "heightingmethod": "DTM",
        "geometry_length_m": 36.485,
        "endgradeseparation": 0,
        "pathname1_language": null,
        "pathname2_language": null,
        "alternatename1_text": null,
        "alternatename2_text": null,
        "capturespecification": "Urban",
        "startgradeseparation": 0,
        "versionavailabletodate": null,
        "alternatename1_language": null,
        "alternatename2_language": null,
        "versionavailablefromdate": "2025-08-20T00:00:00Z",
        "elevationgain_indirection": 0,
        "presenceofcyclelane_overall_m": 0,
        "elevationgain_againstdirection": 0,
        "presenceofcyclelane_updatedate": "2025-07-29",
        "presenceofstreetlight_coverage": "Fully Lit",
        "presenceofcyclelane_evidencedate": "2025-04-02",
        "presenceofstreetlight_updatedate": "2025-08-07",
        "presenceofcyclelane_capturemethod": "Automated Process",
        "presenceofcyclelane_indirection_m": 0,
        "presenceofstreetlight_evidencedate": "2024-06-20",
        "presenceofstreetlight_capturemethod": "Automated Process",
        "presenceofcyclelane_overallpercentage": 0,
        "presenceofcyclelane_indirectionpercentage": 0,
        "presenceofcyclelane_inoppositedirection_m": 0,
        "presenceofcyclelane_indirectionsegregated_m": 0,
        "presenceofcyclelane_inoppositedirectionpercentage": 0,
        "presenceofcyclelane_inoppositedirectionsegregated_m": 0
      }
    },
    {
      "id": "2c3f6a21-6cb3-4868-8072-18ef6be9e9e5",
      "type": "Feature",
      "geometry": {
        "type": "LineString",
        "coordinates": [
          [
            -1.4644756,
            50.9393874
          ],
          [
            -1.464449,
            50.9394075
          ],
          [
            -1.4643828,
            50.9394393
          ],
          [
            -1.4643211,
            50.9394812
          ],
          [
            -1.4642441,
            50.9395416
          ],
          [
            -1.4641841,
            50.9396014
          ],
          [
            -1.4641383,
            50.9396535
          ],
          [
            -1.4641068,
            50.939692
          ],
          [
            -1.4640667,
            50.9397424
          ],
          [
            -1.4640172,
            50.9397909
          ],
          [
            -1.4638498,
            50.9399371
          ],
          [
            -1.4637936,
            50.9399927
          ],
          [
            -1.4637431,
            50.9400466
          ],
          [
            -1.4636954,
            50.9401059
          ]
        ]
      },
      "properties": {
        "osid": "2c3f6a21-6cb3-4868-8072-18ef6be9e9e5",
        "toid": "osgb4000000080095933",
        "theme": "Transport",
        "endnode": "81209314-80a6-475a-957e-65739a6a173e",
        "startnode": "234d5f66-a2c6-4e61-8da6-022c41243796",
        "changetype": "New",
        "description": "Path",
        "matchstatus": "No Match",
        "surfacetype": "Made Sealed",
        "versiondate": "2025-08-19",
        "pathname1_text": null,
        "pathname2_text": null,
        "heightingmethod": "DTM",
        "geometry_length_m": 97.528,
        "endgradeseparation": 0,
        "pathname1_language": null,
        "pathname2_language": null,
        "alternatename1_text": null,
        "alternatename2_text": null,
        "capturespecification": "Urban",
        "startgradeseparation": 0,
        "versionavailabletodate": null,
        "alternatename1_language": null,
        "alternatename2_language": null,
        "versionavailablefromdate": "2025-08-20T00:00:00Z",
        "elevationgain_indirection": 0.5,
        "presenceofcyclelane_overall_m": 0,
        "elevationgain_againstdirection": 0.2,
        "presenceofcyclelane_updatedate": "2025-07-29",
        "presenceofstreetlight_coverage": "Fully Unlit",
        "presenceofcyclelane_evidencedate": "2025-04-02",
        "presenceofstreetlight_updatedate": "2025-05-30",
        "presenceofcyclelane_capturemethod": "Automated Process",
        "presenceofcyclelane_indirection_m": 0,
        "presenceofstreetlight_evidencedate": "2023-07-16",
        "presenceofstreetlight_capturemethod": "Automated Process",
        "presenceofcyclelane_overallpercentage": 0,
        "presenceofcyclelane_indirectionpercentage": 0,
        "presenceofcyclelane_inoppositedirection_m": 0,
        "presenceofcyclelane_indirectionsegregated_m": 0,
        "presenceofcyclelane_inoppositedirectionpercentage": 0,
        "presenceofcyclelane_inoppositedirectionsegregated_m": 0
      }
    },
    {
      "id": "3a56d257-ed57-4f7b-990a-925fd8251ac9",
      "type": "Feature",
      "geometry": {
        "type": "LineString",
        "coordinates": [
          [
            -1.4660851,
            50.9376116
          ],
          [
            -1.4660703,
            50.937658
          ],
          [
            -1.4658037,
            50.9377851
          ],
          [
            -1.4656379,
            50.9379328
          ]
        ]
      },
      "properties": {
        "osid": "3a56d257-ed57-4f7b-990a-925fd8251ac9",
        "toid": "osgb4000000067161117",
        "theme": "Transport",
        "endnode": "a6d2fa01-85eb-467a-90d1-8e956fa25fcc",
        "startnode": "ebd627e4-eed7-4aa9-b2e8-6fd22d66477d",
        "changetype": "New",
        "description": "Path",
        "matchstatus": "No Match",
        "surfacetype": "Made Sealed",
        "versiondate": "2025-08-19",
        "pathname1_text": null,
        "pathname2_text": null,
        "heightingmethod": "DTM",
        "geometry_length_m": 48.862,
        "endgradeseparation": 0,
        "pathname1_language": null,
        "pathname2_language": null,
        "alternatename1_text": null,
        "alternatename2_text": null,
        "capturespecification": "Urban",
        "startgradeseparation": 0,
        "versionavailabletodate": null,
        "alternatename1_language": null,
        "alternatename2_language": null,
        "versionavailablefromdate": "2025-08-20T00:00:00Z",
        "elevationgain_indirection": 2,
        "presenceofcyclelane_overall_m": 0,
        "elevationgain_againstdirection": 0,
        "presenceofcyclelane_updatedate": "2025-07-29",
        "presenceofstreetlight_coverage": "Fully Unlit",
        "presenceofcyclelane_evidencedate": "2025-04-02",
        "presenceofstreetlight_updatedate": "2025-05-30",
        "presenceofcyclelane_capturemethod": "Automated Process",
        "presenceofcyclelane_indirection_m": 0,
        "presenceofstreetlight_evidencedate": "2023-07-16",
        "presenceofstreetlight_capturemethod": "Automated Process",
        "presenceofcyclelane_overallpercentage": 0,
        "presenceofcyclelane_indirectionpercentage": 0,
        "presenceofcyclelane_inoppositedirection_m": 0,
        "presenceofcyclelane_indirectionsegregated_m": 0,
        "presenceofcyclelane_inoppositedirectionpercentage": 0,
        "presenceofcyclelane_inoppositedirectionsegregated_m": 0
      }
    },
    {
      "id": "3a833345-8ba3-4525-bff4-f8456fafaa84",
      "type": "Feature",
      "geometry": {
        "type": "LineString",
        "coordinates": [
          [
            -1.4662841,
            50.9377783
          ],
          [
            -1.4659362,
            50.9379383
          ]
        ]
      },
      "properties": {
        "osid": "3a833345-8ba3-4525-bff4-f8456fafaa84",
        "toid": "osgb4000000067162114",
        "theme": "Transport",
        "endnode": "6f93abe2-8c25-45aa-8746-d4b6ddf64fc5",
        "startnode": "384c2208-b695-43da-8bf7-0e127c356c2f",
        "changetype": "New",
        "description": "Path",
        "matchstatus": "No Match",
        "surfacetype": "Made Sealed",
        "versiondate": "2025-08-19",
        "pathname1_text": null,
        "pathname2_text": null,
        "heightingmethod": "DTM",
        "geometry_length_m": 30.242,
        "endgradeseparation": 0,
        "pathname1_language": null,
        "pathname2_language": null,
        "alternatename1_text": null,
        "alternatename2_text": null,
        "capturespecification": "Urban",
        "startgradeseparation": 0,
        "versionavailabletodate": null,
        "alternatename1_language": null,
        "alternatename2_language": null,
        "versionavailablefromdate": "2025-08-20T00:00:00Z",
        "elevationgain_indirection": 1.3,
        "presenceofcyclelane_overall_m": 0,
        "elevationgain_againstdirection": 0,
        "presenceofcyclelane_updatedate": "2025-07-29",
        "presenceofstreetlight_coverage": "Fully Unlit",
        "presenceofcyclelane_evidencedate": "2025-04-02",
        "presenceofstreetlight_updatedate": "2025-05-30",
        "presenceofcyclelane_capturemethod": "Automated Process",
        "presenceofcyclelane_indirection_m": 0,
        "presenceofstreetlight_evidencedate": "2023-07-16",
        "presenceofstreetlight_capturemethod": "Automated Process",
        "presenceofcyclelane_overallpercentage": 0,
        "presenceofcyclelane_indirectionpercentage": 0,
        "presenceofcyclelane_inoppositedirection_m": 0,
        "presenceofcyclelane_indirectionsegregated_m": 0,
        "presenceofcyclelane_inoppositedirectionpercentage": 0,
        "presenceofcyclelane_inoppositedirectionsegregated_m": 0
      }
    },
    {
      "id": "3f8fe5b9-2906-412e-b57b-bf534c699a87",
      "type": "Feature",
      "geometry": {
        "type": "LineString",
        "coordinates": [
          [
            -1.464157,
            50.9338626
          ],
          [
            -1.4640995,
            50.9338932
          ]
        ]
      },
      "properties": {
        "osid": "3f8fe5b9-2906-412e-b57b-bf534c699a87",
        "toid": "osgb4000000068543149",
        "theme": "Transport",
        "endnode": "5c55861a-5477-4308-94a8-a946985a01dd",
        "startnode": "63b00315-0084-489c-b678-fb439c2c48a9",
        "changetype": "New",
        "description": "Path",
        "matchstatus": "Matched",
        "surfacetype": "Made Sealed",
        "versiondate": "2025-08-19",
        "pathname1_text": null,
        "pathname2_text": null,
        "heightingmethod": "DTM",
        "geometry_length_m": 5.273,
        "endgradeseparation": 0,
        "pathname1_language": null,
        "pathname2_language": null,
        "alternatename1_text": null,
        "alternatename2_text": null,
        "capturespecification": "Urban",
        "startgradeseparation": 0,
        "versionavailabletodate": null,
        "alternatename1_language": null,
        "alternatename2_language": null,
        "versionavailablefromdate": "2025-08-20T00:00:00Z",
        "elevationgain_indirection": 0,
        "presenceofcyclelane_overall_m": 0,
        "elevationgain_againstdirection": 0,
        "presenceofcyclelane_updatedate": "2025-07-29",
        "presenceofstreetlight_coverage": "Fully Lit",
        "presenceofcyclelane_evidencedate": "2025-04-02",
        "presenceofstreetlight_updatedate": "2025-08-07",
        "presenceofcyclelane_capturemethod": "Automated Process",
        "presenceofcyclelane_indirection_m": 0,
        "presenceofstreetlight_evidencedate": "2024-06-20",
        "presenceofstreetlight_capturemethod": "Automated Process",
        "presenceofcyclelane_overallpercentage": 0,
        "presenceofcyclelane_indirectionpercentage": 0,
        "presenceofcyclelane_inoppositedirection_m": 0,
        "presenceofcyclelane_indirectionsegregated_m": 0,
        "presenceofcyclelane_inoppositedirectionpercentage": 0,
        "presenceofcyclelane_inoppositedirectionsegregated_m": 0
      }
    },
    {
      "id": "426570c1-d188-4e74-ac3c-b8f4d14e6071",
      "type": "Feature",
      "geometry": {
        "type": "LineString",
        "coordinates": [
          [
            -1.4679473,
            50.9359091
          ],
          [
            -1.4678546,
            50.9358704
          ],
          [
            -1.4677036,
            50.9358449
          ],
          [
            -1.4676365,
            50.9358281
          ]
        ]
      },
      "properties": {
        "osid": "426570c1-d188-4e74-ac3c-b8f4d14e6071",
        "toid": "osgb4000000072927551",
        "theme": "Transport",
        "endnode": "3fdeb4b3-4b5f-4e41-9f75-b0db2b260dac",
        "startnode": "09db3839-2e88-45f7-9d32-e3ffeefeeb32",
        "changetype": "New",
        "description": "Path",
        "matchstatus": "No Match",
        "surfacetype": "Made Unsealed",
        "versiondate": "2025-08-19",
        "pathname1_text": null,
        "pathname2_text": null,
        "heightingmethod": "DTM",
        "geometry_length_m": 23.862,
        "endgradeseparation": 0,
        "pathname1_language": null,
        "pathname2_language": null,
        "alternatename1_text": null,
        "alternatename2_text": null,
        "capturespecification": "Urban",
        "startgradeseparation": 0,
        "versionavailabletodate": null,
        "alternatename1_language": null,
        "alternatename2_language": null,
        "versionavailablefromdate": "2025-08-20T00:00:00Z",
        "elevationgain_indirection": 0.3,
        "presenceofcyclelane_overall_m": 0,
        "elevationgain_againstdirection": 0,
        "presenceofcyclelane_updatedate": "2025-07-29",
        "presenceofstreetlight_coverage": "Fully Unlit",
        "presenceofcyclelane_evidencedate": "2025-04-02",
        "presenceofstreetlight_updatedate": "2025-05-30",
        "presenceofcyclelane_capturemethod": "Automated Process",
        "presenceofcyclelane_indirection_m": 0,
        "presenceofstreetlight_evidencedate": "2023-07-16",
        "presenceofstreetlight_capturemethod": "Automated Process",
        "presenceofcyclelane_overallpercentage": 0,
        "presenceofcyclelane_indirectionpercentage": 0,
        "presenceofcyclelane_inoppositedirection_m": 0,
        "presenceofcyclelane_indirectionsegregated_m": 0,
        "presenceofcyclelane_inoppositedirectionpercentage": 0,
        "presenceofcyclelane_inoppositedirectionsegregated_m": 0
      }
    },
    {
      "id": "4329364e-28ac-4016-850e-e7cf5a1f09b1",
      "type": "Feature",
      "geometry": {
        "type": "LineString",
        "coordinates": [
          [
            -1.4634696,
            50.9341537
          ],
          [
            -1.463474,
            50.9341462
          ],
          [
            -1.4636329,
            50.9338614
          ]
        ]
      },
      "properties": {
        "osid": "4329364e-28ac-4016-850e-e7cf5a1f09b1",
        "toid": "osgb4000000067163660",
        "theme": "Transport",
        "endnode": "62756344-d965-4def-ad9b-b716304c0863",
        "startnode": "ab819b5d-0903-4c7a-a61a-64174fe65505",
        "changetype": "New",
        "description": "Path",
        "matchstatus": "Matched",
        "surfacetype": "Made Sealed",
        "versiondate": "2025-08-19",
        "pathname1_text": null,
        "pathname2_text": null,
        "heightingmethod": "DTM",
        "geometry_length_m": 34.467,
        "endgradeseparation": 0,
        "pathname1_language": null,
        "pathname2_language": null,
        "alternatename1_text": null,
        "alternatename2_text": null,
        "capturespecification": "Urban",
        "startgradeseparation": 0,
        "versionavailabletodate": null,
        "alternatename1_language": null,
        "alternatename2_language": null,
        "versionavailablefromdate": "2025-08-20T00:00:00Z",
        "elevationgain_indirection": 0,
        "presenceofcyclelane_overall_m": 0,
        "elevationgain_againstdirection": 0.2,
        "presenceofcyclelane_updatedate": "2025-07-29",
        "presenceofstreetlight_coverage": "Mostly Unlit",
        "presenceofcyclelane_evidencedate": "2025-04-02",
        "presenceofstreetlight_updatedate": "2025-08-07",
        "presenceofcyclelane_capturemethod": "Automated Process",
        "presenceofcyclelane_indirection_m": 0,
        "presenceofstreetlight_evidencedate": "2024-06-20",
        "presenceofstreetlight_capturemethod": "Automated Process",
        "presenceofcyclelane_overallpercentage": 0,
        "presenceofcyclelane_indirectionpercentage": 0,
        "presenceofcyclelane_inoppositedirection_m": 0,
        "presenceofcyclelane_indirectionsegregated_m": 0,
        "presenceofcyclelane_inoppositedirectionpercentage": 0,
        "presenceofcyclelane_inoppositedirectionsegregated_m": 0
      }
    },
    {
      "id": "44cbcc35-38d8-43b6-b473-1ff4b8e7aa1d",
      "type": "Feature",
      "geometry": {
        "type": "LineString",
        "coordinates": [
          [
            -1.4660851,
            50.9376116
          ],
          [
            -1.4661158,
            50.9376339
          ],
          [
            -1.4662554,
            50.9377511
          ],
          [
            -1.4662841,
            50.9377783
          ]
        ]
      },
      "properties": {
        "osid": "44cbcc35-38d8-43b6-b473-1ff4b8e7aa1d",
        "toid": "osgb4000000080816601",
        "theme": "Transport",
        "endnode": "384c2208-b695-43da-8bf7-0e127c356c2f",
        "startnode": "ebd627e4-eed7-4aa9-b2e8-6fd22d66477d",
        "changetype": "New",
        "description": "Path",
        "matchstatus": "No Match",
        "surfacetype": "Made Sealed",
        "versiondate": "2025-08-19",
        "pathname1_text": null,
        "pathname2_text": null,
        "heightingmethod": "DTM",
        "geometry_length_m": 23.232,
        "endgradeseparation": 0,
        "pathname1_language": null,
        "pathname2_language": null,
        "alternatename1_text": null,
        "alternatename2_text": null,
        "capturespecification": "Urban",
        "startgradeseparation": 0,
        "versionavailabletodate": null,
        "alternatename1_language": null,
        "alternatename2_language": null,
        "versionavailablefromdate": "2025-08-20T00:00:00Z",
        "elevationgain_indirection": 1.1,
        "presenceofcyclelane_overall_m": 0,
        "elevationgain_againstdirection": 0,
        "presenceofcyclelane_updatedate": "2025-07-29",
        "presenceofstreetlight_coverage": "Fully Unlit",
        "presenceofcyclelane_evidencedate": "2025-04-02",
        "presenceofstreetlight_updatedate": "2025-05-30",
        "presenceofcyclelane_capturemethod": "Automated Process",
        "presenceofcyclelane_indirection_m": 0,
        "presenceofstreetlight_evidencedate": "2023-07-16",
        "presenceofstreetlight_capturemethod": "Automated Process",
        "presenceofcyclelane_overallpercentage": 0,
        "presenceofcyclelane_indirectionpercentage": 0,
        "presenceofcyclelane_inoppositedirection_m": 0,
        "presenceofcyclelane_indirectionsegregated_m": 0,
        "presenceofcyclelane_inoppositedirectionpercentage": 0,
        "presenceofcyclelane_inoppositedirectionsegregated_m": 0
      }
    },
    {
      "id": "49797407-3dd3-4307-8783-f1303a379b13",
      "type": "Feature",
      "geometry": {
        "type": "LineString",
        "coordinates": [
          [
            -1.4656379,
            50.9379328
          ],
          [
            -1.465654,
            50.9379369
          ],
          [
            -1.4658315,
            50.9379762
          ],
          [
            -1.4665561,
            50.9381367
          ],
          [
            -1.4670817,
            50.9382525
          ],
          [
            -1.4673245,
            50.9383067
          ],
          [
            -1.4675309,
            50.9383521
          ]
        ]
      },
      "properties": {
        "osid": "49797407-3dd3-4307-8783-f1303a379b13",
        "toid": "osgb4000000080749127",
        "theme": "Transport",
        "endnode": "55259110-cd12-4445-bed3-64f49e9d7d15",
        "startnode": "a6d2fa01-85eb-467a-90d1-8e956fa25fcc",
        "changetype": "New",
        "description": "Path",
        "matchstatus": "No Match",
        "surfacetype": "Unmade",
        "versiondate": "2025-08-19",
        "pathname1_text": null,
        "pathname2_text": null,
        "heightingmethod": "DTM",
        "geometry_length_m": 140.951,
        "endgradeseparation": 0,
        "pathname1_language": null,
        "pathname2_language": null,
        "alternatename1_text": null,
        "alternatename2_text": null,
        "capturespecification": "Urban",
        "startgradeseparation": 0,
        "versionavailabletodate": null,
        "alternatename1_language": null,
        "alternatename2_language": null,
        "versionavailablefromdate": "2025-08-20T00:00:00Z",
        "elevationgain_indirection": 0.8,
        "presenceofcyclelane_overall_m": 0,
        "elevationgain_againstdirection": 5,
        "presenceofcyclelane_updatedate": "2025-07-29",
        "presenceofstreetlight_coverage": "Fully Unlit",
        "presenceofcyclelane_evidencedate": "2025-04-02",
        "presenceofstreetlight_updatedate": "2025-05-30",
        "presenceofcyclelane_capturemethod": "Automated Process",
        "presenceofcyclelane_indirection_m": 0,
        "presenceofstreetlight_evidencedate": "2023-07-16",
        "presenceofstreetlight_capturemethod": "Automated Process",
        "presenceofcyclelane_overallpercentage": 0,
        "presenceofcyclelane_indirectionpercentage": 0,
        "presenceofcyclelane_inoppositedirection_m": 0,
        "presenceofcyclelane_indirectionsegregated_m": 0,
        "presenceofcyclelane_inoppositedirectionpercentage": 0,
        "presenceofcyclelane_inoppositedirectionsegregated_m": 0
      }
    },
    {
      "id": "4c8bbbac-277c-43e1-8359-0f7fd838b9d4",
      "type": "Feature",
      "geometry": {
        "type": "LineString",
        "coordinates": [
          [
            -1.4634696,
            50.9341537
          ],
          [
            -1.4637713,
            50.9340829
          ]
        ]
      },
      "properties": {
        "osid": "4c8bbbac-277c-43e1-8359-0f7fd838b9d4",
        "toid": "osgb4000000067162269",
        "theme": "Transport",
        "endnode": "9cc18c13-ace0-4040-9051-4fbfe1a90c79",
        "startnode": "ab819b5d-0903-4c7a-a61a-64174fe65505",
        "changetype": "New",
        "description": "Path",
        "matchstatus": "Matched",
        "surfacetype": "Made Sealed",
        "versiondate": "2025-08-19",
        "pathname1_text": null,
        "pathname2_text": null,
        "heightingmethod": "DTM",
        "geometry_length_m": 22.611,
        "endgradeseparation": 0,
        "pathname1_language": null,
        "pathname2_language": null,
        "alternatename1_text": null,
        "alternatename2_text": null,
        "capturespecification": "Urban",
        "startgradeseparation": 0,
        "versionavailabletodate": null,
        "alternatename1_language": null,
        "alternatename2_language": null,
        "versionavailablefromdate": "2025-08-20T00:00:00Z",
        "elevationgain_indirection": 0,
        "presenceofcyclelane_overall_m": 0,
        "elevationgain_againstdirection": 0.2,
        "presenceofcyclelane_updatedate": "2025-07-29",
        "presenceofstreetlight_coverage": "Fully Lit",
        "presenceofcyclelane_evidencedate": "2025-04-02",
        "presenceofstreetlight_updatedate": "2025-08-07",
        "presenceofcyclelane_capturemethod": "Automated Process",
        "presenceofcyclelane_indirection_m": 0,
        "presenceofstreetlight_evidencedate": "2024-06-20",
        "presenceofstreetlight_capturemethod": "Automated Process",
        "presenceofcyclelane_overallpercentage": 0,
        "presenceofcyclelane_indirectionpercentage": 0,
        "presenceofcyclelane_inoppositedirection_m": 0,
        "presenceofcyclelane_indirectionsegregated_m": 0,
        "presenceofcyclelane_inoppositedirectionpercentage": 0,
        "presenceofcyclelane_inoppositedirectionsegregated_m": 0
      }
    },
    {
      "id": "4f206b3d-bf58-49fd-92e8-e7aa579e1efc",
      "type": "Feature",
      "geometry": {
        "type": "LineString",
        "coordinates": [
          [
            -1.4661042,
            50.937555
          ],
          [
            -1.4660851,
            50.9376116
          ]
        ]
      },
      "properties": {
        "osid": "4f206b3d-bf58-49fd-92e8-e7aa579e1efc",
        "toid": "osgb4000000067160609",
        "theme": "Transport",
        "endnode": "ebd627e4-eed7-4aa9-b2e8-6fd22d66477d",
        "startnode": "9af9cfa9-6de2-4951-9f9b-71428f8db490",
        "changetype": "New",
        "description": "Path",
        "matchstatus": "No Match",
        "surfacetype": "Made Sealed",
        "versiondate": "2025-08-19",
        "pathname1_text": null,
        "pathname2_text": null,
        "heightingmethod": "DTM",
        "geometry_length_m": 6.437,
        "endgradeseparation": 0,
        "pathname1_language": null,
        "pathname2_language": null,
        "alternatename1_text": null,
        "alternatename2_text": null,
        "capturespecification": "Urban",
        "startgradeseparation": 0,
        "versionavailabletodate": null,
        "alternatename1_language": null,
        "alternatename2_language": null,
        "versionavailablefromdate": "2025-08-20T00:00:00Z",
        "elevationgain_indirection": 0.6,
        "presenceofcyclelane_overall_m": 0,
        "elevationgain_againstdirection": 0,
        "presenceofcyclelane_updatedate": "2025-07-29",
        "presenceofstreetlight_coverage": "Fully Unlit",
        "presenceofcyclelane_evidencedate": "2025-04-02",
        "presenceofstreetlight_updatedate": "2025-05-30",
        "presenceofcyclelane_capturemethod": "Automated Process",
        "presenceofcyclelane_indirection_m": 0,
        "presenceofstreetlight_evidencedate": "2021-04-21",
        "presenceofstreetlight_capturemethod": "Automated Process",
        "presenceofcyclelane_overallpercentage": 0,
        "presenceofcyclelane_indirectionpercentage": 0,
        "presenceofcyclelane_inoppositedirection_m": 0,
        "presenceofcyclelane_indirectionsegregated_m": 0,
        "presenceofcyclelane_inoppositedirectionpercentage": 0,
        "presenceofcyclelane_inoppositedirectionsegregated_m": 0
      }
    },
    {
      "id": "4feef94c-3e46-4755-b9eb-3d15ab17608f",
      "type": "Feature",
      "geometry": {
        "type": "LineString",
        "coordinates": [
          [
            -1.4681213,
            50.9358699
          ],
          [
            -1.4687082,
            50.9354342
          ]
        ]
      },
      "properties": {
        "osid": "4feef94c-3e46-4755-b9eb-3d15ab17608f",
        "toid": "osgb4000000068543124",
        "theme": "Transport",
        "endnode": "610599ea-1d0d-4458-a83a-7ce123e42d2a",
        "startnode": "9b09d7c4-09d6-45fa-a414-3dc0217ff78f",
        "changetype": "New",
        "description": "Path",
        "matchstatus": "Matched",
        "surfacetype": "Made Sealed",
        "versiondate": "2025-08-19",
        "pathname1_text": "REDBRIDGE LANE",
        "pathname2_text": null,
        "heightingmethod": "DTM",
        "geometry_length_m": 63.627,
        "endgradeseparation": 0,
        "pathname1_language": null,
        "pathname2_language": null,
        "alternatename1_text": null,
        "alternatename2_text": null,
        "capturespecification": "Urban",
        "startgradeseparation": 0,
        "versionavailabletodate": null,
        "alternatename1_language": null,
        "alternatename2_language": null,
        "versionavailablefromdate": "2025-08-20T00:00:00Z",
        "elevationgain_indirection": 0,
        "presenceofcyclelane_overall_m": 0,
        "elevationgain_againstdirection": 0.1,
        "presenceofcyclelane_updatedate": "2025-07-29",
        "presenceofstreetlight_coverage": "Mostly Unlit",
        "presenceofcyclelane_evidencedate": "2025-04-02",
        "presenceofstreetlight_updatedate": "2025-08-07",
        "presenceofcyclelane_capturemethod": "Automated Process",
        "presenceofcyclelane_indirection_m": 0,
        "presenceofstreetlight_evidencedate": "2024-12-14",
        "presenceofstreetlight_capturemethod": "Automated Process",
        "presenceofcyclelane_overallpercentage": 0,
        "presenceofcyclelane_indirectionpercentage": 0,
        "presenceofcyclelane_inoppositedirection_m": 0,
        "presenceofcyclelane_indirectionsegregated_m": 0,
        "presenceofcyclelane_inoppositedirectionpercentage": 0,
        "presenceofcyclelane_inoppositedirectionsegregated_m": 0
      }
    },
    {
      "id": "54c64f11-25e8-4b69-990e-d81708f2c7aa",
      "type": "Feature",
      "geometry": {
        "type": "LineString",
        "coordinates": [
          [
            -1.46496,
            50.9399073
          ],
          [
            -1.4649246,
            50.9399489
          ],
          [
            -1.4647798,
            50.9401029
          ],
          [
            -1.4647092,
            50.9400816
          ]
        ]
      },
      "properties": {
        "osid": "54c64f11-25e8-4b69-990e-d81708f2c7aa",
        "toid": "osgb4000000080095210",
        "theme": "Transport",
        "endnode": "81a0d7ab-76d7-4184-83f6-0fed78c7fa99",
        "startnode": "1f396126-4fbe-4e33-b8c3-e54c26999181",
        "changetype": "New",
        "description": "Path",
        "matchstatus": "No Match",
        "surfacetype": "Made Sealed",
        "versiondate": "2025-08-19",
        "pathname1_text": null,
        "pathname2_text": null,
        "heightingmethod": "DTM",
        "geometry_length_m": 30.665,
        "endgradeseparation": 0,
        "pathname1_language": null,
        "pathname2_language": null,
        "alternatename1_text": null,
        "alternatename2_text": null,
        "capturespecification": "Urban",
        "startgradeseparation": 0,
        "versionavailabletodate": null,
        "alternatename1_language": null,
        "alternatename2_language": null,
        "versionavailablefromdate": "2025-08-20T00:00:00Z",
        "elevationgain_indirection": 0.1,
        "presenceofcyclelane_overall_m": 0,
        "elevationgain_againstdirection": 0,
        "presenceofcyclelane_updatedate": "2025-07-29",
        "presenceofstreetlight_coverage": "Fully Unlit",
        "presenceofcyclelane_evidencedate": "2025-04-02",
        "presenceofstreetlight_updatedate": "2025-05-30",
        "presenceofcyclelane_capturemethod": "Automated Process",
        "presenceofcyclelane_indirection_m": 0,
        "presenceofstreetlight_evidencedate": "2023-07-16",
        "presenceofstreetlight_capturemethod": "Automated Process",
        "presenceofcyclelane_overallpercentage": 0,
        "presenceofcyclelane_indirectionpercentage": 0,
        "presenceofcyclelane_inoppositedirection_m": 0,
        "presenceofcyclelane_indirectionsegregated_m": 0,
        "presenceofcyclelane_inoppositedirectionpercentage": 0,
        "presenceofcyclelane_inoppositedirectionsegregated_m": 0
      }
    },
    {
      "id": "5673ce4b-d3f7-422b-9e5f-d47c84358f45",
      "type": "Feature",
      "geometry": {
        "type": "LineString",
        "coordinates": [
          [
            -1.4667686,
            50.9369124
          ],
          [
            -1.46698,
            50.9366771
          ]
        ]
      },
      "properties": {
        "osid": "5673ce4b-d3f7-422b-9e5f-d47c84358f45",
        "toid": "osgb4000000072927560",
        "theme": "Transport",
        "endnode": "69e9eba2-58e7-49a6-8a40-cc26576bc75b",
        "startnode": "e9178696-9747-44d0-a974-4753872f4e77",
        "changetype": "New",
        "description": "Path",
        "matchstatus": "Matched",
        "surfacetype": "Made Sealed",
        "versiondate": "2025-08-19",
        "pathname1_text": "DANEBURY WAY",
        "pathname2_text": null,
        "heightingmethod": "DTM",
        "geometry_length_m": 30.085,
        "endgradeseparation": 0,
        "pathname1_language": null,
        "pathname2_language": null,
        "alternatename1_text": null,
        "alternatename2_text": null,
        "capturespecification": "Urban",
        "startgradeseparation": 0,
        "versionavailabletodate": null,
        "alternatename1_language": null,
        "alternatename2_language": null,
        "versionavailablefromdate": "2025-08-20T00:00:00Z",
        "elevationgain_indirection": 0,
        "presenceofcyclelane_overall_m": 0,
        "elevationgain_againstdirection": 0.7,
        "presenceofcyclelane_updatedate": "2025-07-29",
        "presenceofstreetlight_coverage": "Fully Lit",
        "presenceofcyclelane_evidencedate": "2025-04-02",
        "presenceofstreetlight_updatedate": "2025-08-07",
        "presenceofcyclelane_capturemethod": "Automated Process",
        "presenceofcyclelane_indirection_m": 0,
        "presenceofstreetlight_evidencedate": "2024-06-20",
        "presenceofstreetlight_capturemethod": "Automated Process",
        "presenceofcyclelane_overallpercentage": 0,
        "presenceofcyclelane_indirectionpercentage": 0,
        "presenceofcyclelane_inoppositedirection_m": 0,
        "presenceofcyclelane_indirectionsegregated_m": 0,
        "presenceofcyclelane_inoppositedirectionpercentage": 0,
        "presenceofcyclelane_inoppositedirectionsegregated_m": 0
      }
    },
    {
      "id": "56fb384c-4263-4d4f-8c35-716af94f7d77",
      "type": "Feature",
      "geometry": {
        "type": "LineString",
        "coordinates": [
          [
            -1.4669331,
            50.9382998
          ],
          [
            -1.4668994,
            50.938352
          ]
        ]
      },
      "properties": {
        "osid": "56fb384c-4263-4d4f-8c35-716af94f7d77",
        "toid": "osgb4000000080749132",
        "theme": "Transport",
        "endnode": "2c964e06-3b31-45aa-ab0b-86a816e55793",
        "startnode": "247dce5e-fb6a-42bc-8afa-afe41df85c21",
        "changetype": "New",
        "description": "Path",
        "matchstatus": "No Match",
        "surfacetype": "Made Sealed",
        "versiondate": "2025-08-19",
        "pathname1_text": null,
        "pathname2_text": null,
        "heightingmethod": "DTM",
        "geometry_length_m": 6.269,
        "endgradeseparation": 0,
        "pathname1_language": null,
        "pathname2_language": null,
        "alternatename1_text": null,
        "alternatename2_text": null,
        "capturespecification": "Urban",
        "startgradeseparation": 0,
        "versionavailabletodate": null,
        "alternatename1_language": null,
        "alternatename2_language": null,
        "versionavailablefromdate": "2025-08-20T00:00:00Z",
        "elevationgain_indirection": 0.2,
        "presenceofcyclelane_overall_m": 0,
        "elevationgain_againstdirection": 0,
        "presenceofcyclelane_updatedate": "2025-07-29",
        "presenceofstreetlight_coverage": "Fully Unlit",
        "presenceofcyclelane_evidencedate": "2025-04-02",
        "presenceofstreetlight_updatedate": "2025-05-30",
        "presenceofcyclelane_capturemethod": "Automated Process",
        "presenceofcyclelane_indirection_m": 0,
        "presenceofstreetlight_evidencedate": "2023-07-16",
        "presenceofstreetlight_capturemethod": "Automated Process",
        "presenceofcyclelane_overallpercentage": 0,
        "presenceofcyclelane_indirectionpercentage": 0,
        "presenceofcyclelane_inoppositedirection_m": 0,
        "presenceofcyclelane_indirectionsegregated_m": 0,
        "presenceofcyclelane_inoppositedirectionpercentage": 0,
        "presenceofcyclelane_inoppositedirectionsegregated_m": 0
      }
    },
    {
      "id": "5b310542-8658-4422-89ed-dc512fd70c21",
      "type": "Feature",
      "geometry": {
        "type": "LineString",
        "coordinates": [
          [
            -1.4675309,
            50.9383521
          ],
          [
            -1.4674963,
            50.9383654
          ]
        ]
      },
      "properties": {
        "osid": "5b310542-8658-4422-89ed-dc512fd70c21",
        "toid": "osgb4000000080749129",
        "theme": "Transport",
        "endnode": "8bd5d6ed-3ec6-4683-8c4a-9dd5fd784853",
        "startnode": "55259110-cd12-4445-bed3-64f49e9d7d15",
        "changetype": "New",
        "description": "Path",
        "matchstatus": "No Match",
        "surfacetype": "Unmade",
        "versiondate": "2025-08-19",
        "pathname1_text": null,
        "pathname2_text": null,
        "heightingmethod": "DTM",
        "geometry_length_m": 2.853,
        "endgradeseparation": 0,
        "pathname1_language": null,
        "pathname2_language": null,
        "alternatename1_text": null,
        "alternatename2_text": null,
        "capturespecification": "Urban",
        "startgradeseparation": 0,
        "versionavailabletodate": null,
        "alternatename1_language": null,
        "alternatename2_language": null,
        "versionavailablefromdate": "2025-08-20T00:00:00Z",
        "elevationgain_indirection": 0.1,
        "presenceofcyclelane_overall_m": 0,
        "elevationgain_againstdirection": 0,
        "presenceofcyclelane_updatedate": "2025-07-29",
        "presenceofstreetlight_coverage": "Fully Unlit",
        "presenceofcyclelane_evidencedate": "2025-04-02",
        "presenceofstreetlight_updatedate": "2025-05-30",
        "presenceofcyclelane_capturemethod": "Automated Process",
        "presenceofcyclelane_indirection_m": 0,
        "presenceofstreetlight_evidencedate": "2023-07-16",
        "presenceofstreetlight_capturemethod": "Automated Process",
        "presenceofcyclelane_overallpercentage": 0,
        "presenceofcyclelane_indirectionpercentage": 0,
        "presenceofcyclelane_inoppositedirection_m": 0,
        "presenceofcyclelane_indirectionsegregated_m": 0,
        "presenceofcyclelane_inoppositedirectionpercentage": 0,
        "presenceofcyclelane_inoppositedirectionsegregated_m": 0
      }
    },
    {
      "id": "5f92551e-98c9-42e7-84d2-09406de71b93",
      "type": "Feature",
      "geometry": {
        "type": "LineString",
        "coordinates": [
          [
            -1.4673485,
            50.9336019
          ],
          [
            -1.4673994,
            50.9337888
          ]
        ]
      },
      "properties": {
        "osid": "5f92551e-98c9-42e7-84d2-09406de71b93",
        "toid": "osgb4000000081280345",
        "theme": "Transport",
        "endnode": "3eaea2b3-da5f-49a8-861f-6a3eb7bd5b7d",
        "startnode": "5934a1d4-8629-4943-a7ac-fc64bfa7bb43",
        "changetype": "New",
        "description": "Path",
        "matchstatus": "No Match",
        "surfacetype": "Made Sealed",
        "versiondate": "2025-08-19",
        "pathname1_text": null,
        "pathname2_text": null,
        "heightingmethod": "DTM",
        "geometry_length_m": 21.088,
        "endgradeseparation": 0,
        "pathname1_language": null,
        "pathname2_language": null,
        "alternatename1_text": null,
        "alternatename2_text": null,
        "capturespecification": "Urban",
        "startgradeseparation": 0,
        "versionavailabletodate": null,
        "alternatename1_language": null,
        "alternatename2_language": null,
        "versionavailablefromdate": "2025-08-20T00:00:00Z",
        "elevationgain_indirection": 0.2,
        "presenceofcyclelane_overall_m": 0,
        "elevationgain_againstdirection": 0,
        "presenceofcyclelane_updatedate": "2025-07-29",
        "presenceofstreetlight_coverage": "Mostly Unlit",
        "presenceofcyclelane_evidencedate": "2025-04-02",
        "presenceofstreetlight_updatedate": "2025-08-07",
        "presenceofcyclelane_capturemethod": "Automated Process",
        "presenceofcyclelane_indirection_m": 0,
        "presenceofstreetlight_evidencedate": "2024-06-20",
        "presenceofstreetlight_capturemethod": "Automated Process",
        "presenceofcyclelane_overallpercentage": 0,
        "presenceofcyclelane_indirectionpercentage": 0,
        "presenceofcyclelane_inoppositedirection_m": 0,
        "presenceofcyclelane_indirectionsegregated_m": 0,
        "presenceofcyclelane_inoppositedirectionpercentage": 0,
        "presenceofcyclelane_inoppositedirectionsegregated_m": 0
      }
    },
    {
      "id": "61fcb1cd-048b-418e-8871-fc68f4e34d9f",
      "type": "Feature",
      "geometry": {
        "type": "LineString",
        "coordinates": [
          [
            -1.464157,
            50.9338626
          ],
          [
            -1.4641265,
            50.9338385
          ]
        ]
      },
      "properties": {
        "osid": "61fcb1cd-048b-418e-8871-fc68f4e34d9f",
        "toid": "osgb4000000068543133",
        "theme": "Transport",
        "endnode": "f4390b46-b475-4bf4-aaa4-b5f265397093",
        "startnode": "63b00315-0084-489c-b678-fb439c2c48a9",
        "changetype": "New",
        "description": "Path",
        "matchstatus": "No Match",
        "surfacetype": "Made Sealed",
        "versiondate": "2025-08-19",
        "pathname1_text": null,
        "pathname2_text": null,
        "heightingmethod": "DTM",
        "geometry_length_m": 3.435,
        "endgradeseparation": 0,
        "pathname1_language": null,
        "pathname2_language": null,
        "alternatename1_text": null,
        "alternatename2_text": null,
        "capturespecification": "Urban",
        "startgradeseparation": 0,
        "versionavailabletodate": null,
        "alternatename1_language": null,
        "alternatename2_language": null,
        "versionavailablefromdate": "2025-08-20T00:00:00Z",
        "elevationgain_indirection": 0,
        "presenceofcyclelane_overall_m": 0,
        "elevationgain_againstdirection": 0,
        "presenceofcyclelane_updatedate": "2025-07-29",
        "presenceofstreetlight_coverage": "Fully Lit",
        "presenceofcyclelane_evidencedate": "2025-04-02",
        "presenceofstreetlight_updatedate": "2025-08-07",
        "presenceofcyclelane_capturemethod": "Automated Process",
        "presenceofcyclelane_indirection_m": 0,
        "presenceofstreetlight_evidencedate": "2024-06-20",
        "presenceofstreetlight_capturemethod": "Automated Process",
        "presenceofcyclelane_overallpercentage": 0,
        "presenceofcyclelane_indirectionpercentage": 0,
        "presenceofcyclelane_inoppositedirection_m": 0,
        "presenceofcyclelane_indirectionsegregated_m": 0,
        "presenceofcyclelane_inoppositedirectionpercentage": 0,
        "presenceofcyclelane_inoppositedirectionsegregated_m": 0
      }
    },
    {
      "id": "62fa99f6-c794-4920-953c-81964a548ddc",
      "type": "Feature",
      "geometry": {
        "type": "LineString",
        "coordinates": [
          [
            -1.4640995,
            50.9338932
          ],
          [
            -1.4638959,
            50.9339121
          ]
        ]
      },
      "properties": {
        "osid": "62fa99f6-c794-4920-953c-81964a548ddc",
        "toid": "osgb4000000067163986",
        "theme": "Transport",
        "endnode": "a59700d5-a97d-4b83-9921-b29d8c7d8086",
        "startnode": "5c55861a-5477-4308-94a8-a946985a01dd",
        "changetype": "New",
        "description": "Path",
        "matchstatus": "Matched",
        "surfacetype": "Made Sealed",
        "versiondate": "2025-08-19",
        "pathname1_text": null,
        "pathname2_text": null,
        "heightingmethod": "DTM",
        "geometry_length_m": 14.467,
        "endgradeseparation": 0,
        "pathname1_language": null,
        "pathname2_language": null,
        "alternatename1_text": null,
        "alternatename2_text": null,
        "capturespecification": "Urban",
        "startgradeseparation": 0,
        "versionavailabletodate": null,
        "alternatename1_language": null,
        "alternatename2_language": null,
        "versionavailablefromdate": "2025-08-20T00:00:00Z",
        "elevationgain_indirection": 0,
        "presenceofcyclelane_overall_m": 0,
        "elevationgain_againstdirection": 0,
        "presenceofcyclelane_updatedate": "2025-07-29",
        "presenceofstreetlight_coverage": "Fully Lit",
        "presenceofcyclelane_evidencedate": "2025-04-02",
        "presenceofstreetlight_updatedate": "2025-08-07",
        "presenceofcyclelane_capturemethod": "Automated Process",
        "presenceofcyclelane_indirection_m": 0,
        "presenceofstreetlight_evidencedate": "2024-06-20",
        "presenceofstreetlight_capturemethod": "Automated Process",
        "presenceofcyclelane_overallpercentage": 0,
        "presenceofcyclelane_indirectionpercentage": 0,
        "presenceofcyclelane_inoppositedirection_m": 0,
        "presenceofcyclelane_indirectionsegregated_m": 0,
        "presenceofcyclelane_inoppositedirectionpercentage": 0,
        "presenceofcyclelane_inoppositedirectionsegregated_m": 0
      }
    },
    {
      "id": "6cd36f68-4410-4984-be77-ba1e9c0ab691",
      "type": "Feature",
      "geometry": {
        "type": "LineString",
        "coordinates": [
          [
            -1.4638243,
            50.9361739
          ],
          [
            -1.4638068,
            50.9361519
          ],
          [
            -1.4637597,
            50.9360929
          ]
        ]
      },
      "properties": {
        "osid": "6cd36f68-4410-4984-be77-ba1e9c0ab691",
        "toid": "osgb4000000080095932",
        "theme": "Transport",
        "endnode": "298fd4aa-4a53-4b3e-9088-258393e19031",
        "startnode": "165c87af-b929-4e63-845f-8922cf13cda2",
        "changetype": "New",
        "description": "Path",
        "matchstatus": "No Match",
        "surfacetype": "Made Sealed",
        "versiondate": "2025-08-19",
        "pathname1_text": null,
        "pathname2_text": null,
        "heightingmethod": "Interpolated Bridge",
        "geometry_length_m": 10.083,
        "endgradeseparation": 0,
        "pathname1_language": null,
        "pathname2_language": null,
        "alternatename1_text": null,
        "alternatename2_text": null,
        "capturespecification": "Urban",
        "startgradeseparation": 0,
        "versionavailabletodate": null,
        "alternatename1_language": null,
        "alternatename2_language": null,
        "versionavailablefromdate": "2025-08-20T00:00:00Z",
        "elevationgain_indirection": 0,
        "presenceofcyclelane_overall_m": 0,
        "elevationgain_againstdirection": 0,
        "presenceofcyclelane_updatedate": "2025-07-29",
        "presenceofstreetlight_coverage": "Fully Unlit",
        "presenceofcyclelane_evidencedate": "2025-04-02",
        "presenceofstreetlight_updatedate": "2025-05-30",
        "presenceofcyclelane_capturemethod": "Automated Process",
        "presenceofcyclelane_indirection_m": 0,
        "presenceofstreetlight_evidencedate": "2024-04-18",
        "presenceofstreetlight_capturemethod": "Automated Process",
        "presenceofcyclelane_overallpercentage": 0,
        "presenceofcyclelane_indirectionpercentage": 0,
        "presenceofcyclelane_inoppositedirection_m": 0,
        "presenceofcyclelane_indirectionsegregated_m": 0,
        "presenceofcyclelane_inoppositedirectionpercentage": 0,
        "presenceofcyclelane_inoppositedirectionsegregated_m": 0
      }
    },
    {
      "id": "75729dca-a09f-4027-a4fa-99b8ce781048",
      "type": "Feature",
      "geometry": {
        "type": "LineString",
        "coordinates": [
          [
            -1.4666398,
            50.9402585
          ],
          [
            -1.4666537,
            50.940277
          ],
          [
            -1.4666535,
            50.9402918
          ],
          [
            -1.46664,
            50.9403239
          ],
          [
            -1.4665997,
            50.9403903
          ],
          [
            -1.4665588,
            50.9404199
          ],
          [
            -1.4665257,
            50.9404334
          ],
          [
            -1.4664633,
            50.9404575
          ],
          [
            -1.4663516,
            50.9405093
          ],
          [
            -1.4662132,
            50.9405914
          ],
          [
            -1.4661526,
            50.9406298
          ]
        ]
      },
      "properties": {
        "osid": "75729dca-a09f-4027-a4fa-99b8ce781048",
        "toid": "osgb4000000080096205",
        "theme": "Transport",
        "endnode": "6d40a369-8c4b-432d-bd93-15980fce77e6",
        "startnode": "f2f2a6fd-969d-4d5a-ad69-7d8888f314f8",
        "changetype": "New",
        "description": "Path",
        "matchstatus": "No Match",
        "surfacetype": "Made Sealed",
        "versiondate": "2025-08-19",
        "pathname1_text": null,
        "pathname2_text": null,
        "heightingmethod": "DTM",
        "geometry_length_m": 56.91,
        "endgradeseparation": 0,
        "pathname1_language": null,
        "pathname2_language": null,
        "alternatename1_text": null,
        "alternatename2_text": null,
        "capturespecification": "Urban",
        "startgradeseparation": 0,
        "versionavailabletodate": null,
        "alternatename1_language": null,
        "alternatename2_language": null,
        "versionavailablefromdate": "2025-08-20T00:00:00Z",
        "elevationgain_indirection": 0.2,
        "presenceofcyclelane_overall_m": 0,
        "elevationgain_againstdirection": 0.4,
        "presenceofcyclelane_updatedate": "2025-07-29",
        "presenceofstreetlight_coverage": "Fully Unlit",
        "presenceofcyclelane_evidencedate": "2025-04-02",
        "presenceofstreetlight_updatedate": "2025-05-30",
        "presenceofcyclelane_capturemethod": "Automated Process",
        "presenceofcyclelane_indirection_m": 0,
        "presenceofstreetlight_evidencedate": "2023-07-16",
        "presenceofstreetlight_capturemethod": "Automated Process",
        "presenceofcyclelane_overallpercentage": 0,
        "presenceofcyclelane_indirectionpercentage": 0,
        "presenceofcyclelane_inoppositedirection_m": 0,
        "presenceofcyclelane_indirectionsegregated_m": 0,
        "presenceofcyclelane_inoppositedirectionpercentage": 0,
        "presenceofcyclelane_inoppositedirectionsegregated_m": 0
      }
    },
    {
      "id": "77248776-9c40-480a-b7f3-350569a6686a",
      "type": "Feature",
      "geometry": {
        "type": "LineString",
        "coordinates": [
          [
            -1.4671681,
            50.9376644
          ],
          [
            -1.4668223,
            50.9373379
          ]
        ]
      },
      "properties": {
        "osid": "77248776-9c40-480a-b7f3-350569a6686a",
        "toid": "osgb4000000067161869",
        "theme": "Transport",
        "endnode": "cf6c87ef-1d85-4a9e-85c1-e6ad478c8984",
        "startnode": "3b314730-7978-4723-b80b-5dea311c21b4",
        "changetype": "New",
        "description": "Path",
        "matchstatus": "No Match",
        "surfacetype": "Made Sealed",
        "versiondate": "2025-08-19",
        "pathname1_text": null,
        "pathname2_text": null,
        "heightingmethod": "DTM",
        "geometry_length_m": 43.689,
        "endgradeseparation": 0,
        "pathname1_language": null,
        "pathname2_language": null,
        "alternatename1_text": null,
        "alternatename2_text": null,
        "capturespecification": "Urban",
        "startgradeseparation": 0,
        "versionavailabletodate": null,
        "alternatename1_language": null,
        "alternatename2_language": null,
        "versionavailablefromdate": "2025-08-20T00:00:00Z",
        "elevationgain_indirection": 0,
        "presenceofcyclelane_overall_m": 0,
        "elevationgain_againstdirection": 0.1,
        "presenceofcyclelane_updatedate": "2025-07-29",
        "presenceofstreetlight_coverage": "Mostly Unlit",
        "presenceofcyclelane_evidencedate": "2025-04-02",
        "presenceofstreetlight_updatedate": "2025-08-07",
        "presenceofcyclelane_capturemethod": "Automated Process",
        "presenceofcyclelane_indirection_m": 0,
        "presenceofstreetlight_evidencedate": "2024-06-20",
        "presenceofstreetlight_capturemethod": "Automated Process",
        "presenceofcyclelane_overallpercentage": 0,
        "presenceofcyclelane_indirectionpercentage": 0,
        "presenceofcyclelane_inoppositedirection_m": 0,
        "presenceofcyclelane_indirectionsegregated_m": 0,
        "presenceofcyclelane_inoppositedirectionpercentage": 0,
        "presenceofcyclelane_inoppositedirectionsegregated_m": 0
      }
    },
    {
      "id": "7ad71877-ecf4-47fb-aeea-0fc801f9690c",
      "type": "Feature",
      "geometry": {
        "type": "LineString",
        "coordinates": [
          [
            -1.4641265,
            50.9338385
          ],
          [
            -1.4643258,
            50.9337397
          ],
          [
            -1.4642086,
            50.933644
          ]
        ]
      },
      "properties": {
        "osid": "7ad71877-ecf4-47fb-aeea-0fc801f9690c",
        "toid": "osgb4000000068543135",
        "theme": "Transport",
        "endnode": "1788d9bb-e006-4143-8dd7-083866b5619f",
        "startnode": "f4390b46-b475-4bf4-aaa4-b5f265397093",
        "changetype": "New",
        "description": "Path",
        "matchstatus": "No Match",
        "surfacetype": "Made Sealed",
        "versiondate": "2025-08-19",
        "pathname1_text": null,
        "pathname2_text": null,
        "heightingmethod": "DTM",
        "geometry_length_m": 31.258,
        "endgradeseparation": 0,
        "pathname1_language": null,
        "pathname2_language": null,
        "alternatename1_text": null,
        "alternatename2_text": null,
        "capturespecification": "Urban",
        "startgradeseparation": 0,
        "versionavailabletodate": null,
        "alternatename1_language": null,
        "alternatename2_language": null,
        "versionavailablefromdate": "2025-08-20T00:00:00Z",
        "elevationgain_indirection": 0,
        "presenceofcyclelane_overall_m": 0,
        "elevationgain_againstdirection": 0,
        "presenceofcyclelane_updatedate": "2025-07-29",
        "presenceofstreetlight_coverage": "Fully Lit",
        "presenceofcyclelane_evidencedate": "2025-04-02",
        "presenceofstreetlight_updatedate": "2025-08-07",
        "presenceofcyclelane_capturemethod": "Automated Process",
        "presenceofcyclelane_indirection_m": 0,
        "presenceofstreetlight_evidencedate": "2024-06-20",
        "presenceofstreetlight_capturemethod": "Automated Process",
        "presenceofcyclelane_overallpercentage": 0,
        "presenceofcyclelane_indirectionpercentage": 0,
        "presenceofcyclelane_inoppositedirection_m": 0,
        "presenceofcyclelane_indirectionsegregated_m": 0,
        "presenceofcyclelane_inoppositedirectionpercentage": 0,
        "presenceofcyclelane_inoppositedirectionsegregated_m": 0
      }
    },
    {
      "id": "7ef82f28-0143-4b24-a2a8-7d5fce33b51d",
      "type": "Feature",
      "geometry": {
        "type": "LineString",
        "coordinates": [
          [
            -1.4646093,
            50.939145
          ],
          [
            -1.4645261,
            50.9392579
          ],
          [
            -1.4644734,
            50.9393344
          ],
          [
            -1.4644756,
            50.9393874
          ]
        ]
      },
      "properties": {
        "osid": "7ef82f28-0143-4b24-a2a8-7d5fce33b51d",
        "toid": "osgb4000000080096770",
        "theme": "Transport",
        "endnode": "234d5f66-a2c6-4e61-8da6-022c41243796",
        "startnode": "0221dad0-26e6-4a16-821a-dbb0382ec22c",
        "changetype": "New",
        "description": "Path",
        "matchstatus": "No Match",
        "surfacetype": "Made Sealed",
        "versiondate": "2025-08-19",
        "pathname1_text": null,
        "pathname2_text": null,
        "heightingmethod": "DTM",
        "geometry_length_m": 29.016,
        "endgradeseparation": 0,
        "pathname1_language": null,
        "pathname2_language": null,
        "alternatename1_text": null,
        "alternatename2_text": null,
        "capturespecification": "Urban",
        "startgradeseparation": 0,
        "versionavailabletodate": null,
        "alternatename1_language": null,
        "alternatename2_language": null,
        "versionavailablefromdate": "2025-08-20T00:00:00Z",
        "elevationgain_indirection": 0.3,
        "presenceofcyclelane_overall_m": 0,
        "elevationgain_againstdirection": 0,
        "presenceofcyclelane_updatedate": "2025-07-29",
        "presenceofstreetlight_coverage": "Fully Unlit",
        "presenceofcyclelane_evidencedate": "2025-04-02",
        "presenceofstreetlight_updatedate": "2025-05-30",
        "presenceofcyclelane_capturemethod": "Automated Process",
        "presenceofcyclelane_indirection_m": 0,
        "presenceofstreetlight_evidencedate": "2023-07-16",
        "presenceofstreetlight_capturemethod": "Automated Process",
        "presenceofcyclelane_overallpercentage": 0,
        "presenceofcyclelane_indirectionpercentage": 0,
        "presenceofcyclelane_inoppositedirection_m": 0,
        "presenceofcyclelane_indirectionsegregated_m": 0,
        "presenceofcyclelane_inoppositedirectionpercentage": 0,
        "presenceofcyclelane_inoppositedirectionsegregated_m": 0
      }
    },
    {
      "id": "830900a2-e275-48a1-91f7-7c3851ff3691",
      "type": "Feature",
      "geometry": {
        "type": "LineString",
        "coordinates": [
          [
            -1.463239,
            50.9333653
          ],
          [
            -1.4636136,
            50.9336866
          ]
        ]
      },
      "properties": {
        "osid": "830900a2-e275-48a1-91f7-7c3851ff3691",
        "toid": "osgb4000000067168527",
        "theme": "Transport",
        "endnode": "0c7b3344-f32c-4f48-bab2-53006946fa7b",
        "startnode": "2beee3a6-a52f-4c2d-afee-16f2cca9f599",
        "changetype": "New",
        "description": "Path",
        "matchstatus": "Matched",
        "surfacetype": "Made Sealed",
        "versiondate": "2025-08-19",
        "pathname1_text": null,
        "pathname2_text": null,
        "heightingmethod": "DTM",
        "geometry_length_m": 44.382,
        "endgradeseparation": 0,
        "pathname1_language": null,
        "pathname2_language": null,
        "alternatename1_text": null,
        "alternatename2_text": null,
        "capturespecification": "Urban",
        "startgradeseparation": 0,
        "versionavailabletodate": null,
        "alternatename1_language": null,
        "alternatename2_language": null,
        "versionavailablefromdate": "2025-08-20T00:00:00Z",
        "elevationgain_indirection": 0,
        "presenceofcyclelane_overall_m": 0,
        "elevationgain_againstdirection": 0,
        "presenceofcyclelane_updatedate": "2025-07-29",
        "presenceofstreetlight_coverage": "Fully Lit",
        "presenceofcyclelane_evidencedate": "2025-04-02",
        "presenceofstreetlight_updatedate": "2025-08-07",
        "presenceofcyclelane_capturemethod": "Automated Process",
        "presenceofcyclelane_indirection_m": 0,
        "presenceofstreetlight_evidencedate": "2024-06-20",
        "presenceofstreetlight_capturemethod": "Automated Process",
        "presenceofcyclelane_overallpercentage": 0,
        "presenceofcyclelane_indirectionpercentage": 0,
        "presenceofcyclelane_inoppositedirection_m": 0,
        "presenceofcyclelane_indirectionsegregated_m": 0,
        "presenceofcyclelane_inoppositedirectionpercentage": 0,
        "presenceofcyclelane_inoppositedirectionsegregated_m": 0
      }
    },
    {
      "id": "934123b4-ab63-4463-8e71-8e9b70300509",
      "type": "Feature",
      "geometry": {
        "type": "LineString",
        "coordinates": [
          [
            -1.4674963,
            50.9383654
          ],
          [
            -1.4674155,
            50.9383937
          ]
        ]
      },
      "properties": {
        "osid": "934123b4-ab63-4463-8e71-8e9b70300509",
        "toid": "osgb4000000080749130",
        "theme": "Transport",
        "endnode": "b91664c4-a710-4899-826a-9431fc8f014c",
        "startnode": "8bd5d6ed-3ec6-4683-8c4a-9dd5fd784853",
        "changetype": "New",
        "description": "Path",
        "matchstatus": "No Match",
        "surfacetype": "Made Sealed",
        "versiondate": "2025-08-19",
        "pathname1_text": null,
        "pathname2_text": null,
        "heightingmethod": "DTM",
        "geometry_length_m": 6.492,
        "endgradeseparation": 0,
        "pathname1_language": null,
        "pathname2_language": null,
        "alternatename1_text": null,
        "alternatename2_text": null,
        "capturespecification": "Urban",
        "startgradeseparation": 0,
        "versionavailabletodate": null,
        "alternatename1_language": null,
        "alternatename2_language": null,
        "versionavailablefromdate": "2025-08-20T00:00:00Z",
        "elevationgain_indirection": 0.3,
        "presenceofcyclelane_overall_m": 0,
        "elevationgain_againstdirection": 0,
        "presenceofcyclelane_updatedate": "2025-07-29",
        "presenceofstreetlight_coverage": "Fully Unlit",
        "presenceofcyclelane_evidencedate": "2025-04-02",
        "presenceofstreetlight_updatedate": "2025-05-30",
        "presenceofcyclelane_capturemethod": "Automated Process",
        "presenceofcyclelane_indirection_m": 0,
        "presenceofstreetlight_evidencedate": "2023-07-16",
        "presenceofstreetlight_capturemethod": "Automated Process",
        "presenceofcyclelane_overallpercentage": 0,
        "presenceofcyclelane_indirectionpercentage": 0,
        "presenceofcyclelane_inoppositedirection_m": 0,
        "presenceofcyclelane_indirectionsegregated_m": 0,
        "presenceofcyclelane_inoppositedirectionpercentage": 0,
        "presenceofcyclelane_inoppositedirectionsegregated_m": 0
      }
    },
    {
      "id": "95ab66e8-062a-4b5b-a2a6-24d212d840b3",
      "type": "Feature",
      "geometry": {
        "type": "LineString",
        "coordinates": [
          [
            -1.4659239,
            50.9366106
          ],
          [
            -1.4658583,
            50.9366105
          ],
          [
            -1.4656464,
            50.936568
          ],
          [
            -1.4654924,
            50.936496
          ],
          [
            -1.4653523,
            50.9364603
          ],
          [
            -1.4651251,
            50.9364491
          ]
        ]
      },
      "properties": {
        "osid": "95ab66e8-062a-4b5b-a2a6-24d212d840b3",
        "toid": "osgb4000000067168042",
        "theme": "Transport",
        "endnode": "e66fd96e-10d5-4e39-ba0a-d12aa9fee98b",
        "startnode": "04738c3e-d75f-4ca6-8f26-8e28b6ba61bf",
        "changetype": "New",
        "description": "Path",
        "matchstatus": "Matched",
        "surfacetype": "Made Sealed",
        "versiondate": "2025-08-19",
        "pathname1_text": "DANEBURY WAY",
        "pathname2_text": null,
        "heightingmethod": "DTM",
        "geometry_length_m": 60.322,
        "endgradeseparation": 0,
        "pathname1_language": null,
        "pathname2_language": null,
        "alternatename1_text": null,
        "alternatename2_text": null,
        "capturespecification": "Urban",
        "startgradeseparation": 0,
        "versionavailabletodate": null,
        "alternatename1_language": null,
        "alternatename2_language": null,
        "versionavailablefromdate": "2025-08-20T00:00:00Z",
        "elevationgain_indirection": 0.2,
        "presenceofcyclelane_overall_m": 0,
        "elevationgain_againstdirection": 0.1,
        "presenceofcyclelane_updatedate": "2025-07-29",
        "presenceofstreetlight_coverage": "Fully Lit",
        "presenceofcyclelane_evidencedate": "2025-04-02",
        "presenceofstreetlight_updatedate": "2025-08-07",
        "presenceofcyclelane_capturemethod": "Automated Process",
        "presenceofcyclelane_indirection_m": 0,
        "presenceofstreetlight_evidencedate": "2024-06-20",
        "presenceofstreetlight_capturemethod": "Automated Process",
        "presenceofcyclelane_overallpercentage": 0,
        "presenceofcyclelane_indirectionpercentage": 0,
        "presenceofcyclelane_inoppositedirection_m": 0,
        "presenceofcyclelane_indirectionsegregated_m": 0,
        "presenceofcyclelane_inoppositedirectionpercentage": 0,
        "presenceofcyclelane_inoppositedirectionsegregated_m": 0
      }
    },
    {
      "id": "95bf8a65-677a-419d-8986-53162544147d",
      "type": "Feature",
      "geometry": {
        "type": "LineString",
        "coordinates": [
          [
            -1.4654537,
            50.9382813
          ],
          [
            -1.4656311,
            50.938322
          ]
        ]
      },
      "properties": {
        "osid": "95bf8a65-677a-419d-8986-53162544147d",
        "toid": "osgb4000000080816786",
        "theme": "Transport",
        "endnode": "41c5f0e8-c596-4446-90ce-b95f7dd86c99",
        "startnode": "f4525523-c2a5-4f1a-935a-11b62e1c35c1",
        "changetype": "New",
        "description": "Path",
        "matchstatus": "No Match",
        "surfacetype": "Made Sealed",
        "versiondate": "2025-08-19",
        "pathname1_text": null,
        "pathname2_text": null,
        "heightingmethod": "DTM",
        "geometry_length_m": 13.263,
        "endgradeseparation": 0,
        "pathname1_language": null,
        "pathname2_language": null,
        "alternatename1_text": null,
        "alternatename2_text": null,
        "capturespecification": "Urban",
        "startgradeseparation": 0,
        "versionavailabletodate": null,
        "alternatename1_language": null,
        "alternatename2_language": null,
        "versionavailablefromdate": "2025-08-20T00:00:00Z",
        "elevationgain_indirection": 0.3,
        "presenceofcyclelane_overall_m": 0,
        "elevationgain_againstdirection": 0,
        "presenceofcyclelane_updatedate": "2025-07-29",
        "presenceofstreetlight_coverage": "Fully Unlit",
        "presenceofcyclelane_evidencedate": "2025-04-02",
        "presenceofstreetlight_updatedate": "2025-05-30",
        "presenceofcyclelane_capturemethod": "Automated Process",
        "presenceofcyclelane_indirection_m": 0,
        "presenceofstreetlight_evidencedate": "2023-07-16",
        "presenceofstreetlight_capturemethod": "Automated Process",
        "presenceofcyclelane_overallpercentage": 0,
        "presenceofcyclelane_indirectionpercentage": 0,
        "presenceofcyclelane_inoppositedirection_m": 0,
        "presenceofcyclelane_indirectionsegregated_m": 0,
        "presenceofcyclelane_inoppositedirectionpercentage": 0,
        "presenceofcyclelane_inoppositedirectionsegregated_m": 0
      }
    },
    {
      "id": "9637dd76-8505-4df1-82e4-9d4ae117fcf3",
      "type": "Feature",
      "geometry": {
        "type": "LineString",
        "coordinates": [
          [
            -1.4671309,
            50.9379846
          ],
          [
            -1.4670844,
            50.9378094
          ]
        ]
      },
      "properties": {
        "osid": "9637dd76-8505-4df1-82e4-9d4ae117fcf3",
        "toid": "osgb4000000068707974",
        "theme": "Transport",
        "endnode": "d80120b2-9e5d-4b94-a3f0-69feacfe3253",
        "startnode": "bb4ec96a-81a5-4f03-b345-ecbeb3ef2b64",
        "changetype": "New",
        "description": "Path",
        "matchstatus": "No Match",
        "surfacetype": "Made Sealed",
        "versiondate": "2025-08-19",
        "pathname1_text": null,
        "pathname2_text": null,
        "heightingmethod": "DTM",
        "geometry_length_m": 19.753,
        "endgradeseparation": 0,
        "pathname1_language": null,
        "pathname2_language": null,
        "alternatename1_text": null,
        "alternatename2_text": null,
        "capturespecification": "Urban",
        "startgradeseparation": 0,
        "versionavailabletodate": null,
        "alternatename1_language": null,
        "alternatename2_language": null,
        "versionavailablefromdate": "2025-08-20T00:00:00Z",
        "elevationgain_indirection": 0,
        "presenceofcyclelane_overall_m": 0,
        "elevationgain_againstdirection": 0.1,
        "presenceofcyclelane_updatedate": "2025-07-29",
        "presenceofstreetlight_coverage": "Mostly Lit",
        "presenceofcyclelane_evidencedate": "2025-04-02",
        "presenceofstreetlight_updatedate": "2025-08-07",
        "presenceofcyclelane_capturemethod": "Automated Process",
        "presenceofcyclelane_indirection_m": 0,
        "presenceofstreetlight_evidencedate": "2024-06-20",
        "presenceofstreetlight_capturemethod": "Automated Process",
        "presenceofcyclelane_overallpercentage": 0,
        "presenceofcyclelane_indirectionpercentage": 0,
        "presenceofcyclelane_inoppositedirection_m": 0,
        "presenceofcyclelane_indirectionsegregated_m": 0,
        "presenceofcyclelane_inoppositedirectionpercentage": 0,
        "presenceofcyclelane_inoppositedirectionsegregated_m": 0
      }
    },
    {
      "id": "9d2dcbd2-1a41-4481-8d6e-f05473053680",
      "type": "Feature",
      "geometry": {
        "type": "LineString",
        "coordinates": [
          [
            -1.4656098,
            50.937948
          ],
          [
            -1.4655668,
            50.9379663
          ],
          [
            -1.4655125,
            50.9379761
          ]
        ]
      },
      "properties": {
        "osid": "9d2dcbd2-1a41-4481-8d6e-f05473053680",
        "toid": "osgb4000000068543120",
        "theme": "Transport",
        "endnode": "54eb4069-474d-4c89-8bdb-5b4405573aeb",
        "startnode": "2bee93ae-b6e5-44b6-84d2-34ebed0f0f64",
        "changetype": "New",
        "description": "Path",
        "matchstatus": "No Match",
        "surfacetype": "Made Sealed",
        "versiondate": "2025-08-19",
        "pathname1_text": null,
        "pathname2_text": null,
        "heightingmethod": "DTM",
        "geometry_length_m": 7.611,
        "endgradeseparation": 0,
        "pathname1_language": null,
        "pathname2_language": null,
        "alternatename1_text": null,
        "alternatename2_text": null,
        "capturespecification": "Urban",
        "startgradeseparation": 0,
        "versionavailabletodate": null,
        "alternatename1_language": null,
        "alternatename2_language": null,
        "versionavailablefromdate": "2025-08-20T00:00:00Z",
        "elevationgain_indirection": 0,
        "presenceofcyclelane_overall_m": 0,
        "elevationgain_againstdirection": 0.1,
        "presenceofcyclelane_updatedate": "2025-07-29",
        "presenceofstreetlight_coverage": "Fully Unlit",
        "presenceofcyclelane_evidencedate": "2025-04-02",
        "presenceofstreetlight_updatedate": "2025-05-30",
        "presenceofcyclelane_capturemethod": "Automated Process",
        "presenceofcyclelane_indirection_m": 0,
        "presenceofstreetlight_evidencedate": "2023-07-16",
        "presenceofstreetlight_capturemethod": "Automated Process",
        "presenceofcyclelane_overallpercentage": 0,
        "presenceofcyclelane_indirectionpercentage": 0,
        "presenceofcyclelane_inoppositedirection_m": 0,
        "presenceofcyclelane_indirectionsegregated_m": 0,
        "presenceofcyclelane_inoppositedirectionpercentage": 0,
        "presenceofcyclelane_inoppositedirectionsegregated_m": 0
      }
    },
    {
      "id": "9e4e8e05-5dcb-4648-99a4-a407f0f9d6fa",
      "type": "Feature",
      "geometry": {
        "type": "LineString",
        "coordinates": [
          [
            -1.4661526,
            50.9406298
          ],
          [
            -1.466126,
            50.9406487
          ],
          [
            -1.4660635,
            50.9406805
          ],
          [
            -1.4660047,
            50.9407154
          ],
          [
            -1.4659573,
            50.9407455
          ],
          [
            -1.4659195,
            50.9407724
          ],
          [
            -1.4658731,
            50.9408103
          ],
          [
            -1.4658221,
            50.9408567
          ]
        ]
      },
      "properties": {
        "osid": "9e4e8e05-5dcb-4648-99a4-a407f0f9d6fa",
        "toid": "osgb4000000080095671",
        "theme": "Transport",
        "endnode": "a292de93-258c-4434-83fc-afcccce737ad",
        "startnode": "6d40a369-8c4b-432d-bd93-15980fce77e6",
        "changetype": "New",
        "description": "Path",
        "matchstatus": "No Match",
        "surfacetype": "Made Sealed",
        "versiondate": "2025-08-19",
        "pathname1_text": null,
        "pathname2_text": null,
        "heightingmethod": "DTM",
        "geometry_length_m": 34.448,
        "endgradeseparation": 0,
        "pathname1_language": null,
        "pathname2_language": null,
        "alternatename1_text": null,
        "alternatename2_text": null,
        "capturespecification": "Urban",
        "startgradeseparation": 0,
        "versionavailabletodate": null,
        "alternatename1_language": null,
        "alternatename2_language": null,
        "versionavailablefromdate": "2025-08-20T00:00:00Z",
        "elevationgain_indirection": 0.6,
        "presenceofcyclelane_overall_m": 0,
        "elevationgain_againstdirection": 0.4,
        "presenceofcyclelane_updatedate": "2025-07-29",
        "presenceofstreetlight_coverage": "Fully Unlit",
        "presenceofcyclelane_evidencedate": "2025-04-02",
        "presenceofstreetlight_updatedate": "2025-05-30",
        "presenceofcyclelane_capturemethod": "Automated Process",
        "presenceofcyclelane_indirection_m": 0,
        "presenceofstreetlight_evidencedate": "2023-07-16",
        "presenceofstreetlight_capturemethod": "Automated Process",
        "presenceofcyclelane_overallpercentage": 0,
        "presenceofcyclelane_indirectionpercentage": 0,
        "presenceofcyclelane_inoppositedirection_m": 0,
        "presenceofcyclelane_indirectionsegregated_m": 0,
        "presenceofcyclelane_inoppositedirectionpercentage": 0,
        "presenceofcyclelane_inoppositedirectionsegregated_m": 0
      }
    },
    {
      "id": "9f1b9cac-b02a-4063-b2c8-72174222d70f",
      "type": "Feature",
      "geometry": {
        "type": "LineString",
        "coordinates": [
          [
            -1.4695478,
            50.9365504
          ],
          [
            -1.4696581,
            50.9365416
          ]
        ]
      },
      "properties": {
        "osid": "9f1b9cac-b02a-4063-b2c8-72174222d70f",
        "toid": "osgb4000000068543147",
        "theme": "Transport",
        "endnode": "79afb759-7b61-4839-971a-9fdb697dd4cf",
        "startnode": "ef7e7447-e446-483a-8f12-3a6f1431d30a",
        "changetype": "New",
        "description": "Path",
        "matchstatus": "Matched",
        "surfacetype": "Made Sealed",
        "versiondate": "2025-08-19",
        "pathname1_text": "YEWTREE LANE",
        "pathname2_text": null,
        "heightingmethod": "DTM",
        "geometry_length_m": 7.808,
        "endgradeseparation": 0,
        "pathname1_language": null,
        "pathname2_language": null,
        "alternatename1_text": null,
        "alternatename2_text": null,
        "capturespecification": "Urban",
        "startgradeseparation": 0,
        "versionavailabletodate": null,
        "alternatename1_language": null,
        "alternatename2_language": null,
        "versionavailablefromdate": "2025-08-20T00:00:00Z",
        "elevationgain_indirection": 0,
        "presenceofcyclelane_overall_m": 0,
        "elevationgain_againstdirection": 0.1,
        "presenceofcyclelane_updatedate": "2025-07-29",
        "presenceofstreetlight_coverage": "Fully Lit",
        "presenceofcyclelane_evidencedate": "2025-04-02",
        "presenceofstreetlight_updatedate": "2025-08-07",
        "presenceofcyclelane_capturemethod": "Automated Process",
        "presenceofcyclelane_indirection_m": 0,
        "presenceofstreetlight_evidencedate": "2024-06-20",
        "presenceofstreetlight_capturemethod": "Automated Process",
        "presenceofcyclelane_overallpercentage": 0,
        "presenceofcyclelane_indirectionpercentage": 0,
        "presenceofcyclelane_inoppositedirection_m": 0,
        "presenceofcyclelane_indirectionsegregated_m": 0,
        "presenceofcyclelane_inoppositedirectionpercentage": 0,
        "presenceofcyclelane_inoppositedirectionsegregated_m": 0
      }
    },
    {
      "id": "9fd250da-2754-4cc4-b448-390bcb061af9",
      "type": "Feature",
      "geometry": {
        "type": "LineString",
        "coordinates": [
          [
            -1.4669331,
            50.9382998
          ],
          [
            -1.4666594,
            50.9382567
          ],
          [
            -1.4665379,
            50.9382133
          ],
          [
            -1.4664271,
            50.9381605
          ],
          [
            -1.4663445,
            50.9381354
          ],
          [
            -1.4663025,
            50.9381247
          ]
        ]
      },
      "properties": {
        "osid": "9fd250da-2754-4cc4-b448-390bcb061af9",
        "toid": "osgb4000000080749134",
        "theme": "Transport",
        "endnode": "2d0b789d-825b-46f8-90a1-d53983badbd6",
        "startnode": "247dce5e-fb6a-42bc-8afa-afe41df85c21",
        "changetype": "New",
        "description": "Path",
        "matchstatus": "No Match",
        "surfacetype": "Made Sealed",
        "versiondate": "2025-08-19",
        "pathname1_text": null,
        "pathname2_text": null,
        "heightingmethod": "DTM",
        "geometry_length_m": 49.003,
        "endgradeseparation": 0,
        "pathname1_language": null,
        "pathname2_language": null,
        "alternatename1_text": null,
        "alternatename2_text": null,
        "capturespecification": "Urban",
        "startgradeseparation": 0,
        "versionavailabletodate": null,
        "alternatename1_language": null,
        "alternatename2_language": null,
        "versionavailablefromdate": "2025-08-20T00:00:00Z",
        "elevationgain_indirection": 2,
        "presenceofcyclelane_overall_m": 0,
        "elevationgain_againstdirection": 0,
        "presenceofcyclelane_updatedate": "2025-07-29",
        "presenceofstreetlight_coverage": "Fully Unlit",
        "presenceofcyclelane_evidencedate": "2025-04-02",
        "presenceofstreetlight_updatedate": "2025-05-30",
        "presenceofcyclelane_capturemethod": "Automated Process",
        "presenceofcyclelane_indirection_m": 0,
        "presenceofstreetlight_evidencedate": "2023-07-16",
        "presenceofstreetlight_capturemethod": "Automated Process",
        "presenceofcyclelane_overallpercentage": 0,
        "presenceofcyclelane_indirectionpercentage": 0,
        "presenceofcyclelane_inoppositedirection_m": 0,
        "presenceofcyclelane_indirectionsegregated_m": 0,
        "presenceofcyclelane_inoppositedirectionpercentage": 0,
        "presenceofcyclelane_inoppositedirectionsegregated_m": 0
      }
    },
    {
      "id": "a0bcd2fe-257a-4291-ad87-7134cd3fb20c",
      "type": "Feature",
      "geometry": {
        "type": "LineString",
        "coordinates": [
          [
            -1.4667682,
            50.938116
          ],
          [
            -1.4667043,
            50.9378885
          ]
        ]
      },
      "properties": {
        "osid": "a0bcd2fe-257a-4291-ad87-7134cd3fb20c",
        "toid": "osgb4000000068710563",
        "theme": "Transport",
        "endnode": "4c54ca9f-69e2-4bad-b362-7ddd8935daaa",
        "startnode": "4bd51880-ac0d-4502-a724-410e89de2a1e",
        "changetype": "New",
        "description": "Path",
        "matchstatus": "No Match",
        "surfacetype": "Made Sealed",
        "versiondate": "2025-08-19",
        "pathname1_text": null,
        "pathname2_text": null,
        "heightingmethod": "DTM",
        "geometry_length_m": 25.697,
        "endgradeseparation": 0,
        "pathname1_language": null,
        "pathname2_language": null,
        "alternatename1_text": null,
        "alternatename2_text": null,
        "capturespecification": "Urban",
        "startgradeseparation": 0,
        "versionavailabletodate": null,
        "alternatename1_language": null,
        "alternatename2_language": null,
        "versionavailablefromdate": "2025-08-20T00:00:00Z",
        "elevationgain_indirection": 0,
        "presenceofcyclelane_overall_m": 0,
        "elevationgain_againstdirection": 0,
        "presenceofcyclelane_updatedate": "2025-07-29",
        "presenceofstreetlight_coverage": "Mostly Unlit",
        "presenceofcyclelane_evidencedate": "2025-04-02",
        "presenceofstreetlight_updatedate": "2025-08-07",
        "presenceofcyclelane_capturemethod": "Automated Process",
        "presenceofcyclelane_indirection_m": 0,
        "presenceofstreetlight_evidencedate": "2024-06-20",
        "presenceofstreetlight_capturemethod": "Automated Process",
        "presenceofcyclelane_overallpercentage": 0,
        "presenceofcyclelane_indirectionpercentage": 0,
        "presenceofcyclelane_inoppositedirection_m": 0,
        "presenceofcyclelane_indirectionsegregated_m": 0,
        "presenceofcyclelane_inoppositedirectionpercentage": 0,
        "presenceofcyclelane_inoppositedirectionsegregated_m": 0
      }
    },
    {
      "id": "a170633e-697a-4b83-95ec-211927c5f622",
      "type": "Feature",
      "geometry": {
        "type": "LineString",
        "coordinates": [
          [
            -1.463756,
            50.9337388
          ],
          [
            -1.4639205,
            50.933877
          ]
        ]
      },
      "properties": {
        "osid": "a170633e-697a-4b83-95ec-211927c5f622",
        "toid": "osgb4000000068543136",
        "theme": "Transport",
        "endnode": "5fe5fd0e-ccc7-4631-bff0-8b1275e1a007",
        "startnode": "0ad2d08e-12de-42ba-81fa-e684c8f78d02",
        "changetype": "New",
        "description": "Path",
        "matchstatus": "No Match",
        "surfacetype": "Made Sealed",
        "versiondate": "2025-08-19",
        "pathname1_text": null,
        "pathname2_text": null,
        "heightingmethod": "DTM",
        "geometry_length_m": 19.229,
        "endgradeseparation": 0,
        "pathname1_language": null,
        "pathname2_language": null,
        "alternatename1_text": null,
        "alternatename2_text": null,
        "capturespecification": "Urban",
        "startgradeseparation": 0,
        "versionavailabletodate": null,
        "alternatename1_language": null,
        "alternatename2_language": null,
        "versionavailablefromdate": "2025-08-20T00:00:00Z",
        "elevationgain_indirection": 0.1,
        "presenceofcyclelane_overall_m": 0,
        "elevationgain_againstdirection": 0,
        "presenceofcyclelane_updatedate": "2025-07-29",
        "presenceofstreetlight_coverage": "Fully Lit",
        "presenceofcyclelane_evidencedate": "2025-04-02",
        "presenceofstreetlight_updatedate": "2025-08-07",
        "presenceofcyclelane_capturemethod": "Automated Process",
        "presenceofcyclelane_indirection_m": 0,
        "presenceofstreetlight_evidencedate": "2024-06-20",
        "presenceofstreetlight_capturemethod": "Automated Process",
        "presenceofcyclelane_overallpercentage": 0,
        "presenceofcyclelane_indirectionpercentage": 0,
        "presenceofcyclelane_inoppositedirection_m": 0,
        "presenceofcyclelane_indirectionsegregated_m": 0,
        "presenceofcyclelane_inoppositedirectionpercentage": 0,
        "presenceofcyclelane_inoppositedirectionsegregated_m": 0
      }
    },
    {
      "id": "a2178487-63fa-4f03-82bc-60e21af00c9b",
      "type": "Feature",
      "geometry": {
        "type": "LineString",
        "coordinates": [
          [
            -1.46629,
            50.9357013
          ],
          [
            -1.4665496,
            50.9357752
          ]
        ]
      },
      "properties": {
        "osid": "a2178487-63fa-4f03-82bc-60e21af00c9b",
        "toid": "osgb4000000080095153",
        "theme": "Transport",
        "endnode": "58c04e37-38d7-4ffd-99d0-0351b429c520",
        "startnode": "bea094c5-1266-421e-bffb-34a09014c384",
        "changetype": "New",
        "description": "Path",
        "matchstatus": "No Match",
        "surfacetype": "Made Sealed",
        "versiondate": "2025-08-19",
        "pathname1_text": null,
        "pathname2_text": null,
        "heightingmethod": "DTM",
        "geometry_length_m": 20.01,
        "endgradeseparation": 0,
        "pathname1_language": null,
        "pathname2_language": null,
        "alternatename1_text": null,
        "alternatename2_text": null,
        "capturespecification": "Urban",
        "startgradeseparation": 0,
        "versionavailabletodate": null,
        "alternatename1_language": null,
        "alternatename2_language": null,
        "versionavailablefromdate": "2025-08-20T00:00:00Z",
        "elevationgain_indirection": 0.2,
        "presenceofcyclelane_overall_m": 0,
        "elevationgain_againstdirection": 0,
        "presenceofcyclelane_updatedate": "2025-07-29",
        "presenceofstreetlight_coverage": "Fully Unlit",
        "presenceofcyclelane_evidencedate": "2025-04-02",
        "presenceofstreetlight_updatedate": "2025-05-30",
        "presenceofcyclelane_capturemethod": "Automated Process",
        "presenceofcyclelane_indirection_m": 0,
        "presenceofstreetlight_evidencedate": "2023-07-16",
        "presenceofstreetlight_capturemethod": "Automated Process",
        "presenceofcyclelane_overallpercentage": 0,
        "presenceofcyclelane_indirectionpercentage": 0,
        "presenceofcyclelane_inoppositedirection_m": 0,
        "presenceofcyclelane_indirectionsegregated_m": 0,
        "presenceofcyclelane_inoppositedirectionpercentage": 0,
        "presenceofcyclelane_inoppositedirectionsegregated_m": 0
      }
    },
    {
      "id": "a3587de2-ca2a-421b-9ce1-97cfbef65d30",
      "type": "Feature",
      "geometry": {
        "type": "LineString",
        "coordinates": [
          [
            -1.4636954,
            50.9401059
          ],
          [
            -1.463835,
            50.9401636
          ],
          [
            -1.4639493,
            50.9402135
          ],
          [
            -1.4640973,
            50.9402779
          ],
          [
            -1.464146,
            50.9402977
          ],
          [
            -1.4642841,
            50.9403215
          ],
          [
            -1.464328,
            50.9403357
          ]
        ]
      },
      "properties": {
        "osid": "a3587de2-ca2a-421b-9ce1-97cfbef65d30",
        "toid": "osgb4000000080095706",
        "theme": "Transport",
        "endnode": "a68fb146-8056-4d0c-8b38-1004dd8fcb75",
        "startnode": "81209314-80a6-475a-957e-65739a6a173e",
        "changetype": "New",
        "description": "Path",
        "matchstatus": "No Match",
        "surfacetype": "Made Sealed",
        "versiondate": "2025-08-19",
        "pathname1_text": null,
        "pathname2_text": null,
        "heightingmethod": "DTM",
        "geometry_length_m": 51.702,
        "endgradeseparation": 0,
        "pathname1_language": null,
        "pathname2_language": null,
        "alternatename1_text": null,
        "alternatename2_text": null,
        "capturespecification": "Urban",
        "startgradeseparation": 0,
        "versionavailabletodate": null,
        "alternatename1_language": null,
        "alternatename2_language": null,
        "versionavailablefromdate": "2025-08-20T00:00:00Z",
        "elevationgain_indirection": 0.3,
        "presenceofcyclelane_overall_m": 0,
        "elevationgain_againstdirection": 0.2,
        "presenceofcyclelane_updatedate": "2025-07-29",
        "presenceofstreetlight_coverage": "Mostly Unlit",
        "presenceofcyclelane_evidencedate": "2025-04-02",
        "presenceofstreetlight_updatedate": "2025-08-07",
        "presenceofcyclelane_capturemethod": "Automated Process",
        "presenceofcyclelane_indirection_m": 0,
        "presenceofstreetlight_evidencedate": "2024-06-20",
        "presenceofstreetlight_capturemethod": "Automated Process",
        "presenceofcyclelane_overallpercentage": 0,
        "presenceofcyclelane_indirectionpercentage": 0,
        "presenceofcyclelane_inoppositedirection_m": 0,
        "presenceofcyclelane_indirectionsegregated_m": 0,
        "presenceofcyclelane_inoppositedirectionpercentage": 0,
        "presenceofcyclelane_inoppositedirectionsegregated_m": 0
      }
    },
    {
      "id": "a442c935-ba78-4035-935d-1a835bd6c385",
      "type": "Feature",
      "geometry": {
        "type": "LineString",
        "coordinates": [
          [
            -1.4658221,
            50.9408567
          ],
          [
            -1.4657774,
            50.9408836
          ],
          [
            -1.4656533,
            50.9409354
          ],
          [
            -1.4655994,
            50.9409727
          ],
          [
            -1.4655281,
            50.9410166
          ],
          [
            -1.4654509,
            50.9410482
          ]
        ]
      },
      "properties": {
        "osid": "a442c935-ba78-4035-935d-1a835bd6c385",
        "toid": "osgb4000000080096777",
        "theme": "Transport",
        "endnode": "d26e67b9-574a-4059-8a73-f6933d674a2f",
        "startnode": "a292de93-258c-4434-83fc-afcccce737ad",
        "changetype": "New",
        "description": "Path",
        "matchstatus": "No Match",
        "surfacetype": "Made Sealed",
        "versiondate": "2025-08-19",
        "pathname1_text": null,
        "pathname2_text": null,
        "heightingmethod": "DTM",
        "geometry_length_m": 33.867,
        "endgradeseparation": 0,
        "pathname1_language": null,
        "pathname2_language": null,
        "alternatename1_text": null,
        "alternatename2_text": null,
        "capturespecification": "Urban",
        "startgradeseparation": 0,
        "versionavailabletodate": null,
        "alternatename1_language": null,
        "alternatename2_language": null,
        "versionavailablefromdate": "2025-08-20T00:00:00Z",
        "elevationgain_indirection": 0.4,
        "presenceofcyclelane_overall_m": 0,
        "elevationgain_againstdirection": 0.2,
        "presenceofcyclelane_updatedate": "2025-07-29",
        "presenceofstreetlight_coverage": "Fully Unlit",
        "presenceofcyclelane_evidencedate": "2025-04-02",
        "presenceofstreetlight_updatedate": "2025-05-30",
        "presenceofcyclelane_capturemethod": "Automated Process",
        "presenceofcyclelane_indirection_m": 0,
        "presenceofstreetlight_evidencedate": "2023-07-16",
        "presenceofstreetlight_capturemethod": "Automated Process",
        "presenceofcyclelane_overallpercentage": 0,
        "presenceofcyclelane_indirectionpercentage": 0,
        "presenceofcyclelane_inoppositedirection_m": 0,
        "presenceofcyclelane_indirectionsegregated_m": 0,
        "presenceofcyclelane_inoppositedirectionpercentage": 0,
        "presenceofcyclelane_inoppositedirectionsegregated_m": 0
      }
    },
    {
      "id": "a4ce2048-2a7c-42c2-b2a4-34596adc46bc",
      "type": "Feature",
      "geometry": {
        "type": "LineString",
        "coordinates": [
          [
            -1.4666595,
            50.9377404
          ],
          [
            -1.4665939,
            50.937635
          ],
          [
            -1.4665407,
            50.9375955
          ],
          [
            -1.466322,
            50.9374404
          ]
        ]
      },
      "properties": {
        "osid": "a4ce2048-2a7c-42c2-b2a4-34596adc46bc",
        "toid": "osgb4000000067163617",
        "theme": "Transport",
        "endnode": "27844a2e-2258-447e-9324-06d8ba4dffc7",
        "startnode": "b86f4f3f-d2b3-45e2-9789-279e5b9a8ac4",
        "changetype": "New",
        "description": "Path",
        "matchstatus": "No Match",
        "surfacetype": "Made Sealed",
        "versiondate": "2025-08-19",
        "pathname1_text": null,
        "pathname2_text": null,
        "heightingmethod": "DTM",
        "geometry_length_m": 41.463,
        "endgradeseparation": 0,
        "pathname1_language": null,
        "pathname2_language": null,
        "alternatename1_text": null,
        "alternatename2_text": null,
        "capturespecification": "Urban",
        "startgradeseparation": 0,
        "versionavailabletodate": null,
        "alternatename1_language": null,
        "alternatename2_language": null,
        "versionavailablefromdate": "2025-08-20T00:00:00Z",
        "elevationgain_indirection": 0,
        "presenceofcyclelane_overall_m": 0,
        "elevationgain_againstdirection": 0.6,
        "presenceofcyclelane_updatedate": "2025-07-29",
        "presenceofstreetlight_coverage": "Mostly Unlit",
        "presenceofcyclelane_evidencedate": "2025-04-02",
        "presenceofstreetlight_updatedate": "2025-08-07",
        "presenceofcyclelane_capturemethod": "Automated Process",
        "presenceofcyclelane_indirection_m": 0,
        "presenceofstreetlight_evidencedate": "2024-06-20",
        "presenceofstreetlight_capturemethod": "Automated Process",
        "presenceofcyclelane_overallpercentage": 0,
        "presenceofcyclelane_indirectionpercentage": 0,
        "presenceofcyclelane_inoppositedirection_m": 0,
        "presenceofcyclelane_indirectionsegregated_m": 0,
        "presenceofcyclelane_inoppositedirectionpercentage": 0,
        "presenceofcyclelane_inoppositedirectionsegregated_m": 0
      }
    },
    {
      "id": "a8b82193-bb0f-46a7-a4fb-b56c17e394b3",
      "type": "Feature",
      "geometry": {
        "type": "LineString",
        "coordinates": [
          [
            -1.4650426,
            50.9335241
          ],
          [
            -1.464767,
            50.9336971
          ],
          [
            -1.464652,
            50.933762
          ],
          [
            -1.4645544,
            50.9338133
          ],
          [
            -1.4645178,
            50.9338282
          ]
        ]
      },
      "properties": {
        "osid": "a8b82193-bb0f-46a7-a4fb-b56c17e394b3",
        "toid": "osgb4000000068543130",
        "theme": "Transport",
        "endnode": "78e7f5c9-f9b7-4464-b359-649017fc2b51",
        "startnode": "ca91d58c-4bf2-4f47-80cf-fae6910b248e",
        "changetype": "New",
        "description": "Path",
        "matchstatus": "Matched",
        "surfacetype": "Made Sealed",
        "versiondate": "2025-08-19",
        "pathname1_text": null,
        "pathname2_text": null,
        "heightingmethod": "DTM",
        "geometry_length_m": 50.114,
        "endgradeseparation": 0,
        "pathname1_language": null,
        "pathname2_language": null,
        "alternatename1_text": null,
        "alternatename2_text": null,
        "capturespecification": "Urban",
        "startgradeseparation": 0,
        "versionavailabletodate": null,
        "alternatename1_language": null,
        "alternatename2_language": null,
        "versionavailablefromdate": "2025-08-20T00:00:00Z",
        "elevationgain_indirection": 0,
        "presenceofcyclelane_overall_m": 0,
        "elevationgain_againstdirection": 0,
        "presenceofcyclelane_updatedate": "2025-07-29",
        "presenceofstreetlight_coverage": "Fully Lit",
        "presenceofcyclelane_evidencedate": "2025-04-02",
        "presenceofstreetlight_updatedate": "2025-08-07",
        "presenceofcyclelane_capturemethod": "Automated Process",
        "presenceofcyclelane_indirection_m": 0,
        "presenceofstreetlight_evidencedate": "2024-06-20",
        "presenceofstreetlight_capturemethod": "Automated Process",
        "presenceofcyclelane_overallpercentage": 0,
        "presenceofcyclelane_indirectionpercentage": 0,
        "presenceofcyclelane_inoppositedirection_m": 0,
        "presenceofcyclelane_indirectionsegregated_m": 0,
        "presenceofcyclelane_inoppositedirectionpercentage": 0,
        "presenceofcyclelane_inoppositedirectionsegregated_m": 0
      }
    },
    {
      "id": "ad0925e2-a352-4bbd-8083-01d796c71e5e",
      "type": "Feature",
      "geometry": {
        "type": "LineString",
        "coordinates": [
          [
            -1.4644149,
            50.9337405
          ],
          [
            -1.4643795,
            50.9337084
          ],
          [
            -1.4647477,
            50.9335362
          ]
        ]
      },
      "properties": {
        "osid": "ad0925e2-a352-4bbd-8083-01d796c71e5e",
        "toid": "osgb4000000068543129",
        "theme": "Transport",
        "endnode": "064d340a-6086-43b3-a76f-d89c00f15dd0",
        "startnode": "6de1a184-3bfe-41cf-96dd-5128c7dbccc7",
        "changetype": "New",
        "description": "Path",
        "matchstatus": "Matched",
        "surfacetype": "Made Sealed",
        "versiondate": "2025-08-19",
        "pathname1_text": null,
        "pathname2_text": null,
        "heightingmethod": "DTM",
        "geometry_length_m": 36.534,
        "endgradeseparation": 0,
        "pathname1_language": null,
        "pathname2_language": null,
        "alternatename1_text": null,
        "alternatename2_text": null,
        "capturespecification": "Urban",
        "startgradeseparation": 0,
        "versionavailabletodate": null,
        "alternatename1_language": null,
        "alternatename2_language": null,
        "versionavailablefromdate": "2025-08-20T00:00:00Z",
        "elevationgain_indirection": 0,
        "presenceofcyclelane_overall_m": 0,
        "elevationgain_againstdirection": 0,
        "presenceofcyclelane_updatedate": "2025-07-29",
        "presenceofstreetlight_coverage": "Mostly Lit",
        "presenceofcyclelane_evidencedate": "2025-04-02",
        "presenceofstreetlight_updatedate": "2025-08-07",
        "presenceofcyclelane_capturemethod": "Automated Process",
        "presenceofcyclelane_indirection_m": 0,
        "presenceofstreetlight_evidencedate": "2024-06-20",
        "presenceofstreetlight_capturemethod": "Automated Process",
        "presenceofcyclelane_overallpercentage": 0,
        "presenceofcyclelane_indirectionpercentage": 0,
        "presenceofcyclelane_inoppositedirection_m": 0,
        "presenceofcyclelane_indirectionsegregated_m": 0,
        "presenceofcyclelane_inoppositedirectionpercentage": 0,
        "presenceofcyclelane_inoppositedirectionsegregated_m": 0
      }
    },
    {
      "id": "b4cc1a1c-81a2-4b81-b0fa-8aa99bd63a5d",
      "type": "Feature",
      "geometry": {
        "type": "LineString",
        "coordinates": [
          [
            -1.4695352,
            50.9365692
          ],
          [
            -1.4695348,
            50.9365689
          ],
          [
            -1.4695343,
            50.93656
          ],
          [
            -1.4695355,
            50.9365592
          ],
          [
            -1.4695478,
            50.9365504
          ]
        ]
      },
      "properties": {
        "osid": "b4cc1a1c-81a2-4b81-b0fa-8aa99bd63a5d",
        "toid": "osgb5000005317678984",
        "theme": "Transport",
        "endnode": "ef7e7447-e446-483a-8f12-3a6f1431d30a",
        "startnode": "35b93cb9-0874-450b-9223-8ddd9a8148f7",
        "changetype": "New",
        "description": "Path",
        "matchstatus": "No Match",
        "surfacetype": "Made Sealed",
        "versiondate": "2025-08-19",
        "pathname1_text": null,
        "pathname2_text": null,
        "heightingmethod": "DTM",
        "geometry_length_m": 2.46,
        "endgradeseparation": 0,
        "pathname1_language": null,
        "pathname2_language": null,
        "alternatename1_text": null,
        "alternatename2_text": null,
        "capturespecification": "Urban",
        "startgradeseparation": 0,
        "versionavailabletodate": null,
        "alternatename1_language": null,
        "alternatename2_language": null,
        "versionavailablefromdate": "2025-08-20T00:00:00Z",
        "elevationgain_indirection": 0,
        "presenceofcyclelane_overall_m": 0,
        "elevationgain_againstdirection": 0,
        "presenceofcyclelane_updatedate": "2025-07-29",
        "presenceofstreetlight_coverage": "Fully Unlit",
        "presenceofcyclelane_evidencedate": "2025-05-18",
        "presenceofstreetlight_updatedate": "2025-05-30",
        "presenceofcyclelane_capturemethod": "Automated Process",
        "presenceofcyclelane_indirection_m": 0,
        "presenceofstreetlight_evidencedate": "2025-05-18",
        "presenceofstreetlight_capturemethod": "Automated Process",
        "presenceofcyclelane_overallpercentage": 0,
        "presenceofcyclelane_indirectionpercentage": 0,
        "presenceofcyclelane_inoppositedirection_m": 0,
        "presenceofcyclelane_indirectionsegregated_m": 0,
        "presenceofcyclelane_inoppositedirectionpercentage": 0,
        "presenceofcyclelane_inoppositedirectionsegregated_m": 0
      }
    },
    {
      "id": "b61134aa-30a8-4a98-b717-cebc7d0f70a6",
      "type": "Feature",
      "geometry": {
        "type": "LineString",
        "coordinates": [
          [
            -1.4634834,
            50.9360488
          ],
          [
            -1.4636445,
            50.9360952
          ],
          [
            -1.4636796,
            50.9361076
          ],
          [
            -1.4637121,
            50.9361086
          ],
          [
            -1.4637249,
            50.9361043
          ]
        ]
      },
      "properties": {
        "osid": "b61134aa-30a8-4a98-b717-cebc7d0f70a6",
        "toid": "osgb4000000080095590",
        "theme": "Transport",
        "endnode": "e4da02bb-db6d-4f41-8047-f9a65761edfd",
        "startnode": "aced288b-e89e-4cbc-ad8c-78846cd6b87b",
        "changetype": "New",
        "description": "Path With Steps",
        "matchstatus": "No Match",
        "surfacetype": "Made Sealed",
        "versiondate": "2025-08-19",
        "pathname1_text": null,
        "pathname2_text": null,
        "heightingmethod": "Interpolated Bridge",
        "geometry_length_m": 18.572,
        "endgradeseparation": 0,
        "pathname1_language": null,
        "pathname2_language": null,
        "alternatename1_text": null,
        "alternatename2_text": null,
        "capturespecification": "Urban",
        "startgradeseparation": 0,
        "versionavailabletodate": null,
        "alternatename1_language": null,
        "alternatename2_language": null,
        "versionavailablefromdate": "2025-08-20T00:00:00Z",
        "elevationgain_indirection": 2.6,
        "presenceofcyclelane_overall_m": 0,
        "elevationgain_againstdirection": 0,
        "presenceofcyclelane_updatedate": "2025-07-29",
        "presenceofstreetlight_coverage": "Fully Unlit",
        "presenceofcyclelane_evidencedate": "2025-04-02",
        "presenceofstreetlight_updatedate": "2025-05-30",
        "presenceofcyclelane_capturemethod": "Automated Process",
        "presenceofcyclelane_indirection_m": 0,
        "presenceofstreetlight_evidencedate": "2024-07-18",
        "presenceofstreetlight_capturemethod": "Automated Process",
        "presenceofcyclelane_overallpercentage": 0,
        "presenceofcyclelane_indirectionpercentage": 0,
        "presenceofcyclelane_inoppositedirection_m": 0,
        "presenceofcyclelane_indirectionsegregated_m": 0,
        "presenceofcyclelane_inoppositedirectionpercentage": 0,
        "presenceofcyclelane_inoppositedirectionsegregated_m": 0
      }
    },
    {
      "id": "b8b9ab77-8900-40d9-a7bf-8a5d9d086356",
      "type": "Feature",
      "geometry": {
        "type": "LineString",
        "coordinates": [
          [
            -1.4652356,
            50.9380649
          ],
          [
            -1.4652055,
            50.9380483
          ]
        ]
      },
      "properties": {
        "osid": "b8b9ab77-8900-40d9-a7bf-8a5d9d086356",
        "toid": "osgb4000000068707149",
        "theme": "Transport",
        "endnode": "e9799923-baba-484d-b06a-5c20beb13429",
        "startnode": "7840160e-ac60-4a73-a298-3860832b8d8b",
        "changetype": "New",
        "description": "Path",
        "matchstatus": "No Match",
        "surfacetype": "Made Sealed",
        "versiondate": "2025-08-19",
        "pathname1_text": null,
        "pathname2_text": null,
        "heightingmethod": "DTM",
        "geometry_length_m": 2.812,
        "endgradeseparation": 0,
        "pathname1_language": null,
        "pathname2_language": null,
        "alternatename1_text": null,
        "alternatename2_text": null,
        "capturespecification": "Urban",
        "startgradeseparation": 0,
        "versionavailabletodate": null,
        "alternatename1_language": null,
        "alternatename2_language": null,
        "versionavailablefromdate": "2025-08-20T00:00:00Z",
        "elevationgain_indirection": 0,
        "presenceofcyclelane_overall_m": 0,
        "elevationgain_againstdirection": 0,
        "presenceofcyclelane_updatedate": "2025-07-29",
        "presenceofstreetlight_coverage": "Fully Unlit",
        "presenceofcyclelane_evidencedate": "2025-04-02",
        "presenceofstreetlight_updatedate": "2025-05-30",
        "presenceofcyclelane_capturemethod": "Automated Process",
        "presenceofcyclelane_indirection_m": 0,
        "presenceofstreetlight_evidencedate": "2023-07-16",
        "presenceofstreetlight_capturemethod": "Automated Process",
        "presenceofcyclelane_overallpercentage": 0,
        "presenceofcyclelane_indirectionpercentage": 0,
        "presenceofcyclelane_inoppositedirection_m": 0,
        "presenceofcyclelane_indirectionsegregated_m": 0,
        "presenceofcyclelane_inoppositedirectionpercentage": 0,
        "presenceofcyclelane_inoppositedirectionsegregated_m": 0
      }
    },
    {
      "id": "bd8717bd-238d-4131-985c-d099eb547244",
      "type": "Feature",
      "geometry": {
        "type": "LineString",
        "coordinates": [
          [
            -1.4707321,
            50.937249
          ],
          [
            -1.4707428,
            50.9368523
          ]
        ]
      },
      "properties": {
        "osid": "bd8717bd-238d-4131-985c-d099eb547244",
        "toid": "osgb4000000068543121",
        "theme": "Transport",
        "endnode": "0e451baa-36c7-406f-b50d-2c02dfe87b66",
        "startnode": "a4243f6c-70fe-4814-9f73-24f086ed8ff6",
        "changetype": "New",
        "description": "Path",
        "matchstatus": "No Match",
        "surfacetype": "Made Sealed",
        "versiondate": "2025-08-19",
        "pathname1_text": null,
        "pathname2_text": null,
        "heightingmethod": "DTM",
        "geometry_length_m": 44.129,
        "endgradeseparation": 0,
        "pathname1_language": null,
        "pathname2_language": null,
        "alternatename1_text": null,
        "alternatename2_text": null,
        "capturespecification": "Urban",
        "startgradeseparation": 0,
        "versionavailabletodate": null,
        "alternatename1_language": null,
        "alternatename2_language": null,
        "versionavailablefromdate": "2025-08-20T00:00:00Z",
        "elevationgain_indirection": 0,
        "presenceofcyclelane_overall_m": 0,
        "elevationgain_againstdirection": 0.2,
        "presenceofcyclelane_updatedate": "2025-07-29",
        "presenceofstreetlight_coverage": "Fully Unlit",
        "presenceofcyclelane_evidencedate": "2025-04-02",
        "presenceofstreetlight_updatedate": "2025-08-07",
        "presenceofcyclelane_capturemethod": "Automated Process",
        "presenceofcyclelane_indirection_m": 0,
        "presenceofstreetlight_evidencedate": "2024-06-20",
        "presenceofstreetlight_capturemethod": "Automated Process",
        "presenceofcyclelane_overallpercentage": 0,
        "presenceofcyclelane_indirectionpercentage": 0,
        "presenceofcyclelane_inoppositedirection_m": 0,
        "presenceofcyclelane_indirectionsegregated_m": 0,
        "presenceofcyclelane_inoppositedirectionpercentage": 0,
        "presenceofcyclelane_inoppositedirectionsegregated_m": 0
      }
    },
    {
      "id": "bdddaeca-1375-43f8-8ad1-be6621b6cf9d",
      "type": "Feature",
      "geometry": {
        "type": "LineString",
        "coordinates": [
          [
            -1.4661526,
            50.9406298
          ],
          [
            -1.4659658,
            50.9405055
          ]
        ]
      },
      "properties": {
        "osid": "bdddaeca-1375-43f8-8ad1-be6621b6cf9d",
        "toid": "osgb4000000080095689",
        "theme": "Transport",
        "endnode": "90c2200f-2c50-4724-b647-b0c42cc6ddf8",
        "startnode": "6d40a369-8c4b-432d-bd93-15980fce77e6",
        "changetype": "New",
        "description": "Path",
        "matchstatus": "No Match",
        "surfacetype": "Made Sealed",
        "versiondate": "2025-08-19",
        "pathname1_text": null,
        "pathname2_text": null,
        "heightingmethod": "DTM",
        "geometry_length_m": 19.053,
        "endgradeseparation": 0,
        "pathname1_language": null,
        "pathname2_language": null,
        "alternatename1_text": null,
        "alternatename2_text": null,
        "capturespecification": "Urban",
        "startgradeseparation": 0,
        "versionavailabletodate": null,
        "alternatename1_language": null,
        "alternatename2_language": null,
        "versionavailablefromdate": "2025-08-20T00:00:00Z",
        "elevationgain_indirection": 0.6,
        "presenceofcyclelane_overall_m": 0,
        "elevationgain_againstdirection": 0,
        "presenceofcyclelane_updatedate": "2025-07-29",
        "presenceofstreetlight_coverage": "Fully Unlit",
        "presenceofcyclelane_evidencedate": "2025-04-02",
        "presenceofstreetlight_updatedate": "2025-05-30",
        "presenceofcyclelane_capturemethod": "Automated Process",
        "presenceofcyclelane_indirection_m": 0,
        "presenceofstreetlight_evidencedate": "2023-07-16",
        "presenceofstreetlight_capturemethod": "Automated Process",
        "presenceofcyclelane_overallpercentage": 0,
        "presenceofcyclelane_indirectionpercentage": 0,
        "presenceofcyclelane_inoppositedirection_m": 0,
        "presenceofcyclelane_indirectionsegregated_m": 0,
        "presenceofcyclelane_inoppositedirectionpercentage": 0,
        "presenceofcyclelane_inoppositedirectionsegregated_m": 0
      }
    },
    {
      "id": "c163368a-3808-4728-8a14-654c90fe0895",
      "type": "Feature",
      "geometry": {
        "type": "LineString",
        "coordinates": [
          [
            -1.466106,
            50.9366099
          ],
          [
            -1.4667606,
            50.9366117
          ],
          [
            -1.4668674,
            50.936634
          ],
          [
            -1.4669556,
            50.9366652
          ],
          [
            -1.46698,
            50.9366771
          ]
        ]
      },
      "properties": {
        "osid": "c163368a-3808-4728-8a14-654c90fe0895",
        "toid": "osgb4000000067168738",
        "theme": "Transport",
        "endnode": "69e9eba2-58e7-49a6-8a40-cc26576bc75b",
        "startnode": "511e6c68-9c35-403b-81ae-ae9320367e8b",
        "changetype": "New",
        "description": "Path",
        "matchstatus": "Matched",
        "surfacetype": "Made Sealed",
        "versiondate": "2025-08-19",
        "pathname1_text": "DANEBURY WAY",
        "pathname2_text": null,
        "heightingmethod": "DTM",
        "geometry_length_m": 63.174,
        "endgradeseparation": 0,
        "pathname1_language": null,
        "pathname2_language": null,
        "alternatename1_text": null,
        "alternatename2_text": null,
        "capturespecification": "Urban",
        "startgradeseparation": 0,
        "versionavailabletodate": null,
        "alternatename1_language": null,
        "alternatename2_language": null,
        "versionavailablefromdate": "2025-08-20T00:00:00Z",
        "elevationgain_indirection": 0,
        "presenceofcyclelane_overall_m": 0,
        "elevationgain_againstdirection": 1,
        "presenceofcyclelane_updatedate": "2025-07-29",
        "presenceofstreetlight_coverage": "Fully Lit",
        "presenceofcyclelane_evidencedate": "2025-04-02",
        "presenceofstreetlight_updatedate": "2025-08-07",
        "presenceofcyclelane_capturemethod": "Automated Process",
        "presenceofcyclelane_indirection_m": 0,
        "presenceofstreetlight_evidencedate": "2024-06-20",
        "presenceofstreetlight_capturemethod": "Automated Process",
        "presenceofcyclelane_overallpercentage": 0,
        "presenceofcyclelane_indirectionpercentage": 0,
        "presenceofcyclelane_inoppositedirection_m": 0,
        "presenceofcyclelane_indirectionsegregated_m": 0,
        "presenceofcyclelane_inoppositedirectionpercentage": 0,
        "presenceofcyclelane_inoppositedirectionsegregated_m": 0
      }
    },
    {
      "id": "c322e6ce-c9c8-4443-8da9-ebd6bf734e50",
      "type": "Feature",
      "geometry": {
        "type": "LineString",
        "coordinates": [
          [
            -1.4744006,
            50.944297
          ],
          [
            -1.4744717,
            50.9442582
          ],
          [
            -1.4745031,
            50.9442193
          ],
          [
            -1.4745257,
            50.9441747
          ],
          [
            -1.4745263,
            50.9441217
          ],
          [
            -1.4745048,
            50.944063
          ],
          [
            -1.4742142,
            50.9435871
          ],
          [
            -1.4740612,
            50.9434441
          ],
          [
            -1.4739171,
            50.9432955
          ],
          [
            -1.4738468,
            50.9432589
          ],
          [
            -1.4736709,
            50.9431855
          ],
          [
            -1.4735348,
            50.9431095
          ],
          [
            -1.4734737,
            50.9430395
          ],
          [
            -1.4732686,
            50.9428152
          ],
          [
            -1.4732081,
            50.9426949
          ],
          [
            -1.4731959,
            50.9426028
          ],
          [
            -1.4732186,
            50.942547
          ],
          [
            -1.4733215,
            50.9424331
          ],
          [
            -1.4734288,
            50.9423191
          ],
          [
            -1.4734916,
            50.9422412
          ],
          [
            -1.4735012,
            50.9421715
          ],
          [
            -1.4735067,
            50.9420794
          ],
          [
            -1.4734721,
            50.942015
          ],
          [
            -1.473404,
            50.941879
          ],
          [
            -1.4733097,
            50.9416061
          ],
          [
            -1.4731821,
            50.9412451
          ],
          [
            -1.473053,
            50.9408069
          ],
          [
            -1.4729673,
            50.9404965
          ],
          [
            -1.4727664,
            50.9398982
          ],
          [
            -1.4725785,
            50.9393213
          ],
          [
            -1.4725347,
            50.9391519
          ],
          [
            -1.4725068,
            50.9389291
          ],
          [
            -1.4725144,
            50.9388756
          ],
          [
            -1.4725079,
            50.9388306
          ],
          [
            -1.4724843,
            50.9388212
          ]
        ]
      },
      "properties": {
        "osid": "c322e6ce-c9c8-4443-8da9-ebd6bf734e50",
        "toid": "osgb4000000068538850",
        "theme": "Transport",
        "endnode": "f9fc4d33-e0f1-4980-9a1a-210e876ce1a5",
        "startnode": "a1ebee1a-a8e6-451a-b421-252f58960900",
        "changetype": "New",
        "description": "Path",
        "matchstatus": "No Match",
        "surfacetype": "Made Sealed",
        "versiondate": "2025-08-19",
        "pathname1_text": null,
        "pathname2_text": null,
        "heightingmethod": "DTM",
        "geometry_length_m": 654.685,
        "endgradeseparation": 0,
        "pathname1_language": null,
        "pathname2_language": null,
        "alternatename1_text": null,
        "alternatename2_text": null,
        "capturespecification": "Rural",
        "startgradeseparation": 0,
        "versionavailabletodate": null,
        "alternatename1_language": null,
        "alternatename2_language": null,
        "versionavailablefromdate": "2025-08-20T00:00:00Z",
        "elevationgain_indirection": 0.8,
        "presenceofcyclelane_overall_m": 0,
        "elevationgain_againstdirection": 6.2,
        "presenceofcyclelane_updatedate": "2025-07-29",
        "presenceofstreetlight_coverage": "Mostly Unlit",
        "presenceofcyclelane_evidencedate": "2025-04-02",
        "presenceofstreetlight_updatedate": "2025-08-07",
        "presenceofcyclelane_capturemethod": "Automated Process",
        "presenceofcyclelane_indirection_m": 0,
        "presenceofstreetlight_evidencedate": "2024-09-21",
        "presenceofstreetlight_capturemethod": "Automated Process",
        "presenceofcyclelane_overallpercentage": 0,
        "presenceofcyclelane_indirectionpercentage": 0,
        "presenceofcyclelane_inoppositedirection_m": 0,
        "presenceofcyclelane_indirectionsegregated_m": 0,
        "presenceofcyclelane_inoppositedirectionpercentage": 0,
        "presenceofcyclelane_inoppositedirectionsegregated_m": 0
      }
    },
    {
      "id": "c58d0640-9105-488b-a01c-088958c07140",
      "type": "Feature",
      "geometry": {
        "type": "LineString",
        "coordinates": [
          [
            -1.4642086,
            50.933644
          ],
          [
            -1.4640351,
            50.9337267
          ]
        ]
      },
      "properties": {
        "osid": "c58d0640-9105-488b-a01c-088958c07140",
        "toid": "osgb4000000080095090",
        "theme": "Transport",
        "endnode": "70d71d9a-f37d-43e1-871e-c75846ca6679",
        "startnode": "1788d9bb-e006-4143-8dd7-083866b5619f",
        "changetype": "New",
        "description": "Path",
        "matchstatus": "No Match",
        "surfacetype": "Made Sealed",
        "versiondate": "2025-08-19",
        "pathname1_text": null,
        "pathname2_text": null,
        "heightingmethod": "DTM",
        "geometry_length_m": 15.269,
        "endgradeseparation": 0,
        "pathname1_language": null,
        "pathname2_language": null,
        "alternatename1_text": null,
        "alternatename2_text": null,
        "capturespecification": "Urban",
        "startgradeseparation": 0,
        "versionavailabletodate": null,
        "alternatename1_language": null,
        "alternatename2_language": null,
        "versionavailablefromdate": "2025-08-20T00:00:00Z",
        "elevationgain_indirection": 0.1,
        "presenceofcyclelane_overall_m": 0,
        "elevationgain_againstdirection": 0,
        "presenceofcyclelane_updatedate": "2025-07-29",
        "presenceofstreetlight_coverage": "Mostly Unlit",
        "presenceofcyclelane_evidencedate": "2025-04-02",
        "presenceofstreetlight_updatedate": "2025-08-07",
        "presenceofcyclelane_capturemethod": "Automated Process",
        "presenceofcyclelane_indirection_m": 0,
        "presenceofstreetlight_evidencedate": "2024-06-20",
        "presenceofstreetlight_capturemethod": "Automated Process",
        "presenceofcyclelane_overallpercentage": 0,
        "presenceofcyclelane_indirectionpercentage": 0,
        "presenceofcyclelane_inoppositedirection_m": 0,
        "presenceofcyclelane_indirectionsegregated_m": 0,
        "presenceofcyclelane_inoppositedirectionpercentage": 0,
        "presenceofcyclelane_inoppositedirectionsegregated_m": 0
      }
    },
    {
      "id": "c75b02b5-b568-43bb-94b6-8b81dfbbee3b",
      "type": "Feature",
      "geometry": {
        "type": "LineString",
        "coordinates": [
          [
            -1.4644149,
            50.9337405
          ],
          [
            -1.464157,
            50.9338626
          ]
        ]
      },
      "properties": {
        "osid": "c75b02b5-b568-43bb-94b6-8b81dfbbee3b",
        "toid": "osgb4000000067166142",
        "theme": "Transport",
        "endnode": "63b00315-0084-489c-b678-fb439c2c48a9",
        "startnode": "6de1a184-3bfe-41cf-96dd-5128c7dbccc7",
        "changetype": "New",
        "description": "Path",
        "matchstatus": "Matched",
        "surfacetype": "Made Sealed",
        "versiondate": "2025-08-19",
        "pathname1_text": null,
        "pathname2_text": null,
        "heightingmethod": "DTM",
        "geometry_length_m": 22.655,
        "endgradeseparation": 0,
        "pathname1_language": null,
        "pathname2_language": null,
        "alternatename1_text": null,
        "alternatename2_text": null,
        "capturespecification": "Urban",
        "startgradeseparation": 0,
        "versionavailabletodate": null,
        "alternatename1_language": null,
        "alternatename2_language": null,
        "versionavailablefromdate": "2025-08-20T00:00:00Z",
        "elevationgain_indirection": 0.1,
        "presenceofcyclelane_overall_m": 0,
        "elevationgain_againstdirection": 0,
        "presenceofcyclelane_updatedate": "2025-07-29",
        "presenceofstreetlight_coverage": "Fully Lit",
        "presenceofcyclelane_evidencedate": "2025-04-02",
        "presenceofstreetlight_updatedate": "2025-08-07",
        "presenceofcyclelane_capturemethod": "Automated Process",
        "presenceofcyclelane_indirection_m": 0,
        "presenceofstreetlight_evidencedate": "2024-06-20",
        "presenceofstreetlight_capturemethod": "Automated Process",
        "presenceofcyclelane_overallpercentage": 0,
        "presenceofcyclelane_indirectionpercentage": 0,
        "presenceofcyclelane_inoppositedirection_m": 0,
        "presenceofcyclelane_indirectionsegregated_m": 0,
        "presenceofcyclelane_inoppositedirectionpercentage": 0,
        "presenceofcyclelane_inoppositedirectionsegregated_m": 0
      }
    },
    {
      "id": "c9319baf-c1bd-4f7a-8607-6a3067f26af7",
      "type": "Feature",
      "geometry": {
        "type": "LineString",
        "coordinates": [
          [
            -1.4664916,
            50.9389678
          ],
          [
            -1.4667308,
            50.9388652
          ]
        ]
      },
      "properties": {
        "osid": "c9319baf-c1bd-4f7a-8607-6a3067f26af7",
        "toid": "osgb4000000080749139",
        "theme": "Transport",
        "endnode": "250dafcd-e2cd-4009-9c3c-2b8b2661dc65",
        "startnode": "87d4b343-93bb-4e88-949a-e301b4861311",
        "changetype": "New",
        "description": "Path",
        "matchstatus": "No Match",
        "surfacetype": "Made Sealed",
        "versiondate": "2025-08-19",
        "pathname1_text": null,
        "pathname2_text": null,
        "heightingmethod": "DTM",
        "geometry_length_m": 20.315,
        "endgradeseparation": 0,
        "pathname1_language": null,
        "pathname2_language": null,
        "alternatename1_text": null,
        "alternatename2_text": null,
        "capturespecification": "Urban",
        "startgradeseparation": 0,
        "versionavailabletodate": null,
        "alternatename1_language": null,
        "alternatename2_language": null,
        "versionavailablefromdate": "2025-08-20T00:00:00Z",
        "elevationgain_indirection": 0,
        "presenceofcyclelane_overall_m": 0,
        "elevationgain_againstdirection": 1.7,
        "presenceofcyclelane_updatedate": "2025-07-29",
        "presenceofstreetlight_coverage": "Fully Unlit",
        "presenceofcyclelane_evidencedate": "2025-04-02",
        "presenceofstreetlight_updatedate": "2025-05-30",
        "presenceofcyclelane_capturemethod": "Automated Process",
        "presenceofcyclelane_indirection_m": 0,
        "presenceofstreetlight_evidencedate": "2023-07-16",
        "presenceofstreetlight_capturemethod": "Automated Process",
        "presenceofcyclelane_overallpercentage": 0,
        "presenceofcyclelane_indirectionpercentage": 0,
        "presenceofcyclelane_inoppositedirection_m": 0,
        "presenceofcyclelane_indirectionsegregated_m": 0,
        "presenceofcyclelane_inoppositedirectionpercentage": 0,
        "presenceofcyclelane_inoppositedirectionsegregated_m": 0
      }
    },
    {
      "id": "ca83bafb-6fcd-45b5-af06-1e76e1dc1d9f",
      "type": "Feature",
      "geometry": {
        "type": "LineString",
        "coordinates": [
          [
            -1.46698,
            50.9366771
          ],
          [
            -1.4673171,
            50.9363153
          ],
          [
            -1.4674156,
            50.9362001
          ]
        ]
      },
      "properties": {
        "osid": "ca83bafb-6fcd-45b5-af06-1e76e1dc1d9f",
        "toid": "osgb4000000072927557",
        "theme": "Transport",
        "endnode": "ae451de4-7eea-4444-bf4f-f59fa1f58f41",
        "startnode": "69e9eba2-58e7-49a6-8a40-cc26576bc75b",
        "changetype": "New",
        "description": "Path",
        "matchstatus": "Matched",
        "surfacetype": "Made Sealed",
        "versiondate": "2025-08-19",
        "pathname1_text": "DANEBURY WAY",
        "pathname2_text": null,
        "heightingmethod": "DTM",
        "geometry_length_m": 61.257,
        "endgradeseparation": 0,
        "pathname1_language": null,
        "pathname2_language": null,
        "alternatename1_text": null,
        "alternatename2_text": null,
        "capturespecification": "Urban",
        "startgradeseparation": 0,
        "versionavailabletodate": null,
        "alternatename1_language": null,
        "alternatename2_language": null,
        "versionavailablefromdate": "2025-08-20T00:00:00Z",
        "elevationgain_indirection": 0,
        "presenceofcyclelane_overall_m": 0,
        "elevationgain_againstdirection": 0.7,
        "presenceofcyclelane_updatedate": "2025-07-29",
        "presenceofstreetlight_coverage": "Fully Lit",
        "presenceofcyclelane_evidencedate": "2025-04-02",
        "presenceofstreetlight_updatedate": "2025-08-07",
        "presenceofcyclelane_capturemethod": "Automated Process",
        "presenceofcyclelane_indirection_m": 0,
        "presenceofstreetlight_evidencedate": "2024-06-20",
        "presenceofstreetlight_capturemethod": "Automated Process",
        "presenceofcyclelane_overallpercentage": 0,
        "presenceofcyclelane_indirectionpercentage": 0,
        "presenceofcyclelane_inoppositedirection_m": 0,
        "presenceofcyclelane_indirectionsegregated_m": 0,
        "presenceofcyclelane_inoppositedirectionpercentage": 0,
        "presenceofcyclelane_inoppositedirectionsegregated_m": 0
      }
    },
    {
      "id": "d1322e4a-fbaf-4b5c-9957-85219776b022",
      "type": "Feature",
      "geometry": {
        "type": "LineString",
        "coordinates": [
          [
            -1.466824,
            50.9393634
          ],
          [
            -1.4668436,
            50.939385
          ],
          [
            -1.4668557,
            50.9393963
          ],
          [
            -1.4668754,
            50.9393994
          ],
          [
            -1.4669018,
            50.9393995
          ],
          [
            -1.4669254,
            50.9393942
          ],
          [
            -1.4669793,
            50.9393689
          ],
          [
            -1.4670456,
            50.9393317
          ],
          [
            -1.4671291,
            50.9392804
          ],
          [
            -1.4671605,
            50.9392532
          ],
          [
            -1.4671985,
            50.9392212
          ],
          [
            -1.4672165,
            50.9392106
          ],
          [
            -1.4672978,
            50.9391753
          ],
          [
            -1.4673225,
            50.9391581
          ],
          [
            -1.4673339,
            50.9391505
          ],
          [
            -1.4673378,
            50.9391433
          ],
          [
            -1.4673378,
            50.9391362
          ],
          [
            -1.467337,
            50.9391255
          ],
          [
            -1.4672951,
            50.9390872
          ]
        ]
      },
      "properties": {
        "osid": "d1322e4a-fbaf-4b5c-9957-85219776b022",
        "toid": "osgb4000000080095208",
        "theme": "Transport",
        "endnode": "bc8af9a7-d651-4e20-a523-edfff2187efa",
        "startnode": "a2f3d5a6-e359-4d85-aefa-9ce73850f7c7",
        "changetype": "New",
        "description": "Path",
        "matchstatus": "No Match",
        "surfacetype": "Made Sealed",
        "versiondate": "2025-08-19",
        "pathname1_text": null,
        "pathname2_text": null,
        "heightingmethod": "DTM",
        "geometry_length_m": 57.056,
        "endgradeseparation": 0,
        "pathname1_language": null,
        "pathname2_language": null,
        "alternatename1_text": null,
        "alternatename2_text": null,
        "capturespecification": "Urban",
        "startgradeseparation": 0,
        "versionavailabletodate": null,
        "alternatename1_language": null,
        "alternatename2_language": null,
        "versionavailablefromdate": "2025-08-20T00:00:00Z",
        "elevationgain_indirection": 0.1,
        "presenceofcyclelane_overall_m": 0,
        "elevationgain_againstdirection": 2.3,
        "presenceofcyclelane_updatedate": "2025-07-29",
        "presenceofstreetlight_coverage": "Fully Unlit",
        "presenceofcyclelane_evidencedate": "2025-04-02",
        "presenceofstreetlight_updatedate": "2025-05-30",
        "presenceofcyclelane_capturemethod": "Automated Process",
        "presenceofcyclelane_indirection_m": 0,
        "presenceofstreetlight_evidencedate": "2023-07-16",
        "presenceofstreetlight_capturemethod": "Automated Process",
        "presenceofcyclelane_overallpercentage": 0,
        "presenceofcyclelane_indirectionpercentage": 0,
        "presenceofcyclelane_inoppositedirection_m": 0,
        "presenceofcyclelane_indirectionsegregated_m": 0,
        "presenceofcyclelane_inoppositedirectionpercentage": 0,
        "presenceofcyclelane_inoppositedirectionsegregated_m": 0
      }
    },
    {
      "id": "d42aa5be-70e5-4732-ac03-634b43116c2e",
      "type": "Feature",
      "geometry": {
        "type": "LineString",
        "coordinates": [
          [
            -1.4668739,
            50.938469
          ],
          [
            -1.4670391,
            50.9385097
          ]
        ]
      },
      "properties": {
        "osid": "d42aa5be-70e5-4732-ac03-634b43116c2e",
        "toid": "osgb4000000080749133",
        "theme": "Transport",
        "endnode": "45691cbe-6ce6-449d-af73-bad5efab0212",
        "startnode": "edf8f8eb-b76c-4a7a-ab78-77ffb7604e18",
        "changetype": "New",
        "description": "Path",
        "matchstatus": "No Match",
        "surfacetype": "Made Sealed",
        "versiondate": "2025-08-19",
        "pathname1_text": null,
        "pathname2_text": null,
        "heightingmethod": "DTM",
        "geometry_length_m": 12.462,
        "endgradeseparation": 0,
        "pathname1_language": null,
        "pathname2_language": null,
        "alternatename1_text": null,
        "alternatename2_text": null,
        "capturespecification": "Urban",
        "startgradeseparation": 0,
        "versionavailabletodate": null,
        "alternatename1_language": null,
        "alternatename2_language": null,
        "versionavailablefromdate": "2025-08-20T00:00:00Z",
        "elevationgain_indirection": 0,
        "presenceofcyclelane_overall_m": 0,
        "elevationgain_againstdirection": 0.6,
        "presenceofcyclelane_updatedate": "2025-07-29",
        "presenceofstreetlight_coverage": "Fully Unlit",
        "presenceofcyclelane_evidencedate": "2025-04-02",
        "presenceofstreetlight_updatedate": "2025-05-30",
        "presenceofcyclelane_capturemethod": "Automated Process",
        "presenceofcyclelane_indirection_m": 0,
        "presenceofstreetlight_evidencedate": "2023-07-16",
        "presenceofstreetlight_capturemethod": "Automated Process",
        "presenceofcyclelane_overallpercentage": 0,
        "presenceofcyclelane_indirectionpercentage": 0,
        "presenceofcyclelane_inoppositedirection_m": 0,
        "presenceofcyclelane_indirectionsegregated_m": 0,
        "presenceofcyclelane_inoppositedirectionpercentage": 0,
        "presenceofcyclelane_inoppositedirectionsegregated_m": 0
      }
    },
    {
      "id": "d539cb33-b191-41b7-976c-72bf72ab7609",
      "type": "Feature",
      "geometry": {
        "type": "LineString",
        "coordinates": [
          [
            -1.4634696,
            50.9341537
          ],
          [
            -1.4630156,
            50.9342716
          ]
        ]
      },
      "properties": {
        "osid": "d539cb33-b191-41b7-976c-72bf72ab7609",
        "toid": "osgb4000000067159241",
        "theme": "Transport",
        "endnode": "70c0f3fb-9e06-49d1-a0e6-fff137fbd169",
        "startnode": "ab819b5d-0903-4c7a-a61a-64174fe65505",
        "changetype": "New",
        "description": "Path",
        "matchstatus": "Matched",
        "surfacetype": "Made Sealed",
        "versiondate": "2025-08-19",
        "pathname1_text": null,
        "pathname2_text": null,
        "heightingmethod": "DTM",
        "geometry_length_m": 34.498,
        "endgradeseparation": 0,
        "pathname1_language": null,
        "pathname2_language": null,
        "alternatename1_text": null,
        "alternatename2_text": null,
        "capturespecification": "Urban",
        "startgradeseparation": 0,
        "versionavailabletodate": null,
        "alternatename1_language": null,
        "alternatename2_language": null,
        "versionavailablefromdate": "2025-08-20T00:00:00Z",
        "elevationgain_indirection": 0.3,
        "presenceofcyclelane_overall_m": 0,
        "elevationgain_againstdirection": 0,
        "presenceofcyclelane_updatedate": "2025-07-29",
        "presenceofstreetlight_coverage": "Mostly Lit",
        "presenceofcyclelane_evidencedate": "2025-04-02",
        "presenceofstreetlight_updatedate": "2025-08-07",
        "presenceofcyclelane_capturemethod": "Automated Process",
        "presenceofcyclelane_indirection_m": 0,
        "presenceofstreetlight_evidencedate": "2024-06-20",
        "presenceofstreetlight_capturemethod": "Automated Process",
        "presenceofcyclelane_overallpercentage": 0,
        "presenceofcyclelane_indirectionpercentage": 0,
        "presenceofcyclelane_inoppositedirection_m": 0,
        "presenceofcyclelane_indirectionsegregated_m": 0,
        "presenceofcyclelane_inoppositedirectionpercentage": 0,
        "presenceofcyclelane_inoppositedirectionsegregated_m": 0
      }
    },
    {
      "id": "d58665ed-a162-4a3d-86ec-bef40bc7276e",
      "type": "Feature",
      "geometry": {
        "type": "LineString",
        "coordinates": [
          [
            -1.4663889,
            50.9398747
          ],
          [
            -1.4664071,
            50.9398844
          ],
          [
            -1.4665712,
            50.9399091
          ],
          [
            -1.4666885,
            50.940072
          ],
          [
            -1.4667519,
            50.9401576
          ],
          [
            -1.466805,
            50.9402103
          ],
          [
            -1.4669235,
            50.9403204
          ],
          [
            -1.4670297,
            50.9404173
          ],
          [
            -1.4671269,
            50.9405091
          ],
          [
            -1.4671665,
            50.9405528
          ],
          [
            -1.4672123,
            50.9406051
          ],
          [
            -1.4672906,
            50.940715
          ],
          [
            -1.4673457,
            50.9407895
          ],
          [
            -1.4674014,
            50.9408608
          ],
          [
            -1.4674867,
            50.9409551
          ],
          [
            -1.4675296,
            50.9410106
          ],
          [
            -1.4675406,
            50.941031
          ],
          [
            -1.4675539,
            50.9410617
          ]
        ]
      },
      "properties": {
        "osid": "d58665ed-a162-4a3d-86ec-bef40bc7276e",
        "toid": "osgb4000000081144287",
        "theme": "Transport",
        "endnode": "52649e7f-218c-463d-aad9-914eb83d1468",
        "startnode": "e8ac6aa5-a993-4c81-af47-a69784baf797",
        "changetype": "New",
        "description": "Path",
        "matchstatus": "No Match",
        "surfacetype": "Made Unsealed",
        "versiondate": "2025-08-19",
        "pathname1_text": null,
        "pathname2_text": null,
        "heightingmethod": "DTM",
        "geometry_length_m": 159.605,
        "endgradeseparation": 0,
        "pathname1_language": null,
        "pathname2_language": null,
        "alternatename1_text": null,
        "alternatename2_text": null,
        "capturespecification": "Urban",
        "startgradeseparation": 0,
        "versionavailabletodate": null,
        "alternatename1_language": null,
        "alternatename2_language": null,
        "versionavailablefromdate": "2025-08-20T00:00:00Z",
        "elevationgain_indirection": 0.1,
        "presenceofcyclelane_overall_m": 0,
        "elevationgain_againstdirection": 3.2,
        "presenceofcyclelane_updatedate": "2025-07-29",
        "presenceofstreetlight_coverage": "Fully Unlit",
        "presenceofcyclelane_evidencedate": "2025-04-02",
        "presenceofstreetlight_updatedate": "2025-05-30",
        "presenceofcyclelane_capturemethod": "Automated Process",
        "presenceofcyclelane_indirection_m": 0,
        "presenceofstreetlight_evidencedate": "2023-07-16",
        "presenceofstreetlight_capturemethod": "Automated Process",
        "presenceofcyclelane_overallpercentage": 0,
        "presenceofcyclelane_indirectionpercentage": 0,
        "presenceofcyclelane_inoppositedirection_m": 0,
        "presenceofcyclelane_indirectionsegregated_m": 0,
        "presenceofcyclelane_inoppositedirectionpercentage": 0,
        "presenceofcyclelane_inoppositedirectionsegregated_m": 0
      }
    },
    {
      "id": "d810a1d7-05be-42ef-af29-162b2fe1b733",
      "type": "Feature",
      "geometry": {
        "type": "LineString",
        "coordinates": [
          [
            -1.4634626,
            50.9360016
          ],
          [
            -1.4634407,
            50.9360365
          ],
          [
            -1.4634834,
            50.9360488
          ]
        ]
      },
      "properties": {
        "osid": "d810a1d7-05be-42ef-af29-162b2fe1b733",
        "toid": "osgb5000005335708594",
        "theme": "Transport",
        "endnode": "aced288b-e89e-4cbc-ad8c-78846cd6b87b",
        "startnode": "08a58675-a874-4503-8ffc-63a499915109",
        "changetype": "New",
        "description": "Path",
        "matchstatus": "No Match",
        "surfacetype": "Made Sealed",
        "versiondate": "2025-08-19",
        "pathname1_text": null,
        "pathname2_text": null,
        "heightingmethod": "DTM",
        "geometry_length_m": 7.469,
        "endgradeseparation": 0,
        "pathname1_language": null,
        "pathname2_language": null,
        "alternatename1_text": null,
        "alternatename2_text": null,
        "capturespecification": "Urban",
        "startgradeseparation": 0,
        "versionavailabletodate": null,
        "alternatename1_language": null,
        "alternatename2_language": null,
        "versionavailablefromdate": "2025-08-20T00:00:00Z",
        "elevationgain_indirection": 0.1,
        "presenceofcyclelane_overall_m": 0,
        "elevationgain_againstdirection": 0.1,
        "presenceofcyclelane_updatedate": "2025-07-29",
        "presenceofstreetlight_coverage": "Fully Unlit",
        "presenceofcyclelane_evidencedate": "2025-04-02",
        "presenceofstreetlight_updatedate": "2025-05-30",
        "presenceofcyclelane_capturemethod": "Automated Process",
        "presenceofcyclelane_indirection_m": 0,
        "presenceofstreetlight_evidencedate": "2024-07-18",
        "presenceofstreetlight_capturemethod": "Automated Process",
        "presenceofcyclelane_overallpercentage": 0,
        "presenceofcyclelane_indirectionpercentage": 0,
        "presenceofcyclelane_inoppositedirection_m": 0,
        "presenceofcyclelane_indirectionsegregated_m": 0,
        "presenceofcyclelane_inoppositedirectionpercentage": 0,
        "presenceofcyclelane_inoppositedirectionsegregated_m": 0
      }
    },
    {
      "id": "d9fa1533-3029-47dc-95b6-15b0caeb8fbd",
      "type": "Feature",
      "geometry": {
        "type": "LineString",
        "coordinates": [
          [
            -1.4656472,
            50.9379999
          ],
          [
            -1.4656098,
            50.937948
          ]
        ]
      },
      "properties": {
        "osid": "d9fa1533-3029-47dc-95b6-15b0caeb8fbd",
        "toid": "osgb4000000080749114",
        "theme": "Transport",
        "endnode": "2bee93ae-b6e5-44b6-84d2-34ebed0f0f64",
        "startnode": "a29edca5-1ce7-444a-85a9-4281cf92e55d",
        "changetype": "New",
        "description": "Path",
        "matchstatus": "No Match",
        "surfacetype": "Made Sealed",
        "versiondate": "2025-08-19",
        "pathname1_text": null,
        "pathname2_text": null,
        "heightingmethod": "DTM",
        "geometry_length_m": 6.337,
        "endgradeseparation": 0,
        "pathname1_language": null,
        "pathname2_language": null,
        "alternatename1_text": null,
        "alternatename2_text": null,
        "capturespecification": "Urban",
        "startgradeseparation": 0,
        "versionavailabletodate": null,
        "alternatename1_language": null,
        "alternatename2_language": null,
        "versionavailablefromdate": "2025-08-20T00:00:00Z",
        "elevationgain_indirection": 0,
        "presenceofcyclelane_overall_m": 0,
        "elevationgain_againstdirection": 0.6,
        "presenceofcyclelane_updatedate": "2025-07-29",
        "presenceofstreetlight_coverage": "Fully Unlit",
        "presenceofcyclelane_evidencedate": "2025-04-02",
        "presenceofstreetlight_updatedate": "2025-05-30",
        "presenceofcyclelane_capturemethod": "Automated Process",
        "presenceofcyclelane_indirection_m": 0,
        "presenceofstreetlight_evidencedate": "2023-07-16",
        "presenceofstreetlight_capturemethod": "Automated Process",
        "presenceofcyclelane_overallpercentage": 0,
        "presenceofcyclelane_indirectionpercentage": 0,
        "presenceofcyclelane_inoppositedirection_m": 0,
        "presenceofcyclelane_indirectionsegregated_m": 0,
        "presenceofcyclelane_inoppositedirectionpercentage": 0,
        "presenceofcyclelane_inoppositedirectionsegregated_m": 0
      }
    },
    {
      "id": "da4dc0e4-0295-4e91-9e59-e39c15a51ad4",
      "type": "Feature",
      "geometry": {
        "type": "LineString",
        "coordinates": [
          [
            -1.4640995,
            50.9338932
          ],
          [
            -1.4640908,
            50.9339094
          ],
          [
            -1.4639632,
            50.9340339
          ]
        ]
      },
      "properties": {
        "osid": "da4dc0e4-0295-4e91-9e59-e39c15a51ad4",
        "toid": "osgb4000000067159668",
        "theme": "Transport",
        "endnode": "32bd1738-7701-4e65-8662-fb8debb1ed10",
        "startnode": "5c55861a-5477-4308-94a8-a946985a01dd",
        "changetype": "New",
        "description": "Path",
        "matchstatus": "Matched",
        "surfacetype": "Made Sealed",
        "versiondate": "2025-08-19",
        "pathname1_text": null,
        "pathname2_text": null,
        "heightingmethod": "DTM",
        "geometry_length_m": 18.399,
        "endgradeseparation": 0,
        "pathname1_language": null,
        "pathname2_language": null,
        "alternatename1_text": null,
        "alternatename2_text": null,
        "capturespecification": "Urban",
        "startgradeseparation": 0,
        "versionavailabletodate": null,
        "alternatename1_language": null,
        "alternatename2_language": null,
        "versionavailablefromdate": "2025-08-20T00:00:00Z",
        "elevationgain_indirection": 0,
        "presenceofcyclelane_overall_m": 0,
        "elevationgain_againstdirection": 0.1,
        "presenceofcyclelane_updatedate": "2025-07-29",
        "presenceofstreetlight_coverage": "Fully Lit",
        "presenceofcyclelane_evidencedate": "2025-04-02",
        "presenceofstreetlight_updatedate": "2025-08-07",
        "presenceofcyclelane_capturemethod": "Automated Process",
        "presenceofcyclelane_indirection_m": 0,
        "presenceofstreetlight_evidencedate": "2024-06-20",
        "presenceofstreetlight_capturemethod": "Automated Process",
        "presenceofcyclelane_overallpercentage": 0,
        "presenceofcyclelane_indirectionpercentage": 0,
        "presenceofcyclelane_inoppositedirection_m": 0,
        "presenceofcyclelane_indirectionsegregated_m": 0,
        "presenceofcyclelane_inoppositedirectionpercentage": 0,
        "presenceofcyclelane_inoppositedirectionsegregated_m": 0
      }
    },
    {
      "id": "dbba21a1-34d7-42c2-bca8-fb96925a0899",
      "type": "Feature",
      "geometry": {
        "type": "LineString",
        "coordinates": [
          [
            -1.4681213,
            50.9358699
          ],
          [
            -1.4682338,
            50.9359294
          ],
          [
            -1.4683724,
            50.9358245
          ],
          [
            -1.4686671,
            50.9359846
          ],
          [
            -1.4687057,
            50.9359662
          ],
          [
            -1.4687528,
            50.9359993
          ],
          [
            -1.4689518,
            50.9358484
          ],
          [
            -1.4690986,
            50.9359233
          ],
          [
            -1.4691534,
            50.9359249
          ]
        ]
      },
      "properties": {
        "osid": "dbba21a1-34d7-42c2-bca8-fb96925a0899",
        "toid": "osgb4000000080095480",
        "theme": "Transport",
        "endnode": "88a97ea4-2d5d-4e0f-94eb-3e7ed62945ab",
        "startnode": "9b09d7c4-09d6-45fa-a414-3dc0217ff78f",
        "changetype": "New",
        "description": "Path",
        "matchstatus": "No Match",
        "surfacetype": "Made Sealed",
        "versiondate": "2025-08-19",
        "pathname1_text": null,
        "pathname2_text": null,
        "heightingmethod": "DTM",
        "geometry_length_m": 100.117,
        "endgradeseparation": 0,
        "pathname1_language": null,
        "pathname2_language": null,
        "alternatename1_text": null,
        "alternatename2_text": null,
        "capturespecification": "Urban",
        "startgradeseparation": 0,
        "versionavailabletodate": null,
        "alternatename1_language": null,
        "alternatename2_language": null,
        "versionavailablefromdate": "2025-08-20T00:00:00Z",
        "elevationgain_indirection": 0.7,
        "presenceofcyclelane_overall_m": 0,
        "elevationgain_againstdirection": 0.2,
        "presenceofcyclelane_updatedate": "2025-07-29",
        "presenceofstreetlight_coverage": "Mostly Unlit",
        "presenceofcyclelane_evidencedate": "2025-04-02",
        "presenceofstreetlight_updatedate": "2025-08-07",
        "presenceofcyclelane_capturemethod": "Automated Process",
        "presenceofcyclelane_indirection_m": 0,
        "presenceofstreetlight_evidencedate": "2024-06-20",
        "presenceofstreetlight_capturemethod": "Automated Process",
        "presenceofcyclelane_overallpercentage": 0,
        "presenceofcyclelane_indirectionpercentage": 0,
        "presenceofcyclelane_inoppositedirection_m": 0,
        "presenceofcyclelane_indirectionsegregated_m": 0,
        "presenceofcyclelane_inoppositedirectionpercentage": 0,
        "presenceofcyclelane_inoppositedirectionsegregated_m": 0
      }
    },
    {
      "id": "dfdf9677-7a0c-4026-bc23-2b5b421155bd",
      "type": "Feature",
      "geometry": {
        "type": "LineString",
        "coordinates": [
          [
            -1.4675309,
            50.9383521
          ],
          [
            -1.4675712,
            50.9383609
          ],
          [
            -1.4677065,
            50.9383902
          ],
          [
            -1.4677871,
            50.9384096
          ],
          [
            -1.4678139,
            50.9384238
          ],
          [
            -1.4678445,
            50.938441
          ],
          [
            -1.4678904,
            50.9384743
          ],
          [
            -1.4679194,
            50.9384983
          ],
          [
            -1.4679799,
            50.9385302
          ],
          [
            -1.468042,
            50.9385582
          ],
          [
            -1.4680888,
            50.938575
          ],
          [
            -1.468151,
            50.9385913
          ],
          [
            -1.4682148,
            50.9386038
          ],
          [
            -1.4683056,
            50.9385395
          ],
          [
            -1.4683344,
            50.9385143
          ],
          [
            -1.4684162,
            50.9384387
          ],
          [
            -1.4684599,
            50.9383839
          ],
          [
            -1.4684984,
            50.9383228
          ],
          [
            -1.4685167,
            50.9382708
          ],
          [
            -1.4685345,
            50.9381978
          ],
          [
            -1.4685379,
            50.9381691
          ],
          [
            -1.4685398,
            50.9381414
          ],
          [
            -1.4685388,
            50.9380883
          ],
          [
            -1.4685308,
            50.9380528
          ],
          [
            -1.4685195,
            50.9380279
          ],
          [
            -1.4684877,
            50.9379796
          ],
          [
            -1.4684749,
            50.9379522
          ],
          [
            -1.4684701,
            50.9379006
          ],
          [
            -1.4684606,
            50.93785
          ],
          [
            -1.4684648,
            50.9378271
          ],
          [
            -1.4684719,
            50.9378086
          ],
          [
            -1.4684837,
            50.9377907
          ],
          [
            -1.4685516,
            50.9377097
          ],
          [
            -1.4687563,
            50.93746
          ],
          [
            -1.4688414,
            50.9373562
          ],
          [
            -1.4689328,
            50.9372519
          ],
          [
            -1.4690022,
            50.9371729
          ],
          [
            -1.4690958,
            50.9370769
          ],
          [
            -1.4691659,
            50.9370077
          ],
          [
            -1.4692522,
            50.9369375
          ],
          [
            -1.4693305,
            50.9368901
          ],
          [
            -1.4694304,
            50.9368434
          ],
          [
            -1.469532,
            50.936784
          ],
          [
            -1.4695453,
            50.9367689
          ],
          [
            -1.4695509,
            50.9367534
          ],
          [
            -1.4695474,
            50.9367203
          ],
          [
            -1.4695525,
            50.9366833
          ],
          [
            -1.4695564,
            50.9366721
          ],
          [
            -1.4695683,
            50.9366444
          ],
          [
            -1.4695738,
            50.9366342
          ],
          [
            -1.4695747,
            50.9366264
          ],
          [
            -1.4695633,
            50.9366128
          ],
          [
            -1.4695638,
            50.9366071
          ],
          [
            -1.4695677,
            50.9366013
          ],
          [
            -1.469571,
            50.9366002
          ],
          [
            -1.4695733,
            50.9366005
          ],
          [
            -1.4695773,
            50.9366018
          ],
          [
            -1.4695794,
            50.9366016
          ],
          [
            -1.4695808,
            50.9366008
          ],
          [
            -1.4695818,
            50.9365993
          ],
          [
            -1.469582,
            50.936598
          ],
          [
            -1.4695816,
            50.9365971
          ],
          [
            -1.4695753,
            50.9365932
          ],
          [
            -1.469556,
            50.9365825
          ],
          [
            -1.4695443,
            50.936575
          ],
          [
            -1.4695352,
            50.9365692
          ]
        ]
      },
      "properties": {
        "osid": "dfdf9677-7a0c-4026-bc23-2b5b421155bd",
        "toid": "osgb4000000068543150",
        "theme": "Transport",
        "endnode": "35b93cb9-0874-450b-9223-8ddd9a8148f7",
        "startnode": "55259110-cd12-4445-bed3-64f49e9d7d15",
        "changetype": "New",
        "description": "Path",
        "matchstatus": "No Match",
        "surfacetype": "Unmade",
        "versiondate": "2025-08-19",
        "pathname1_text": null,
        "pathname2_text": null,
        "heightingmethod": "DTM",
        "geometry_length_m": 317.083,
        "endgradeseparation": 0,
        "pathname1_language": null,
        "pathname2_language": null,
        "alternatename1_text": null,
        "alternatename2_text": null,
        "capturespecification": "Urban",
        "startgradeseparation": 0,
        "versionavailabletodate": null,
        "alternatename1_language": null,
        "alternatename2_language": null,
        "versionavailablefromdate": "2025-08-20T00:00:00Z",
        "elevationgain_indirection": 0.6,
        "presenceofcyclelane_overall_m": 0,
        "elevationgain_againstdirection": 4.3,
        "presenceofcyclelane_updatedate": "2025-07-29",
        "presenceofstreetlight_coverage": "Fully Unlit",
        "presenceofcyclelane_evidencedate": "2025-05-18",
        "presenceofstreetlight_updatedate": "2025-05-30",
        "presenceofcyclelane_capturemethod": "Automated Process",
        "presenceofcyclelane_indirection_m": 0,
        "presenceofstreetlight_evidencedate": "2025-05-18",
        "presenceofstreetlight_capturemethod": "Automated Process",
        "presenceofcyclelane_overallpercentage": 0,
        "presenceofcyclelane_indirectionpercentage": 0,
        "presenceofcyclelane_inoppositedirection_m": 0,
        "presenceofcyclelane_indirectionsegregated_m": 0,
        "presenceofcyclelane_inoppositedirectionpercentage": 0,
        "presenceofcyclelane_inoppositedirectionsegregated_m": 0
      }
    },
    {
      "id": "e071e936-0618-4b04-b102-a90cc55bb23e",
      "type": "Feature",
      "geometry": {
        "type": "LineString",
        "coordinates": [
          [
            -1.4654537,
            50.9382813
          ],
          [
            -1.4654315,
            50.9383133
          ],
          [
            -1.4653646,
            50.9383612
          ],
          [
            -1.4653119,
            50.938402
          ]
        ]
      },
      "properties": {
        "osid": "e071e936-0618-4b04-b102-a90cc55bb23e",
        "toid": "osgb4000000080816533",
        "theme": "Transport",
        "endnode": "c4e47328-bb75-49b9-9786-63d63a90a245",
        "startnode": "f4525523-c2a5-4f1a-935a-11b62e1c35c1",
        "changetype": "New",
        "description": "Path",
        "matchstatus": "No Match",
        "surfacetype": "Made Sealed",
        "versiondate": "2025-08-19",
        "pathname1_text": null,
        "pathname2_text": null,
        "heightingmethod": "DTM",
        "geometry_length_m": 16.843,
        "endgradeseparation": 0,
        "pathname1_language": null,
        "pathname2_language": null,
        "alternatename1_text": null,
        "alternatename2_text": null,
        "capturespecification": "Urban",
        "startgradeseparation": 0,
        "versionavailabletodate": null,
        "alternatename1_language": null,
        "alternatename2_language": null,
        "versionavailablefromdate": "2025-08-20T00:00:00Z",
        "elevationgain_indirection": 0.2,
        "presenceofcyclelane_overall_m": 0,
        "elevationgain_againstdirection": 0,
        "presenceofcyclelane_updatedate": "2025-07-29",
        "presenceofstreetlight_coverage": "Fully Unlit",
        "presenceofcyclelane_evidencedate": "2025-04-02",
        "presenceofstreetlight_updatedate": "2025-05-30",
        "presenceofcyclelane_capturemethod": "Automated Process",
        "presenceofcyclelane_indirection_m": 0,
        "presenceofstreetlight_evidencedate": "2023-07-16",
        "presenceofstreetlight_capturemethod": "Automated Process",
        "presenceofcyclelane_overallpercentage": 0,
        "presenceofcyclelane_indirectionpercentage": 0,
        "presenceofcyclelane_inoppositedirection_m": 0,
        "presenceofcyclelane_indirectionsegregated_m": 0,
        "presenceofcyclelane_inoppositedirectionpercentage": 0,
        "presenceofcyclelane_inoppositedirectionsegregated_m": 0
      }
    },
    {
      "id": "e856544f-f64f-47e4-83f1-83d55e679318",
      "type": "Feature",
      "geometry": {
        "type": "LineString",
        "coordinates": [
          [
            -1.4656379,
            50.9379328
          ],
          [
            -1.4656309,
            50.9379391
          ],
          [
            -1.4656098,
            50.937948
          ]
        ]
      },
      "properties": {
        "osid": "e856544f-f64f-47e4-83f1-83d55e679318",
        "toid": "osgb4000000080749112",
        "theme": "Transport",
        "endnode": "2bee93ae-b6e5-44b6-84d2-34ebed0f0f64",
        "startnode": "a6d2fa01-85eb-467a-90d1-8e956fa25fcc",
        "changetype": "New",
        "description": "Path",
        "matchstatus": "No Match",
        "surfacetype": "Made Sealed",
        "versiondate": "2025-08-19",
        "pathname1_text": null,
        "pathname2_text": null,
        "heightingmethod": "DTM",
        "geometry_length_m": 2.642,
        "endgradeseparation": 0,
        "pathname1_language": null,
        "pathname2_language": null,
        "alternatename1_text": null,
        "alternatename2_text": null,
        "capturespecification": "Urban",
        "startgradeseparation": 0,
        "versionavailabletodate": null,
        "alternatename1_language": null,
        "alternatename2_language": null,
        "versionavailablefromdate": "2025-08-20T00:00:00Z",
        "elevationgain_indirection": 0,
        "presenceofcyclelane_overall_m": 0,
        "elevationgain_againstdirection": 0,
        "presenceofcyclelane_updatedate": "2025-07-29",
        "presenceofstreetlight_coverage": "Fully Unlit",
        "presenceofcyclelane_evidencedate": "2025-04-02",
        "presenceofstreetlight_updatedate": "2025-05-30",
        "presenceofcyclelane_capturemethod": "Automated Process",
        "presenceofcyclelane_indirection_m": 0,
        "presenceofstreetlight_evidencedate": "2023-07-16",
        "presenceofstreetlight_capturemethod": "Automated Process",
        "presenceofcyclelane_overallpercentage": 0,
        "presenceofcyclelane_indirectionpercentage": 0,
        "presenceofcyclelane_inoppositedirection_m": 0,
        "presenceofcyclelane_indirectionsegregated_m": 0,
        "presenceofcyclelane_inoppositedirectionpercentage": 0,
        "presenceofcyclelane_inoppositedirectionsegregated_m": 0
      }
    },
    {
      "id": "e8989709-8d61-4bb9-ad63-fcaeca7c9e01",
      "type": "Feature",
      "geometry": {
        "type": "LineString",
        "coordinates": [
          [
            -1.4674155,
            50.9383937
          ],
          [
            -1.4673891,
            50.9383792
          ],
          [
            -1.4673218,
            50.9383558
          ],
          [
            -1.4671574,
            50.9383123
          ],
          [
            -1.4670717,
            50.9382986
          ],
          [
            -1.4670038,
            50.9383078
          ],
          [
            -1.4669331,
            50.9382998
          ]
        ]
      },
      "properties": {
        "osid": "e8989709-8d61-4bb9-ad63-fcaeca7c9e01",
        "toid": "osgb4000000080749131",
        "theme": "Transport",
        "endnode": "247dce5e-fb6a-42bc-8afa-afe41df85c21",
        "startnode": "b91664c4-a710-4899-826a-9431fc8f014c",
        "changetype": "New",
        "description": "Path",
        "matchstatus": "No Match",
        "surfacetype": "Made Sealed",
        "versiondate": "2025-08-19",
        "pathname1_text": null,
        "pathname2_text": null,
        "heightingmethod": "DTM",
        "geometry_length_m": 36.516,
        "endgradeseparation": 0,
        "pathname1_language": null,
        "pathname2_language": null,
        "alternatename1_text": null,
        "alternatename2_text": null,
        "capturespecification": "Urban",
        "startgradeseparation": 0,
        "versionavailabletodate": null,
        "alternatename1_language": null,
        "alternatename2_language": null,
        "versionavailablefromdate": "2025-08-20T00:00:00Z",
        "elevationgain_indirection": 1.5,
        "presenceofcyclelane_overall_m": 0,
        "elevationgain_againstdirection": 0,
        "presenceofcyclelane_updatedate": "2025-07-29",
        "presenceofstreetlight_coverage": "Fully Unlit",
        "presenceofcyclelane_evidencedate": "2025-04-02",
        "presenceofstreetlight_updatedate": "2025-05-30",
        "presenceofcyclelane_capturemethod": "Automated Process",
        "presenceofcyclelane_indirection_m": 0,
        "presenceofstreetlight_evidencedate": "2023-07-16",
        "presenceofstreetlight_capturemethod": "Automated Process",
        "presenceofcyclelane_overallpercentage": 0,
        "presenceofcyclelane_indirectionpercentage": 0,
        "presenceofcyclelane_inoppositedirection_m": 0,
        "presenceofcyclelane_indirectionsegregated_m": 0,
        "presenceofcyclelane_inoppositedirectionpercentage": 0,
        "presenceofcyclelane_inoppositedirectionsegregated_m": 0
      }
    },
    {
      "id": "e98fd492-1d7f-4bed-aec9-d0623911724b",
      "type": "Feature",
      "geometry": {
        "type": "LineString",
        "coordinates": [
          [
            -1.4656472,
            50.9379999
          ],
          [
            -1.4655941,
            50.9380272
          ],
          [
            -1.4655602,
            50.9380956
          ],
          [
            -1.4655325,
            50.9381497
          ],
          [
            -1.4654537,
            50.9382813
          ]
        ]
      },
      "properties": {
        "osid": "e98fd492-1d7f-4bed-aec9-d0623911724b",
        "toid": "osgb4000000080749120",
        "theme": "Transport",
        "endnode": "f4525523-c2a5-4f1a-935a-11b62e1c35c1",
        "startnode": "a29edca5-1ce7-444a-85a9-4281cf92e55d",
        "changetype": "New",
        "description": "Path",
        "matchstatus": "No Match",
        "surfacetype": "Made Sealed",
        "versiondate": "2025-08-19",
        "pathname1_text": null,
        "pathname2_text": null,
        "heightingmethod": "DTM",
        "geometry_length_m": 34.752,
        "endgradeseparation": 0,
        "pathname1_language": null,
        "pathname2_language": null,
        "alternatename1_text": null,
        "alternatename2_text": null,
        "capturespecification": "Urban",
        "startgradeseparation": 0,
        "versionavailabletodate": null,
        "alternatename1_language": null,
        "alternatename2_language": null,
        "versionavailablefromdate": "2025-08-20T00:00:00Z",
        "elevationgain_indirection": 1,
        "presenceofcyclelane_overall_m": 0,
        "elevationgain_againstdirection": 0,
        "presenceofcyclelane_updatedate": "2025-07-29",
        "presenceofstreetlight_coverage": "Fully Unlit",
        "presenceofcyclelane_evidencedate": "2025-04-02",
        "presenceofstreetlight_updatedate": "2025-05-30",
        "presenceofcyclelane_capturemethod": "Automated Process",
        "presenceofcyclelane_indirection_m": 0,
        "presenceofstreetlight_evidencedate": "2023-07-16",
        "presenceofstreetlight_capturemethod": "Automated Process",
        "presenceofcyclelane_overallpercentage": 0,
        "presenceofcyclelane_indirectionpercentage": 0,
        "presenceofcyclelane_inoppositedirection_m": 0,
        "presenceofcyclelane_indirectionsegregated_m": 0,
        "presenceofcyclelane_inoppositedirectionpercentage": 0,
        "presenceofcyclelane_inoppositedirectionsegregated_m": 0
      }
    },
    {
      "id": "ef93e77b-13d6-4f95-b321-e9b146b848b6",
      "type": "Feature",
      "geometry": {
        "type": "LineString",
        "coordinates": [
          [
            -1.4663025,
            50.9381247
          ],
          [
            -1.4661565,
            50.9381136
          ],
          [
            -1.4660363,
            50.9380873
          ],
          [
            -1.4658786,
            50.9380485
          ],
          [
            -1.4656667,
            50.9380047
          ],
          [
            -1.4656472,
            50.9379999
          ]
        ]
      },
      "properties": {
        "osid": "ef93e77b-13d6-4f95-b321-e9b146b848b6",
        "toid": "osgb4000000080749110",
        "theme": "Transport",
        "endnode": "a29edca5-1ce7-444a-85a9-4281cf92e55d",
        "startnode": "2d0b789d-825b-46f8-90a1-d53983badbd6",
        "changetype": "New",
        "description": "Path",
        "matchstatus": "No Match",
        "surfacetype": "Made Sealed",
        "versiondate": "2025-08-19",
        "pathname1_text": null,
        "pathname2_text": null,
        "heightingmethod": "DTM",
        "geometry_length_m": 48.297,
        "endgradeseparation": 0,
        "pathname1_language": null,
        "pathname2_language": null,
        "alternatename1_text": null,
        "alternatename2_text": null,
        "capturespecification": "Urban",
        "startgradeseparation": 0,
        "versionavailabletodate": null,
        "alternatename1_language": null,
        "alternatename2_language": null,
        "versionavailablefromdate": "2025-08-20T00:00:00Z",
        "elevationgain_indirection": 1.3,
        "presenceofcyclelane_overall_m": 0,
        "elevationgain_againstdirection": 0.4,
        "presenceofcyclelane_updatedate": "2025-07-29",
        "presenceofstreetlight_coverage": "Fully Unlit",
        "presenceofcyclelane_evidencedate": "2025-04-02",
        "presenceofstreetlight_updatedate": "2025-05-30",
        "presenceofcyclelane_capturemethod": "Automated Process",
        "presenceofcyclelane_indirection_m": 0,
        "presenceofstreetlight_evidencedate": "2023-07-16",
        "presenceofstreetlight_capturemethod": "Automated Process",
        "presenceofcyclelane_overallpercentage": 0,
        "presenceofcyclelane_indirectionpercentage": 0,
        "presenceofcyclelane_inoppositedirection_m": 0,
        "presenceofcyclelane_indirectionsegregated_m": 0,
        "presenceofcyclelane_inoppositedirectionpercentage": 0,
        "presenceofcyclelane_inoppositedirectionsegregated_m": 0
      }
    },
    {
      "id": "f1858c7f-2f48-4fa9-966b-5b334d8fc86d",
      "type": "Feature",
      "geometry": {
        "type": "LineString",
        "coordinates": [
          [
            -1.4672567,
            50.9360424
          ],
          [
            -1.4672446,
            50.9361238
          ],
          [
            -1.4670877,
            50.9361183
          ],
          [
            -1.467041,
            50.9361252
          ]
        ]
      },
      "properties": {
        "osid": "f1858c7f-2f48-4fa9-966b-5b334d8fc86d",
        "toid": "osgb4000000072927556",
        "theme": "Transport",
        "endnode": "fb4f40aa-913e-4a14-a408-a1f92f6b7a22",
        "startnode": "22ca0e11-768a-41f0-bfa9-e4a4c812bae2",
        "changetype": "New",
        "description": "Path",
        "matchstatus": "No Match",
        "surfacetype": "Made Sealed",
        "versiondate": "2025-08-19",
        "pathname1_text": null,
        "pathname2_text": null,
        "heightingmethod": "DTM",
        "geometry_length_m": 23.503,
        "endgradeseparation": 0,
        "pathname1_language": null,
        "pathname2_language": null,
        "alternatename1_text": null,
        "alternatename2_text": null,
        "capturespecification": "Urban",
        "startgradeseparation": 0,
        "versionavailabletodate": null,
        "alternatename1_language": null,
        "alternatename2_language": null,
        "versionavailablefromdate": "2025-08-20T00:00:00Z",
        "elevationgain_indirection": 0.1,
        "presenceofcyclelane_overall_m": 0,
        "elevationgain_againstdirection": 0,
        "presenceofcyclelane_updatedate": "2025-07-29",
        "presenceofstreetlight_coverage": "Mostly Unlit",
        "presenceofcyclelane_evidencedate": "2025-04-02",
        "presenceofstreetlight_updatedate": "2025-08-07",
        "presenceofcyclelane_capturemethod": "Automated Process",
        "presenceofcyclelane_indirection_m": 0,
        "presenceofstreetlight_evidencedate": "2024-06-20",
        "presenceofstreetlight_capturemethod": "Automated Process",
        "presenceofcyclelane_overallpercentage": 0,
        "presenceofcyclelane_indirectionpercentage": 0,
        "presenceofcyclelane_inoppositedirection_m": 0,
        "presenceofcyclelane_indirectionsegregated_m": 0,
        "presenceofcyclelane_inoppositedirectionpercentage": 0,
        "presenceofcyclelane_inoppositedirectionsegregated_m": 0
      }
    },
    {
      "id": "f46c07ac-6023-4426-ae80-1f2f049ca5d1",
      "type": "Feature",
      "geometry": {
        "type": "LineString",
        "coordinates": [
          [
            -1.4673092,
            50.9386051
          ],
          [
            -1.4673214,
            50.938589
          ],
          [
            -1.467322,
            50.9385329
          ],
          [
            -1.4673434,
            50.9385082
          ],
          [
            -1.4673831,
            50.9384656
          ],
          [
            -1.4674155,
            50.9383937
          ]
        ]
      },
      "properties": {
        "osid": "f46c07ac-6023-4426-ae80-1f2f049ca5d1",
        "toid": "osgb4000000080749136",
        "theme": "Transport",
        "endnode": "b91664c4-a710-4899-826a-9431fc8f014c",
        "startnode": "423a3860-7e36-4882-b925-73a4835bcf45",
        "changetype": "New",
        "description": "Path",
        "matchstatus": "No Match",
        "surfacetype": "Made Sealed",
        "versiondate": "2025-08-19",
        "pathname1_text": null,
        "pathname2_text": null,
        "heightingmethod": "DTM",
        "geometry_length_m": 25.169,
        "endgradeseparation": 0,
        "pathname1_language": null,
        "pathname2_language": null,
        "alternatename1_text": null,
        "alternatename2_text": null,
        "capturespecification": "Urban",
        "startgradeseparation": 0,
        "versionavailabletodate": null,
        "alternatename1_language": null,
        "alternatename2_language": null,
        "versionavailablefromdate": "2025-08-20T00:00:00Z",
        "elevationgain_indirection": 0,
        "presenceofcyclelane_overall_m": 0,
        "elevationgain_againstdirection": 0.6,
        "presenceofcyclelane_updatedate": "2025-07-29",
        "presenceofstreetlight_coverage": "Fully Unlit",
        "presenceofcyclelane_evidencedate": "2025-04-02",
        "presenceofstreetlight_updatedate": "2025-05-30",
        "presenceofcyclelane_capturemethod": "Automated Process",
        "presenceofcyclelane_indirection_m": 0,
        "presenceofstreetlight_evidencedate": "2023-07-16",
        "presenceofstreetlight_capturemethod": "Automated Process",
        "presenceofcyclelane_overallpercentage": 0,
        "presenceofcyclelane_indirectionpercentage": 0,
        "presenceofcyclelane_inoppositedirection_m": 0,
        "presenceofcyclelane_indirectionsegregated_m": 0,
        "presenceofcyclelane_inoppositedirectionpercentage": 0,
        "presenceofcyclelane_inoppositedirectionsegregated_m": 0
      }
    },
    {
      "id": "f5b658f3-cfe4-42eb-a01d-440110af8014",
      "type": "Feature",
      "geometry": {
        "type": "LineString",
        "coordinates": [
          [
            -1.4642239,
            50.9403925
          ],
          [
            -1.4642151,
            50.9403488
          ],
          [
            -1.4641426,
            50.9403175
          ],
          [
            -1.464093,
            50.9403047
          ],
          [
            -1.4639606,
            50.940422
          ]
        ]
      },
      "properties": {
        "osid": "f5b658f3-cfe4-42eb-a01d-440110af8014",
        "toid": "osgb4000000080095619",
        "theme": "Transport",
        "endnode": "11474440-e887-4fff-a7dd-d103c12a9eab",
        "startnode": "461ec564-424e-4bf7-88e1-7fe3554661cb",
        "changetype": "New",
        "description": "Path",
        "matchstatus": "No Match",
        "surfacetype": "Made Sealed",
        "versiondate": "2025-08-19",
        "pathname1_text": null,
        "pathname2_text": null,
        "heightingmethod": "DTM",
        "geometry_length_m": 30.855,
        "endgradeseparation": 0,
        "pathname1_language": null,
        "pathname2_language": null,
        "alternatename1_text": null,
        "alternatename2_text": null,
        "capturespecification": "Urban",
        "startgradeseparation": 0,
        "versionavailabletodate": null,
        "alternatename1_language": null,
        "alternatename2_language": null,
        "versionavailablefromdate": "2025-08-20T00:00:00Z",
        "elevationgain_indirection": 0.2,
        "presenceofcyclelane_overall_m": 0,
        "elevationgain_againstdirection": 0.1,
        "presenceofcyclelane_updatedate": "2025-07-29",
        "presenceofstreetlight_coverage": "Mostly Lit",
        "presenceofcyclelane_evidencedate": "2025-04-02",
        "presenceofstreetlight_updatedate": "2025-08-07",
        "presenceofcyclelane_capturemethod": "Automated Process",
        "presenceofcyclelane_indirection_m": 0,
        "presenceofstreetlight_evidencedate": "2024-06-20",
        "presenceofstreetlight_capturemethod": "Automated Process",
        "presenceofcyclelane_overallpercentage": 0,
        "presenceofcyclelane_indirectionpercentage": 0,
        "presenceofcyclelane_inoppositedirection_m": 0,
        "presenceofcyclelane_indirectionsegregated_m": 0,
        "presenceofcyclelane_inoppositedirectionpercentage": 0,
        "presenceofcyclelane_inoppositedirectionsegregated_m": 0
      }
    },
    {
      "id": "f73baf17-8b13-49b3-9898-8219cdbdbb79",
      "type": "Feature",
      "geometry": {
        "type": "LineString",
        "coordinates": [
          [
            -1.4680292,
            50.9359432
          ],
          [
            -1.4679473,
            50.9359091
          ]
        ]
      },
      "properties": {
        "osid": "f73baf17-8b13-49b3-9898-8219cdbdbb79",
        "toid": "osgb5000005317678958",
        "theme": "Transport",
        "endnode": "09db3839-2e88-45f7-9d32-e3ffeefeeb32",
        "startnode": "0e183f53-449d-40ff-8a3e-c2a1e4c0a4b0",
        "changetype": "New",
        "description": "Path",
        "matchstatus": "Matched",
        "surfacetype": "Made Sealed",
        "versiondate": "2025-08-19",
        "pathname1_text": "REDBRIDGE LANE",
        "pathname2_text": null,
        "heightingmethod": "DTM",
        "geometry_length_m": 6.888,
        "endgradeseparation": 0,
        "pathname1_language": null,
        "pathname2_language": null,
        "alternatename1_text": null,
        "alternatename2_text": null,
        "capturespecification": "Urban",
        "startgradeseparation": 0,
        "versionavailabletodate": null,
        "alternatename1_language": null,
        "alternatename2_language": null,
        "versionavailablefromdate": "2025-08-20T00:00:00Z",
        "elevationgain_indirection": 0,
        "presenceofcyclelane_overall_m": 0,
        "elevationgain_againstdirection": 0,
        "presenceofcyclelane_updatedate": "2025-07-29",
        "presenceofstreetlight_coverage": "Fully Unlit",
        "presenceofcyclelane_evidencedate": "2025-04-02",
        "presenceofstreetlight_updatedate": "2025-05-30",
        "presenceofcyclelane_capturemethod": "Automated Process",
        "presenceofcyclelane_indirection_m": 0,
        "presenceofstreetlight_evidencedate": "2024-12-14",
        "presenceofstreetlight_capturemethod": "Automated Process",
        "presenceofcyclelane_overallpercentage": 0,
        "presenceofcyclelane_indirectionpercentage": 0,
        "presenceofcyclelane_inoppositedirection_m": 0,
        "presenceofcyclelane_indirectionsegregated_m": 0,
        "presenceofcyclelane_inoppositedirectionpercentage": 0,
        "presenceofcyclelane_inoppositedirectionsegregated_m": 0
      }
    },
    {
      "id": "f7779f5d-2bb5-4b6e-9f99-a6c474f22f42",
      "type": "Feature",
      "geometry": {
        "type": "LineString",
        "coordinates": [
          [
            -1.4662841,
            50.9377783
          ],
          [
            -1.4662981,
            50.9377878
          ],
          [
            -1.4663123,
            50.9378212
          ]
        ]
      },
      "properties": {
        "osid": "f7779f5d-2bb5-4b6e-9f99-a6c474f22f42",
        "toid": "osgb4000000080817494",
        "theme": "Transport",
        "endnode": "e3032019-efd3-4b6d-9536-ea1538028649",
        "startnode": "384c2208-b695-43da-8bf7-0e127c356c2f",
        "changetype": "New",
        "description": "Path",
        "matchstatus": "No Match",
        "surfacetype": "Made Sealed",
        "versiondate": "2025-08-19",
        "pathname1_text": null,
        "pathname2_text": null,
        "heightingmethod": "DTM",
        "geometry_length_m": 5.294,
        "endgradeseparation": 0,
        "pathname1_language": null,
        "pathname2_language": null,
        "alternatename1_text": null,
        "alternatename2_text": null,
        "capturespecification": "Urban",
        "startgradeseparation": 0,
        "versionavailabletodate": null,
        "alternatename1_language": null,
        "alternatename2_language": null,
        "versionavailablefromdate": "2025-08-20T00:00:00Z",
        "elevationgain_indirection": 0.1,
        "presenceofcyclelane_overall_m": 0,
        "elevationgain_againstdirection": 0.1,
        "presenceofcyclelane_updatedate": "2025-07-29",
        "presenceofstreetlight_coverage": "Fully Unlit",
        "presenceofcyclelane_evidencedate": "2025-04-02",
        "presenceofstreetlight_updatedate": "2025-05-30",
        "presenceofcyclelane_capturemethod": "Automated Process",
        "presenceofcyclelane_indirection_m": 0,
        "presenceofstreetlight_evidencedate": "2023-07-16",
        "presenceofstreetlight_capturemethod": "Automated Process",
        "presenceofcyclelane_overallpercentage": 0,
        "presenceofcyclelane_indirectionpercentage": 0,
        "presenceofcyclelane_inoppositedirection_m": 0,
        "presenceofcyclelane_indirectionsegregated_m": 0,
        "presenceofcyclelane_inoppositedirectionpercentage": 0,
        "presenceofcyclelane_inoppositedirectionsegregated_m": 0
      }
    },
    {
      "id": "fbab2519-f0d3-44ff-9404-5c9f812f98e4",
      "type": "Feature",
      "geometry": {
        "type": "LineString",
        "coordinates": [
          [
            -1.463756,
            50.9337388
          ],
          [
            -1.4637145,
            50.93376
          ]
        ]
      },
      "properties": {
        "osid": "fbab2519-f0d3-44ff-9404-5c9f812f98e4",
        "toid": "osgb4000000068543137",
        "theme": "Transport",
        "endnode": "4e1d970a-6ece-4ae0-8ccb-ae838f7e985e",
        "startnode": "0ad2d08e-12de-42ba-81fa-e684c8f78d02",
        "changetype": "New",
        "description": "Path",
        "matchstatus": "No Match",
        "surfacetype": "Made Sealed",
        "versiondate": "2025-08-19",
        "pathname1_text": null,
        "pathname2_text": null,
        "heightingmethod": "DTM",
        "geometry_length_m": 3.757,
        "endgradeseparation": 0,
        "pathname1_language": null,
        "pathname2_language": null,
        "alternatename1_text": null,
        "alternatename2_text": null,
        "capturespecification": "Urban",
        "startgradeseparation": 0,
        "versionavailabletodate": null,
        "alternatename1_language": null,
        "alternatename2_language": null,
        "versionavailablefromdate": "2025-08-20T00:00:00Z",
        "elevationgain_indirection": 0,
        "presenceofcyclelane_overall_m": 0,
        "elevationgain_againstdirection": 0,
        "presenceofcyclelane_updatedate": "2025-07-29",
        "presenceofstreetlight_coverage": "Fully Lit",
        "presenceofcyclelane_evidencedate": "2025-04-02",
        "presenceofstreetlight_updatedate": "2025-08-07",
        "presenceofcyclelane_capturemethod": "Automated Process",
        "presenceofcyclelane_indirection_m": 0,
        "presenceofstreetlight_evidencedate": "2024-06-20",
        "presenceofstreetlight_capturemethod": "Automated Process",
        "presenceofcyclelane_overallpercentage": 0,
        "presenceofcyclelane_indirectionpercentage": 0,
        "presenceofcyclelane_inoppositedirection_m": 0,
        "presenceofcyclelane_indirectionsegregated_m": 0,
        "presenceofcyclelane_inoppositedirectionpercentage": 0,
        "presenceofcyclelane_inoppositedirectionsegregated_m": 0
      }
    },
    {
      "id": "fe71ca04-8844-4667-850f-040be1573428",
      "type": "Feature",
      "geometry": {
        "type": "LineString",
        "coordinates": [
          [
            -1.4649354,
            50.9366749
          ],
          [
            -1.4647537,
            50.9367245
          ],
          [
            -1.4646061,
            50.9368164
          ],
          [
            -1.4642384,
            50.9373091
          ],
          [
            -1.4641746,
            50.9374191
          ],
          [
            -1.4633362,
            50.9372273
          ],
          [
            -1.4632666,
            50.9372883
          ]
        ]
      },
      "properties": {
        "osid": "fe71ca04-8844-4667-850f-040be1573428",
        "toid": "osgb4000000068543144",
        "theme": "Transport",
        "endnode": "abba0c83-4f13-4721-8a74-11de33d536ba",
        "startnode": "d112ba5b-f3eb-44af-83e6-27abb0ce564a",
        "changetype": "New",
        "description": "Path",
        "matchstatus": "Matched",
        "surfacetype": "Made Sealed",
        "versiondate": "2025-08-19",
        "pathname1_text": null,
        "pathname2_text": null,
        "heightingmethod": "DTM",
        "geometry_length_m": 173.082,
        "endgradeseparation": 0,
        "pathname1_language": null,
        "pathname2_language": null,
        "alternatename1_text": null,
        "alternatename2_text": null,
        "capturespecification": "Urban",
        "startgradeseparation": 0,
        "versionavailabletodate": null,
        "alternatename1_language": null,
        "alternatename2_language": null,
        "versionavailablefromdate": "2025-08-20T00:00:00Z",
        "elevationgain_indirection": 4.8,
        "presenceofcyclelane_overall_m": 0,
        "elevationgain_againstdirection": 0,
        "presenceofcyclelane_updatedate": "2025-07-29",
        "presenceofstreetlight_coverage": "Fully Unlit",
        "presenceofcyclelane_evidencedate": "2025-04-02",
        "presenceofstreetlight_updatedate": "2025-05-30",
        "presenceofcyclelane_capturemethod": "Automated Process",
        "presenceofcyclelane_indirection_m": 0,
        "presenceofstreetlight_evidencedate": "2023-07-16",
        "presenceofstreetlight_capturemethod": "Automated Process",
        "presenceofcyclelane_overallpercentage": 0,
        "presenceofcyclelane_indirectionpercentage": 0,
        "presenceofcyclelane_inoppositedirection_m": 0,
        "presenceofcyclelane_indirectionsegregated_m": 0,
        "presenceofcyclelane_inoppositedirectionpercentage": 0,
        "presenceofcyclelane_inoppositedirectionsegregated_m": 0
      }
    }
  ]
}